{
  "METADATOS": {
    "ID_FALLO": "8620",
    "MES": "06",
    "ARTICULOS_CITADOS": {
      "citations": [
        {
          "main_source": "Código Civil y Comercial (CCC)",
          "cited_articles": [
            1740,
            10,
            1794,
            3,
            959,
            772,
            768,
            1748,
            3,
            772
          ],
          "extra": null
        },
        {
          "main_source": "Código Procesal Civil y Comercial (CPCC)",
          "cited_articles": [
            160,
            269,
            65,
            65
          ],
          "extra": null
        },
        {
          "main_source": "Constitución Nacional (CN)",
          "cited_articles": [
            17,
            18
          ],
          "extra": null
        },
        {
          "main_source": "Ley 25.529",
          "cited_articles": [
            1
          ],
          "extra": null
        },
        {
          "main_source": "Ley 23.737",
          "cited_articles": [
            10
          ],
          "extra": null
        },
        {
          "main_source": "Ley 7046",
          "cited_articles": [
            3,
            64,
            94
          ],
          "extra": "modif. por ley 11.141"
        },
        {
          "main_source": "Acuerdo General 11/20",
          "cited_articles": [
            4
          ],
          "extra": "del 23-6-2020, Punto 4°"
        },
        {
          "main_source": "Otro",
          "cited_articles": [],
          "extra": "Fallos: 290:245; 306:1964; 323:2409; 324:3345; 325:2600; 327:5614; 328:2567; 329:385 y 4032; 330:3109 y 333:447; Fallos: 14:425; 147:286; Fallos: 300:1029; 305:1304; causa \"Maldonado Vda. de Prtez Marta Beatriz c/ Abasto Tolento Francisco Amado y otro s/ Sumario\", Expte. Nº 6597, sent. del 7 de mayo de 2014; Expte. Nº 8620; ILARREGUI, Luis Alberto C/ RIO URUGUAY COOPERATIVA DE SEGUROS LIMITADA S/ ORDINARIO - Expte. Nº 8620; Rojas Walter Gastón c/ Maiztegui Héctor Ariel y otros s/ ordinario daños y perjuicios, Expte. Nº 6784/C, sentencia del 30/4/2020; Faure c/ Castro, Expte. Nº 8633, sentencia del 10/11/2022; conforme arts. 1º y 4º Ac. Gral. 15/18 SNE."
        }
      ]
    }
  },
  "MATERIA_PRELIMINAR": "ORDINARIO",
  "IDEA_CENTRAL": "**IDEA CENTRAL DEL FALLO**\n\nEn el caso \"ILARREGUI, Luis Alberto C/ RIO URUGUAY COOPERATIVA DE SEGUROS LIMITADA\", el Tribunal resolvió declarar improcedente el recurso de inaplicabilidad de ley interpuesto por la aseguradora, confirmando la decisión de la Cámara de Apelaciones que ordenó el pago de una suma que debe ajustarse a la realidad económica al momento de la indemnización, en lugar de limitarse al monto nominal de la póliza.\n\n**Decisión Judicial Principal y Fundamento Legal**\n\nLa decisión principal del Tribunal fue mantener la obligación de la aseguradora de pagar el monto máximo fijado por la Superintendencia de Seguros de la Nación, descontando la franquicia, y sin considerar la suma asegurada como un límite rígido. El fundamento legal se basa en el artículo 1740 del Código Civil y Comercial de la Nación (CCCN), que establece la necesidad de una indemnización plena, y en la prohibición de indexación de deudas según la Ley 25.561.\n\n**Aspectos Legales Relevantes**\n\n1. **Código Civil y Comercial de la Nación (CCCN)**:\n   - Art. 1740: Indemnización plena.\n   - Art. 10: Ejercicio antifuncional de derechos.\n   - Art. 772: Valor real al momento de la deuda.\n   \n2. **Ley 25.561**: Prohíbe la indexación de deudas.\n\n3. **Ley de Defensa al Consumidor (Ley 24.240)**: Aunque no fue invocada explícitamente, se consideró en el contexto de la protección del consumidor.\n\n**Razonamiento del Tribunal**\n\nEl Tribunal argumentó que, en un contexto de inflación, la aseguradora no puede limitarse a pagar el valor nominal de la póliza, ya que esto resultaría en una indemnización insuficiente y contraria a la justicia. Se enfatizó que la obligación de la aseguradora debe ser evaluada en función de la realidad económica al momento del pago, evitando así un enriquecimiento incausado y garantizando el derecho de propiedad del asegurado.\n\nEn conclusión, el fallo reafirma la necesidad de que las indemnizaciones reflejen el valor real en un contexto inflacionario, asegurando así la protección de los derechos del consumidor y la eficacia del contrato de seguro.",
  "CONTENIDO": {
    "INICIO": [
      "\"ILARREGUI, Luis Alberto C/ RIO URUGUAY COOPERATIVA DE SEGUROS LIMITADA S/ ORDINARIO\" - Expte. Nº 8620"
    ],
    "ACUERDO": [
      "En la ciudad de Paraná, capital de la provincia de Entre Ríos, a los veinticinco días del mes de junio del año dos mil veinticuatro reunidos los integrantes de este Tribunal asistidos por el Secretario autorizante, para conocer el recurso de inaplicabilidad de ley deducido en fecha 17/11/2023 en las actuaciones:",
      "\"ILARREGUI, Luis Alberto C/ RIO URUGUAY COOPERATIVA DE SEGUROS LIMITADA S/ ORDINARIO\" - Expte. Nº 8620, respecto de la resolución de la Sala Segunda Civil y Comercial de la Cámara de Apelaciones de Concordia dictada en fecha 31/10/2023. Que la votación debe tener lugar en el siguiente orden: Sr. Vocal Carlos Federico Tepsich; Sra. Vocal Gisela N.",
      "Schumacher y Sr. Vocal Leonardo Portela.",
      "Estudiados los autos, la Sala se planteó la siguiente cuestión: ¿qué corresponde resolver respecto del recurso de inaplicabilidad de ley interpuesto?",
      "A LA CUESTIÓN PROPUESTA EL SR. VOCAL CARLOS"
    ],
    "FEDERICO TEPSICH DIJO": [
      "1.- La sentencia dictada por la Sala Segunda en lo Civil y Comercial de Concordia (31/10/2023) revocó parcialmente el fallo de primera instancia (29/05/2023), y dispuso que Río Uruguay Cooperativa Seguro Ltda. debe pagar el importe dinerario máximo que fije la Superintendencia de Seguros de la Nación para una cobertura como la que dan cuenta las pólizas glosadas a la causa a la fecha que se efectivice el pago, estableció que a esa suma se le descuente el 2% correspondiente al valor de la franquicia y las costas gratuitas para el actor consumidor.",
      "Para así resolver destacó que la determinación del monto de la cobertura contratada, en función del tiempo transcurrido entre el acaecimiento del siniestro y el momento en que se habrá de realizar el pago de la prestación contratada, no podía ser el valor nominal que figura en la póliza. Precisó que en un sistema nominalista frente a un escenario de fuerte inflación no puede pretender la aseguradora cumplir con la cobertura ateniéndose a una cifra histórica fijada años atrás (enero 2019) con la simple adición de un interés calculado a la tasa activa del banco oficial, pues ello vuelve ineficaz la indemnización plena ordenada por la ley (art. 1740 del CCCN), desconoce la realidad, importa un ejercicio antifuncional de sus derechos (art. 10, CCCN) y un enriquecimiento incausado (art. 1794, CCCN) y que frente a esta situación la respuesta judicial no puede conducir a resultados irrazonables (art. 3, CCCN).",
      "En orden a ello, confrontó la póliza con la realidad económica del país (arts. 959 y conc., CCCN), la ley de seguros y la conducta de las partes durante el proceso (art. 160 inc. 6º, CPCC) y estableció que el monto a pagar debía quedar determinado al momento de efectivizar la aseguradora el pago de la prestación.",
      "\"ILARREGUI, Luis Alberto C/ RIO URUGUAY COOPERATIVA DE SEGUROS LIMITADA S/ ORDINARIO\" - Expte. Nº 8620 2.- La compañía de seguros accionada interpuso recurso de inaplicabilidad de ley, el que fue concedido por la Cámara.",
      "La parte recurrente denuncia violación de la doctrina legal dictada por esta Sala en el caso \"Maldonado Vda. de Prtez Marta Beatriz c/ Abasto Tolento Francisco Amado y otro s/ Sumario\", Expte. Nº 6597, sentencia del 7/5/2014 y de la Corte Suprema de Justicia en \"Buffoni\", \"Flores\" y \"Gomez Rocca” del 12/08/2021. Argumenta que el pronunciamiento recurrido es incongruente porque trata cuestiones que no fueron discutidas por las partes, por lo que denuncia arbitrariedad y violación a los derechos de propiedad y defensa en juicio (arts. 17 y 18 de la Constitución Nacional).",
      "Afirma que la suma asegurada en el contrato de seguro que vincula a las partes marca el límite de la responsabilidad de la aseguradora pero no pretende atenerse a la cifra histórica sino adicionar a dicha suma los intereses que se fijan para la reparación de los daños. Entiende que el fallo dispone una actualización monetaria encubierta prohibida por la ley 25.561 y cuestiona la aplicación al caso de la ley de Defensa al Consumidor. Formula reserva del caso federal y peticiona.",
      "3.- La parte accionante contesta el traslado oportunamente dispuesto, solicitando por las razones que expone el rechazo del recurso interpuesto.",
      "4.- La Sra. Procuradora adjunta interina propicia el rechazo de la impugnación articulada considerando que la sentencia respeta las garantías constitucionales siendo una derivación razonada del derecho vigente aplicable al caso.",
      "5.- La parte recurrente invoca como causal de apertura de esta instancia revisora la violación de la doctrina legal que cita; la crítica no es fundada.",
      "En el caso, el tribunal de la instancia anterior en ningún momento establece una condena por fuera de la medida del seguro contratado por la actora sino que lo que decide es otra cosa muy diferente y refiere al punto que hace al cómo debe ser cumplida la obligación a cargo de la aseguradora en un contexto económico de depreciación monetaria.",
      "6.- El agravio que se construye a partir de entender lo decidido como una actualización monetaria prohibida por la ley 25.561, no es de recibo.",
      "Paso a explicar porqué.",
      "7.- Denuncia la parte recurrente infracción al principio de congruencia por parte de la Cámara en tanto el cuestionamiento de la suma asegurada, que es el límite del contrato de seguros, no integró la litis contestatio del presente juicio.",
      "Al respecto, reparo que ciertamente por mandato del artículo 269 del CPCC el tribunal de segunda instancia tiene la jurisdicción que resulta de los \"ILARREGUI, Luis Alberto C/ RIO URUGUAY COOPERATIVA DE SEGUROS LIMITADA S/ ORDINARIO\" - Expte. Nº 8620 recursos deducidos y respecto de los puntos de la sentencia o resolución que son cuestionados; no hay más efecto devolutivo -tantum devolutum quantum appellatum- que el que cabe dentro del agravio y del recurso (CSJN, Fallos:",
      "252:323), empero sucede que en la especie no advierto que hubiese sucedido el desborde que se denuncia.",
      "8.- La sentencia luce acotada a la materia y cuestiones que suscitaban los agravios expuestos por ambas partes en su respectivos memoriales fundantes de sus apelaciones; tampoco ingresa peticiones o hechos diferentes a aquellas que introdujeron éstas en oportunidad de trabarse la litis.",
      "Como queda expuesto de la lectura de la sentencia dictada en origen, el tema referido a la entidad cuantitativa que debe tener la suma asegurada al tiempo del cumplimiento fue expresamente decidido allí y se transformó en el punto central de la impugnación de ambas partes. Por lo demás, conviene tener presente que así como la demanda debe ser interpretada por el juzgador, también lo debe ser esta expresión de agravios; de allí, que deba considerarse que están incluidas en ella, no sólo las cuestiones planteadas claramente, sino también, muy a menudo, pretensiones implícitas y sobre todo las conexas con las deducidas. Por ello, cabe propiciar un criterio amplio, dentro de la limitación del tantum devolutum quantum appellatum, no siendo pertinente que el tribunal autolimite sus poderes revisores -que en definitiva constituyen una garantía para el justiciable- y no entienda que dentro de la expresión de agravios deben considerarse contenidas (aunque fuere implícitamente) cuestiones o puntos vinculados con los expresados por las partes. La propia tendencia al aumento de los poderes del juzgador y a su colaboración con las partes para imponer el derecho y la justicia, militan en favor de este criterio amplio (Véscovi, Enrique; Los recursos judiciales y demás medios impugnatorios en Iberoamérica; Ed. Depalma; Buenos Aires, 1988, p. 344).",
      "9.- Corresponde ahora abordar la otra causal invocada por la aseguradora para sostener este recurso de inaplicabilidad de ley, esto es la violación a la Ley 25.561 de Emergencia Económica en la solución establecida en el pronunciamiento.",
      "Al respecto comienzo por señalar que si bien es cierto que el contrato de seguro se enrola entre los instrumentos cuyo objeto es de naturaleza resarcitoria, en tanto las aseguradoras tienen la obligación de “...resarcir un daño o cumplir con prestación convenida si ocurre el evento previsto” (art. 1, LS.);",
      "también lo es que ello no implica que la suma asegurada señalada en la póliza, que indica el monto máximo que se debe pagar al asegurado sea una obligación de valor (art. 772, CCCN). Las obligaciones que se atribuyen al asegurador no deben serle impuestas más allá de los términos pactados en la póliza, pues la misma ley 17.148 es clara al establecer que el resarcimiento como el cumplimiento de la prestación convenida se traducen en una única expresión: pago de una suma de \"ILARREGUI, Luis Alberto C/ RIO URUGUAY COOPERATIVA DE SEGUROS LIMITADA S/ ORDINARIO\" - Expte. Nº 8620 dinero que, como tal, integra el objeto del contrato y en el caso del seguro porta un límite constituido, en principio, por la suma asegurada \"salvo que la ley o el contrato\" dispongan lo contrario (art. 61).",
      "10.- Por otro lado, hay que atender un aspecto que por ser evidente no puede ser soslayado por los jueces en orden a construir una decisión judicial válida en términos de justicia, como el impacto que tiene el fenómeno inflacionario en las relaciones jurídicas patrimoniales en un sistema monetarista como el nuestro.",
      "Hace más de cuarenta años, en particular, se expresó que la inflación afecta al seguro en todas sus facetas: \"a) Altera el equilibrio económico financiero de las empresas aseguradoras. b) Incide negativamente en el mercado de seguros. c) Influye en el normal desarrollo y desenvolvimiento de los seguros de personas y de daños patrimoniales. d) Perjudica al asegurado en cuanto a la peligrosidad latente del infraseguro y a la minimización del capital asegurado\" (CNCom., en pleno, 29/11/1978, \"Mussa de Gómez de la Vega, María M. c. La Defensa Cía. de seguros\" (voto del Dr. Morandi), Colección de Análisis Jurisprudencial Contratos Civiles y Comerciales, (dir.) Leiva Fernández, La Ley, 2003, p. 754).",
      "11.- Contrariamente al posicionamiento que asume la recurrente, la neutralización de esas consecuencias de la depreciación monetaria no se logra con la aplicación de una tasa de interés activa a la suma asegurada.",
      "La adición a la suma asegurada de intereses moratorios calculados a una tasa activa no tributa debidamente a una noción justa de la medida del seguro, puesto que éstos son un método indirecto de apreciación de la moneda, dado que sólo una parte de ellos está destinado a enjuagar la inflación y, además, su finalidad esencial no es otra que la de constituir aumentos paulatinos que devengan las deudas dinerarias por el retardo en el cumplimiento obligacional (arts. 768 y 1748, CCCN).",
      "12.- La imposibilidad absoluta de indexar una deuda dineraria que consagra la Ley 25.561, cuya constitucionalidad la Corte Suprema de la Nación ha ratificado (Fallos: 290:245; 306:1964; 323:2409; 324:3345; 325:2600; 327:5614;",
      "328:2567; 329:385 y 4032; 330:3109 y 333:447), no determina fatalmente el cierre del paso a otras soluciones correctivas razonables que los jueces deban adoptar en los casos puestos a su consideración (art. 3, CCCN).",
      "Precisamente el propio Alto Tribunal federal, en un ámbito diferente -en el caso, la determinación del monto mínimo que condiciona la admisibilidad de la apelación ordinaria reglada en el art. 24, inc. 6°, apartado a, del decreto-ley 1285/58-, aclaró que lo que prohíbe dicha legislación es la actualización utilizando índice de precios, mas no la adecuación de un monto consultando elementos objetivos. Así expresó en sus considerandos: “Que la \"ILARREGUI, Luis Alberto C/ RIO URUGUAY COOPERATIVA DE SEGUROS LIMITADA S/ ORDINARIO\" - Expte. Nº 8620 circunstancia de tener que cumplir con ese cometido prescindiendo, como lo prescribe el art. 10 de la ley 23.928, de toda fórmula matemática fundada en la actualización monetaria, repotenciación o indexación, no exime al Tribunal de consultar elementos objetivos de ponderación de la realidad que den lugar a un resultado razonable y sostenible\" (CS, Acordada 28/2014). Lo que reiteró en los años subsiguientes (Acordadas: 77/90, 28/91, 2/07, 27/14, 44/16, 42 y 43/2018;",
      "40/2019; 5/2021, 15/2022; etc).",
      "13.- Esas adecuaciones de montos dispuestas por la Corte Suprema son razonables y deseablemente trasladables a todos los ámbitos del derecho patrimonial en tanto son un mecanismo para adecuar valores a partir de consultar pautas o elementos objetivos de ponderación de la realidad.",
      "Además, se trata de un posicionamiento frente a la legislación de emergencia francamente preferible, en tanto de no ser así ésta inevitablemente se encontraría ubicada en un escenario de inconstitucionalidad por violar sustancialmente el derecho de propiedad garantizado en el art. 17 de la Constitución Nacional. Ha reiterado la Corte Suprema que debe evitarse la declaración de inconstitucionalidad de ser posible mediante una interpretación del texto legal en juego compatible con la ley fundamental, pues siempre debe estarse a favor de la validez de las normas (Fallos: 14:425; 147:286, entre otros).",
      "Igualmente, cuando exista la posibilidad de una solución adecuada del litigio, por otras razones que las constitucionales comprendidas en la causa, corresponde prescindir de estas últimas para su resolución (Fallos: 300:1029; 305:1304).",
      "14.- Bajo tales parámetros el pronunciamiento del tribunal ad quem claramente sigue ese temperamento y por ello no infringe la ley que prohíbe la actualización por depreciación y el empleo de cláusulas de estabilización, puesto que su aplicación no supone una operación matemática en tal sentido.",
      "Desde mi perspectiva, el pronunciamiento impugnado al establecer cómo se debe cuantificar la prestación debida por la aseguradora lo hace estableciendo un mecanismo que permite confrontar la suma asegurada a través de las resoluciones generales de la Superintendencia de Seguros, comparando las vigentes a la fecha de contratación de la cobertura y al momento que habrá de llevarse a cabo el pago, para ajustarse a esta última; lo que en modo alguno significa concretar una ‘actualización’, ‘reajuste’ o ‘indexación’ de montos históricos, cuya aplicación sí quebrantará la interdicción contenida en la ley 25.561.",
      "15.- Para cerrar, la queja direccionada a cuestionar la aplicación de la ley 24.240 por no haber sido invocada por las partes, además de ignorar que al juez le corresponde aplicar el derecho sea o no invocado por las partes en juicio, se exhibe como agravio que no es computable.",
      "La mera lectura del fallo puesto en crisis revela que el tribunal en \"ILARREGUI, Luis Alberto C/ RIO URUGUAY COOPERATIVA DE SEGUROS LIMITADA S/ ORDINARIO\" - Expte. Nº 8620 ningún momento la refiere como derecho aplicable, por el contrario el plafón normativo está dado por la ley de seguros y el CCCN.",
      "16.- En definitiva, propongo al acuerdo declarar improcedente el recurso de inaplicabilidad de ley interpuesto, con costas a la recurrente vencida (arts. 65 del CPCC). ASÍ VOTO.",
      "A LA CUESTIÓN PROPUESTA LA SRA. VOCAL GISELA"
    ],
    "N. SCHUMACHER DIJO": [
      "1.- Doy por reproducidos todos y cada uno de los antecedentes que enmarcan la actividad recursiva y que fueran descriptos en el voto precedente.",
      "2.- Indicados los parámetros dentro de los cuales se mueve la casación, ingreso al análisis del asunto. Considero que pese al esfuerzo argumental en el que la parte recurrente intenta fundar las causales de: errónea aplicación de la ley, violación al principio de congruencia, arbitrariedad y violación de la doctrina legal, no advierto que la resolución en revisión revista tales falencias.",
      "a) En efecto, entiendo que -contrariamente a lo denunciado en el recurso impetrado- el fallo no se ha apartado de las previsiones normativas que rigen el asunto y ha abordado y valorado, de manera lógica y razonada, cada una de las circunstancias que subyacen en los presentes; construyendo desde allí la definición del caso.",
      "b) Anticipo que adhiero a los argumentos desarrollados por el señor vocal de primer voto, principalmente en lo que refieren al respeto al principio de congruencia y a la prohibición de indexar, atento la vigencia de la Ley 25.561.",
      "Me permito agregar algunas consideraciones que estimo conducentes a fin de brindar una respuesta integral al asunto.",
      "c) La recurrente denuncia que el fallo viola la doctrina de esta Sala recaída en la causa \"Maldonado Vda. de Prtez Marta Beatriz c/ Abasto Tolento Francisco Amado y otro s/ Sumario\", Expte. Nº 6597, sent. del 7 de mayo de 2014.",
      "Frente a ello corresponde hacer dos aclaraciones. La primera de ellas -tal como fue advertido por el Vocal que comanda el acuerdo- es que la sentencia en revisión no se aparta de la conclusión alcanzada en el precedente y que define que la aseguradora debe responder en la medida del contrato de seguro celebrado.",
      "La segunda aclaración es que aquel fallo fue dictado con anterioridad a la reforma al Código Civil y Comercial.",
      "En función de ello, el nuevo digesto dispone que el daño debe valorarse y cuantificarse judicialmente al tiempo del dictado de la sentencia o al momento más próximo posible a ella.",
      "En efecto, el art. 772 del CCCN establece expresamente que: \"[s]i la deuda consiste en cierto valor, el monto resultante debe referirse al valor real al \"ILARREGUI, Luis Alberto C/ RIO URUGUAY COOPERATIVA DE SEGUROS LIMITADA S/ ORDINARIO\" - Expte. Nº 8620 momento que corresponda tomar en cuenta para la evaluación de la deuda (...)\".",
      "Como correlato de ello, ya no se discute que los valores debidos deben ser definidos al momento en que se suscriba la sentencia.",
      "Siguiendo con esta línea argumental, resulta útil resaltar que para que la función resarcitoria del derecho de daños cumpla con los estándares constitucionales y convencionales, ella debe ser adecuada. Para lo cual debe ser resuelta con criterios de justicia, oportunidad y suficiencia (art. 63 CADH)1. Estos fueron los criterios que fundaron el fallo y que le dan entidad como acto jurisdiccional razonablemente fundado (art. 3 del CCCN).",
      "c) Un análisis integral y sistemático de las normas aplicables al caso, me llevan a destacar que la sentencia dictada en la anterior instancia es una construcción jurídica impecable. A través de ella se alcanza una definición que no altera el sinalagma que vincula a las partes, sino que define sus contornos con un criterio de actualidad. De allí que no signifique desnaturalizar la razonable previsibilidad que constituye el eje del funcionamiento del contrato de seguro; ni obstaculiza que las partes diseñen y administren sus recursos en función de las eventuales ventajas o los futuros riesgos.",
      "3.- Por las razones expuestas, propicio la adhesión a la solución 1La norma citada, en su primer apartado refiere al pago \"de una justa indemnización a la parte lesionada\" arribada por el Vocal preopinante. ASÍ VOTO.",
      "A LA CUESTIÓN PROPUESTA EL SEÑOR VOCAL"
    ],
    "LEONARDO PORTELA DIJO": [
      "Doy por reproducidos todos y cada uno de los antecedentes que enmarcan la actividad recursiva y que fueran descriptos EN los votos precedentes.",
      "Anticipo que adhiero a la solución que viene impulsada por el vocal que comanda el acuerdo, Dr. Federico Tepsich, por compartir sus fundamentos. En particular porque -en lo sustancial- ya tuve ocasión de expedirme sobre el asunto propuesto.",
      "En efecto, cuando me desempeñé como vocal de la Cámara de Apelaciones de la ciudad de Gualeguaychú valoré la pretensión vinculada a la actualización del monto de cobertura vigente al momento del hecho. Allí expresamente sostuve que: \"[e]ste planteo pone sobre el tapete una cuestión importante, que es el especial interés en alargar los procesos y/o dilatar las decisiones que tienen ciertos actores del espectro civil. (...). Y que: \"[a] veces se advierte mediante una deducción lógica por ejemplo, viendo las tasas de interés que paga el Estado nacional por colocaciones en Lebac-, y otras mediante el sentido común cuando se advierte la estrategia de desgastar a la contraparte para que acepte un monto conveniente-. Pero lo cierto es que existe, e incumbe a los jueces evitar que posturas o conductas de terceros afecten el servicio de justicia.",
      "Desde ese punto de vista, el reclamo del asegurado sería procedente, ya que un \"ILARREGUI, Luis Alberto C/ RIO URUGUAY COOPERATIVA DE SEGUROS LIMITADA S/ ORDINARIO\" - Expte. Nº 8620 estricto sentido de equidad establece que si la aseguradora, en determinado período o época, consideró justo percibir un cierto monto en concepto de “prima” que, transformado a dólares por expresarlo en una moneda estable-, tenía un valor; también parece justo que al momento de responder esa equivalencia se mantenga. (...) Permitir la utilización de un servicio esencial del Estado para evitar cumplir obligaciones por cuestiones de conveniencia no debe permitirse y está en nuestras manos intentar que no suceda\". En virtud de ello, concluí que -ante las circunstancias de inestabilidad económicamente imperantes- era abusiva la cláusula que limitaba la cobertura asegurativa a la suma nominal originalmente pactada y, por ello, propicié que así se declare. (Cfrse.: \"Rojas Walter Gastón c/ Maiztegui Héctor Ariel y otros s/ ordinario daños y perjuicios\", Expte. Nº 6784/C, sentencia del 30/4/2020).",
      "Y más recientemente, como integrante de esta Sala del Superior Tribunal de Justicia, también me pronuncié acerca del sentido y alcance que corresponde asignarle al art. 118 de la ley 17.418. En la causa \"Faure c/ Castro\" hice especial referencia al análisis e interpretación que la Corte Suprema de Justicia de la Nación le asigna a la norma, por la cual define que: la reparación que la aseguradora debe satisfacer no la determina la medida del daño, sino la medida del seguro. (Cfrse. \"Faure Omar Abel y otros c/ Castro Hugo Roberto y otros s/ ordinario\", Expte. Nº 8633, sentencia del 10/11/2022 y sus citas).",
      "Por las razones expuestas, adhiero a la solución impulsada por el Dr. Federico Tepsich. ASÍ VOTO."
    ],
    "HONORARIOS PROFESIONALES": [
      "Considerando la actividad desarrollada para abrir la instancia extraordinaria, la complejidad de las cuestiones planteadas y la probable dedicación temporal en el desempeño profesional del servicio, resulta justo fijar los honorarios profesionales en el 50 % de los honorarios que correspondieren en primera instancia teniendo en cuenta el valor cuestionado en el recurso (arts. 3, 64 y 94 de la ley 7046 modif. por ley 11.141)..",
      "Con lo que no siendo para más se da por finalizado el acto quedando acordada la siguiente sentencia:",
      "Paraná, 25 de junio de 2024."
    ],
    "Y VISTO": [
      "Por los fundamentos del acuerdo que antecede se,"
    ],
    "RESUELVE": [
      "DECLARAR IMPROCEDENTE el recurso de inaplicabilidad de ley deducido en fecha 17/11/2023, respecto de la resolución de la Sala Segunda Civil y Comercial de la Cámara de Apelaciones de Concordia dictada en fecha 31/10/2023.",
      "IMPONER costas a la vencida (art. 65 del CPCC).",
      "\"ILARREGUI, Luis Alberto C/ RIO URUGUAY COOPERATIVA DE SEGUROS LIMITADA S/ ORDINARIO\" - Expte. Nº 8620 FIJAR los honorarios profesionales en el 50 % de los honorarios que correspondieren en primera instancia teniendo en cuenta el valor cuestionado en el recurso (arts. 3, 64 y 94 de la ley 7046 modif. por ley 11.141).",
      "Tener presente la reserva del caso federal.",
      "Notifíquese conforme arts. 1º y 4º Ac. Gral. 15/18 SNE, regístrese y oportunamente devuélvase.",
      "Ante mí. En igual fecha se registró. Asimismo, se deja constancia que la presente se suscribe mediante firma digital -Acuerdo Gral. 11/20 del 23-6-2020, Punto 4°) prescindiéndose de su impresión en formato papel."
    ]
  }
}