{
  "METADATOS": {
    "ID_FALLO": "8851",
    "MES": "06",
    "ARTICULOS_CITADOS": {
      "citations": [
        {
          "main_source": "Ley 7046",
          "cited_articles": [
            3,
            5,
            14,
            29,
            30,
            63,
            64,
            94
          ],
          "extra": "modificada por la ley 11.141"
        },
        {
          "main_source": "Ley 7046",
          "cited_articles": [
            64,
            94
          ],
          "extra": "modificada por la ley 11.141"
        },
        {
          "main_source": "Ley 10.704",
          "cited_articles": [
            33
          ],
          "extra": "texto según ley 10.704"
        },
        {
          "main_source": "Acuerdo General 15/18 SNE",
          "cited_articles": [
            1,
            4
          ],
          "extra": "conforme"
        },
        {
          "main_source": "Ley 7046",
          "cited_articles": [],
          "extra": ""
        },
        {
          "main_source": "Otro",
          "cited_articles": [
            28,
            114,
            29
          ],
          "extra": ""
        }
      ]
    }
  },
  "MATERIA_PRELIMINAR": "ORDINARIO DAÑOS Y PERJUICIOS",
  "IDEA_CENTRAL": "**IDEA CENTRAL DEL FALLO**\n\nEn el caso \"FERNANDEZ, NELIDA CARMEN Y OTROS C/ WETZLER, HUGO ISMAEL S/ ORDINARIO DAÑOS Y PERJUICIOS\", el Tribunal resolvió regular los honorarios profesionales de los abogados intervinientes en un recurso de inaplicabilidad de ley, fijando montos específicos conforme a la normativa arancelaria aplicable.\n\n**Decisión Judicial Principal y Fundamento Legal**\n\nEl Tribunal determinó los honorarios a favor de los Dres. Flavio M. Ponce, Jorge Esteban Romero y la Dra. María Belén Briceño, basándose en la Ley 7046 y sus modificaciones, específicamente en los artículos 3, 5, 30, 63, 64 y 94. La regulación se realizó considerando la base económica del juicio, que ascendía a $27.139.820,07, y aplicando los porcentajes establecidos en la ley para calcular los honorarios correspondientes.\n\n**Aspectos Legales Relevantes**\n\n1. **Ley 7046**: Regula los honorarios de abogados y procuradores.\n2. **Artículos Clave**:\n   - **Art. 30**: Establece el porcentaje aplicable para la regulación de honorarios.\n   - **Art. 28**: Dispone sobre la notificación de la regulación de honorarios.\n   - **Art. 114**: Regula el pago de honorarios y las consecuencias de la mora.\n\n**Razonamiento del Tribunal**\n\nEl Tribunal aplicó la normativa arancelaria para calcular los honorarios, considerando la base económica del juicio y los porcentajes establecidos para cada tramo del monto. Se llegó a un total de 127,26 juristas, lo que se tradujo en montos específicos para cada abogado. Además, se destacó la necesidad de notificación personal o por cédula para el ejercicio del derecho al cobro de los honorarios.\n\nEn conclusión, el fallo se centra en la regulación de honorarios profesionales, asegurando que se ajusten a la normativa vigente y se notifiquen adecuadamente a los interesados.",
  "CONTENIDO": {
    "INICIO": [
      "\"FERNANDEZ, NELIDA CARMEN Y OTROS C/ WETZLER, HUGO ISMAEL S/ ORDINARIO DAÑOS Y PERJUICIOS\" Expte. Nº 8851.",
      "PARANÁ, 25 de junio de 2024."
    ],
    "VISTO Y CONSIDERANDO": [
      "Que los autos \"FERNANDEZ, NELIDA CARMEN Y OTROS C/ WETZLER, HUGO ISMAEL S/ ORDINARIO DAÑOS Y PERJUICIOS\" - Expte. Nº 8851, vienen a consideración de este Tribunal a los fines de regular honorarios por la actuación profesional en el recurso de inaplicabilidad de ley resuelto en fecha 2/8/2023.",
      "Que para la presente regulación se tiene en cuenta la normativa arancelaria aplicable -arts. 3, 5, 14, 29, 30, 63, 64 y 94 de la ley 7046 modificada por la ley 11.141-.",
      "Que conforme la liquidación aprobada en fecha 30/11/2023, la base económica del juicio asciende a la suma de $ 18.147.808,31. Que al capital consignado en aquella corresponde adicionarle intereses TABA al día de la fecha, por lo cual el total de la base económica a los fines regulatorios es de $ 27.139.820,07 equivalentes a 608,41 juristas (valor $ 44.607,61).",
      "Que aplicando el art. 30 de la ley arancelaria, el máximo de la escala anterior al valor a computar resulta ser el 24% de 400 juristas (96 juristas) y al monto restante de 208,41 juristas, considerando el total de juristas correspondiente al grado del monto computado, amerita aplicarle el 15% (31,26 juristas).",
      "Que 96 juristas + 31,26 juristas son 127,26 juristas, y es la suma que corresponde regular en la primera instancia; en consecuencia, por aplicación de los arts. 64 y 94 de la ley 7046 modificada por la ley 11.141, corresponde fijar los honorarios profesionales en esta instancia en el 50% de aquellos.",
      "Por último, habiendo mayoría absoluta, EL SR. VOCAL EN EJERCICIO DE LA PRESIDENCIA DEL STJ, DR. LEONARDO PORTELA, se abstiene de votar y firmar la presente resolución con arreglo a lo dispuesto por el art. 33 de la LOPJ, texto según ley 10.704.",
      "En consecuencia, se"
    ],
    "RESUELVE": [
      "REGULAR los honorarios profesionales a los Dres. Flavio M. Ponce, Jorge Esteban Romero y la Dra. María Belén Briceño por el recurso de inaplicabilidad de ley resuelto en las sumas de pesos dos millones ochocientos treinta y ocho mil cuatrocientos veintitrés con cuarenta y ocho centavos ($ 2.838.423,48) equivalentes a 63,63 juristas, pesos novecientos noventa y tres mil cuatrocientos cuarenta y ocho con veintiún centavos ($ 993.448,21) equivalentes a 22,27 juristas, y pesos novecientos noventa y tres mil cuatrocientos cuarenta y ocho con veintiún centavos ($ 993.448,21) equivalentes a 22,27 juristas; más IVA si correspondiere.",
      "Notifíquese conforme arts. 1º y 4º Ac. Gral. 15/18 SNE, regístrese y oportunamente devuélvase.",
      "Ante mí. En igual fecha se registró. Asimismo, se deja constancia que la presente se suscribe mediante firma digital -Acuerdo Gral. 11/20 del 23-6-2020, Punto 4°) prescindiéndose de su impresión en formato papel.",
      "Existiendo regulación de honorarios a abogados y/o procuradores, cumpliendo con lo dispuesto por la ley 7046, se transcriben los siguientes los artículos:",
      "Art. 28: NOTIFICACIÓN DE TODA REGULACIÓN. Toda regulación de honorarios deberá notificarse personalmente o por cédula. Para el ejercicio del derecho al cobro del honorario al mandante o patrocinado, la notificación deberá hacerse en su domicilio real.",
      "En todos los casos la cédula deberá ser suscripta por el Secretario del Juzgado o Tribunal con transcripción de este Artículo y del art. 114 bajo pena de nulidad. No será necesaria la notificación personal o por cédula de los autos que resuelvan los reajustes posteriores que se practiquen por aplicación del art.114\".",
      "Art. 114: PAGO DE HONORARIOS. Los honorarios regulados judicialmente deberán abonarse dentro de los diez días de requerido su pago en forma fehaciente. Operada la mora, el profesional podrá reclamar el honorario actualizado con aplicación del índice, previsto en el art. 29 desde la regulación y hasta el pago, con más un interés del 8% anual.",
      "En caso de tratarse de honorarios que han sido materia de apelación, sobre el monto que quede fijado definitivamente su instancia superior, se aplicará la corrección monetaria a partir de la regulación de la instancia inferior. No será menester justificar en juicios los índices que se aplicarán de oficio por los Sres. Jueces y Tribunales”."
    ]
  }
}