{
  "METADATOS": {
    "ID_FALLO": "8925",
    "MES": "06",
    "ARTICULOS_CITADOS": {
      "citations": [
        {
          "main_source": "Código Civil y Comercial (CCC)",
          "cited_articles": [
            1722,
            1757,
            1758,
            1769,
            1741,
            537,
            541
          ],
          "extra": null
        },
        {
          "main_source": "Ley 24.449",
          "cited_articles": [
            42
          ],
          "extra": "incisos c) y d)"
        },
        {
          "main_source": "Ley 24.449",
          "cited_articles": [
            48
          ],
          "extra": "inciso a)"
        },
        {
          "main_source": "Código Procesal Civil y Comercial (CPCC)",
          "cited_articles": [
            65
          ],
          "extra": null
        },
        {
          "main_source": "Otro",
          "cited_articles": [
            33
          ],
          "extra": "de la LOPJ"
        },
        {
          "main_source": "Ley 10.704",
          "cited_articles": [],
          "extra": null
        },
        {
          "main_source": "Código Procesal Civil y Comercial (CPCC)",
          "cited_articles": [
            65
          ],
          "extra": null
        },
        {
          "main_source": "Acuerdo General 15/18 SNE",
          "cited_articles": [
            1,
            4
          ],
          "extra": "conforme arts. 1º y 4º"
        },
        {
          "main_source": "Acuerdo General 11/20",
          "cited_articles": [],
          "extra": "del 23-6-2020, Punto 4°"
        }
      ]
    }
  },
  "MATERIA_PRELIMINAR": "ORDINARIO DAÑOS Y PERJUICIOS",
  "IDEA_CENTRAL": "### IDEA CENTRAL DEL FALLO\n\n**Decisión Judicial Principal:**\nEl Tribunal declaró inadmisible el recurso de inaplicabilidad de ley interpuesto por el demandado Carlos Augusto Negri y la citada en garantía, confirmando la sentencia de la Cámara de Apelaciones que había condenado a Negri a indemnizar a las víctimas del accidente de tránsito.\n\n**Fundamento Legal:**\nLa decisión se basa en la responsabilidad objetiva del demandado, conforme a los artículos 1722, 1757, 1758 y 1769 del Código Civil y Comercial, que establecen la obligación de reparar el daño causado por la acción de un vehículo, así como en la valoración de la prueba presentada.\n\n**Aspectos Legales Relevantes:**\n1. **Responsabilidad Civil**: Se aplicaron principios de responsabilidad objetiva, donde el conductor del vehículo embistente es considerado responsable sin necesidad de demostrar culpa.\n2. **Daño Moral y Pérdida de Chance**: Se reconocieron indemnizaciones por daño moral a los familiares de la víctima y por la pérdida de chance de apoyo económico que el fallecido podría haber proporcionado.\n3. **Legitimación para Reclamar**: Se evaluó la convivencia y el trato familiar entre las partes, conforme al artículo 1741 del Código Civil y Comercial.\n\n**Razonamiento del Tribunal:**\nEl Tribunal desestimó los argumentos de la defensa, que intentaban atribuir responsabilidad a las víctimas por su supuesta imprudencia (como el no uso de casco y estado de ebriedad). Se concluyó que no se probó que estas circunstancias fueran determinantes en el accidente. Además, se valoró la prueba testimonial y pericial que acreditó el sufrimiento de los demandantes, así como la incapacidad sobreviniente del actor Andrés Gabriel De Almeida, lo que justificó las cuantías de indemnización fijadas.\n\n**Conclusión:**\nEl fallo reafirma la responsabilidad del conductor en accidentes de tránsito y la obligación de indemnizar a las víctimas y sus familias, destacando la importancia de la prueba en la valoración de daños y la legitimación de los reclamantes.",
  "CONTENIDO": {
    "INICIO": [
      "\"RODRIGUEZ DE CUADROS, Marta y Otros C/ NEGRI, Carlos Augusto y Otro S/ ORDINARIO DAÑOS Y PERJUICIOS\" - Expte. Nº 8925"
    ],
    "ACUERDO": [
      "En la ciudad de Paraná, capital de la provincia de Entre Ríos, a los seis días del mes de junio del año dos mil veinticuatro reunidos los integrantes de este Tribunal asistidos por el Secretario autorizante, para conocer el recurso de inaplicabilidad de ley deducido en fecha 24/6/2023 en las actuaciones:",
      "\"RODRIGUEZ DE CUADROS, Marta y Otros C/ NEGRI, Carlos Augusto y Otro S/ ORDINARIO DAÑOS Y PERJUICIOS \" - Expte. Nº 8925, respecto de la resolución de la Sala Primera Civil y Comercial de la Cámara de Apelaciones de Concordia dictada en fecha 5/6/2023. Se practicó el sorteo de ley resultando que la votación debía tener lugar en el siguiente orden: Sra. Vocal Gisela N. Schumacher;",
      "Sr. Vocal Carlos Federico Tepsich y Sr. Vocal Leonardo Portela.",
      "Estudiados los autos, la Sala se planteó la siguiente cuestión: ¿qué corresponde resolver respecto del recurso de inaplicabilidad de ley interpuesto?",
      "A LA CUESTIÓN PROPUESTA LA SEÑORA VOCAL"
    ],
    "GISELA SCHUMACHER DIJO": [
      "1.- Las señoras Marta Rodriguez de Cuadros, Débora Priscila Sosa y Patricia Analía Sosa; y el señor Andrés Gabriel De Almeida, promovieron demanda por indemnización de daños y perjuicios contra el señor Carlos Augusto Negri, con motivo del accidente de tránsito en el que perdió la vida el hijo y hermano de las accionantes y sufrió lesiones el actor.",
      "2.- La sentencia de primera instancia (26/9/2022) rechazó la demanda intentada por Patricia Analía Sosa; hizo lugar a la demanda promovida por la restante parte actora y, en consecuencia, condenó a Carlos Augusto Negri a pagar a Priscila Sosa la suma de $700.000, a Marta Rodríguez de Cuadros la suma de $1.920.000, y a Andrés Gabriel De Almeida la suma de $3.528.712, en cada caso más intereses especificados en los considerandos del decisorio; hizo extensiva la condena, en la medida del contrato de seguros, a San Cristóbal Sociedad Mutual de Seguros Generales; e impuso las costas de la acción rechazada a la coactora Patricia Analía Sosa, y las de la condena al vencido Carlos Augusto Negri y a la citada en garantía en la medida del seguro.",
      "3.- Ambas partes apelaron la decisión (28/9/2022 y 3/10/2022).",
      "4.- En tarea de resolver las impugnaciones la Sala Primera Civil y Comercial de la Cámara de Apelaciones de Concordia desestimó el recurso de apelación interpuesto por la demandada; hizo lugar al recurso articulado por la parte actora y, en consecuencia, admitió el reclamo por daño moral de Patricia Analía Sosa por la suma de $700.000 a la fecha del hecho, y elevó el monto fijado a Andrés Gabriel De Almeida en lo que respecta al rubro incapacidad sobreviniente, el que fijó en la suma de $10.000.000 a la fecha de la sentencia de primera instancia; determinó que ambas sumas devengarán los intereses dejados por la resolución de la anterior instancia; e impuso las costas a la parte demandada \"RODRIGUEZ DE CUADROS, Marta y Otros C/ NEGRI, Carlos Augusto y Otro S/ ORDINARIO DAÑOS Y PERJUICIOS\" - Expte. Nº 8925 (sentencia del 5/6/2023).",
      "Para así decidir, la alzada especificó que no viene discutida la consumación del hecho dañoso que motivó el pleito, ni que el demandado Carlos Negri es el propietario y conductor del vehículo embistente, como tampoco el marco jurídico aplicable (artículos 1722, 1757, 1758 y 1769 del código civil y comercial), ni el fallecimiento del joven Franco Sosa y las lesiones de Andrés De Almeida.",
      "Analizó la incidencia de la condena declarada en sede penal en el marco del juicio abreviado en la causa caratulada \"NEGRI, Carlos Augusto s/ homicidio culposo y lesiones graves culposas en concurso ideal\", expte. N° 4991, sede en la que el demandado consintió libremente y admitió su plena responsabilidad en el hecho atribuido. Transcribió un extracto de la sentencia penal dictada en los siguientes términos: \"[q]ue el día 30 de septiembre de 2018, a las 6:20hs aproximadamente, Carlos Augusto Negri conduciendo, en sentido de circulación sur a norte, una camioneta marca Dodge RAM, color roja, dominio colocado NJY 554, a la altura del km 8,5 del carril este de la Ruta Nacional Nº 15, ciudad de concordia, en exceso de velocidad y en estado de intoxicación alcohólica, desde atrás embistió a la motocicleta marca Gilera modelo Smash, de 110 cc., dominio colocado 358- EAR, que circulaba por el mismo carril este de la ruta, la cual iba siendo conducida por Andrés Gabriel De Almeida, quien llevaba como acompañante a Franco Nicolás Sosa. Como consecuencia del impacto, De Almeida resultó con una fractura expuesta en el humero izquierdo y en la mandíbula, lesiones que lo inhabilitaron más de un mes y Franco Nicolás Sosa, sufrió un traumatismo de cráneo encefálico grave con fractura de cráneo que le provocó la muerte. Luego de ello Carlos Augusto Negri se dio a la fuga del lugar del hecho sin intentar auxiliar a las víctimas.\" Refirió al dictamen pericial realizado en dichas actuaciones y al informe elaborado en las presentes por el perito ingeniero mecánico y electricista.",
      "Consideró que las eximentes invocadas por la parte demandada no fueron demostradas fehacientemente, y no tienen entidad suficiente para convertir a las víctimas en responsables concausales de las consecuencias dañosas derivadas de la colisión: a) maniobra zigzagueante atribuida al conductor de la motocicleta por supuesto estado de ebriedad; b) el no uso de casco protector; c) el transitar sin luces ni espejos.",
      "Sentado ello abordó la legitimación para reclamar la indemnización por daño moral de la hermana del fallecido, Patricia Sosa.",
      "Entendió que la legitimación sustancial debe ser evaluada a los fines de corroborar configurado el condicionante exigido por la norma de haber convivido con la víctima, recibiendo trato familiar ostensible (artículo 1741 del código civil y comercial).",
      "\"RODRIGUEZ DE CUADROS, Marta y Otros C/ NEGRI, Carlos Augusto y Otro S/ ORDINARIO DAÑOS Y PERJUICIOS\" - Expte. Nº 8925 Valoró las declaraciones testimoniales de José Dos Santos y Gisela Patricia De Almeida, respecto a que Patricia Sosa vivía con la víctima, a lo que sumó el informe socioambiental realizado en el beneficio de litigar sin gastos, del que surge la precariedad de la vivienda, las reducidas dimensiones del terreno y que las casillas se encontraban pegadas la una a la otra, no cuestionado por la parte contraria.",
      "Concluyó que la convivencia exigida luce acreditada.",
      "Con relación a la cuantía recordó que esta faz extrapatrimonial del daño resarcible (artículos 1738, 1740 y 1741 del código civil y comercial), debe considerar el carácter resarcitorio del rubro, la índole del hecho generador de la responsabilidad endilgada, la entidad del sufrimiento causado, las concretas repercusiones espirituales producidas en las personas, entre otros.",
      "Meritó las periciales psicológicas realizadas a la madre y hermanas de la víctima. Apreció las características del siniestro, el vínculo materno de la señora Rodríguez de Cuadros, el trato \"materno\" brindado por las hermanas de Franco y la convivencia desarrollada desde temprana edad. Tuvo por demostrado que el fallecimiento de su hijo y hermano provocó en estas mujeres angustia, desgano y falta de motivación en la faz interna de su personalidad.",
      "Estimó justo y prudente mantener las cuantías por daño moral sentenciadas por el juez de primera instancia, y otorgó como indemnización por este rubro a la hermana Patricia Sosa la suma de $700.000, a la fecha del hecho.",
      "Rechazó el agravio relativo al resarcimiento por el rubro pérdida de chance, otorgado a la madre de la víctima. Fundó la desestimación en prueba agregada al expediente. Apuntó que se trata de una familia humilde, que Franco tenía 17 años y que ya brindaba apoyo económico a la familia. Agregó la frustración de la legítima esperanza de ayuda económica que surge de los artículos 537, 541 y siguientes del código civil y comercial, referidos a las obligaciones alimentarias; y la dimensión no económica referida a atenciones y servicios que Franco podría haber brindado a su madre.",
      "En cuanto a los agravios por los gastos reconocidos a Andrés De Almeida expresó que es ilógico suponer que luego del gravísimo accidente ocurrido, éste no tuviera que afrontar con posterioridad a su internación en un centro público (Hospital Masvernat), gastos de traslado, medicamentos, alimentación especial; máxime teniendo en consideración los daños sufridos en su dentadura.",
      "Sobre la condena por gastos futuros por las intervenciones quirúrgicas e implantes dentarios que necesitará De Almeida, dijo que en este litigio no quedó demostrado que quienes circulaban en el motovehículo lo hiciesen sin los cascos reglamentarios.",
      "Respecto al rubro incapacidad sobreviniente otorgado a De \"RODRIGUEZ DE CUADROS, Marta y Otros C/ NEGRI, Carlos Augusto y Otro S/ ORDINARIO DAÑOS Y PERJUICIOS\" - Expte. Nº 8925 Almeida apuntó que los grados de invalidez peritados no se reducen a una cierta cuantía económica, ya que si bien constituyen un elemento referencial valioso deben conjugarse con las múltiples circunstancias personales y concretas de cada damnificado, como también con la entidad de la lesión invalidante padecida.",
      "Marcó que de la pericial médica surge que los daños sufridos fueron \"TEC con pérdida temporaria de la consciencia. Traumatismo de cara y boca: pérdida de piezas dentarias, herida de labio inferior y mentón, fractura de maxilar superior (fractura bilateral de cóndilos mandibulares, fractura parasinfisaria derecha). Fractura expuesta de húmero izquierdo Gustillo I. Herida cortante en región inguinal derecha. Herida en dorso del pie derecho.",
      "Escoriaciones múltiples.\"; y que luego aplicó el método de la capacidad restante y concluyó en la suma del 50.10% de incapacidad total.",
      "Tuvo en cuenta que se trata de un hombre joven, que al momento del accidente trabajaba en un aserradero, su instrucción, la génesis y etapa de surgimiento de la incapacidad registrada, la existencia de secuelas irreparables, su repercusión en la potencialidad económica y en su vida de relación, la proyección en sus capacidades y potencialidades físicas e intelectuales sea en el ámbito laborativo o no, entre otros. Advirtió que lo condenado en primera instancia fue insuficiente, e incrementó la indemnización por este rubro a la suma de $10.000.000 a la fecha de la sentencia del tribunal de origen.",
      "Con relación a los montos otorgados a De Almeida por lucro cesante y pérdida de chance, evidenció la consideración de la actividad que llevaba a cabo el damnificado en el aserradero, las changas, la cosecha de arándanos; se limitó a compulsar la merma informada; y llegó a la suma de $150.000 a la fecha de promoción de este juicio.",
      "Por último, rechazó los agravios de la demandada que cuestionaron el monto otorgado a De Almeida en concepto de daño moral, el que apreció justo y prudente para resarcir esta parcela del daño sufrido.",
      "5.- La parte demandada y la citada en garantía interpusieron recurso de inaplicabilidad de ley (24/6/2023).",
      "Denunciaron violación e incorrecta aplicación de la ley, y absurdidad y arbitrariedad en la valoración de la prueba.",
      "Arguyeron que no se desacreditó la versión del demandado sobre la forma de producción del accidente, pues la pericial sólo indicó como colisionaron los vehículos involucrados en el siniestro, pero no la causa u origen que llevó a esa colisión.",
      "Dijeron que de la simple compulsa entre el relato de los hechos efectuado por la parte demandada con la declaración de De Almeida, en su declaración filmada el 1/10/2018 en la entrevista mantenida con la delegada judicial en el Hospital Masvernat (agregado en el legajo penal), surge que el \"RODRIGUEZ DE CUADROS, Marta y Otros C/ NEGRI, Carlos Augusto y Otro S/ ORDINARIO DAÑOS Y PERJUICIOS\" - Expte. Nº 8925 demandado cumplió con lo normado por los incisos c) y d) del artículo 42 de la ley nacional de tránsito (en adelante LNT), mientras el actor incumplió con el inciso e) de dicha norma. Agregaron que en la historia clínica consta que De Almeida tenía signos evidentes de ingesta alcohólica; lo que fue corroborado por el parte policial del 30/9/2018 en el que se lee: \"Siendo las 07:0 hs, se toma conocimiento que en ruta 015 km 8,5 antes de llegar al puente había un masculino tirado en el suelo, aparentemente en estado de ebriedad\".",
      "Afirmaron que la circunstancia que no se le haya practicado al motociclista un examen de alcoholemia no significa que no se debía ponderar que el artículo 48, inciso a) de la LNT establecía como límite de alcohol en sangre para quienes conducen motocicletas a 0.2 gr/l.",
      "Sostuvieron que fue arbitraria la valoración del informe médico realizado 4 horas después del accidente, donde para ese entonces al joven ya le habían pasado quién sabe cuántos litros de suero, siendo rehidratado y reanimado, quitándosele el estado de intoxicación alcohólica.",
      "Refirieron que la sentencia también soslayó la evidencia que el conductor de la motocicleta circulaba sin el casco puesto, siendo que las principales lesiones sufridas por ambos ocupantes fueron en el rostro y cabeza.",
      "Resaltó que no es suficiente con que aparezca en el lugar del hecho un casco, para demostrar que el mismo estaba siendo debidamente utilizado por alguno de los ocupantes de la moto. Añadieron que en las fotos del legajo penal se ve un casco color rojo impoluto, impecable, porque no soportó ninguno de los golpes que recibieron las víctimas.",
      "Refutaron la condena por daño moral en favor de Patricia Sosa, hermana del fallecido. Argumentaron que según constancias del legajo penal Franco Sosa se domiciliaba en Los Naranjos S/N de Colonia Ayuí, y según el domicilio denunciado al momento del inicio del proceso de mediación el domicilio de Patricia Sosa y Débora Priscila Sosa era calle Roma Este S/N de Colonia Ayuí, el que volvieron a denunciar al momento de interponer la demanda. Alegaron que en la demanda las actoras no presentaron copia de su documento nacional de identidad o algún documento de validez que permita inferir que las jóvenes vivían con su hermano. Adujeron que las actoras no pueden probar cuestiones personales o inherentes a un proceso por las declaraciones testimoniales que han adjuntado al inicio del beneficio de litigar sin gastos, cuando sólo deberían versar sobre cuestiones económicas o patrimoniales de éstas. Entendieron que se desdibujó lo que dice el informe socioambiental para favorecer a las hermanas del fallecido.",
      "Solicitaron se revoque el daño moral condenado en favor de Patricia Sosa.",
      "Sobre el rubro incapacidad sobreviniente expresaron que es arbitraria la sentencia porque tomó los dichos de una testigo para su fijación, porque no dedujo de la indemnización los rubros gastos futuros, lucro cesante y \"RODRIGUEZ DE CUADROS, Marta y Otros C/ NEGRI, Carlos Augusto y Otro S/ ORDINARIO DAÑOS Y PERJUICIOS\" - Expte. Nº 8925 daño moral, y porque los valores tomados no tienen ninguna relación con los antecedentes del caso existentes en el expediente. Presentaron un cálculo con base en fórmulas matemáticas que arrojó como resultado la suma de $7.213.329,66.",
      "Aludieron que la sentencia fijó el valor indemnizable a la fecha que dictó su sentencia pero estableció que la misma es a la fecha de la sentencia de primera instancia, lo que es arbitrario.",
      "Hicieron reserva del caso federal.",
      "6.- La parte actora contestó el traslado del recurso de inaplicabilidad de ley incoado. Interesaron, por las razones que expusieron, el rechazo de la impugnación con imposición de costas (24/7/2023).",
      "7.- La alzada concedió el recurso de inaplicabilidad de ley deducido, con efecto suspensivo (16/8/2023).",
      "8.- Resumidos de este modo los antecedentes relevantes para la definición de las cuestiones planteadas, como previo, entiendo pertinente recordar que el análisis preliminar de admisibilidad, previsto expresamente en nuestro ordenamiento procesal, indica que cuando el medio de impugnación se interpuso ante el mismo organismo jurisdiccional que dictó la resolución recurrida aquél sea llevado a cabo en dos oportunidades, la primera por la Cámara que analiza el cumplimiento de los requisitos formales de admisibilidad y de fundabilidad del planteo recursivo (artículos 276, 280 y 281 del código procesal civil y comercial), y la segunda por esta Sala.",
      "Conforme a las exigencias técnicas del recurso se debe efectuar el directo cuestionamiento de la sentencia definitiva de segunda instancia del cual derive una crítica y un ataque pertinentes a su fundamentación, que demuestren la errónea aplicación de la ley y/o doctrina legal emanada de este tribunal.",
      "No obstante la literalidad de la norma, se admite por vía pretoriana el análisis de cuestiones de hecho y prueba reservadas en principio a la magistratura de las instancias ordinarias, cuando se alegue y demuestre absurdidad o arbitrariedad en su valoración.",
      "9.- Al amparo de estos parámetros adelanto que la pieza recursiva incumplió con la carga impuesta por el artículo 280, segundo párrafo, del código procesal civil y comercial, lo que determina su desestimación por inadmisibilidad.",
      "a) Ello en tanto las quejas respecto a la mecánica del accidente y a la responsabilidad endilgada al demandado son un reiteración de lo expresado en oportunidad de fundar los agravios de la apelación (escrito del 2/11/2022), estructura argumental que en esta ocasión desoyó los efectos que encierran la responsabilidad objetiva y la determinación del carácter de embistente que pesó en cabeza del accionado.",
      "b) Por su parte, el embate por el cual se pretendió atribuir un supuesto estado de embriaguez al conductor de la motocicleta se basó en meras \"RODRIGUEZ DE CUADROS, Marta y Otros C/ NEGRI, Carlos Augusto y Otro S/ ORDINARIO DAÑOS Y PERJUICIOS\" - Expte. Nº 8925 conjeturas subjetivas -ausente de sustento científico- para intentar echar por tierra lo informado por el médico policial en las actuaciones prevencionales.",
      "Además observo que el único elemento traído por las recurrentes en apoyo de su tesis es la expresión \"alcoholizado\" que se lee en la hoja de ingreso al Hospital Masvernat, sin ningún otro elemento que intente adunar lo aseverado más que el parte policial que informó que el móvil J.P 1479 se dirigió con personal al lugar del accidente, dado que se había tomado conocimiento que \"antes de llegar al puente había un masculino tirado en el suelo, aparentemente en estado de ebriedad\".",
      "Sobre el tópico me he expresado en anterior ocasión1, como jueza de grado, en el sentido que resulta un diagnóstico médico arriesgado carente de debida fundamentación hacer constar una afirmación tal sin otra afirmación adicional que dé cuenta de los indicios o hechos clínicos que llevaron a esa conclusión.",
      "Esta conclusión fue producto de un profuso estudio de la literatura científica en la materia, entre las que destaco lo enseñado por Gisbert Calabuig2, quien consigna la forma de realizar el diagnóstico médico-legal de la embriaguez, 1Cámara Contencioso Administrativa Nº 1 de Paraná, \"Lozada María Soledad c/ Municipalidad de Nogoyá y otros s/ ordinario daños y perjuicios\", sentencia del 17/11/2021 2Villanueva Cañadas, Enrique (coordinador) Gisbert Calabuig \"Medicina Legal y Toxicología\", ed. Elsevier, 7a. edición, Barcelona, 2019.",
      "advirtiendo que \"el perito debe establecer no solo la naturaleza del cuadro clínico y su profundidad, sino también su origen. Dispone para ello de métodos clínicos y bioquímicos\".",
      "Sobre el método clínico refiere que existen dificultades para realizarlo porque no hay ningún síntoma aislado que sea peculiar al alcohol, por lo que el juicio, en cada caso concreto, debe ser prudente y nunca generalizador. \"La única prueba práctica (de consumo reciente de alcohol) es el olor a líquidos alcohólicos en el aliento y en las materias vomitadas en su caso\" y agrega que \"La intensidad del olor variará mucho con la naturaleza del líquido consumido, así como con el tiempo transcurrido desde la ingestión\" y \"dicha percepción depende de la sensibilidad olfatoria de quien lo explora\". Pese a estas reservas, afirma que \"si no hay olor a líquido alcohólico en el aliento de un sujeto reconocido dentro de un plazo razonable, es improbable que haya consumido alcohol recientemente\".",
      "Agrega este libro de medicina legal que \"[n]o existe ninguna prueba aislada que, tomada en sí misma, justifique al médico a decidir que la cantidad de alcohol consumida ha originado la pérdida del control de sus facultades a la persona examinada\". Una conclusión correcta solo puede lograrse considerando una combinación de varias pruebas y observaciones. Ejemplifica con:",
      "\"[l]engua seca, saburral o, alternativamente, salivación excesiva; conducta general: irregularidades como insolencia, lenguaje injurioso, locuacidad, excitación o indiferencia; estado de los vestidos: especialmente el desorden y \"RODRIGUEZ DE CUADROS, Marta y Otros C/ NEGRI, Carlos Augusto y Otro S/ ORDINARIO DAÑOS Y PERJUICIOS\" - Expte. Nº 8925 suciedad, en contraste con las costumbres y el estado social del examinado;",
      "apariencia de la conjuntiva: irritación y sufusión conjuntival; estado de las pupilas y su reactividad: las pupilas pueden variar desde la más extrema dilatación a la máxima contracción (...) es excepcional que se mantengan normales (...); carácter de la palabra: la voz vacilante y ronca con la articulación dificultada; memoria: pérdida o confusión de la memoria, especialmente de los hechos recientes (...); forma de andar, girar sobre sí mismo, sentarse y levantarse, o recoger un lápiz o monedas del suelo; temblor, errores de coordinación y orientación; caracteres de la respiración, y especialmente, presencia de hipo\".",
      "c) Respecto a la supuesta falta de uso de cascos por Sosa y De Almeida al momento del accidente, las recurrentes soslayaron lo expuesto en la decisión de la alzada, así como también las meritadas constancias del acta de secuestro que forman parte de las actuaciones penales, en la que se lee \"dos cascos protectores uno color rojo y el otro color negro...\" (el resaltado es a mi cargo).",
      "Nuevamente la querella se disconformó con base en su particular parecer, sin haber indicado razones plausibles de los vicios denunciados.",
      "d) Mismo déficit encuentro en el ataque al daño moral reconocido a la hermana del fallecido Sosa.",
      "La sentencia mostró un fundado silogismo, en el que conjugó una correcta interpretación de la normativa de fondo (artículo 1741 del código civil y comercial) con los extremos documentados y la realidad patente al momento del accidente; lo que no logró ser desvirtuado por alocuciones relacionadas a datos rígidos de épocas distintas.",
      "e) Por último, observo que la crítica a la cuantía establecida como reparación por la incapacidad sobreviniente sufrida por De Almeida eludió las circunstancias concretas del caso valoradas en el fallo, en el que expresamente se refirió que las fórmulas matemáticas constituían un factor a tener en cuenta, pero no agotaban el análisis para establecer los montos de resarcimiento.",
      "10.- Por consiguiente, corresponde declarar la inadmisibilidad del recurso de inaplicabilidad de ley interpuesto por el demandado Carlos Negri y la citada en garantía. Con costas a la parte vencida (artículo 65 del código procesal civil y comercial). ASÍ VOTO.",
      "A LA CUESTIÓN PROPUESTA EL SR. VOCAL CARLOS"
    ],
    "FEDERICO TEPSICH DIJO": [
      "Adhiero al voto emitido por la Sra. Vocal preopinante. ASÍ VOTO.",
      "Por último, habiendo mayoría absoluta, EL SR. VOCAL EN EJERCICIO DE LA PRESIDENCIA DEL STJ, LEONARDO PORTELA, se abstiene de votar y firmar la presente resolución con arreglo a lo dispuesto por el art. 33 de la LOPJ, texto según ley 10.704.",
      "\"RODRIGUEZ DE CUADROS, Marta y Otros C/ NEGRI, Carlos Augusto y Otro S/ ORDINARIO DAÑOS Y PERJUICIOS\" - Expte. Nº 8925 Con lo que no siendo para más se da por finalizado el acto quedando acordada la siguiente sentencia:",
      "Paraná, 6 de junio de 2024."
    ],
    "Y VISTO": [
      "Por los fundamentos del acuerdo que antecede se,"
    ],
    "RESUELVE": [
      "DECLARAR INADMISIBLE el recurso de inaplicabilidad de ley deducido en fecha 24/6/2023, respecto de la resolución de la Sala Primera Civil y Comercial de la Cámara de Apelaciones de Concordia dictada en fecha 5/6/2023.",
      "IMPONER costas a la vencida (art. 65 del CPCC).",
      "DIFERIR la regulación de honorarios para la oportunidad en que se determinen los correspondientes a las instancias inferiores.",
      "Tener presente la reserva del caso federal.",
      "Notifíquese conforme arts. 1º y 4º Ac. Gral. 15/18 SNE, regístrese y oportunamente devuélvase.",
      "Asimismo, se deja constancia que la presente se suscribe mediante firma digital -Acuerdo Gral. 11/20 del 23-6-2020, Punto 4°) prescindiéndose de su impresión en formato papel."
    ]
  }
}