{
  "METADATOS": {
    "ID_FALLO": "8978",
    "MES": "06",
    "ARTICULOS_CITADOS": {
      "citations": [
        {
          "main_source": "Código Civil y Comercial (CCC)",
          "cited_articles": [
            1091,
            7,
            1185,
            1187,
            1191,
            1198,
            2071,
            2072,
            55,
            126,
            135,
            136,
            297,
            299,
            1160,
            1601,
            2773
          ],
          "extra": null
        },
        {
          "main_source": "Código Procesal Civil y Comercial (CPCC)",
          "cited_articles": [
            280,
            65,
            65
          ],
          "extra": null
        },
        {
          "main_source": "Ley 24.522 (LCQ - Ley de Concursos y Quiebras)",
          "cited_articles": [],
          "extra": "ley 17.711"
        },
        {
          "main_source": "Acuerdo General 11/20",
          "cited_articles": [],
          "extra": "Acuerdo Gral. 11/20 del 23-6-2020"
        },
        {
          "main_source": "Acuerdo General 15/18 SNE",
          "cited_articles": [],
          "extra": "conforme arts. 1º y 4º Ac. Gral. 15/18 SNE"
        },
        {
          "main_source": "Código Procesal Civil y Comercial de Entre Ríos (CPCCER)",
          "cited_articles": [],
          "extra": "ZAPLETAL MARIA CARLA C/ BALBI DE AIRALDI MIRTA CATALINA Y OTROS S/ ORDINARIO - Expte. Nº 8978"
        },
        {
          "main_source": "Corte Suprema de Justicia de la Nación (CSJN)",
          "cited_articles": [],
          "extra": "STJER, Sala II, “Banco de Entre Ríos S/Concurso Preventivo” Expte. 3946, voto Dra. Pañeda, sentencia del 9/11/2004"
        },
        {
          "main_source": "Otro",
          "cited_articles": [],
          "extra": "art. 33 de la LOPJ, texto según ley 10.704"
        }
      ]
    }
  },
  "MATERIA_PRELIMINAR": "ORDINARIO",
  "IDEA_CENTRAL": "### IDEA CENTRAL DEL FALLO\n\n**Decisión Judicial Principal:**\nEl Tribunal declaró inadmisible el recurso de inaplicabilidad de ley interpuesto por los codemandados Mirta Catalina Balbi y Guido Valentín Airaldi, confirmando la sentencia de la Cámara de Apelaciones que había rechazado su apelación y mantenido la condena a pagar una renta vitalicia a favor de María Carla Zapletal.\n\n**Fundamento Legal:**\nLa decisión se basa en la interpretación de la forma del contrato de renta vitalicia, considerando que la falta de escritura pública no invalida el contrato, ya que este es calificado como un contrato formal relativo. Se aplican los artículos 2071 y 2072 del Código Civil, que permiten la conversión del negocio en caso de incumplimiento de la forma.\n\n**Aspectos Legales Relevantes:**\n1. **Código Civil (CC) y Código Civil y Comercial (CCC):** Se discute la naturaleza del contrato de renta vitalicia y su forma, destacando que la exigencia de escritura pública es relativa y no absoluta.\n2. **Principio de Ejecución (art. 1191 CC):** Se admite la prueba del contrato a través de la ejecución parcial del mismo, lo que refuerza su existencia y validez.\n\n**Razonamiento del Tribunal:**\nEl Tribunal argumentó que, aunque el contrato no se formalizó en escritura pública, su existencia se prueba a través de la conducta de las partes y los pagos realizados. Se enfatizó que el contrato tenía como finalidad proteger a María Carla, quien padece una discapacidad, y que la omisión de la forma no afecta su validez. Además, se desestimaron las alegaciones de arbitrariedad y falta de pruebas, considerando que los argumentos de los recurrentes eran meras discrepancias con la decisión anterior.\n\n**Conclusión:**\nEl fallo reafirma la validez del contrato de renta vitalicia a pesar de la falta de escritura pública, destacando la importancia de la protección de los derechos de la actora en un contexto de vulnerabilidad.",
  "CONTENIDO": {
    "INICIO": [
      "\"ZAPLETAL MARIA CARLA C/ BALBI DE AIRALDI MIRTA CATALINA Y OTROS S/ ORDINARIO\" - Expte. Nº 8978"
    ],
    "///CUERDO": [
      "En la ciudad de Paraná, capital de la provincia de Entre Ríos, a los cuatro días del mes de junio del año dos mil veinticuatro reunidos los integrantes de este Tribunal asistidos por el Secretario autorizante, para conocer el recurso de inaplicabilidad de ley deducido en fecha 4/10/2023 en las actuaciones: \"ZAPLETAL MARIA CARLA C/ BALBI DE AIRALDI MIRTA CATALINA Y OTROS S/ ORDINARIO\" - Expte. Nº 8978, respecto de la resolución de la Sala Tercera de la Cámara Segunda de Apelaciones de Paraná dictada en fecha 18/9/2023. Se practicó el sorteo de ley resultando que la votación debe tener lugar en el siguiente orden: Sra.",
      "Vocal Gisela N. Schumacher; Sr. Vocal Carlos Federico Tepsich y Sr. Vocal Leonardo Portela.",
      "Estudiados los autos, la Sala se planteó la siguiente cuestión: ¿qué corresponde resolver respecto del recurso de inaplicabilidad de ley interpuesto?",
      "A LA CUESTIÓN PROPUESTA LA SRA. VOCAL GISELA N."
    ],
    "SCHUMACHER DIJO": [
      "1.- Los co-demandados Mirta Catalina Balbi y Guido Valentín Airaldi, interponen recurso de inaplicabilidad de ley (4/10/2023) contra la sentencia dictada por la Sala Tercera de la Cámara Segunda de Apelaciones de Paraná (18/9/2023) que -en lo que aquí respecta- rechazó el recurso de apelación deducido por ellos contra la sentencia de primera instancia, dictada el 5/12/2022 y los condenó en costas.",
      "2.- Los antecedentes de la causa a) María Carla Zapletal promovió demanda por cobro de pesos contra Mirta Catalina Balbi de Airaldi, Leonardo Roberto Airaldi y Guido Valentín Airaldi. Relató ser beneficiaria de un contrato de renta vitalicia celebrado entre su padre Carlos Eduardo Zapletal y los Sres. Guido Víctor Airaldi y Mabel Airaldi.",
      "Que en la ocasión se transmitieron a sus tíos, Guido Víctor Airaldi y Mabel Airaldi de Tulián, todos los bienes que le correspondían a ella y a su padre (fallecido) en concepto de herencia de su madre (Marta Nora Airaldi), a cambio de un pago mensual de por vida en su favor. Aclaró que el contrato tuvo por finalidad cubrir sus necesidades ya que padece una grave discapacidad física (enfermedad de Leigh).",
      "Expresó que desde septiembre de 2016 sus parientes, sucesores de Guido Airaldi, están en incumplimiento con sus obligaciones.",
      "Manifestó que el contrato fue realizado por instrumento privado ante la escribana Yolanda Mostacchi y que se encuentra agregado en el juicio sucesorio de su madre, caratulado: \"Airaldi Marta N. s/ declaratoria de herederos\", que tramitan en la ciudad de Rosario y que el expediente no se encuentra en el juzgado.",
      "b) Los codemandados, al contestar la demanda, se opusieron a su progreso.",
      "- Guido Valentín Airaldi, luego de negar los hechos, señaló que la \"ZAPLETAL MARIA CARLA C/ BALBI DE AIRALDI MIRTA CATALINA Y OTROS S/ ORDINARIO\" - Expte. Nº 8978 única prueba aportada respecto del contrato de renta vitalicia es una foto que no fue realizada ni siquiera por la actora, sino por una escribana que habría sacado al registro notarial de la escribana Mostacchi; pero que no existe escritura pública que instrumente el negocio. Que la demanda es improcedente porque el contrato no se celebró a través de los instrumentos formales.",
      "- Mirta Catalina Balbi contestó la demanda en los mismos términos que Guido Valentín Airaldi. Pese a negar la deuda, refirió que no existe solidaridad entre los demandados sino que, en su caso, se trata de una obligación mancomunada.",
      "- Leonardo Roberto Airaldi también contestó la demanda y negó haber suscripto un contrato de renta vitalicia o adeudar suma alguna. Solicitó que, en caso que se haga lugar a la demanda, se adecuen las obligaciones de las partes en los términos del art. 1091 CCC (imprevisión).",
      "c) La sentencia de primera instancia El fallo dictado el 22/12/2022, en lo que aquí interesa, hizo lugar a la demanda y condenó a los codemandados a abonar a la actora, María Carla Zapletal, en el término de diez (10) días, la suma $ 5.131.046,57, con más los intereses moratorios desde que cada suma es debida y hasta su efectivo pago, todo ello conforme lo previsto en los considerandos 7 y 10. Impuso costas y difirió la regulación de honorarios.",
      "d) El fallo fue recurrido por los tres codemandados.",
      "e) La sentencia dictada por el tribunal de apelaciones La cámara de apelaciones declaró desierto el recurso deducido por Leonardo Roberto Airaldi y rechazó el recurso de apelación interpuesto por Mirta Catalina Balbi y Guido Valentín Airaldi. En consecuencia, confirmó la sentencia dictada en primera instancia (5/12/2022), con costas.",
      "Para así decidir, luego de describir los antecedentes de la causa y relacionar los agravios de los recurrentes, dió respuesta al recurso.",
      "Como primer punto, consideró que correspondía declarar la deserción del recurso impetrado por Leonardo Roberto Airaldi porque valoró que el recurso articulado se limitaba a denunciar supuestas injusticias o errores del fallo y no demostraba, en concreto, elementos de hecho y derecho que avalen su posición.",
      "En segundo término, ingresó al análisis de los agravios vertidos por los codemandados Mirta Catalina Balbi y Guido Valentín Airaldi.",
      "Acerca de la forma del contrato de renta vitalicia, señaló que el asunto se rige por las normas del código derogado, dado que era la norma vigente al momento en que se celebraron los actos relevantes para la definición del presente caso, esto es: el contrato oneroso de renta vitalicia y su modificación.",
      "Con cita de doctrina y jurisprudencia, analizó cómo debían interpretarse los arts. 2071 y 2072 del CC.",
      "Adelantó que no es pacífica la doctrina al calificar qué caracteristicas \"ZAPLETAL MARIA CARLA C/ BALBI DE AIRALDI MIRTA CATALINA Y OTROS S/ ORDINARIO\" - Expte. Nº 8978 reviste la forma exigida por ley para el otorgamiento del contrato oneroso de renta vitalicia; esto es, si el otorgamiento de la escritura pública es una solemnidad impuesta con carácter absoluto o relativo.",
      "Aseveró que en la doctrina y jurisprudencia nacional (luego de la reforma de la Ley 17.711) prevalece el criterio que sostiene que el incumplimiento de la forma escritura pública en el contrato oneroso no impide demandar su otorgamiento y, por tanto el acto, corresponde ser calificado como solemne relativo o formal ad probationen. La exigencia de la escritura pública sólo rige para la que tienen naturaleza gratuita y no las onerosas.",
      "En tales condiciones, descartó el agravio opuesto por los demandados, dado que el primer contrato se celebró por instrumento privado con firma certificada y, conforme surge de las constancias de la causa, tuvo cumplimiento por parte de los obligados.",
      "Indicó que el instrumento -del cual se tiene una fotografía certificada del acta de actuaciones extraprotocolares de la escribana Mostacchi- es corroborado con la escritura pública Nº 9, autorizada por la escribana Dikenstein de Krochik, el 9 de mayo de 2005. Señaló que en dicha ocasión los apelantes manifestaron que:",
      "\"...habiendo sido declarados herederos en autos 'Airaldi Guido Víctor s/ sucesorio' (....) son responsables del pago de la renta vitalicia otorgada en autos 'Airaldi Marta N. s/ declaratoria de herederos'\". Que allí se notificaron de las escrituras nº 4 y nº 5 autorizadas por la misma escribana, a través de las cuales, la beneficiaria de la renta propone la modificación (en favor de los obligados) de las condiciones del acuerdo:",
      "disminución del monto de la renta y la renuncia a la solidaridad pactada entre los codeudores. Agrega que se notificaron y que no efectuaron ninguna objeción al respecto.",
      "Señaló que este acuerdo ratifica el anterior y no puede ser confundido como una liberalidad; ello por cuanto el padre de la actora se desprendió de importantísimos bienes para asegurar el bienestar de su hija con discapacidad;",
      "acordando con sus hermanos el modo de resolver su sostenimiento, a través de una renta vitalicia.",
      "Que más allá de las previsiones legales sobre forma y prueba, nada impide que sea acreditado por otros medios; en particular cuando hubiere principio de ejecución (art. 1191 CC).",
      "Valoró que en el caso, los bienes provenientes del acervo hereditario de María Marta Airaldi fueron recibidos por Guido Víctor Airaldi y Mabel Airaldi por parte del constituyente de la renta (Carlos E. Zapletal). Ellos eran quienes revestían la calidad de tíos de la beneficiaria, María Carla Zapletal. Que tales bienes ingresaron al patrimonio de aquellos y, sin embargo, el pago de prestación del contrato ha sido retaceado sistemáticamente por parte de los obligados (sucesores de Guido Víctor Airaldi) quienes se han negado, con diversos argumentos, a pagar lo adeudado. Que la \"ZAPLETAL MARIA CARLA C/ BALBI DE AIRALDI MIRTA CATALINA Y OTROS S/ ORDINARIO\" - Expte. Nº 8978 otra obligada ha cumplido puntualmente con su parte de la obligación.",
      "Entendió que el pago efectuado por la codeudora, Mabel Airaldi de Tulián, tiene efecto ratificatorio del contrato, dado que estamos en una obligación de objeto único e indivisible, con múltiples sujetos obligados. En virtud de ello, aseveró que el cumplimiento parcial del contrato es prueba de su existencia y la conducta del codeudor que paga, por una parte, lo libera y, por el otro, deja en evidencia la vinculación contractual pendiente con el obligado moroso.",
      "En otro orden, descartó el agravio proferido vinculado a la revisión del contrato por resultar excesivamente onerosa la prestación a su cargo. Fundó tal decisión en que no se probó tal tesis y en que el contrato de renta vitalicia es aleatorio.",
      "3.- El recurso de inaplicabilidad de ley Contra dicho pronunciamiento se alzan los codemandados, Mirta Catalina Balbi y Guido Valentín Airaldi y deducen el presente recurso de inaplicabilidad de ley (4/10/2023).",
      "Luego de referir al cumplimiento de los recaudos de admisibilidad formal de la vía y relatar los antecedentes del caso, fundan su planteo.",
      "Para ello, descalifican a la sentencia recurrida y le atribuyen: a) errónea aplicación de la ley; y b) arbitrariedad y absurdidad en la valoración de la prueba.",
      "a) En el primer punto del escrito de fundamentación, los recurrentes indican que el contrato oneroso de renta vitalicia base del reclamo no existe.",
      "Postulan que el código derogado exigía para la celebración de los contratos de renta vitalicia onerosos, la suscripción de la escritura bajo pena de nulidad. Asevera que el mismo criterio se mantiene en la actualidad.",
      "Luego de transcribir los artículos del Código Civil que entienden aplicables, refieren que ya -desde primera instancia- quedó definido que no existe constancia del otorgamiento de la escritura pública.",
      "Señalan que la doctrina se divide a la hora de valorar qué tipo de solemnidad es la prevista en el art. 2071 CC. Están quienes consideran que la ley establecía una formalidad 'ad sustantiam', donde si no se cumple el contrato no existe.",
      "Y, por otro lado, están quienes entienden que es exigida 'ad probationem', lo que significa que ese acto está alcanzado por el instituto de la conversión y, en su caso, puede convertirse en otro negocio válido (art. 1185 CC).",
      "Postulan que la sentencia es arbitraria porque, aun reconociendo las exigencias de la ley, se aparta de las previsiones y resuelve por fuera del marco legal, incurriendo en su errónea aplicación.",
      "Consideran que la sentencia en revisión no colige ninguna de las dos tesis y juzga con un criterio de libertad de formas a contratos que exigen una formalidad solemne. Que la carencia del cumplimiento de las formas es contundente \"ZAPLETAL MARIA CARLA C/ BALBI DE AIRALDI MIRTA CATALINA Y OTROS S/ ORDINARIO\" - Expte. Nº 8978 para afirmar la invalidez del reclamo.",
      "Coligen que las inobservancias acarrean la vulneración del debido proceso y la tutela judicial efectiva, ya que priva de la defensa cuando compele a la ejecución de un contrato solemne sin sus previsiones.",
      "b) En un segundo apartado, expresan que no se consideró que el codemandado Guido Valentín Airaldi era menor de edad al momento en que se otorgó la escritura pública nº 9, fechada el 9 de mayo de 2005.",
      "Luego de transcribir las normas del Código Civil derogado que entiende aplicables al caso (arts. 55, 126, 135, 136, 297, 299, 1160 CC), aseveran que fueron erróneamente aplicadas e ignoradas. Reiteran que existe errónea aplicación de la ley porque los menores no pueden reconocer obligaciones ni tampoco pueden hacerlo sus progenitores.",
      "c) Arbitrariedad y absurdidad Reprochan que la sentencia impugnada se aparta de la prueba producida y son condenados en base a presunciones y/o meras alegaciones.",
      "Entienden que la sentencia no tiene sustento en los elementos del proceso y es un pronunciamiento inmotivado.",
      "Finalmente, hacen reserva del caso federal y peticionan.",
      "4.- Corrido el traslado del memorial, fue replicado por la contraria (24/10/2023) quien solicita el rechazo del recurso articulado.",
      "5.- La Cámara concede el recurso de inaplicabilidad de ley con efecto suspensivo (31/10/2023).",
      "6.- La respuesta de la Sala Reseñados los antecedentes del presente juicio, sin perjuicio de lo resuelto por la Cámara, adelanto que el recurso no reúne los requisitos exigidos por el tercer párrafo del art. 280 del CPCC, lo cual obsta a su declaración de admisibilidad.",
      "a) El análisis preliminar de admisibilidad, previsto expresamente en nuestro ordenamiento procesal, indica que cuando el medio impugnaticio se interpone ante el mismo organismo jurisdiccional que dictó la resolución recurrida, sea llevado a cabo en dos oportunidades, la primera por el tribunal de la anterior instancia y la segunda por el superior.",
      "En ejercicio de dicho control es que advierto que la decisión controvertida no resulta conmovida por los desaciertos jurídicos que se le atribuyen.",
      "Los pretensos fundamentos vertidos no son más que una mera discrepancia con la decisión dictada, que desconocen el verdadero sentido del razonamiento sentencial efectuado en el resolutorio criticado.",
      "b) La parte recurrente insiste con idéntica posición a la ya abordada a través del recurso de apelación y, en tal tesitura, omite controvertir cuestiones centrales y que le dan entidad al veredicto.",
      "En efecto, no se logra demostrar los motivos casatorios que se \"ZAPLETAL MARIA CARLA C/ BALBI DE AIRALDI MIRTA CATALINA Y OTROS S/ ORDINARIO\" - Expte. Nº 8978 invocan en sustento de la impugnación. Ellos solo ofrecen una diferente posición de la parte recurrente respecto a la cuestión debatida.",
      "7.- Entiendo que el asunto gira en torno a dos ejes que -si bien se encuentran íntimamente vinculados- merecen ser analizados de manera autónoma: por un lado, la forma del contrato oneroso de renta vitalicia y, por otro, su prueba.",
      "a) Acerca de la errónea aplicación de la ley En relación al primer aspecto el tribunal de la anterior instancia definió que el contrato oneroso de renta vitalicia es un contrato formal solemne relativo (en la terminología del CC); que debió formalizarse por escritura pública.",
      "En este sentido resulta útil señalar que \"lo decisivo a los fines de juzgar si un contrato debía ser considerado solemne relativo o absoluto residía exclusivamente en la disposición de la ley que determinaba explícitamente que no operaban los efectos contemplados en el art. 1185, o sea la conversión del negocio en otro donde las partes se comprometen a otorgar la forma omitida (...) el único contrato que establecía la expresa inaplicabilidad del art. 1185 era la donación de inmuebles y de prestaciones periódicas y vitalicias del art. 1810 - texto según ley 17.711-.\"1 Asimismo -y tal como reconocen los recurrentes- la cámara adhirió a 1LORENZETTI, Ricardo Luis, Tratado de los contratos: parte general/ 3ª ed. rivisada, Santa Fe, Rubinzal-Culzoni, 2018, págs. 517/518.",
      "la tesis que propicia que el incumplimiento de la solemnidad exigida no define que el contrato no surta ningún efecto, sino que -en tal caso- opera la conversión del negocio. Esto conduce a poner el eje del entuerto en el cumplimiento del fin práctico perseguido por las partes al momento en que voluntariamente decidieron obligarse.",
      "Cabe aclarar que la conversión del contrato surge de la ley, se aplica a los contratos nulos por defecto de forma -siempre que se trate de una forma solemne relativa- y en tanto se reúnan los demás elementos del contrato, lo que permite alcanzar el propósito a través de otro medio.",
      "El tribunal de apelaciones, al confirmar el fallo dictado en primera instancia, concluyó que María Carla Zapletal (accionante) acreditó que en el mes de mayo de 1993 los Sres. Guido Víctor Airaldi, Mabel Norma Airaldi de Tulián y Carlos Eduardo Zapletal celebraron un contrato oneroso de renta vitalicia; y que, en la actualidad la única beneficiaria de dicha renta periódica es María Carla. Indicó que, tratándose de un contrato formal solemne relativo, la omisión del otorgamiento de la escritura pública no obstaba su validez sino que, a su respecto operaba la conversión del negocio.",
      "b) La alegada absurdidad y arbitrariedad en la valoración de la prueba En relación al segundo eje y, especialmente vinculado a la materia probatoria, entiendo que los argumentos dados en el fallo en revisión no son arbitrarios y se encuentran fundados en las constancias de la causa.",
      "El art. 1191 del CC derogado establece que: \"los contratos que \"ZAPLETAL MARIA CARLA C/ BALBI DE AIRALDI MIRTA CATALINA Y OTROS S/ ORDINARIO\" - Expte. Nº 8978 tengan una forma determinada por las leyes, no se juzgarán probados, si no estuvieren en la forma prescripta, a no ser que (...) cuando una de las partes hubiese recibido alguna prestación y se negase a cumplir el contrato. En estos casos son admisibles los medios de prueba designados\". En sentido concordante, se expide el Código Civil y Comercial que refiere al principio de ejecución como medio probatorio hábil del negocio jurídico en discusión (arg. art. 1020 CCC).",
      "La sentencia recurrida efectuó un análisis integral y sistematizó todo el material probatorio.",
      "En efecto, sin desmerecer las solemnidades y/o exigencias de formas que hacen a la eficacia de los contratos, el tribunal adoptó una decisión compatible con las pruebas agregadas a la causa. En este punto, también puso como referencia necesaria la conducta desplegada por las partes en materia de interpretación, integración y prueba de los contratos (hoy expresamente prevista en el art. 1065 inc.",
      "b) del CCC).",
      "Regla hermenéutica cuya ponderación resulta insoslayable, que se aplica en conjunto con el principio de la buena fe y contra la que prohíbe ir en contra de los actos propios. Aquí cobra valor el comienzo de ejecución del contrato.",
      "Ejecución que fue reconocida no solo por la tía de la actora y co-obligada (testigo de la causa), sino también por los propios co-demandados.",
      "Más allá del carácter de liberalidad (o ayuda de tipo moral) que ellos reconocen a determinados pagos, resulta adecuado a las constancias de la causa, el análisis efectuado respecto de las constancias existentes en las escrituras nº 4, 5, 6 y 9 otorgadas en el año 2005, cuyos segundos testimonios obran agregados en el expediente caratulado: \"Zapletal María Carla c/ Balbi de Airaldi Mirta Catalina y otros s/ diligencias preliminares\", Expte. Nº 16859.",
      "En particular, la cámara de apelaciones consideró que en la escritura pública nº 9, autorizada por la escribana Susana L. Dikenstein de Krochik, se corrobora la celebración del negocio cuestionado. Ello puesto que a través de dicho instrumento se prueba que los codemandados asistieron a la escribanía y voluntariamente manifestaron que, en su carácter de herederos del causante Guido Víctor Airaldi, son sucesores y responsables del pago de la renta vitalicia otorgada en el proceso sucesorio de Marta Airaldi, a favor de María Carla Zapletal; se notificaron de la modificación de la suma de la renta y de la renuncia a la solidaridad efectuada por la beneficiaria.",
      "Así concluyó que este nuevo acuerdo, ratificatorio del anterior, no puede ser calificado como una liberalidad, ya que el origen del capital estuvo constituido por los bienes que conformaban el acervo hereditario de la madre de la aquí actora. Que fue un contrato de previsión atendiendo la discapacidad de María Carla.",
      "También puso en valor los pagos efectuados por la codeudora, Mabel \"ZAPLETAL MARIA CARLA C/ BALBI DE AIRALDI MIRTA CATALINA Y OTROS S/ ORDINARIO\" - Expte. Nº 8978 Airaldi de Tulián que, como tales, tienen efecto ratificatorio del contrato. La parte recurrente no controvierte que el contrato celebrado fue uno solo con pluralidad subjetiva; de allí que la relación externa es una sola, aún cuando internamente tengan vínculos mancomunados.",
      "Con estos argumentos cae la pretendida exclusión de quien a la fecha de la notificación era menor de edad.",
      "El reconocimiento fue un elemento importante al momento de dilucidar el asunto, pero no fue el único. Advierto que el reconocimiento es un acto declarativo y, en cuanto tal, exige la preexistencia de una obligación; actúa como un medio que prueba y solo se limita a declarar que algo existe (arts. 722 y 723 CC).",
      "Como ya fuera dicho, se utiliza como medio de prueba para demostrar la existencia y entidad de la obligación, en particular, cuando es imposible presentar el título originario. No modifica la obligación anterior. El contrato que diera origen a la obligación del pago de la renta -como ya dijera anteriormente- es el mismo para todas las partes que intervinieron en él.",
      "En definitiva -y en lo que es materia de análisis a través del recurso incoado-, recuerdo que las causales de arbitrariedad y absuridad en la valoración de la prueba denunciadas son de interpretación restrictiva. En cuanto tales, se encuentran reservadas a aquellos casos extremos en que los argumentos sentenciales presenten vicios de razonamiento, que deriven en conclusiones que por su contradicción o incongruencia resulten notoriamente injustas; cuestiones que no aparecen configuradas en las presentes actuaciones.",
      "El recurso articulado refleja una simple exposición de una visión parcial del asunto; divergencia subjetiva que no alcanza para demostrar la arbitrariedad ni la absurdidad atribuida. Los recurrentes se disconforman con la selección y valoración de la prueba, la que se podrá compartir o no, pero que al estar fundada obsta a la configuración de la causal excepcional invocada.",
      "c) Finalmente considero necesario reforzar que el contrato de renta vitalicia que se analiza en la causa fue un contrato de previsión donde el temor a un riesgo fue un factor determinante a la hora de su celebración.",
      "A través de él \"[l]as partes desean prevenir un riesgo futuro para sí mismos o para terceros consistente en la necesidad de dinero en forma de una renta, por si no pueden obtenerla por sí mismos\".2 En la causa quedó acreditado que la finalidad del contrato de renta vitalicia fue proteger a María Carla -niña, mujer y con discapacidad- ante el fallecimiento de su madre.",
      "Destaco la especial referencia que se hiciera a ello en el fallo dictado en primera instancia. En efecto, allí se advirtió la especial situación de vulnerabilidad que atraviesa María Carla que era una niña cuando falleció su madre y, siendo una 2LORENZETTI, Ricardo Luis, \"Tratado de los contratos: parte especial\", tomo III, - 1ª ed. revisada, Santa Fe, Rubinzal Culzoni, 2021, pág.624.",
      "\"ZAPLETAL MARIA CARLA C/ BALBI DE AIRALDI MIRTA CATALINA Y OTROS S/ ORDINARIO\" - Expte. Nº 8978 mujer adulta y con discapacidad, insta el acceso a la jurisdicción para que se reconozcan sus derechos y, con ello, sostener una vida digna.",
      "8.- En consecuencia, conforme las premisas apuntadas, corresponde declarar inadmisible el recurso de inaplicabilidad de ley interpuesto por los accionados, con costas a la parte recurrente vencida (art. 65 del CPCC). ASÍ VOTO A LA CUESTIÓN PROPUESTA EL SR. VOCAL CARLOS"
    ],
    "FEDERICO TEPSICH DIJO": [
      "1.- Adhiero a la solución propuesta por la Señora Vocal preopinante por compartir sus fundamentos.",
      "Sin perjuicio de lo anterior, me permito agregar una consideración complementaria en torno al tema de la forma del contrato de renta vitalicia cuyo cumplimiento constituye el objeto de la pretensión de este proceso.",
      "2.- Durante la vigencia del derogado Código Civil fue materia de polémica el carácter de la forma de escritura pública que su art. 2071 establecía “bajo pena de nulidad”. Para algunos, la renta vitalicia onerosa era un contrato solemne mientras que, para otros, y en particular luego de la reforma de la ley 17.711, se trataba de un contrato formal no solemne.",
      "El Código unificado en su art. 1601 no reprodujo esa consecuencia invalidante, lo que a criterio del dicente constituye una opción legislativa que pone punto final a las discrepancias interpretativas sobre la cuestión y que se condice con aquella posición mayoritaria que sostiene que el incumplimiento de la forma de la escritura pública en el contrato oneroso de renta vitalicia no impide demandar su otorgamiento, debiendo el acto ser calificado como solemne relativo o formal ad probationem. Precisamente, esas discrepancias hermenéuticas determinan asignar la naturaleza de “ley aclaratoria” a la falta de replicación de una norma similar a la contenida en el citado art. 2773; y, siendo ello así, cabe reconocerle a esa eliminación el valor de una interpretación auténtica con proyección retroactiva (STJER, Sala II, “Banco de Entre Ríos S/Concurso Preventivo” Expte. 3946, voto Dra. Pañeda, sentencia del 9/11/2004). Como lo señala Kemelmajer de Carlucci con transcripción de Roubier: “el juez está autorizado a dar ese efecto retroactivo: es el de las leyes interpretativas, tal como lo admite una vieja doctrina que proviene del derecho romano y conforme la cual esa retroactividad es posible aún en los procesos en curso, siempre que no se encuentren definitivamente resueltos. Ahora bien, una ley tiene carácter interpretativo y, por lo tanto, puede ser aplicada retroactivamente por el juez, sólo si se reúnen dos requisitos: (i) La solución no se presenta como una reforma legislativa (jus novum) sino dentro del marco de la interpretación. De allí que sea necesario que antes de la sanción de la nueva ley existiera una controversia jurídica sobre el punto; (ii) Esa controversia podía ser resuelta por el juez a través de la interpretación del texto...” (“Situaciones jurídicas preexistentes, a un año de la vigencia del Código Civil y Comercial”, LL 2016-D, 1085).",
      "\"ZAPLETAL MARIA CARLA C/ BALBI DE AIRALDI MIRTA CATALINA Y OTROS S/ ORDINARIO\" - Expte. Nº 8978 3.- A su vez, en el caso de autos el contrato de renta vitalicia en cuestión está establecido en favor de un tercero, la accionante: María Carla Zapletal, por lo que la disposición del referido 2071 concurre con el subsiguiente art. 2072 del Código Civil (art. 7, CCC), que expresamente establece que para tal supuesto “...el acto de la constitución de la renta no está, en cuanto a su validez extrínseca, sometido a las formalidades requeridas para las donaciones entre vivos”, puesto que aun cuando se soslayase su fuerza para fundar el carácter de formal ad probationem de este contrato (Spota, Alberto G. - Leiva Fernández, Luis F., Instituciones de derecho civil.",
      "Contratos, 2da. Edic., La Ley, Buenos Aires, 2009, T. VII, p. 679), sí cabe tenerlo mínimamente como excepción a la regla de la solemnidad absoluta de la forma escritura pública al aclarar la norma que no está sujeto a las formas de la donación.",
      "4.- El posicionamiento antes explicitado, aplicado según el canon que impone la buena fe contractual (art. 1198, CC - 1061, CCC), lleva necesariamente en la especie a asumir que las escrituras públicas números 4, 5, 6 y 9 del año 2005 -cuyos segundos testimonios obran en el expediente caratulado ”Zapletal, María Carla c/Balbi de Airaldi, Mirta Catalina y otros -Diligencias preliminares-” Expte.",
      "16859-, al referir expresamente al contrato de renta vitalicia otorgado en instrumento privado y acordar modificaciones al plan prestacional allí establecido, concretan el cumplimiento de la obligación de otorgar la forma requerida por la ley conforme lo establecen los arts. 1185 y 1187 del Código Civil (art. 7, CCC).",
      "Todo lo cual lleva a que deba descartarse cualquier objeción en cuanto a la alegada infracción a la forma del contrato. ASÍ VOTO.",
      "Por último, habiendo mayoría absoluta, EL SR. VOCAL EN EJERCICIO DE LA PRESIDENCIA DEL STJ, LEONARDO PORTELA, se abstiene de votar y firmar la presente resolución con arreglo a lo dispuesto por el art.",
      "33 de la LOPJ, texto según ley 10.704.",
      "Con lo que no siendo para más se da por finalizado el acto quedando acordada la siguiente sentencia:",
      "Paraná, 4 de junio de 2024."
    ],
    "Y VISTO": [
      "Por los fundamentos del acuerdo que antecede se,"
    ],
    "RESUELVE": [
      "DECLARAR INADMISIBLE el recurso de inaplicabilidad de ley deducido en fecha 4/10/2023, respecto de la resolución de la Sala Tercera de la Cámara Segunda de Apelaciones de Paraná dictada en fecha 18/09/2023.",
      "IMPONER costas a la vencida (art. 65 del CPCC).",
      "DIFERIR la regulación de honorarios para la oportunidad en que se determinen los correspondientes a las instancias inferiores.",
      "Tener presente la reserva del caso federal.",
      "Notifíquese conforme arts. 1º y 4º Ac. Gral. 15/18 SNE, regístrese y \"ZAPLETAL MARIA CARLA C/ BALBI DE AIRALDI MIRTA CATALINA Y OTROS S/ ORDINARIO\" - Expte. Nº 8978 oportunamente devuélvase.",
      "Ante mí. En igual fecha se registró. Asimismo, se deja constancia que la presente se suscribe mediante firma digital -Acuerdo Gral. 11/20 del 23-6-2020, Punto 4°) prescindiéndose de su impresión en formato papel."
    ]
  }
}