{
  "METADATOS": {
    "ID_FALLO": "8987",
    "MES": "06",
    "ARTICULOS_CITADOS": {
      "citations": [
        {
          "main_source": "Ley 24.449",
          "cited_articles": [
            8
          ],
          "extra": "art. 8 bis ley 24.240"
        },
        {
          "main_source": "Código Civil y Comercial (CCC)",
          "cited_articles": [
            1095
          ],
          "extra": "arts. 1095 del CCCN"
        },
        {
          "main_source": "Código Procesal Civil y Comercial (CPCC)",
          "cited_articles": [
            280,
            65
          ],
          "extra": "art. 280, CPCC; art. 65 del CPCC"
        },
        {
          "main_source": "Ley 7046",
          "cited_articles": [
            30,
            64,
            94
          ],
          "extra": "art. 30 de la ley 7046 modif. por ley 11.141; arts. 64 y 94 de la ley arancelaria; arts. 3, 29, 30, 63, 64 y 94 de la ley 7046 modif. por ley 11.141"
        },
        {
          "main_source": "Ley 10.704",
          "cited_articles": [
            33
          ],
          "extra": "art. 33 de la LOPJ, texto según ley 10.704"
        },
        {
          "main_source": "Acuerdo General 15/18 SNE",
          "cited_articles": [
            1,
            4
          ],
          "extra": "conforme arts. 1º y 4º Ac. Gral. 15/18 SNE"
        },
        {
          "main_source": "Acuerdo General 11/20",
          "cited_articles": [
            28
          ],
          "extra": "Acuerdo Gral. 11/20 del 23-6-2020"
        },
        {
          "main_source": "Otro",
          "cited_articles": [
            114,
            29
          ],
          "extra": "art. 114; art. 29"
        }
      ]
    }
  },
  "MATERIA_PRELIMINAR": "SUMARISIMO",
  "IDEA_CENTRAL": "**IDEA CENTRAL DEL FALLO:**\n\nEl Tribunal declaró **inadmisible** el recurso de inaplicabilidad de ley interpuesto por Banco Macro S.A. contra la resolución de la Cámara de Apelaciones que había establecido la obligación de la entidad de abonar a Lorena Araoz la suma de $925.650 en concepto de daño punitivo, fundamentando su decisión en la conducta gravemente culposa del banco y la falta de respuesta satisfactoria a las denuncias de los usuarios.\n\n**Fundamento Legal:**\nLa decisión se basa en el artículo 52 bis de la Ley de Defensa del Consumidor (LDC) y en los artículos 280 y 65 del Código Procesal Civil y Comercial (CPCC). El Tribunal consideró que el recurso no cumplía con los requisitos procesales establecidos, ya que las críticas del recurrente no abordaban adecuadamente los fundamentos del fallo apelado.\n\n**Aspectos Legales Relevantes:**\n1. **Daño Punitivo**: Se establece que la conducta del banco fue gravemente culposa, lo que justifica la imposición de daños punitivos como medida sancionatoria y disuasoria.\n2. **Carga Procesal**: El Tribunal enfatiza que el recurrente no cumplió con la carga de motivar su recurso, limitándose a alegar arbitrariedad sin sustento probatorio.\n3. **Principio de No Bis in Idem**: Se desestima la alegación de que se vulneró este principio, ya que el daño punitivo se considera independiente del daño material y moral.\n\n**Razonamiento del Tribunal:**\nEl Tribunal concluyó que las quejas del banco no lograron desvirtuar los fundamentos del fallo de la Cámara, que había valorado adecuadamente la conducta del banco y las pruebas presentadas. Además, se advirtió que las críticas del abogado del banco eran agraviantes y carecían de fundamento, lo que llevó a apercibirlo para evitar futuras afirmaciones similares. \n\nEn resumen, el fallo reafirma la responsabilidad de las entidades financieras en la protección de los derechos de los consumidores y la necesidad de una defensa adecuada y respetuosa en el proceso judicial.",
  "CONTENIDO": {
    "INICIO": [
      "\"ARAOZ LORENA C/ BANCO MACRO S.A S/ SUMARISIMO\" - Expte.",
      "Nº 8987"
    ],
    "ACUERDO": [
      "En la ciudad de Paraná, capital de la provincia de Entre Ríos, a los veinticinco días del mes de junio del año dos mil veinticuatro reunidos los integrantes de este Tribunal asistidos por el Secretario autorizante, para conocer el recurso de inaplicabilidad de ley deducido en fecha 9/10/2023 en las actuaciones: \"ARAOZ LORENA C/ BANCO MACRO S.A S/ SUMARISIMO\" - Expte. Nº 8987, respecto de la resolución de la Sala Tercera de la Cámara Segunda de Apelaciones de Paraná dictada en fecha 19/9/2023. Que la votación debe tener lugar en el siguiente orden: Sr. Vocal Carlos Federico Tepsich; Sra. Vocal Gisela N. Schumacher y Sr. Vocal Leonardo Portela.",
      "Estudiados los autos, la Sala se planteó la siguiente cuestión:",
      "¿qué corresponde resolver respecto del recurso de inaplicabilidad de ley interpuesto?",
      "A LA CUESTIÓN PROPUESTA EL SR. VOCAL CARLOS FEDERICO TEPSICH Y LA SRA. VOCAL GISELA N."
    ],
    "SCHUMACHER DIJERON": [
      "1.- Contra la sentencia dictada por la Sala III de la Cámara Segunda de Apelaciones de esta ciudad en fecha 19/09/2023 que, en lo que para la definición del presente interesa, revocó parcialmente la sentencia de origen de fecha 16/02/2023 y, en consecuencia, estableció que la demandada - Banco Macro S.A., debía abonar a la parte actora -Lorena Araoz- la suma de $925.650 en concepto de daño punitivo (art. 52 bis LDC), con más los intereses que se establecen en el veredicto, interpone la accionada recurso de inaplicabilidad de ley, cuya concesión motiva la intervención de esta Sala.",
      "2.- Para así resolver, el tribunal, con cita jurisprudencial y luego de establecer los recaudos para la procedencia del rubro -daño punitivo- concluyó que analizadas las constancias probatorias la actora había logrado demostrar que la entidad bancaria demandada tuvo una conducta gravemente culposa.",
      "Valoró para ello las denuncias recibidas en contra del banco por el tema tratado en este juicio -víctimas de fishing- en el ámbito público conforme surgía del informe del 29/11/2022 de la Dirección General del Consumidor y Lealtad Comercial, como del brindado por la Asociación de Usuarios y Consumidores Unidos, sin haberse logrado respuesta satisfactoria para el usuario y la conducta procesal del banco que se amparó en una defensa genérica de su falta de responsabilidad con ausencia de toda actividad probatoria intentando sostener su postura.",
      "Finalmente cuantificó el daño punitivo considerando su efecto sancionatorio y disuasivo de conductas antifuncionales de parte del proveedor, más allá del daño material provocado.",
      "3.- La parte recurrente invoca arbitrariedad.",
      "Sostiene que la magistratura recurrió a una serie de argumentos \"ARAOZ LORENA C/ BANCO MACRO S.A S/ SUMARISIMO\" - Expte.",
      "Nº 8987 técnicos para determinar la procedencia del rubro que escapan a su comprensión del tema (sic escrito recursivo) e infiere que el fallo asegura una especie de connivencia entre la entidad bancaria y el letrado apoderado con el fin de perjudicar a la actora. Dice que la valoración de su conducta procesal excedió los límites procesales y lo agravió personalmente.",
      "En cuanto al daño punitivo en su aspecto cuantitativo, alega que es irrazonable porque el banco obró con respeto y garantía de los pilares de las relaciones con los consumidores -art. 8 bis ley 24.240, arts. 1095 del CCCN-.",
      "Dice que en el fallo no se analizaron los parámetros que detalla para la procedencia del rubro y se lesionó el principio de la doble condena por el hecho (non bis in idem) teniendo en cuenta el reconocimiento del daño material y moral. Cita jurisprudencia de esta Sala en relación a la interpretación restrictiva del instituto y recaudos de su procedencia y alega que es arbitraria la decisión. Formula reserva del caso federal y peticiona.",
      "4.- Dictamina la Sra. Procuradora Adjunta, Mónica Elizabeth Carmona, quien propicia el rechazo del recurso interpuesto en tanto las quejas vertidas no logran enervar los fundamentos jurídicos que cimientan el fallo en crisis.",
      "5.- Así expuestos los antecedentes relevantes del caso, pasamos a analizar y definir la cuestión puesta a juzgamiento.",
      "Con ese norte cabe recordar que la arbitrariedad que abre el recurso no es la discrepancia sino lo que escapa a las leyes lógicas formales y las transgrede o lo que es impensable o inconcebible y no puede ser de ninguna manera por haber quedado al margen de las reglas del raciocinio. Es decir, cuando la solución que viene controvertida es absolutamente incompatible con las constancias del caso y carecen de toda lógica y razonabilidad, de modo que aún cuando a juicio del recurrente la decisión pueda resultar jurídicamente opinable, ese disenso no habilita el control casatorio (cfr. esta Sala en autos \" Delaloye Hugo Luis y Otra c/ Asociación Argentina de Los Adventistas del Séptimo Día s/ Ordinario Daños y Perjuicios\" Expte. 8939, sentencia del 15/03/2024).",
      "6.- La lectura de la argumentación recursiva nos lleva a advertir que ella desatiende absolutamente las consideraciones del fallo que dieron base a la decisión de admitir en el puntual caso, el daño punitivo.",
      "La carga procesal de motivar el recurso no está adecuadamente cumplida en tanto no se abordan críticas y puntualmente aquellos motivos que el tribunal ad quem tuvo especialmente en cuenta y que refieren a la conducta del banco demandado, su gravedad, denuncias por el mismo hecho sin solución extrajudicial y la conducta procesal desarrollada a lo largo del juicio (art. 280, CPCC).",
      "7.- Por otro lado, no hay que soslayar que los agravios que se exponen en el memorial remiten a cuestiones de hecho y prueba que \"ARAOZ LORENA C/ BANCO MACRO S.A S/ SUMARISIMO\" - Expte.",
      "Nº 8987 constituyen aspectos propios de la tarea de juzgar de los tribunales ordinarios de juicio y, por tanto, en principio ajenos al ámbito del recurso de inaplicabilidad de ley.",
      "En este sentido, habilitar la instancia extraordinaria a dicho fin implicaría que esta sala deba examinar cuestiones de hecho y prueba, lo cual es ajeno a la casación. Y en este caso la arbitrariedad que se invoca no ha sido acreditada como condición excepcional que habilitaría la revisión de lo decidido en la alzada.",
      "8.- Por último, no podemos dejar de reparar en las expresiones que efectúa el letrado de la parte recurrente en su memorial.",
      "Allí se afirmó que \"...Con mayor gravedad y cierto descaro -propio de la impunidad intelectual que algunos magistrados suponen les asiste-, asegura -con asombrosa liviandad- que dicha conducta no puede sino leerse como motivada en lograr el `mientras tanto´ y `como maximizador de algún beneficio para la entidad´.- De ello debo inferir a título personal que el fallo no solo supone, sino también asegura una especie de connivencia entre la entidad bancaria y quien suscribe, ello con el único afán de perjudicar a la Sra.",
      "Araoz y este es justamente el límite que estoy dispuesto a permitir... Ahora bien, esto no significa otorgarle una especie de `carta blanca´ para imputar conductas delictuales a las partes ni menos aún a los letrados en su ejercicio profesional, sin invocar prueba alguna que cimente semejante dichos, es más, es deseable que sucediera absolutamente lo contrario, es decir que los seres jueces actuaran de oficio cuando advierten una violación a las reglas del proceso y con mayor razón cuando de ello se desprenda la comisión de un ilícito. Pero deben tener mucho cuidado cuando sin ningún tipo de prueba de ninguna índole deslizan frases como las que he citado que afectan –sin ningún motivo o razón-, el decoro profesional en forma total y absolutamente innecesaria. Es lamentable que a más de 30 años de ejercicio profesional deba uno asistir y soportar este tipo de agravios que no hacen más que opacar el concepto de convivencia y respeto mutuo que debiera existir en la práctica profesional, pese a todo seguimos soñando con jueces probos, independientes y con respeto a los abogados y abogadas que ejercen libremente la profesión\".",
      "9.- Esta forma de exponer los argumentos que hacen a la fundamentación de una impugnación son inaceptables por resultar agraviantes respecto de los magistrados de la Cámara y violatorias al deber de decoro y respeto que las partes deben observar en el proceso.",
      "A su vez, confrontado el fallo que se intenta poner en crisis, la supuesta connivencia es una apreciación totalmente subjetiva sin apoyo alguno en el desarrollo volcado en el texto de ese acto jurisdiccional y que lo muestra como un evidente supuesto de un exceso en el ejercicio del derecho de defensa, que nos conmina a adoptar las medidas sancionatorias que más abajo propondremos.",
      "10.- En razón de lo expuesto, concluimos que el recurso \"ARAOZ LORENA C/ BANCO MACRO S.A S/ SUMARISIMO\" - Expte.",
      "Nº 8987 interpuesto es inadmisible por advertir insatisfecha la carga procesal que impone el art. 280 del CPCC.",
      "En cuanto a la conducta que observamos del letrado apoderado de la parte demandada recurrente, consideramos que corresponde apercibir al profesional para que en lo sucesivo se abstenga de realizar afirmaciones agraviantes que excedan el derecho de defensa, con comunicación al Colegio de la Abogacía de la Provincia a efectos de que tome razón de la medida dispuesta.",
      "Costas a la parte recurrente por aplicación de lo dispuesto en el art. 65 del CPCC. ASÍ VOTAMOS."
    ],
    "HONORARIOS PROFESIONALES": [
      "Considerando que el valor cuestionado en el recurso es el daño punitivo condenado ($ 925.650 + intereses TABA desde el 19/9/2023), la base económica a los fines regulatorios al día de la fecha asciende a la suma de $ 1.730.235,10 equivalentes a 38,78 juristas.",
      "Teniendo en cuenta la actividad desarrollada para abrir la instancia extraordinaria y la probable dedicación temporal en el desempeño profesional, en virtud de la escala del art. 30 de la ley 7046 modif. por ley 11.141, atañe considerar el 25% de los 38,78 juristas, los cuales son 9,69 juristas (honorarios que corresponderían a la primera instancia).",
      "Por ello, corresponde fijar los honorarios profesionales en el 50 % de lo que corresponde en la instancia de origen de acuerdo a los dispuesto por los arts. 64 y 94 de la ley arancelaria Por último, habiendo mayoría absoluta, EL SR. VOCAL EN EJERCICIO DE LA PRESIDENCIA DEL STJ, DR. LEONARDO PORTELA, se abstiene de votar y firmar la presente resolución con arreglo a lo dispuesto por el art. 33 de la LOPJ, texto según ley 10.704.",
      "Con lo que no siendo para más se da por finalizado el acto quedando acordada la siguiente sentencia:",
      "Paraná, 25 de junio de 2024."
    ],
    "Y VISTO": [
      "Por los fundamentos del acuerdo que antecede se,"
    ],
    "RESUELVE": [
      "DECLARAR INADMISIBLE el recurso de inaplicabilidad de ley deducido en fecha 9/10/2023, respecto de la resolución de la Sala Tercera de la Cámara Segunda de Apelaciones de Paraná dictada en fecha 19/9/2023.",
      "IMPONER costas a la vencida (art. 65 del CPCC).",
      "REGULAR los honorarios profesionales a las Dras. Yamila Mattig y Carolina Alexenicer en la suma de pesos ciento siete mil novecientos cincuenta con cuarenta y un centavos ($ 107.950,41) equivalentes a 2,42 juristas para cada una; y al Dr. Silvio Ariel Rugolotto en la suma de pesos ciento cincuenta y un mil ciento treinta con cincuenta y ocho centavos ($ 151.130,58) equivalentes a 3,38 juristas -arts. 3, 29, 30, 63, 64 y 94 de la ley 7046 modif. por ley 11.141-- \"ARAOZ LORENA C/ BANCO MACRO S.A S/ SUMARISIMO\" - Expte.",
      "Nº 8987 Tener presente la reserva del caso federal.",
      "APERCIBIR al apoderado del demandado \"Banco Macro S.A.\", Silvio Ariel Rugolotto, para que en lo sucesivo se abstenga de realizar afirmaciones agraviantes que excedan el derecho de defensa.",
      "COMUNICAR al Colegio de la Abogacía de la Provincia de Entre Ríos a efectos de que tome razón de la medida dispuesta.",
      "Notifíquese conforme arts. 1º y 4º Ac. Gral. 15/18 SNE, regístrese y oportunamente devuélvase.",
      "Ante mí. En igual fecha se registró. Asimismo, se deja constancia que la presente se suscribe mediante firma digital -Acuerdo Gral. 11/20 del 23-6-2020, Punto 4°) prescindiéndose de su impresión en formato papel.",
      "Existiendo regulación de honorarios a abogados y/o procuradores, cumpliendo con lo dispuesto por la ley 7046, se transcriben los siguientes los artículos:",
      "Art. 28: NOTIFICACIÓN DE TODA REGULACIÓN. Toda regulación de honorarios deberá notificarse personalmente o por cédula. Para el ejercicio del derecho al cobro del honorario al mandante o patrocinado, la notificación deberá hacerse en su domicilio real. En todos los casos la cédula deberá ser suscripta por el Secretario del Juzgado o Tribunal con transcripción de este Artículo y del art. 114 bajo pena de nulidad. No será necesaria la notificación personal o por cédula de los autos que resuelvan los reajustes posteriores que se practiquen por aplicación del art.114\".",
      "Art. 114: PAGO DE HONORARIOS. Los honorarios regulados judicialmente deberán abonarse dentro de los diez días de requerido su pago en forma fehaciente. Operada la mora, el profesional podrá reclamar el honorario actualizado con aplicación del índice, previsto en el art. 29 desde la regulación y hasta el pago, con más un interés del 8% anual. En caso de tratarse de honorarios que han sido materia de apelación, sobre el monto que quede fijado definitivamente su instancia superior, se aplicará la corrección monetaria a partir de la regulación de la instancia inferior. No será menester justificar en juicios los índices que se aplicarán de oficio por los Sres. Jueces y Tribunales”."
    ]
  }
}