{
  "METADATOS": {
    "ID_FALLO": "9010",
    "MES": "06",
    "ARTICULOS_CITADOS": {
      "citations": [
        {
          "main_source": "Código Procesal Civil y Comercial (CPCC)",
          "cited_articles": [
            276,
            277,
            281
          ],
          "extra": null
        },
        {
          "main_source": "Otro",
          "cited_articles": [
            33
          ],
          "extra": "art. 33 de la LOPJ"
        },
        {
          "main_source": "Acuerdo General 11/20",
          "cited_articles": [],
          "extra": "Acuerdo Gral. 11/20 del 23-6-2020"
        },
        {
          "main_source": "Acuerdo General 15/18 SNE",
          "cited_articles": [
            1,
            4
          ],
          "extra": "arts. 1º y 4º del Ac. Gral 15/18 SNE"
        }
      ]
    }
  },
  "MATERIA_PRELIMINAR": "RECURSO DE QUEJA (QUEJA INTERPUESTA POR EL DR. JUAN PABLO EMILIO FEDERIK)",
  "IDEA_CENTRAL": "**IDEA CENTRAL DEL FALLO**\n\nEl fallo judicial resuelve denegar el recurso de queja interpuesto por el Dr. Juan Pablo Emilio Frederik, en el contexto de un interdicto de recobrar, al considerar que la resolución de la Cámara de Apelaciones no es definitiva y, por ende, no habilita el recurso de inaplicabilidad de ley. \n\n**Decisión Judicial Principal y Fundamento Legal**\n\nLa decisión principal es la denegación del recurso de queja, fundamentada en que la sentencia recurrida no cumple con la nota de definitividad exigida por los artículos 276 y 277 del Código Procesal Civil y Comercial (CPCC). El tribunal sostiene que las sentencias en interdictos de recobrar no son definitivas, ya que no abordan el fondo del derecho sobre el bien litigioso.\n\n**Aspectos Legales Relevantes**\n\n1. **Artículos 276 y 277 del CPCC**: Establecen los requisitos para la admisibilidad de recursos de inaplicabilidad de ley.\n2. **Doctrina del caso \"Feling\"**: Se cita como precedente que refuerza la idea de que las sentencias en interdictos no son definitivas.\n\n**Razonamiento del Tribunal**\n\nEl tribunal argumenta que la queja no cumple con los requisitos formales necesarios para su admisibilidad, ya que el recurrente no logra demostrar el error en que habría incurrido el tribunal de alzada al considerar que la resolución no era recurrible. Además, se destaca que el recurrente se limita a alegar violaciones de principios sin ofrecer un análisis concreto que refute los fundamentos de la decisión impugnada.\n\nEn conclusión, el tribunal reafirma que la falta de definitividad de la sentencia en cuestión impide el acceso al recurso de inaplicabilidad de ley, y que el agravio alegado por el recurrente no es suficiente para modificar la decisión.",
  "CONTENIDO": {
    "INICIO": [
      "\"GUY EDITH E. C/ CARDOZO JORGE R. Y OTROS S. INTERDICTO DE RECOBRAR (Expte. Nº 13.557) S/ RECURSO DE QUEJA (QUEJA INTERPUESTA POR EL DR. JUAN PABLO EMILIO FEDERIK)\" - Expte.",
      "Nº 9010 PARANÁ, 24 de junio de 2024."
    ],
    "VISTO": [
      "El recurso de queja interpuesto en fecha 16/2/2024, en los autos \"GUY EDITH E. C/ CARDOZO JORGE R. Y OTROS S. INTERDICTO DE RECOBRAR (Expte. Nº 13.557) S/ RECURSO DE QUEJA (QUEJA INTERPUESTA POR EL DR. JUAN PABLO EMILIO FEDERIK)\" - Expte.",
      "Nº 9010 contra la resolución dictada por la Sala Civil y Comercial de la Cámara de Apelaciones de Concepción del Uruguay en fecha 8/2/2024, y;"
    ],
    "CONSIDERANDO": [
      "1.- La resolución del tribunal de grado no concedió el recurso de inaplicabilidad de ley articulado contra la decisión de esa alzada, por la cual se resolvió rechazar el recurso de apelación interpuesto por la actora y, en consecuencia, confirmar la sentencia de primera instancia que rechazó \"in limine\" por litispendencia el interdicto de recobrar deducido por la Sra. Edith Guy.",
      "Para así decidir, indicó que el recurso de inaplicabilidad de ley se otorga contra las sentencias definitivas de las Cámaras de Apelaciones que violen o hagan errónea aplicación de la ley o la doctrina legal.",
      "Explicó que resultaba plenamente aplicable al caso lo resuelto por esta Sala en los autos \"Feling Griselda Evangelina c. Municipalidad de Victoria y Otro s. Interdicto de Recobrar\" (expte. 8725) respecto a que \"(...) las sentencias dictadas en los interdictos de recobrar no reúnen la nota de definitividad exigida por la normativa ritual para habilitar su análisis a través del recurso de inaplicabilidad de ley (...) puesto que la decisión se adopta sin abrir juicio sobre la propiedad o mejor derecho sobre el bien litigioso, asunto que podrá ser debatido y definido a través de las vías legales correspondientes (...)\".",
      "Concluyó que no correspondía conceder el recurso atento a que la sentencia recurrida no es definitiva de conformidad con lo dispuesto por los artículos 276 y 277 del CPCC y no se vislumbró otro supuesto que habilite la apertura de la instancia extraordinaria.",
      "2.- En su queja, y en lo que aquí resulta relevante, la recurrente alega que la resolución impugnada le ocasiona un agravio que no es susceptible de reparación ulterior atento al impedimento de acceso a la justicia.",
      "Cuestiona, con cita de doctrina, que el rechazo \"in limine\" debió ser analizado teniendo en cuenta su interpretación restrictiva y los principios de prevención y acceso a la justicia.",
      "Peticiona que se controle la constitucionalidad y convencionalidad de la cuestión de fondo y el cumplimiento de los requisitos formales de admisibilidad que la alzada consideró que fueron cumplidos, pero que por no entender materializada la nota de definitividad -citando de manera parcializada el antecedente \"Feling\"- rechazó sin argumento el recurso de inaplicabilidad de ley \"GUY EDITH E. C/ CARDOZO JORGE R. Y OTROS S. INTERDICTO DE RECOBRAR (Expte. Nº 13.557) S/ RECURSO DE QUEJA (QUEJA INTERPUESTA POR EL DR. JUAN PABLO EMILIO FEDERIK)\" - Expte.",
      "Nº 9010 en contrario a lo previsto en el art. 281 del CPCC.",
      "Insiste en que el auto de cámara que rechazó la concesión del recurso no tiene ningún fundamento atendible, ya que su parte no omitió ningún requisito de los que la ley adjetiva impone para la admisibilidad. Considera que la inadmisibilidad del recurso interpuesto contra el pronunciamiento de la alzada deviene arbitrario, absurdo y contrario a derecho.",
      "Argumenta que el agravio irreparable se encuentra en el fundamento aparente del tribunal de alzada por la aplicación genérica y sin distinción del antecedente \"Feling\", lo que cercenaría la posibilidad de tratamiento de cualquier recurso de inaplicabilidad de ley en el marco de una acción de interdicto, lo cual es contrario al principio \"iura novit curia\" y traería aparejada gravedad institucional.",
      "Expresa que la Cámara omitió estampar la totalidad del razonamiento, ya que la falta de nota de definitividad en dicho antecedente radicó en la cuestión de fondo del caso concreto. Interpreta que allí se hizo la salvedad de que tal criterio no es aplicable en casos donde una de las partes demuestre mejor derecho a los efectos de la acción y/o apertura de la instancia extraordinaria. Y que es por ese argumento que su parte citó dicho antecedente para defender la admisibilidad del recurso interpuesto.",
      "Por otro lado, manifiesta que la resolución atacada es contraria a derecho por haber reconocido en sus considerandos 1, 2 y 3 que se cumplieron los requisitos de admisibilidad formal recursiva y porque no resulta aplicable al caso el criterio genérico adoptado en el antecedente en que se fundó. Por lo que concluye que no hay razón alguna para apartarse de lo normado por el art. 281 del CPCC, y por lo tanto las sentencia no constituye una derivación razonada de derecho vigente lo que la desacredita como acto jurisdiccional válido.",
      "Por último, agrega que se violaron los principios de congruencia, \"pro accione\" y tutela judicial efectiva. Ello por cuanto no resulta congruente que se impida el acceso al recurso de inaplicabilidad de ley para quien pretende que se dé trámite a una acción interpuesta con un promocional de demanda que fue rechazado \"in limine\" sin que se reúnan las estrictas y excepcionales condiciones que resultan exigibles en la materia, cuando no surge manifiesto que la acción no prosperaría o que lo demandado sea manifiestamente improponible.",
      "Finalmente peticiona se admita la queja.",
      "3.- Sintetizados los aspectos relevantes del sub examine, liminarmente corresponde determinar si la quejosa ha cumplimentado los recaudos formales que viabilicen abordar el tratamiento del remedio articulado y concluir, en su caso, si el recurso de inaplicabilidad de ley ha sido correctamente denegado.",
      "Cabe puntualizar que la vía elegida debe bastarse a sí misma, pues \"GUY EDITH E. C/ CARDOZO JORGE R. Y OTROS S. INTERDICTO DE RECOBRAR (Expte. Nº 13.557) S/ RECURSO DE QUEJA (QUEJA INTERPUESTA POR EL DR. JUAN PABLO EMILIO FEDERIK)\" - Expte.",
      "Nº 9010 impone la exigencia de una debida fundamentación que se encuentre estructurada en una crítica clara, concreta y eficaz dirigida a explicar las razones por las que el recurso denegado debió ser concedido.",
      "En ese sentido, se advierte que la presente queja no cumple con dicha carga procesal al no exteriorizar el desacierto legal de la decisión atacada, que invoque y acredite las razones por las que considera se han cumplimentado los recaudos de admisibilidad exigidos por la normativa ritual y los motivos por los que el criterio del juzgador es equivocado en ese aspecto.",
      "Esta Sala tiene reiteradamente dicho que la finalidad procesal de una presentación de hecho o queja por apelación denegada es demostrar el error en que habría incurrido el juez o tribunal a quo al estimar que el procedimiento disconformado resulta ser irrecurrible. El incumplimiento de tal carga procesal de ineludible observancia impone el rechazo de la queja\" (\"Alasino Claudio Fernando c/ ABG. S.R.L. y Otros -Ordinario Recurso de Queja (interp. por el Dr. Eduardo Fabián Ballesteros)\", Expte. Nº 4641, sentencia del 13/02/2006; \"Casenave José Benito c/ Casenave Pedro Isabelino - Ordinario s/ Recurso de Queja, Interpuesta por la Dra. Alejandra B. Nuñez\", Expte. Nº 6301, sentencia del 29/03/2012; entre muchos otros).",
      "En efecto, el recurrente se limita a invocar la violación del principio de congruencia, de la tutela judicial efectiva y realiza meras afirmaciones genéricas en relación a un supuesto perjuicio irreparable en consonancia con el derecho de acceso a la justicia. Pero todo ello, sin llegar a cumplimentar un ataque serio y concreto a los argumentos centrales que edificaron la resolución impugnada, relacionados con la falta de definitividad de la sentencia dictada en un interdicto y la posibilidad que tiene de intentar las acciones ordinarias que estime pertinentes, a los fines de discutir en otro juicio sobre la propiedad o el mejor derecho sobre el bien litigioso.",
      "Ello, sumado a que -por regla- las resoluciones que deciden sobre litispendencia no son definitivas (en este sentido in re \"I.A.P.V. c/ Morales Silvia C. s/ Ordinario\", Expte. Nº 6643 sentencia del 11/3/2014; Orlandi María Inés c/ Obra Social de la Actividad Docente (OSPLAD) s/ sumarisimo- Expte. Nº 7622 - sentencia del 23/4/2018).",
      "En consecuencia, por los argumentos dados, y porque la especie no hubiere superado un hipotético posterior control de admisibilidad, no corresponde hacer lugar a la queja interpuesta.",
      "Por último, habiendo mayoría absoluta, EL SR. VOCAL EN EJERCICIO DE LA PRESIDENCIA DEL STJ, DR. LEONARDO PORTELA, se abstiene de votar y firmar la presente resolución con arreglo a lo dispuesto por el art. 33 de la LOPJ, texto según ley 10.704.",
      "\"GUY EDITH E. C/ CARDOZO JORGE R. Y OTROS S. INTERDICTO DE RECOBRAR (Expte. Nº 13.557) S/ RECURSO DE QUEJA (QUEJA INTERPUESTA POR EL DR. JUAN PABLO EMILIO FEDERIK)\" - Expte.",
      "Nº 9010 Por ello, se"
    ],
    "RESUELVE": [
      "DENEGAR el recurso de queja deducido en fecha 16/2/2024, contra la resolución dictada por la Sala Civil y Comercial de la Cámara de Apelaciones de Concepción del Uruguay en fecha 8/2/2024.",
      "Líbrese oficio a la Cámara con copia de esta resolución.",
      "Regístrese, notifíquese conforme arts. 1º y 4º del Ac. Gral 15/18 SNE y archívese.",
      "Ante mí. En igual fecha se registró. Asimismo, se deja constancia que la presente se suscribe mediante firma digital -Acuerdo Gral. 11/20 del 23-6-2020, Punto 4°) prescindiéndose de su impresión en formato papel."
    ]
  }
}