{
  "METADATOS": {
    "ID_FALLO": "9014",
    "MES": "06",
    "ARTICULOS_CITADOS": {
      "citations": [
        {
          "main_source": "Código Procesal Civil y Comercial (CPCC)",
          "cited_articles": [
            276,
            277,
            281,
            592,
            596,
            600
          ],
          "extra": null
        },
        {
          "main_source": "Constitución Nacional (CN)",
          "cited_articles": [
            18,
            75
          ],
          "extra": "inc. 22"
        },
        {
          "main_source": "Ley 10.704",
          "cited_articles": null,
          "extra": null
        },
        {
          "main_source": "Acuerdo General 15/18 SNE",
          "cited_articles": [
            1,
            4
          ],
          "extra": "arts. 1º y 4º"
        },
        {
          "main_source": "Acuerdo General 11/20",
          "cited_articles": null,
          "extra": "del 23-6-2020"
        },
        {
          "main_source": "Otro",
          "cited_articles": [
            33
          ],
          "extra": "art. 8 inc. h"
        },
        {
          "main_source": "Código Procesal Civil y Comercial (CPCC)",
          "cited_articles": [
            75
          ],
          "extra": "inc. 22"
        }
      ]
    }
  },
  "MATERIA_PRELIMINAR": "RECURSO DE QUEJA (QUEJA INTERPUESTA POR EL DR. JUAN PABLO EMILIO FEDERIK)",
  "IDEA_CENTRAL": "### IDEA CENTRAL DEL FALLO\n\n**Decisión Judicial Principal:**\nEl Tribunal denegó el recurso de queja interpuesto por el Dr. Juan Pablo Emilio Frederik, en relación con la resolución de la Cámara de Apelaciones que revocó la sentencia de primera instancia y admitió el interdicto de recobrar, manteniendo la ocupación del inmueble por parte de los actores.\n\n**Fundamento Legal:**\nLa decisión se basa en la falta de definitividad de la sentencia recurrida, conforme a los artículos 276 y 277 del Código Procesal Civil y Comercial (CPCC). El Tribunal argumentó que las sentencias en interdictos de recobrar no son definitivas y, por lo tanto, no habilitan el recurso de inaplicabilidad de ley.\n\n**Aspectos Legales Relevantes:**\n1. **Artículos 276 y 277 del CPCC:** Establecen los requisitos para la admisibilidad de recursos extraordinarios.\n2. **Derecho de Defensa (Art. 18 C.N.):** La recurrente alegó vulneración de este derecho, así como del acceso a la justicia y la doble instancia, conforme a la Convención Americana de Derechos Humanos.\n\n**Razonamiento del Tribunal:**\nEl Tribunal concluyó que la queja no cumplió con la carga procesal de demostrar el desacierto legal de la decisión de la Cámara. Afirmó que la recurrente no presentó un ataque concreto a los argumentos que sustentaban la falta de definitividad de la sentencia, limitándose a alegaciones genéricas sobre derechos constitucionales. Además, se reiteró que el interdicto es una acción de carácter sumarísimo que no resuelve sobre la propiedad del bien, sino sobre la posesión.\n\n**Conclusión:**\nEl Tribunal resolvió que no corresponde hacer lugar a la queja, reafirmando que la decisión de la Cámara de Apelaciones se ajusta a la normativa vigente y que la recurrente no logró demostrar la existencia de un agravio que justifique la revisión del fallo.",
  "CONTENIDO": {
    "INICIO": [
      "\"CARDOZO JORGE R. Y OTRO C/ GUY EDITH E. S. INTERDICTO DE RECOBRAR S/ RECURSO DE QUEJA (QUEJA INTERPUESTA POR EL DR. JUAN PABLO EMILIO FEDERIK)\" - Expte. Nº 9014 PARANÁ, 24 de junio de 2024."
    ],
    "VISTO": [
      "El recurso de queja interpuesto en fecha 19/2/2024, en los autos \"CARDOZO JORGE R. Y OTRO C/ GUY EDITH E. S. INTERDICTO DE RECOBRAR S/ RECURSO DE QUEJA (QUEJA INTERPUESTA POR EL DR. JUAN PABLO EMILIO FEDERIK)\" - Expte. Nº 9014 contra la resolución dictada por la Sala Civil y Comercial de la Cámara de Apelaciones de Concepción del Uruguay en fecha 14/2/2024, y;"
    ],
    "CONSIDERANDO": [
      "1.- La resolución del tribunal de grado no concedió el recurso de inaplicabilidad de ley articulado contra la decisión de esa alzada, por la cual se resolvió revocar la sentencia de primera instancia y, en consecuencia, admitió el interdicto de retener manteniendo la ocupación del inmueble por parte de los actores.",
      "Para así decidir, indicó que el recurso de inaplicabilidad de ley se otorga contra las sentencias definitivas de las Cámaras de Apelaciones que violen o hagan errónea aplicación de la ley o la doctrina legal.",
      "Explicó que resultaba plenamente aplicable al caso lo resuelto por esta Sala en los autos \"Feling Griselda Evangelina c. Municipalidad de Victoria y Otro s. Interdicto de Recobrar\" (expte. 8725) respecto a que \"(...) las sentencias dictadas en los interdictos de recobrar no reúnen la nota de definitividad exigida por la normativa ritual para habilitar su análisis a través del recurso de inaplicabilidad de ley (...) puesto que la decisión se adopta sin abrir juicio sobre la propiedad o mejor derecho sobre el bien litigioso, asunto que podrá ser debatido y definido a través de las vías legales correspondientes (...)\".",
      "Concluyó que no correspondía conceder el recurso atento a que la sentencia recurrida no es definitiva de conformidad con lo dispuesto por los artículos 276 y 277 del CPCC y no se vislumbró otro supuesto que habilite la apertura de la instancia extraordinaria.",
      "2.- En su queja la recurrente alega que la resolución impugnada le ha impedido sin causal de derecho justificante, acceder al tratamiento del caso ante esta Sala, con lo cual entiende que se ha vulnerado en forma manifiesta su derecho de defensa (Art. 18 C.N.), de acción y/o acceso a la jurisdicción y a la instancia revisora.",
      "Critica que la Cámara adoptó un criterio de interpretación contrario a derecho y subjetivista del fallo “Feling” de esta Sala; y por ello peticiona que se controle la constitucionalidad y convencionalidad de la cuestión de fondo y el cumplimiento de los requisitos formales de admisibilidad que la alzada consideró que fueron cumplidos, pero que por no entender materializada la nota de definitividad -citando de manera parcializada el antecedente- rechazó sin argumento el recurso de inaplicabilidad de ley en contrario a lo previsto en el art.",
      "\"CARDOZO JORGE R. Y OTRO C/ GUY EDITH E. S. INTERDICTO DE RECOBRAR S/ RECURSO DE QUEJA (QUEJA INTERPUESTA POR EL DR. JUAN PABLO EMILIO FEDERIK)\" - Expte. Nº 9014 281 del CPCC.",
      "Argumenta que el agravio irreparable se encuentra en el fundamento aparente del tribunal de alzada por la aplicación genérica y sin distinción del antecedente \"Feling\", lo que cercenaría \"a priori\" la posibilidad de tratamiento de cualquier recurso de inaplicabilidad de ley en el marco de una acción de interdicto, lo cual es contrario al principio \"iura novit curia\" y lo previsto por Convenciones y Tratados Internacionales que asisten a la instancia revisora, a la vez que traería aparejada gravedad institucional.",
      "Expresa que la Cámara omitió estampar la totalidad del razonamiento, ya que la falta de nota de definitividad en dicho antecedente radicó en la cuestión de fondo del caso concreto. Interpreta que allí se hizo la salvedad de que tal criterio no es aplicable en casos donde una de las partes demuestre mejor derecho a los efectos de la acción y/o apertura de la instancia extraordinaria; y que es por ese argumento que su parte citó dicho antecedente para defender la admisibilidad del recurso interpuesto.",
      "Cuestiona que la alzada no dijo que su parte no demostró mejor derecho, ni tampoco que no se cumplieron con los requisitos formales previstos por la norma adjetiva, por lo que considera que incumplió con la obligación legal que se impone a la magistratura de fundar su decisorio en los términos del art. 281 del CPCC.",
      "Denuncia que al momento de resolver el recurso de apelación la alzada no evaluó si su parte se encontraba en mejores condiciones de probar, con lo obrante en el proceso, el mejor derecho; a la vez que omitió tratar la caducidad de instancia planteada al momento de contestar la demanda.",
      "Por otro lado, manifiesta que en los considerandos 1, 2 y 3 de la resolución atacada se reconoció el cumplimiento de los requisitos de admisibilidad formal recursiva, y que en atención a que no resulta aplicable al caso el criterio genérico adoptado en el antecedente \"Feling\", considera que no existe razón para apartarse de lo normado por el art. 281 del CPCC.",
      "Denuncia que la no admisibilidad del recurso de inaplicabilidad de ley viola el principio de bilateralidad y derecho al acceso a la doble instancia previsto por la Convención Americana de Derechos Humanos (art. 75 inc. 22 C.N.), la que en su art. 8 inc. h, prevé la garantía procesal de recurrir el fallo ante un Juez o Tribunal Superior. Sobre todo, teniendo en cuenta el cambio de criterio de la Cámara respecto a lo resuelto por primera instancia sobre la cuestión de fondo. Por ello, concluye que la denegación recursiva deviene arbitraria ya que la alzada no especificó ninguna omisión que haga a la admisibilidad del recurso de inaplicabilidad de ley.",
      "Insiste en que no existió causa ni fundamento para desechar su posibilidad de velar por su derecho de defensa (art. 18 C.N.) y de propiedad \"CARDOZO JORGE R. Y OTRO C/ GUY EDITH E. S. INTERDICTO DE RECOBRAR S/ RECURSO DE QUEJA (QUEJA INTERPUESTA POR EL DR. JUAN PABLO EMILIO FEDERIK)\" - Expte. Nº 9014 respecto al inmueble donde se encuentra su vivienda familiar (art. 17 C.N.).",
      "Entiende que lo resuelto carece de argumentación jurídica y contraría a la normativa legal, por lo que no constituye una derivación razonada del derecho vigente y aplicable, lo que desacredita la sentencia atacada como acto jurisdiccional válido.",
      "Concluye que estando controvertidos los pronunciamientos judiciales, sin que exista omisión adjetiva alguna de su parte como recurrente, ni que sea manifiestamente improcedente la defensa, la denegación del recurso violenta el principio de derecho de defensa, acceso a la justicia, tutela judicial efectiva, congruencia, debido proceso, legalidad y seguridad jurídica, además del principio de doble instancia y/o instancia recursiva.",
      "Finalmente, peticiona se admita la queja.",
      "3.- Sintetizados los aspectos relevantes del sub examine, liminarmente corresponde determinar si la quejosa ha cumplimentado los recaudos formales que viabilicen abordar el tratamiento del remedio articulado y concluir, en su caso, si el recurso de inaplicabilidad de ley ha sido correctamente denegado.",
      "Cabe puntualizar que la vía elegida debe bastarse a sí misma, pues impone la exigencia de una debida fundamentación que se encuentre estructurada en una crítica clara, concreta y eficaz dirigida a explicar las razones por las que el recurso denegado debió ser concedido.",
      "En ese sentido, se advierte que la presente queja no cumple con dicha carga procesal al no exteriorizar el desacierto legal de la decisión atacada, que invoque y acredite las razones por las que considera se han cumplimentado los recaudos de admisibilidad exigidos por la normativa ritual y los motivos por los que el criterio del juzgador es equivocado en ese aspecto.",
      "Resulta sabido que disentir no es lo mismo que criticar. Por esta razón esencial es necesario realizar un ataque directo y pertinente a la fundamentación de la resolución que se pone en tela de juicio, tratando de demostrar los errores que pudiera contener. En cambio, disentir es meramente exponer desde una posición parcial que no se está de acuerdo con lo resuelto.",
      "Esta Sala tiene reiteradamente dicho que la finalidad procesal de una presentación de hecho o queja por apelación denegada es demostrar el error en que habría incurrido el juez o tribunal a quo al estimar que el procedimiento disconformado resulta ser irrecurrible. El incumplimiento de tal carga procesal de ineludible observancia impone el rechazo de la queja\" (\"Alasino Claudio Fernando c/ ABG. S.R.L. y Otros -Ordinario Recurso de Queja (interp. por el Dr. Eduardo Fabián Ballesteros)\", Expte. Nº 4641, sentencia del 13/02/2006; \"Casenave José Benito c/ Casenave Pedro Isabelino - Ordinario s/ Recurso de Queja, Interpuesta por la Dra. Alejandra B. Nuñez\", Expte. Nº 6301, sentencia del 29/03/2012; entre muchos otros).",
      "\"CARDOZO JORGE R. Y OTRO C/ GUY EDITH E. S. INTERDICTO DE RECOBRAR S/ RECURSO DE QUEJA (QUEJA INTERPUESTA POR EL DR. JUAN PABLO EMILIO FEDERIK)\" - Expte. Nº 9014 En efecto, la recurrente se limita a invocar la violación de normas constitucionales y convencionales; realiza meras afirmaciones genéricas en relación a un supuesto perjuicio irreparable en consonancia con los derechos y garantías de defensa en juicio, acceso a la justicia, tutela judicial efectiva, congruencia, debido proceso, legalidad y seguridad jurídica, y el principio de doble instancia y/o instancia recursiva. Pero todo ello, sin llegar a cumplimentar con un ataque serio y concreto a los argumentos centrales que edifican la resolución impugnada, relacionados con la falta de definitividad de la sentencia dictada en un interdicto y la posibilidad que tiene de intentar las acciones ordinarias que estime pertinentes, a los fines de discutir en otro juicio sobre la propiedad o el mejor derecho sobre el bien litigioso.",
      "Esta Sala tiene dicho que el interdicto, no es una acción posesoria ni una acción real fundada en la presunción de propiedad, sino una disposición de orden público tendiente a prevenir la violencia, que ampara el hecho material de la posesión; su objeto, lograr la restitución de la posesión o la tenencia; y el procedimiento establecido, de carácter sumarísimo -arts. 592, 596 y 600 del C.P.C.C.-, hacen que la resolución limite sus efectos de cosa juzgada al hecho de la posesión o la tenencia, no constituyendo, en principio sentencia definitiva capaz de viabilizar la casación. (\"Pordenon María c/ Almiron Eduardo Alejandro s/ interdicto de recobrar (queja interpuesta por el Dr. Pablo Andrés Alvarez)\" - Expte. Nº 7455, sentencia del 7/6/2017 y \"Dume Martha Graciela c/ Bovier Rubén Juan-Interdicto de Recobrar- s/ Queja (interpuesta por los Dres. Jorge Campos y Jorge Pablo Campos)\"- Expte. Nº 6603, sentencia del 15/8/2013; entre muchos otros).",
      "En consecuencia, por los argumentos dados, no corresponde hacer lugar a la queja interpuesta.",
      "Por último, habiendo mayoría absoluta, EL SR. VOCAL EN EJERCICIO DE LA PRESIDENCIA DEL STJ, DR. LEONARDO PORTELA, se abstiene de votar y firmar la presente resolución con arreglo a lo dispuesto por el art. 33 de la LOPJ, texto según ley 10.704.",
      "Por ello, se"
    ],
    "RESUELVE": [
      "DENEGAR el recurso de queja deducido en fecha 19/2/2024, contra la resolución dictada por la Sala Civil y Comercial de la Cámara de Apelaciones de Concepción del Uruguay en fecha 14/2/2024.",
      "Líbrese oficio a la Cámara con copia de esta resolución.",
      "Regístrese, notifíquese conforme arts. 1º y 4º del Ac. Gral 15/18 SNE y archívese.",
      "\"CARDOZO JORGE R. Y OTRO C/ GUY EDITH E. S. INTERDICTO DE RECOBRAR S/ RECURSO DE QUEJA (QUEJA INTERPUESTA POR EL DR. JUAN PABLO EMILIO FEDERIK)\" - Expte. Nº 9014 Ante mí. En igual fecha se registró. Asimismo, se deja constancia que la presente se suscribe mediante firma digital -Acuerdo Gral. 11/20 del 23-6-2020, Punto 4°) prescindiéndose de su impresión en formato papel."
    ]
  }
}