{
  "METADATOS": {
    "ID_FALLO": "9015",
    "MES": "06",
    "ARTICULOS_CITADOS": {
      "citations": [
        {
          "main_source": "Código Civil y Comercial (CCC)",
          "cited_articles": [
            4005,
            4015,
            2410
          ],
          "extra": null
        },
        {
          "main_source": "Código Civil y Comercial (CCC)",
          "cited_articles": [
            944,
            1931
          ],
          "extra": "incs. b) y e) ss. y cc."
        },
        {
          "main_source": "Código Procesal Civil y Comercial (CPCC)",
          "cited_articles": [
            65
          ],
          "extra": null
        },
        {
          "main_source": "Ley 10.704",
          "cited_articles": [
            33
          ],
          "extra": "art. 33 de la LOPJ, texto según ley 10.704"
        },
        {
          "main_source": "Ley 7046",
          "cited_articles": [
            3,
            64,
            94
          ],
          "extra": "modif. por ley 11.141"
        },
        {
          "main_source": "Acuerdo General 15/18 SNE",
          "cited_articles": [
            1,
            4
          ],
          "extra": "conforme arts. 1º y 4º"
        },
        {
          "main_source": "Acuerdo General 11/20",
          "cited_articles": [],
          "extra": "del 23-6-2020, Punto 4°"
        }
      ]
    }
  },
  "MATERIA_PRELIMINAR": "USUCAPION",
  "IDEA_CENTRAL": "**IDEA CENTRAL DEL FALLO:**\n\nEl Tribunal declara inadmisible el recurso de inaplicabilidad de ley interpuesto por el demandado, confirmando la decisión de la Cámara de Apelaciones que reconoció la adquisición del dominio por prescripción adquisitiva a favor de los actores, Daniel Alejandro Rojas y Brian Martín Rojas, sobre un inmueble que había sido poseído por su causante durante más de veinte años.\n\n**Decisión Judicial Principal y Fundamento:**\nLa Cámara de Apelaciones revocó la sentencia de primera instancia y declaró que los actores adquirieron el dominio del inmueble por usucapión, fundamentando que la posesión del causante, desde 1989, fue continua y con ánimo de dueño, y que los actores, como herederos, continuaron dicha posesión.\n\n**Aspectos Legales Relevantes:**\n1. **Código Civil (CC)**:\n   - Art. 4005: Reconocimiento de la continuidad de la posesión por parte de los herederos.\n   - Art. 4015: Establece el plazo de veinte años para la usucapión.\n   - Art. 2410: Relativo a la posesión de cosas divisibles, que fue considerado inaplicable en este caso.\n\n**Razonamiento del Tribunal:**\nEl Tribunal argumenta que la posesión del causante fue total y continua desde 1989, cumpliendo así con los requisitos para la usucapión. Se destaca que los herederos tienen el mismo derecho que el causante, y que la posesión de una parte del inmueble es válida, dado que el inmueble es divisible. La impugnación del demandado se considera infundada, ya que no logra demostrar arbitrariedad ni violación de la ley.\n\nEn conclusión, el fallo reafirma la validez de la usucapión en base a la posesión heredada y la continuidad de actos posesorios, desestimando el recurso del demandado por falta de fundamentos sólidos.",
  "CONTENIDO": {
    "INICIO": [
      "\"ROJAS DANIEL ALEJANDRO Y OTRO C/ HEREDEROS Y/O SUCESORES DE BALDI JUAN NICOLAS S/ USUCAPION\" - Expte. Nº"
    ],
    "ACUERDO": [
      "En la ciudad de Paraná, capital de la provincia de Entre Ríos, a los veinticinco días del mes de junio del año dos mil veinticuatro reunidos los integrantes de este Tribunal asistidos por el Secretario autorizante, para conocer el recurso de inaplicabilidad de ley deducido en fecha 1/11/2023 en las actuaciones:",
      "\"ROJAS DANIEL ALEJANDRO Y OTRO C/ HEREDEROS Y/O SUCESORES DE BALDI JUAN NICOLAS S/ USUCAPION\" - Expte. Nº 9015, respecto de la resolución de la Sala Primera de la Cámara Segunda de Apelaciones de Paraná dictada en fecha 11/10/2023. Que la votación debe tener lugar en el siguiente orden: Sr. Vocal Carlos Federico Tepsich; Sra. Vocal Gisela N. Schumacher y Sr. Vocal Leonardo Portela.",
      "Estudiados los autos, la Sala se planteó la siguiente cuestión: ¿qué corresponde resolver respecto del recurso de inaplicabilidad de ley interpuesto?",
      "A LA CUESTIÓN PROPUESTA EL SR. VOCAL CARLOS FEDERICO TEPSICH Y LA SRA. VOCAL GISELA N. SCHUMACHER"
    ],
    "DIJERON": [
      "1.- La Sala I de la Cámara Segunda de Apelaciones de esta ciudad (11/10/2023) revoca la sentencia de primera instancia (31/10/2022) y, en consecuencia, declara adquirido el dominio por prescripción adquisitiva por los Sres. Daniel Alejandro Rojas y Brian Martín Rojas, en una cuota parte de un cincuenta (50%) por ciento cada uno, sobre el inmueble que se individualiza en el fallo, inscripto en mayor extensión, en la ciudad de La Paz, como de titularidad del Sr. Juan Nicolás Baldi. Impuso las costas al tercero vencido -Rodrigo E. Alfonso Domínguez (cesionario de la Sra. Cruz a su vez cesionaria de dos de los herederos del titular registral).",
      "2.- Para sí resolver, señaló que la cuestión traída a resolver versaba sobre la adquisición del dominio por prescripción adquisitiva de un inmueble de inferior superficie de uno de mayor superficie con invocación de la continuación de la posesión del causante por sus herederos.",
      "Indicó que llegó firme a esa instancia que a) los accionantes invocaban la realización de actos posesorios del inmueble objeto de autos, fallecido que fuera el anterior poseedor Sr. Raúl Oscar Rojas, b) fueron declarados herederos del Sr. Rojas en las actuaciones individualizadas, c) el inmueble sobre el que ejerciera la posesión el causante es de mayor superficie al que pretenden los demandantes invocando la prescripción adquisitiva de una fracción de aquél terreno originario, d) la fracción de terreno por el que promueven el juicio fue deslindada y mensurada con posterioridad al año 2015, e) en orden a la posesión del causante se tuvo por acreditado que llevó adelante un emprendimiento comercial en el predio, f) se tuvo por acreditado el pago de algunos anticipos del \"ROJAS DANIEL ALEJANDRO Y OTRO C/ HEREDEROS Y/O SUCESORES DE BALDI JUAN NICOLAS S/ USUCAPION\" - Expte. Nº impuesto inmobiliario a partir de 1990, correspondientes a dicho período fiscal a los del 1993 y 2005, pagados en dichos años, g) por reconocido por el heredero del titular registral, Juan Alberto Baldi, el boleto de compraventa del inmueble objeto de autos celebrado entre los herederos del primero y la cónyuge del Sr. Rojas en el año 1981.",
      "Agregó que se han adjuntado constancias de pagos municipales (años 1982, 1990, 1992, 1997, 1998, 2003, 2005, 2012), inmobiliarios 2015/2016, con posterioridad al fallecimiento del causante, Sr. Rojas y se acreditó la relación de mejoras con anterioridad a la inspección ocular realizada.",
      "Concluyó que se encontraba acreditada la posesión del causante con ánimo de dueño desde el año 1989.",
      "Determinó el derecho aplicable, considerando que el Sr. Rojas falleció en abril de 2015, vigente el Código Civil, destacando que por aplicación de lo dispuesto en el art. 4005 CC, los herederos demandantes continuaron su posesión en carácter de sucesores universales. Señaló que el Sr. Rojas detentó la posesión del inmueble desde el año 1989 por lo que los veinte años contemplados por el art. 4015 del CC se cumplieron en el año 2009, esto es en vida del causante.",
      "Indicó que los actores, sucesores de la universalidad de los bienes del causante, han ejercido la acción de usucapión a los fines de que se declare judicialmente el derecho de dominio sobre el inmueble adquirido por la posesión por veinte años de su causante en vida de éste. Precisó que la posición del sucesor universal en la relación jurídica es la misma que tenía el autor al cual ha sustituido, la adquisición del derecho deriva de un titular anterior en cuya cabeza aquél preexistía y se operó por su fallecimiento -y desde ese momento- un reemplazo de un sujeto titular por otro.",
      "Concluyó que no había impedimento para declarar adquirido el dominio por una superficie menor al que se ha usucapido mediante la posesión del causante atento a que, siendo una cosa divisible el inmueble, a ellos le cabe la facultad de renunciar a sus derechos a una parte material del mismo o de abandonar la posesión de la cosa en parte -arts. 944, 1931, incs. b) y e) ss. y cc. CCC-.",
      "Dispuso que no resulta aplicable al caso de autos el art. 2410 CC o 1912 CCC porque en el caso hubo una posesión de la totalidad del inmueble a usucapir desde su inicio por el causante.",
      "3.- El demandado -Rodrigo E. Alfonso Domínguez- impugna esa decisión por conducto del recurso de inaplicabilidad de ley cuya concesión, motiva la intervención de esta Sala.",
      "Invoca violación del art. 2410 del CC y arbitrariedad, argumentando, que para ejercer la posesión de una cosa divisible como en el caso debe ester delimitada y en el caso dicho recaudo no se acreditó antes del 2015.",
      "\"ROJAS DANIEL ALEJANDRO Y OTRO C/ HEREDEROS Y/O SUCESORES DE BALDI JUAN NICOLAS S/ USUCAPION\" - Expte. Nº Critica la valoración de la prueba en relación a los actos posesorios cumplidos por los accionantes y refiere a que en el lote original coexistían varias posesiones.",
      "Afirma que la sentencia no fue razonablemente fundada. Formula reserva del caso federal y peticiona.",
      "4.- A su turno, contesta el traslado oportunamente dispuesto, la parte actora, solicitando, por las razones que expone el rechazo del recurso interpuesto.",
      "5.- Reseñados los antecedentes del caso, ingresamos a la cuestión sometida a decisión.",
      "En cumplimiento de ese objetivo, advertimos que la argumentación recursiva desatiende absolutamente las consideraciones del fallo que dieron sustento a la inaplicabilidad del art. 2410 del CC, decisión que viene controvertida.",
      "Se soslaya por completo que la Cámara determinó inaplicable al caso el precepto mencionado dado que en el caso hubo una posesión de la totalidad del inmueble a usucapir desde su inicio por el causante, antecesor en la posesión de los actores, quienes son sucesores de la universalidad de los bienes de su antecesor.",
      "Observamos incumplida la carga procesal de motivar el recurso y agregamos, los agravios remiten a la consideración de cuestiones de hecho y prueba que constituyen aspectos propios de la tarea de juzgar de los tribunales ordinarios y como tales en principio ajenos al ámbito del recurso de inaplicabilidad de ley.",
      "La arbitrariedad que se invoca no fue acreditada y más bien expone un disenso con la valoración de los elementos de prueba y extremos que se determinaron incontrovertidos que no logran superar el umbral de la discrepancia.",
      "Recordamos que la habilitación del recurso por dicha causal excepcional exige demostrar una irrazonabilidad en el razonamiento incompatible con las constancias del caso, pero no se abre el recurso si la crítica expone, como en el caso, una discrepancia con la solución, aún cuando pueda resultar jurídicamente opinable a juicio del recurrente (cfr. \" Araoz Lorena C/Banco Macro S.A. S/Sumarisimo (Digital)\" Expte Nº 8987, sentencia del 25/6/2024).",
      "6.- En razón de lo expuesto, concluimos que el recurso interpuesto es inadmisible. Costas a la parte recurrente -art. 65 del CPCC. ASÍ VOTAMOS."
    ],
    "HONORARIOS PROFESIONALES": [
      "Considerando la actividad desarrollada para abrir la instancia extraordinaria, la complejidad de las cuestiones planteadas y la probable dedicación temporal en el desempeño profesional para fundar los recursos de inaplicabilidad de ley, corresponde fijar los honorarios profesionales en el 50 % de los honorarios que se establezcan por la labor en primera instancia.",
      "\"ROJAS DANIEL ALEJANDRO Y OTRO C/ HEREDEROS Y/O SUCESORES DE BALDI JUAN NICOLAS S/ USUCAPION\" - Expte. Nº Por último, habiendo mayoría absoluta, EL SR. VOCAL EN EJERCICIO DE LA PRESIDENCIA DEL STJ, DR. LEONARDO PORTELA, se abstiene de votar y firmar la presente resolución con arreglo a lo dispuesto por el art. 33 de la LOPJ, texto según ley 10.704.",
      "Con lo que no siendo para más se da por finalizado el acto quedando acordada la siguiente sentencia:",
      "Paraná, 25 de junio de 2024."
    ],
    "Y VISTO": [
      "Por los fundamentos del acuerdo que antecede se,"
    ],
    "RESUELVE": [
      "DECLARAR INADMISIBLE el recurso de inaplicabilidad de ley deducido en fecha 1/11/2023, respecto de la resolución de la Sala Primera de la Cámara Segunda de Apelaciones de Paraná dictada en fecha 11/10/2023.",
      "IMPONER costas a la vencida (art. 65 del CPCC).",
      "FIJAR los honorarios profesionales correspondientes a esta instancia extraordinaria, en el 50 % de los honorarios que se establezcan por la labor en primera instancia -arts. 3, 64 y 94 de la ley 7046 modif. por ley 11.141-.",
      "Tener presente la reserva del caso federal.",
      "Notifíquese conforme arts. 1º y 4º Ac. Gral. 15/18 SNE, regístrese y oportunamente devuélvase.",
      "Ante mí. En igual fecha se registró. Asimismo, se deja constancia que la presente se suscribe mediante firma digital -Acuerdo Gral. 11/20 del 23-6-2020, Punto 4°) prescindiéndose de su impresión en formato papel."
    ]
  }
}