{
  "METADATOS": {
    "ID_FALLO": "9042",
    "MES": "06",
    "ARTICULOS_CITADOS": {
      "citations": [
        {
          "main_source": "Código Procesal Civil y Comercial (CPCC)",
          "cited_articles": [
            277
          ],
          "extra": null
        },
        {
          "main_source": "Código Procesal Civil y Comercial (CPCC)",
          "cited_articles": [
            276,
            277
          ],
          "extra": null
        },
        {
          "main_source": "Otro",
          "cited_articles": [
            33
          ],
          "extra": "LOPJ"
        },
        {
          "main_source": "Ley 10.704",
          "cited_articles": [],
          "extra": "texto según ley 10.704"
        },
        {
          "main_source": "Acuerdo General 15/18 SNE",
          "cited_articles": [
            1,
            4
          ],
          "extra": "conforme arts. 1º y 4º"
        },
        {
          "main_source": "Acuerdo General 11/20",
          "cited_articles": [],
          "extra": "del 23-6-2020, Punto 4°"
        }
      ]
    }
  },
  "MATERIA_PRELIMINAR": "QUEJA (QUEJA INTERPUESTA POR LOS DRES. JUAN JOSE MARCOLINI Y AGUSTIN ADRIAN MARCOLINI)",
  "IDEA_CENTRAL": "**IDEA CENTRAL DEL FALLO**\n\nEl fallo judicial resuelve denegar el recurso de queja interpuesto por los Dres. Juan José Marcolini y Agustín Adrián Marcolini, en relación a la regulación de honorarios provisorios en un incidente familiar. La decisión se fundamenta en que la resolución impugnada no tiene carácter definitivo, conforme a los artículos 276 y 277 del Código Procesal Civil y Comercial (CPCC), ya que no pone fin al pleito principal ni afecta de manera concluyente los derechos de los letrados.\n\n**Aspectos Legales Relevantes**\n\n1. **Naturaleza de la Resolución**: La Cámara de Apelaciones consideró que la regulación de honorarios provisorios no es revisable en casación, dado que no genera un agravio irreparable.\n2. **Artículos Clave**: Se citan los artículos 276 y 277 del CPCC, que establecen los criterios para la definitividad de las resoluciones judiciales.\n3. **Precedentes**: Se mencionan casos anteriores que refuerzan la postura del tribunal sobre la naturaleza provisional de la regulación de honorarios.\n\n**Razonamiento del Tribunal**\n\nEl tribunal argumenta que la regulación de honorarios provisorios es una decisión intermedia y no definitiva, lo que impide su revisión en el marco de un recurso de inaplicabilidad de ley. Los recurrentes no lograron demostrar que la decisión impugnada causara un agravio irreparable, lo que es un requisito esencial para la procedencia del recurso. Además, se señala que los honorarios definitivos podrán ser discutidos en el futuro, en el contexto de la liquidación de la comunidad de bienes.\n\nEn consecuencia, se resuelve denegar la queja, reafirmando la jurisprudencia establecida sobre la naturaleza provisional de las regulaciones de honorarios.",
  "CONTENIDO": {
    "INICIO": [
      "\"MARCOLINI JUAN JOSE Y MARCOLINI ADRIAN AGUSTIN C SEPOLD GRACIELA BEATRIZ y EHRLICH ANIBAL ARNOLDO S INCIDENTE S/ QUEJA (QUEJA INTERPUESTA POR LOS DRES. JUAN JOSE MARCOLINI Y AGUSTIN ADRIAN MARCOLINI)\" - Expte. Nº 9042 Paraná, 4 de junio de 2024."
    ],
    "VISTO": [
      "El recurso de queja interpuesto en fecha 8 de marzo de 2024, en los autos \"MARCOLINI JUAN JOSE Y MARCOLINI ADRIAN AGUSTIN C SEPOLD GRACIELA BEATRIZ y EHRLICH ANIBAL ARNOLDO S INCIDENTE S/ QUEJA (QUEJA INTERPUESTA POR LOS DRES. JUAN JOSE MARCOLINI Y AGUSTIN ADRIAN MARCOLINI)\" - Expte. Nº 9042, contra la resolución de fecha 28 de febrero de 2024, dictada por la Sala Primera de la Cámara Segunda de Apelaciones de Paraná, y"
    ],
    "CONSIDERANDO": [
      "1.- La resolución del tribunal de grado no concedió el recurso de inaplicabilidad de ley articulado contra la decisión de esa alzada, por la cual -en lo que aquí interesa- se resolvió hacer lugar a los recursos de apelación deducidos por los incidentados y, en consecuencia, revocó los honorarios provisorios de los letrados Dres. Juan José Marcolini y Agustín Adrián Marcolini, por lo actuado en el incidente caratulado: \"Sepold, Graciela Beatriz c/ Ehrlich, Aníbal Arnoldo s/ Incidentes (Familia) (Medidas Provisionales)\", hoy caratulado: Sepold, Graciela Beatriz c/ Ehrlich, Aníbal Arnoldo s/ Incidentes (Familia) (Liquidación Sociedad Conyugal)\", Expt. N° 20012, y los reguló en la suma de UN MILLÓN QUINIENTOS MIL ($1.500.000,00) a cada uno.",
      "Para así decidir, concluyó que el decisorio impugnado carece del carácter de definitividad exigido por el art. 277 del CPCC ya que la resolución sobre honorarios provisorios no pone fin al pleito principal ni resulta asimilable por no tener efecto conclusivo sobre los emolumentos que en definitiva se regulen en el juicio.",
      "Resaltó que se encuentra pendiente la regulación de honorarios de la etapa de distribución y liquidación de la comunidad de bienes en el principal, por lo que en dicha oportunidad es donde los recurrentes podrán solicitar su revocación si fundadamente así lo consideran.",
      "2.- En su queja, los recurrentes denuncian que el \"thema decidendum\" consiste en determinar qué norma de la ley arancelaria se debe aplicar a los honorarios provisorios, en donde se promovió y sustanció un incidente con contenido económico propio.",
      "Sostienen que ese error jurídico del veredicto no podrá ser revisado cuando se regulen los honorarios definitivos, ya que se decide de modo final sobre la existencia o suerte del derecho de fondo involucrado, por lo que el recurso de inaplicabilidad de ley debió ser concedido.",
      "Reiteran que quedó clausurado el debate referido a qué artículo de la ley arancelaria se aplica en el presente incidente que tuvo como objeto determinar la base económica para regular honorarios provisorios.",
      "\"MARCOLINI JUAN JOSE Y MARCOLINI ADRIAN AGUSTIN C SEPOLD GRACIELA BEATRIZ y EHRLICH ANIBAL ARNOLDO S INCIDENTE S/ QUEJA (QUEJA INTERPUESTA POR LOS DRES. JUAN JOSE MARCOLINI Y AGUSTIN ADRIAN MARCOLINI)\" - Expte. Nº 9042 Manifiestan que la denegación del recurso se traduce en la imposibilidad de verificar por este Superior cuál es el derecho aplicable, lo que descalifica el veredicto en crisis.",
      "Hacen reserva del caso federal y peticionan.",
      "3.- Sintetizados los aspectos relevante, se advierte que los recurrentes no han logrado desarrollar con debido sustento la existencia de un supuesto que permita excepcionar el principio que edifica a la decisión impugnada.",
      "En relación a ello, cabe mencionar que en el caso resultan aplicables numerosos antecedentes donde este tribunal -en distintas integraciones- dejó establecido que la regulación provisoria de honorarios profesionales carece del efecto conclusivo exigido por los arts. 276 y 277 del CPCC, por no existir un agravio de imposible o insusceptible de reparación ulterior que la torne revisable en casación (\"Nazar Juan Antonio c/ Tajleabue Rafael Primitivo y otros s/ Acción de repetición - Ordinario\" - Expte. Nº 5484, 16/3/2009; \"Rovira Ricardo Alcides c/ Tuler Ethel Lía- S/ Divorcio Vincular (Inc. Regulación Prov. de Honorarios Sol.",
      "Por Dra. Elsa M. Jachuk)\" - Expte. Nº 3843, sentencia del 21/4/2003; entre otros).",
      "En consecuencia, por los argumentos dados no corresponde hacer lugar a la queja interpuesta.",
      "Por último, habiendo mayoría absoluta, EL SR. VOCAL EN EJERCICIO DE LA PRESIDENCIA DEL STJ, DR. LEONARDO PORTELA, se abstiene de votar y firmar la presente resolución con arreglo a lo dispuesto por el art. 33 de la LOPJ, texto según ley 10.704.",
      "Por ello, se"
    ],
    "RESUELVE": [
      "DENEGAR el recurso de queja deducido el 8 de marzo de 2024, contra la resolución de fecha 28 de febrero de 2024 dictada por la Sala Primera de la Cámara Segunda de Apelaciones de Paraná.",
      "Líbrese oficio a la Cámara con copia de esta resolución.",
      "Regístrese, notifíquese conforme arts. 1º y 4º Ac. Gral 15/18 SNE y archívese.",
      "Ante mí. En igual fecha se registró. Asimismo, se deja constancia que la presente se suscribe mediante firma digital -Acuerdo Gral. 11/20 del 23-6-2020, Punto 4°) prescindiéndose de su impresión en formato papel.",
      "\"MARCOLINI JUAN JOSE Y MARCOLINI ADRIAN AGUSTIN C SEPOLD GRACIELA BEATRIZ y EHRLICH ANIBAL ARNOLDO S INCIDENTE S/ QUEJA (QUEJA INTERPUESTA POR LOS DRES. JUAN JOSE MARCOLINI Y AGUSTIN ADRIAN MARCOLINI)\" - Expte. Nº 9042"
    ]
  }
}