{
  "METADATOS": {
    "ID_FALLO": "9044",
    "MES": "06",
    "ARTICULOS_CITADOS": {
      "citations": [
        {
          "main_source": "Código Civil y Comercial (CCC)",
          "cited_articles": [
            1740,
            1738
          ],
          "extra": null
        },
        {
          "main_source": "Código Procesal Civil y Comercial (CPCC)",
          "cited_articles": [
            162,
            271,
            160,
            65,
            280,
            65
          ],
          "extra": null
        },
        {
          "main_source": "Constitución Nacional (CN)",
          "cited_articles": [
            18
          ],
          "extra": null
        },
        {
          "main_source": "Ley 7046",
          "cited_articles": [
            3,
            64,
            94
          ],
          "extra": "modif. por ley 11.141"
        },
        {
          "main_source": "Ley 10.704",
          "cited_articles": [
            33
          ],
          "extra": "texto según ley 10.704"
        },
        {
          "main_source": "Acuerdo General 15/18 SNE",
          "cited_articles": [
            1,
            4
          ],
          "extra": null
        },
        {
          "main_source": "Acuerdo General 11/20",
          "cited_articles": [],
          "extra": "del 23-6-2020, Punto 4°"
        }
      ]
    }
  },
  "MATERIA_PRELIMINAR": "ORDINARIO DAÑOS Y PERJUICIOS",
  "IDEA_CENTRAL": "**IDEA CENTRAL DEL FALLO:**\n\nEl Tribunal declara inadmisible el recurso de inaplicabilidad de ley interpuesto por el Estado Provincial de Entre Ríos, confirmando la sentencia de la Cámara de Apelaciones que fijó una indemnización de $2.260.500 en concepto de lucro cesante por la ocupación ilegítima de un inmueble, así como la distribución de costas.\n\n**Decisión Judicial Principal y Fundamento:**\nLa decisión principal es la inadmisibilidad del recurso de inaplicabilidad de ley, fundamentada en que el recurrente no logró demostrar violaciones legales ni arbitrariedades en la valoración de la prueba por parte de la Cámara de Apelaciones. El Tribunal sostiene que la crítica del recurrente se limita a un desacuerdo con la decisión, sin refutar adecuadamente los argumentos del fallo apelado.\n\n**Aspectos Legales Relevantes:**\n1. **Código Civil y Comercial (CCC)**: Art. 1740, que regula la responsabilidad por daños y perjuicios.\n2. **Código Procesal Civil y Comercial (CPCC)**: Art. 162, que otorga al juez la facultad de determinar el monto de la indemnización; Art. 271, sobre la distribución de costas; Art. 65, que establece la imposición de costas a la parte vencida.\n\n**Razonamiento del Tribunal:**\nEl Tribunal argumenta que la Cámara de Apelaciones actuó correctamente al determinar el lucro cesante, considerando las pruebas presentadas y la duración de la ocupación ilegítima. Se descalificó el valor locativo fijado por el Consejo de Tasaciones, considerando que era inferior al del mercado. La decisión de fijar la indemnización se basó en un promedio de las tasaciones presentadas, lo que se consideró equitativo y justificado.\n\nEn conclusión, el fallo reafirma la importancia de la valoración probatoria y el respeto a las decisiones de las instancias inferiores, limitando la revisión a casos de arbitrariedad manifiesta, lo que no se configuró en este caso.",
  "CONTENIDO": {
    "INICIO": [
      "\"MOIA ANGEL LUIS Y OTROS C/ ESTADO PROVINCIAL DE ENTRE RIOS S/ ORDINARIO DAÑOS Y PERJUICIOS\" - Expte. Nº 9044"
    ],
    "ACUERDO": [
      "En la ciudad de Paraná, capital de la provincia de Entre Ríos, a los veinticinco días del mes de junio del año dos mil veinticuatro reunidos los integrantes de este Tribunal asistidos por el Secretario autorizante, para conocer el recurso de inaplicabilidad de ley deducido en fecha 6/11/2023 en las actuaciones: \"MOIA ANGEL LUIS Y OTROS C/ ESTADO PROVINCIAL DE ENTRE RIOS S/ ORDINARIO DAÑOS Y PERJUICIOS\" - Expte. Nº 9044, respecto de la resolución de la Sala Primera de la Cámara Segunda de Apelaciones de Paraná dictada en fecha 19/10/2023 y su aclaratoria del 24/11/2023. Se practicó el sorteo de ley resultando que la votación debía tener lugar en el siguiente orden: Sra. Vocal Gisela N. Schumacher; Sr. Vocal Carlos Federico Tepsich y Sr. Vocal Leonardo Portela.",
      "Estudiados los autos, la Sala se planteó la siguiente cuestión: ¿qué corresponde resolver respecto del recurso de inaplicabilidad de ley interpuesto?",
      "A LA CUESTIÓN PROPUESTA LA SRA. VOCAL GISELA N."
    ],
    "SCHUMACHER DIJO": [
      "1.- El Fiscal de Estado de la provincia de Entre Ríos, Dr. Julio César Rodríguez Signes, junto a la Dra. Analía Coria, interponen recurso de inaplicabilidad de ley (6/11/2023) contra la sentencia dictada por la Sala Primera de la Cámara Segunda de Apelaciones de Paraná el 19/10/2023 y su aclaratoria del 24/11/2023. El fallo recurrido hizo lugar al recurso de apelación deducido por la parte actora contra la sentencia dictada en primera instancia (21/3/2023) que revocó en lo que fue materia de agravios. En consecuencia, fijó la indemnización en concepto de lucro cesante en la suma de $ 2.260.500 con más intereses; impuso costas y reguló honorarios.",
      "2.- Los antecedentes de la causa.",
      "a) La parte actora inició el presente juicio a través del cual persigue el resarcimiento de los daños y perjuicios sufridos como consecuencia de la ocupación del inmueble sito en calle Irigoyen N° 137.",
      "Describió que fenecido el contrato de locación que la vinculara con el Estado, éste no lo restituyó oportunamente y ello dio lugar a su ocupación ilegítima;",
      "reclamó el costo de las reparaciones que se debieron realizar en el inmueble ante el estado deplorable en el que éste fue dejado. Fundó en derecho (art. 1740 del CCC), y sujetó su determinación a lo que en más o en menos se logre acreditar, con más los intereses devengados desde el hecho hasta el efectivo pago. Los rubros reclamados fueron: daño emergente, privación de uso y daño moral.",
      "Relacionó que, con anterioridad a las presentes, debió iniciar reclamo judicial para obtener la restitución del bien.1 b) La sentencia de primera instancia 1 Las que tramitaron ante el Juzgado Civil y Comercial N° 3 a cargo de la Jueza Dra. Norma V.",
      "Ceballos, caratuladas: \"Moia Angel Luis y otras c/ Estado Provincial s/ Desalojo y cobro de alquileres\" Expte N° 34541.",
      "\"MOIA ANGEL LUIS Y OTROS C/ ESTADO PROVINCIAL DE ENTRE RIOS S/ ORDINARIO DAÑOS Y PERJUICIOS\" - Expte. Nº 9044 El fallo dictado el 21/3/2023 hizo lugar parcialmente a la demanda promovida y, en consecuencia, condenó a la parte demandada al pago de la suma de $ 1.897.267,60. Aclaró que dicha suma correspondía a los rubros: daño emergente (daño material) estimado a la fecha del dictado de la sentencia y lucro cesante (privación de uso). Este último rubro debía calcularse a la época de la resolución con la aplicación de intereses, desde que cada suma fue debida. No prosperó la demanda por el concepto daño moral. Finalmente, impuso costas en un 60% a la demandada y en un 40% a la actora y difirió la regulación de honorarios.",
      "c) El fallo fue recurrido por la parte actora.",
      "Los agravios se dirigieron contra el monto de condena en concepto de lucro cesante y la distribución de las costas.",
      "d) La sentencia dictada por el tribunal de apelaciones.",
      "La cámara de apelaciones -como ya fue relacionado- hizo lugar al recurso de apelación interpuesto y revocó parcialmente la sentencia. Fijó una indemnización de $ 2.260.500 en concepto de lucro cesante y modificó la distribución de las costas (90% -10%).",
      "Para así decidir, luego de relacionar los antecedentes de la causa, delimitó los agravios proferidos contra la sentencia dictada en primera instancia.",
      "En particular, describió que los actores reclamaron un daño por la permanencia en la ocupación del inmueble locado por parte de la accionada, lo que les provocó la pérdida de la posibilidad de locarlo -en las condiciones de mercado- a un nuevo inquilino.",
      "Definido lo cual, efectuó algunas precisiones conceptuales y recordó algunas reglas en materia de locación. En lo que es de destacar, indicó que el vencimiento del plazo no genera por sí la obligación de indemnizar los daños y perjuicios por la retención indebida del inmueble; sino que es necesario intimar su devolución. En tal caso, la mora se produce al recibirse dicha interpelación y desde entonces, los daños generados por la misma son resarcibles a título de lucro cesante.",
      "Ello porque el locador se ve privado de las ganancias que el valor de uso de la cosa otorga durante todo el tiempo en que la misma es ocupada indebidamente.",
      "Aclaró que el plazo a indemnizar por el rubro lucro cesante fue fijado en la sentencia desde el mes de agosto de 2018 (intimación a la devolución) hasta el 29/12/2020 (fecha de entrega efectiva de las llaves). Agregó que en tanto ninguna de las partes se disconformó con el lapso de ocupación indebida, el uso y goce del inmueble por parte del demandado, resultó ilegítimo y, en cuanto tal, generador del daño moratorio reclamado en la demanda; éste se configura por la utilidad que el inmueble hubiera rendido al propietario en una nueva locación.",
      "Expresó que para la estimación del daño, la parte actora ofreció prueba documental (tasación inmobiliaria) y se libró oficio a la inmobiliaria que reconoció la elaboración del instrumento e informó el valor estimado para el mes de \"MOIA ANGEL LUIS Y OTROS C/ ESTADO PROVINCIAL DE ENTRE RIOS S/ ORDINARIO DAÑOS Y PERJUICIOS\" - Expte. Nº 9044 agosto de 2018 ($ 60.000/$65.000).",
      "Que, por su parte, en el expediente administrativo agregado al proceso de desalojo, se encuentra incorporada la tasación efectuada por el Consejo de Tasaciones de la Provincia que, fijó el canon locativo para el año 2017 en la suma de $ 20.000 teniendo en cuenta los deterioros que tenía el bien. En dichas actuaciones, los locadores ofrecieron como canon locativo para el año 2018 la suma de $ 45.000.",
      "En virtud de ello, el tribunal entendió que el valor locativo tenido en cuenta por el magistrado de origen ($ 20.000) mensuales fijado por el Consejo de Tasaciones de la Provincia por el período de julio 2018 a diciembre de 2020, como base del cálculo de la indemnización, no aparece justo.",
      "Aclaró los motivos por los cuales no podía adoptar, sin más, los precios ofrecidos por las partes.",
      "En consecuencia, apeló a la facultad que le confiere el art. 162 del CPCC y el art. 1738 del CCC, y teniendo en cuenta los valores antes mencionados, consideró equitativo fijar la indemnización en un monto equivalente al promedio ofrecido por el actor (en el expediente administrativo para el año 2018) y el fijado por la inmobiliaria, lo que arrojó una suma promedio de $ 52.500 mensuales para el período 2018; $ 70.875 mensuales para el período 2019 y de $ 1.148.000 para el período 2020 (equivalente a $ 95.666,666 mensuales). En consecuencia, fijó la indemnización por este rubro en la suma total de $ 2.260.500.",
      "En cuanto a los intereses, indicó que debían discriminarse mes a mes, desde que cada utilidad frustrada debió percibirse y hasta su efectivo pago.",
      "De acuerdo al resultado arribado, readecuó las costas de primera instancia (art. 271 del CPCC). Valoró que en el caso se hizo lugar parcialmente a la demanda -aún cuando haya prosperado por un monto menor- y que no se admitió el daño extrapatrimonial reclamado. En virtud de ello entendió justo imponer un 90 % a cargo de la demandada y un 10 % a cargo del coactor Ángel Luis Moia (padre) quien peticionó en particular el daño extrapatrimonial desestimado.",
      "3.- El recurso de inaplicabilidad de ley.",
      "Contra dicho pronunciamiento se alzan los representantes del Estado Provincial y deducen el presente recurso de inaplicabilidad de ley (6/11/2023).",
      "Luego de referir al cumplimiento de los recaudos de admisibilidad formal de la vía y relatar los antecedentes del caso, fundan su planteo.",
      "Para ello, descalifican a la sentencia recurrida y le atribuyen: a) errónea aplicación de la ley (art. 160 incs. 5) y 6) del CPCC); b) arbitrariedad y absurdidad en la valoración de la prueba; c) prejuzgamiento e inobservancia de las leyes procesales y constitucionales vinculadas con el control de la prueba, bilateralidad y debido proceso, derecho de defensa y derecho al trato igualitario (art.",
      "18 CN).",
      "a) En primer lugar tachan de arbitraria, absurda y peligrosa la \"MOIA ANGEL LUIS Y OTROS C/ ESTADO PROVINCIAL DE ENTRE RIOS S/ ORDINARIO DAÑOS Y PERJUICIOS\" - Expte. Nº 9044 definición sentencial que desprestigia al Consejo Provincial de Tasaciones.",
      "Manifestaron que bien pudo decirse que el dictamen podría ser de parte interesada y por tal motivo apartarse. Que, sin embargo, al merituar que los informes emitidos por el organismo oficial son inferiores al mercado como una cuestión de \"público y notorio\" muestra un rumbo arbitrario y absurdo que amerita la anulación del aspecto sentencial que los agravia, pues el argumento se ve viciado por el prejuzgamiento y la arbitrariedad.",
      "b) En segundo lugar, les ocasiona agravio la circunstancia de que los propios actores hayan ofrecido, en sede administrativa, el precio de $ 45.000 para los períodos involucrados y luego la condena fue mayor a ese interés del locador.",
      "Aseveran que en nada influye que no se haya concretado la renovación del contrato.",
      "Postularon que aflora la arbitrariedad en la valoración de las pruebas porque la sentencia glorificó el precio incorporado de forma precaria, errónea y sin control probatorio, como fue la tasación privada de agentes inmobiliarios.",
      "Señalan que su parte fustigó la prueba al contestar la demanda y que el fallo dice que no se ofrecieron objeciones, lo que hace a un yerro o desatención grave en el análisis de la causa.",
      "Son conscientes que frente al desacuerdo de las partes sobre el ítem, no cabe otra opción que la determinación judicial de los precios con cierto grado de discrecionalidad, pero entendieron que esa facultad encuentra límites en lo arbitrario, en lo absurdo, en la violación a garantías constitucionales del proceso y la vulneración del trato igualitario de las partes en juicio.",
      "Entienden que como solución más justa estaba a disposición establecer un promedio entre el precio del Consejo de Tasaciones y el valor de $ 45.000 ofrecido por los actores en el expediente administrativo.",
      "Finalmente peticionan, se case el fallo dictado en la anterior instancia y se deje firme la sentencia recaída en primera instancia, con costas.",
      "4.- Corrido el traslado del memorial, fue replicado por la contraria (21/12/2023) quien solicita el rechazo del recurso articulado.",
      "5.- La Cámara concede el recurso de inaplicabilidad de ley con efecto suspensivo (27/2/2024).",
      "6.- La respuesta de la Sala Reseñados los antecedentes del presente juicio, sin perjuicio de lo resuelto por la Cámara, adelanto que el recurso no reúne los requisitos exigidos por el tercer párrafo del art. 280 del CPCC, lo cual obsta a su declaración de admisibilidad.",
      "a) El análisis preliminar de admisibilidad, previsto expresamente en nuestro ordenamiento procesal, indica que cuando el medio impugnaticio se interpone ante el mismo organismo jurisdiccional que dictó la resolución recurrida, sea llevado a cabo en dos oportunidades, la primera por el tribunal de la anterior instancia y la segunda por el superior.",
      "\"MOIA ANGEL LUIS Y OTROS C/ ESTADO PROVINCIAL DE ENTRE RIOS S/ ORDINARIO DAÑOS Y PERJUICIOS\" - Expte. Nº 9044 En ejercicio de dicho control es que advierto que la decisión controvertida no resulta conmovida por los desaciertos jurídicos que se le atribuyen.",
      "Los fundamentos vertidos no son más que un desacuerdo con la decisión dictada, que desconocen el verdadero sentido del razonamiento sentencial efectuado en el resolutorio criticado.",
      "b) La parte recurrente adopta puntos parciales del veredicto y en sus argumentos omite controvertir algunas cuestiones centrales y que le dan entidad al fallo en revisión.",
      "En virtud de ello, entiendo que no se logran demostrar los motivos casatorios que se invocan en sustento de la impugnación. Ellos solo ofrecen una diferente posición de la parte recurrente respecto a la cuestión debatida.",
      "c) Ingresando al análisis del presente, se observa que la recurrente al atacar el resolutorio en crisis, invocando la violación de diferentes dispositivos legales, realiza una crítica parcial y subjetiva, no rebatiendo de manera puntual y específica los argumentos vertidos por la Cámara, sino manifestando una discrepancia con lo resuelto.",
      "En efecto, el fallo atacado definió que correspondía determinar cuantitativamente el lucro cesante reclamado por el período de tiempo en que la demandada ocupó indebidamente el inmueble de propiedad del actor. Estableció que el daño se configura con la utilidad que el inmueble hubiera rendido a su propietario en una nueva locación.",
      "Para su estimación puso en juego los diversos elementos probatorios rendidos en la causa y dio las razones por las cuales descartó algunos de ellos y cobraron mayor entidad otros. En especial, la recurrente critica que se haya soslayado el valor locativo fijado por el Consejo de Tasaciones de la Provincia. En este punto advierto que es acertada la descalificación parcial del fallo que define como \"público y notorio\" que las valuaciones que realiza son inferiores a las del mercado.2 Sin embargo la crítica no es suficiente para habilitar el recurso, en tanto omite controvertir que el tribunal también valoró que dicha tasación: i) fue presentada en noviembre de 2017 (para el período 2018); y ii) que su parte expresamente tuvo en cuenta los deterioros que presentaba el inmueble (ocasionados por ella) y que lógicamente disminuían su valor. Estos dos argumentos no fueron objeto de embate y allí es donde radica el obstáculo que impide la apertura de la instancia extraordinaria.",
      "El tribunal tras descartar aquella cotización, en ejercicio de las facultades que le confieren los arts. 162 del CPCC y art. 1738 del CCC, consideró equitativo promediar los valores expresados por la tasación privada y la ofrecida por la actora en el expediente administrativo, entendiéndolos en el marco de una 2\" Hecho notorio: [e]s aquél que entra naturalmente en el conocimiento, en la cultura o información normal de los individuos, con relación a un lugar o a un círculo social y a un momento determinado en el que ocurre la decisión (Couture)\". (PEYRANO, Jorge W., Lecciones de Procedimiento Civil, Ed.",
      "Zeus SRL - Rosario, 2ª ed., 2004, pág. 112).",
      "\"MOIA ANGEL LUIS Y OTROS C/ ESTADO PROVINCIAL DE ENTRE RIOS S/ ORDINARIO DAÑOS Y PERJUICIOS\" - Expte. Nº 9044 negociación de una prórroga del contrato original, que no se concretó.",
      "Estos argumentos tampoco fueron rebatidos, en concreto, por la parte recurrente. Si bien quienes representan al Estado Provincial cuestionaron la incorporación de la tasación privada en ocasión de contestar la demanda, luego no mantuvieron la crítica en los sucesivos estadios procesales (v.gr., audiencia preliminar, alegatos); de allí que no resulta útil -en esta instancia- la referencia al déficit de control de la prueba y/o violación a la garantía del debido proceso.",
      "En virtud de las razones apuntadas, no verifico la violación de la ley ni la arbitrariedad que se le achaca a la sentencia recurrida.",
      "d) No puedo dejar de recordar que, como regla, los asuntos vinculados a la magnitud de los montos de condena reconocidos a favor de la actora, no resultan abordables en esta instancia extraordinaria. Ello es así ya que la determinación de su cuantía constituye una facultad privativa de los jueces de las instancias ordinarias, en tanto implica el análisis y valoración del hecho generador de la responsabilidad y las circunstancias fácticas del caso.",
      "Respecto de la partida indemnizatoria por el lucro cesante, se verifica que la recurrente muestra esta inconformidad con el criterio de valoración ofrecido por el tribunal de la anterior instancia. Criterio que no resulta suficiente para considerarlo arbitrario si, como en el caso, el pronunciamiento se encuentra debidamente fundado y es compatible con las circunstancias particulares del caso y la prueba producida.",
      "En reiteradas oportunidades esta Sala ha dicho que la tacha de arbitrariedad debe fundarse en la incompatibilidad lógica del razonamiento que sustenta el fallo con las constancias de la causa, pero no puede considerarse configurada por la discrepancia que ponga de manifiesto quien recurre con la solución jurídica adoptada que -aunque opinable a juicio de la parte recurrente y, eventualmente, de este tribunal- sea legalmente posible.3 e) Más allá que las razones apuntadas resultan suficientes para desestimar el recurso incoado, entiendo útil recordar que la revisión de la apreciación de los elementos probatorios realizada por los sentenciantes de grado es materia ajena a esta instancia casatoria. Este principio tiene como excepción, aquellos casos en los que surja -de forma manifiesta- que se ha incurrido en arbitrariedad o absurdidad en su valoración, circunstancia que no se advierte configurada 7.- En consecuencia, conforme las premisas apuntadas, corresponde declarar inadmisible el recurso de inaplicabilidad de ley interpuesto por la parte demandada, con costas a la recurrente vencida (art. 65 del CPCC). ASÍ VOTO.",
      "A LA CUESTIÓN PROPUESTA EL SR. VOCAL CARLOS 3Cfrse. \"Pedroza Hugo Daniel c/ Municipalidad de Larroque y Otro s/ Ordinario\" - Expte. Nº 6540, sent. 20/09/2013; \"T. I. en representación de sus hijas menores c/ V. E. - Alimentos - s/ Incidente Aumento Cuota Alimentaria\" - Expte. Nº 6836 sent. 20/10/2014, \"Ferrutti Juan Alberto C/ Maidana Brian Jonathan y otros S/ordinario\", Expte. Nº 7648, sent. 23/05/2018, \"Arin Rene Alabino y otra c/ Soler Francisco Leonardo s/ Ordinario daños y perjuicios\", Expte. Nº 7880, 10/6/2019; entre otras \"MOIA ANGEL LUIS Y OTROS C/ ESTADO PROVINCIAL DE ENTRE RIOS S/ ORDINARIO DAÑOS Y PERJUICIOS\" - Expte. Nº 9044"
    ],
    "FEDERICO TEPSICH DIJO": [
      "Adhiero a la solución propuesta por la Señora Vocal Dra.",
      "Schumacher por compartir sus fundamentos. ASÍ VOTO."
    ],
    "HONORARIOS PROFESIONALES": [
      "Teniendo en cuenta la probable dedicación profesional y la actividad desarrollada en esta instancia, corresponde fijar los honorarios en el 50 % de los que correspondan en primera instancia. A estos fines quien ejerce la magistratura deberá considerar como base económica el valor cuestionado en el recurso resultante de la diferencia entre la suma pretendida por el recurrente y la efectivamente condenada (3, 64 y 94 de la ley 7046 modif. por ley 11.141).",
      "Por último, habiendo mayoría absoluta, EL SR. VOCAL EN EJERCICIO DE LA PRESIDENCIA DEL STJ, DR. LEONARDO PORTELA, se abstiene de votar y firmar la presente resolución con arreglo a lo dispuesto por el art. 33 de la LOPJ, texto según ley 10.704.",
      "Con lo que no siendo para más se da por finalizado el acto quedando acordada la siguiente sentencia:",
      "Paraná, 25 de junio de 2024."
    ],
    "Y VISTO": [
      "Por los fundamentos del acuerdo que antecede se,"
    ],
    "RESUELVE": [
      "DECLARAR INADMISIBLE el recurso de inaplicabilidad de ley deducido en fecha 6/11/2023, respecto de la resolución de la Sala Primera de la Cámara Segunda de Apelaciones de Paraná dictada en fecha 19/10/2023 y su aclaratoria del 24/11/2023.",
      "IMPONER costas a la vencida (art. 65 del CPCC).",
      "FIJAR los honorarios profesionales en el 50 % de los que correspondan en primera instancia conforme el valor cuestionado en el recurso (3, 64 y 94 de la ley 7046 modif. por ley 11.141).",
      "Notifíquese conforme arts. 1º y 4º Ac. Gral. 15/18 SNE, regístrese y oportunamente devuélvase.",
      "Ante mí. En igual fecha se registró. Asimismo, se deja constancia que la presente se suscribe mediante firma digital -Acuerdo Gral. 11/20 del 23-6-2020, Punto 4°) prescindiéndose de su impresión en formato papel."
    ]
  }
}