{
  "METADATOS": {
    "ID_FALLO": "9045",
    "MES": "06",
    "ARTICULOS_CITADOS": {
      "citations": [
        {
          "main_source": "Código Procesal Civil y Comercial (CPCC)",
          "cited_articles": [
            14
          ],
          "extra": null
        },
        {
          "main_source": "Ley 10.704",
          "cited_articles": [
            33
          ],
          "extra": "texto según ley 10.704"
        },
        {
          "main_source": "Otro",
          "cited_articles": [
            33
          ],
          "extra": "LOPJ"
        },
        {
          "main_source": "Acordada 4/2007",
          "cited_articles": [
            1,
            4
          ],
          "extra": "conforme arts. 1 y 4 Acordada 15/18 SNE"
        },
        {
          "main_source": "Acuerdo General 11/20",
          "cited_articles": [],
          "extra": "del 23-6-2020, Punto 4°"
        }
      ]
    }
  },
  "MATERIA_PRELIMINAR": "ORDINARIO (CONC. Y QUIEBRA)",
  "IDEA_CENTRAL": "**IDEA CENTRAL DEL FALLO**\n\nEl tribunal resolvió aceptar la excusación presentada por la Sra. Vocal Gisela N. Schumacher en el caso \"SINDICATURA DE BUTTAZZONI MABEL TERESITA C/ GAVIOLA MARIA INES Y OTRA S/ ORDINARIO (CONC. Y QUIEBRA)\", debido a la existencia de circunstancias que comprometen su imparcialidad y decoro, derivadas de afirmaciones injuriosas realizadas por la actora en su contra.\n\n**Decisión Judicial Principal y Fundamento**\n\nLa decisión principal fue aceptar la excusación de la Sra. Vocal Schumacher, permitiendo su apartamiento del caso. El fundamento legal se basa en la necesidad de garantizar la imparcialidad y objetividad en la administración de justicia, considerando que la conmoción del ánimo y la violencia moral son razones válidas para la excusación, más allá de las causas taxativas establecidas en el artículo 14 del Código Procesal Civil y Comercial (CPCC).\n\n**Aspectos Legales Relevantes**\n\n1. **Código Procesal Civil y Comercial (CPCC)**: Artículo 14, que regula las causas de recusación.\n2. **Ley Orgánica del Poder Judicial (LOPJ)**: Artículo 33, que establece disposiciones sobre la integración de salas y el procedimiento de excusación.\n\n**Razonamiento del Tribunal**\n\nEl tribunal argumentó que la excusación no debe ser limitada a las causas expresamente mencionadas en la ley, sino que debe considerar el contexto subjetivo del magistrado. La Sra. Vocal Schumacher alegó que las expresiones injuriosas afectaron su capacidad de resolver el caso con la imparcialidad requerida. El tribunal, reconociendo la gravedad de la situación, aceptó su excusación para preservar la integridad del proceso judicial.\n\nEn conclusión, la resolución del tribunal se fundamenta en la protección de la imparcialidad judicial, aceptando la excusación por razones de decoro y violencia moral, y asegurando así la correcta administración de justicia.",
  "CONTENIDO": {
    "INICIO": [
      "\"SINDICATURA DE BUTTAZZONI MABEL TERESITA C/ GAVIOLA MARIA INES Y OTRA S/ ORDINARIO (CONC. Y QUIEBRA)\" Expte.",
      "N° 9045 PARANÁ, 11 de junio de 2024."
    ],
    "VISTO": [
      "La excusación invocada por la Sra. Vocal, Gisela N.",
      "Schumacher, en los autos \"SINDICATURA DE BUTTAZZONI MABEL TERESITA C/ GAVIOLA MARIA INES Y OTRA S/ ORDINARIO (CONC. Y QUIEBRA)\" Expte. N° 9045, y,"
    ],
    "CONSIDERANDO": [
      "1.- La Sra. Vocal, Gisela N. Schumacher manifiesta que cuando se desempeñaba como Vocal de la Cámara en lo Contencioso Administrativo N° 1 de Paraná, la actora realizó afirmaciones de contenido agraviante e injuriante contra su persona lo que derivó en que se excusara en las actuaciones \"Micheloud Marcelo c/ Estado Provincial s/ contencioso administrativo\" - Expte Nº 550.",
      "Ello así, pues consideró que las expresiones efectuadas a título personal y funcional la colocaban en una situación de imposibilidad de resolver por razones graves de decoro y violencia moral.",
      "2.- En tal sentido, resulta sabido que \"...no corresponde aplicar estrictamente las normas que regulan la recusación con causa a los supuestos de excusación, los que deben ser apreciados con mayor amplitud de criterio a fin de hacer honor al escrúpulo siempre respetable de los magistrados, que es de presumir sincero.\" (Arazi Roland, Rojas Jorge A. \"Código Procesal Civil y \"SINDICATURA DE BUTTAZZONI MABEL TERESITA C/ GAVIOLA MARIA INES Y OTRA S/ ORDINARIO (CONC. Y QUIEBRA)\" Expte.",
      "N° 9045 Comercial de la Nación; Comentado, Anotado y Concordado con los Códigos Provinciales\", 2da. Ed. Tomo I, pág. 102 Ed. Rubinzal Culzoni, Santa Fe, 2007).",
      "Asimismo, cabe afirmar que la conmoción del ánimo precisamente es una cuestión del fuero íntimo de la persona que por estar en el ámbito de su subjetividad resulta impropio pretender desentrañarlo.",
      "Y es que la excusación no está limitada a los supuestos taxativamente establecidos por el art. 14 del CPCC, sino que además se puede efectivizar cuando existan otras causas sustentadas en motivos de decoro o violencia moral, que impliquen para el juzgador tener que abstenerse de resolver el pleito.",
      "En tal sentido, no cabe duda que cuando un integrante de la magistratura alega conmoción de su ánimo o violencia moral, tal invocación debe aceptarse precisamente para garantizar la necesaria imparcialidad y objetividad que debe tener para administrar justicia.",
      "En consecuencia, teniendo en cuenta que la Sra. abogada, Mabel T. Buttazoni, interviene en autos por derecho propio y como parte, sin dudas corresponde aceptar el apartamiento solicitado.",
      "Por último, habiendo mayoría absoluta, el Sr. Vocal en ejercicio de la presidencia del STJ, Leonardo Portela, se abstiene de votar y firmar la presente resolución con arreglo a lo dispuesto por el art. 33 de la \"SINDICATURA DE BUTTAZZONI MABEL TERESITA C/ GAVIOLA MARIA INES Y OTRA S/ ORDINARIO (CONC. Y QUIEBRA)\" Expte.",
      "N° 9045 LOPJ, texto según ley 10.704.",
      "Por ello, se"
    ],
    "RESUELVE": [
      "ACEPTAR la excusación formulada por la Sra. Vocal Gisela N. Schumacher y, en consecuencia, integrar esta Sala con el Sr. Vocal Carlos Federico Tepsich, la Sra. Vocal Laura Mariana Soage y el Sr. Vocal Leonardo Portela (art. 33, LOPJ).",
      "Regístrese, notifíquese conforme arts. 1 y 4 Acordada 15/18 SNE y oportunamente pasen los autos a despacho.",
      "Ante mí. En igual fecha se registró. Conste. Asimismo, se deja constancia que la presente se suscribe mediante firma digital -Acuerdo Gral. 11/20 del 23-6- 2020, Punto 4°) prescindiéndose de su impresión en formato papel."
    ]
  }
}