{
  "METADATOS": {
    "ID_FALLO": "9047",
    "MES": "06",
    "ARTICULOS_CITADOS": {
      "citations": [
        {
          "main_source": "Código Procesal Civil y Comercial (CPCC)",
          "cited_articles": [
            14
          ],
          "extra": "inc. 7"
        },
        {
          "main_source": "Otro",
          "cited_articles": [
            33
          ],
          "extra": "de la LOPJ"
        },
        {
          "main_source": "Ley 10.704",
          "cited_articles": [],
          "extra": ""
        },
        {
          "main_source": "Otro",
          "cited_articles": [
            33
          ],
          "extra": "LOPJ"
        },
        {
          "main_source": "Acuerdo General 15/18 SNE",
          "cited_articles": [
            1,
            4
          ],
          "extra": ""
        },
        {
          "main_source": "Acuerdo General 11/20",
          "cited_articles": [],
          "extra": "del 23-6-2020, Punto 4°"
        }
      ]
    }
  },
  "MATERIA_PRELIMINAR": "INCIDENTE NULIDAD",
  "IDEA_CENTRAL": "**IDEA CENTRAL DEL FALLO**\n\n**Decisión Judicial Principal:** El tribunal acepta la excusación del Sr. Vocal Carlos Federico Tepsich en el incidente de nulidad del caso \"FRIGORIFICO COLON S.A. C/ CACERES LIDIA\".\n\n**Fundamento Legal:** La decisión se basa en la causal de excusación prevista en el artículo 14, inciso 7 del Código Procesal Civil y Comercial (CPCC), que establece la inhabilidad de un juez que ha emitido opinión en resoluciones previas del mismo caso.\n\n**Aspectos Legales Relevantes:**\n1. **Código Procesal Civil y Comercial (CPCC):** Artículo 14, inciso 7, que regula las causales de excusación de los jueces.\n2. **Ley Orgánica del Poder Judicial (LOPJ):** Artículo 33, que establece el procedimiento a seguir cuando un vocal se excusa de participar en la votación.\n\n**Razonamiento del Tribunal:** El tribunal, al considerar la excusación del vocal, determina que su participación en resoluciones anteriores del caso configura una causal de inhabilidad, garantizando así la imparcialidad y la correcta administración de justicia. La mayoría absoluta de los vocales presentes permite que la sala continúe funcionando sin el vocal excusado, asegurando la validez del proceso.\n\n**Conclusión:** La resolución garantiza el cumplimiento de las normas procesales y la integridad del proceso judicial, al aceptar la excusación del vocal que podría haber influido en la imparcialidad del fallo.",
  "CONTENIDO": {
    "INICIO": [
      "\"FRIGORIFICO COLON S.A. C/ CACERES LIDIA - ORDINARIO ACCIÓN REIVINDICATORIA (OC) S/ INCIDENTE NULIDAD\"Expte. N° PARANÁ, 11 de junio de 2024."
    ],
    "VISTO Y CONSIDERANDO": [
      "La excusación del Sr. Vocal Carlos Federico Tepsich de fecha 7/5/2024 en las actuaciones \"FRIGORIFICO COLON S.A. C/ CACERES LIDIA - ORDINARIO ACCIÓN REIVINDICATORIA (OC) S/ INCIDENTE NULIDAD\" Expte. N° 9047, y atento a que ha quedado configurada la causal dispuesta por el art. 14 inc. 7 del CPCC, puesto que emitió opinión en las resoluciones de fecha 28/11/2023 y 8/3/2024, corresponde aceptarla.",
      "Asimismo, habiendo mayoría absoluta, el Sr. Vocal en ejercicio de la presidencia del STJ, Leonardo Portela, se abstiene de votar y firmar la presente resolución con arreglo a lo dispuesto por el art. 33 de la LOPJ, texto según ley 10.704.",
      "En consecuencia, se"
    ],
    "RESUELVE": [
      "Aceptar la excusación del Sr. Vocal Carlos Federico Tepsich, quedando integrada esta Sala por la Sra. Vocal Gisela N. Schumacher, Sra. Vocal Claudia Mizawak y Sr. Vocal Leonardo Portela (art. 33, LOPJ).",
      "Regístrese y notifíquese conforme arts. 1 y 4 Acordada 15/18 SNE.",
      "Ante mí:",
      "En igual fecha se registró. Conste. Asimismo, se deja constancia que la presente se suscribe mediante firma digital -Acuerdo Gral. 11/20 del 23-6-2020, Punto 4°) prescindiéndose de su impresión en formato papel."
    ]
  }
}