{
  "METADATOS": {
    "ID_FALLO": "9049",
    "MES": "06",
    "ARTICULOS_CITADOS": {
      "citations": [
        {
          "main_source": "Acuerdo General 28/15",
          "cited_articles": [
            5
          ],
          "extra": "Acuerdo General del Superior Tribunal de Justicia Nº 28/15 de fecha 22/9/2015"
        },
        {
          "main_source": "Ley 10.704",
          "cited_articles": [
            33
          ],
          "extra": "art. 33 de la LOPJ, texto según ley 10.704"
        },
        {
          "main_source": "Resolución 170/19",
          "cited_articles": [
            3320
          ],
          "extra": "Resolución Nº 3320 de Caja Forense de fecha 1/7/2023"
        },
        {
          "main_source": "Acuerdo General 11/20",
          "cited_articles": [],
          "extra": "Acuerdo Gral. 11/20 del 23-6-2020"
        }
      ]
    }
  },
  "MATERIA_PRELIMINAR": "MONITORIO EJECUTIVO (COMPETENCIA)",
  "IDEA_CENTRAL": "**IDEA CENTRAL DEL FALLO**\n\nEn el caso \"ELECTRONICA MEGATONE S.A C/ BRAVO VICTOR RICARDO EMANUEL S/ MONITORIO EJECUTIVO (COMPETENCIA)\", el tribunal resolvió declarar la competencia del Juzgado Civil, Comercial y Laboral de la ciudad de Diamante para conocer del proceso ejecutivo iniciado por la demandante, Electrónica Megatone S.A., por un monto de $499.700,86.\n\n**Fundamento Legal y Aspectos Relevantes**\n\nEl tribunal fundamentó su decisión en el Acuerdo General del Superior Tribunal de Justicia Nº 28/15, que establece los límites de competencia de los Juzgados de Paz y los Juzgados Civiles y Comerciales en función del monto de la demanda. En este caso, se determinó que el monto reclamado superaba el límite establecido para los Juzgados de Paz, que es de 100 juristas para procesos de ejecución, mientras que el Juzgado Civil, Comercial y Laboral tiene competencia para montos superiores.\n\n**Razonamiento del Tribunal**\n\nEl tribunal argumentó que, conforme al principio de perpetuatio iurisdictionis, el juez inicialmente competente debe continuar con el conocimiento del caso a pesar de cambios en la situación procesal. La demanda fue presentada en diciembre de 2023, cuando el valor del jurista era de $4.100, lo que confirmaba la competencia del Juzgado Civil, Comercial y Laboral. La decisión de remitir el caso al Juzgado de Paz por parte de este último fue considerada errónea, ya que alteraría los principios procesales y generaría un dispendio jurisdiccional innecesario.\n\n**Conclusión**\n\nPor lo tanto, el tribunal resolvió que el Juzgado Civil, Comercial y Laboral de Diamante es el competente para continuar con el proceso, remitiendo las actuaciones pertinentes a dicho juzgado.",
  "CONTENIDO": {
    "INICIO": [
      "\"ELECTRONICA MEGATONE S.A C/ BRAVO VICTOR RICARDO EMANUEL S/ MONITORIO EJECUTIVO (COMPETENCIA)\" - Expte. Nº PARANÁ, 4 de junio de 2024."
    ],
    "VISTO": [
      "El conflicto de competencia suscitado entre el Juzgado Civil, Comercial y Laboral y el Juzgado de Paz de la ciudad de Diamante en los autos \"ELECTRONICA MEGATONE S.A C/ BRAVO VICTOR RICARDO EMANUEL S/ MONITORIO EJECUTIVO (COMPETENCIA)\" - Expte. Nº 9049 y,"
    ],
    "CONSIDERANDO": [
      "Que en fecha 11/12/2023 se acompañó documental y escrito de demanda; en fecha 5/2/2024 se tuvo por presentado al Dr. Alberto Silvestre Ruberto en nombre y representación de Electrónica Megatone S.A. y como previo de la competencia de ese juzgado, se corrió vista al Ministerio Público Fiscal por el término de ley.",
      "En fecha 16/2/2024 el Ministerio Público Fiscal dictaminó que de acuerdo al relato del escrito de demanda, el reclamo que se formula es por un monto de $499.700,86, por lo que entendió que ese Juzgado no sería competente para entender en las presentes.",
      "Seguidamente, el magistrado titular del Juzgado Civil, Comercial y Laboral de Diamante, Dr. Manuel Alejandro Ré, declaró su incompetencia y dispuso la remisión de los autos al Juzgado de Paz de esa localidad (fecha, 26/2/2024).",
      "En sus fundamentos expresó que en virtud de lo normado por el Acuerdo General del Superior Tribunal de Justicia Nº 28/15 de fecha 22/9/2015, Punto 5º), se dispuso modificar la competencia de los Juzgados de Paz: a) Para las jurisdicciones de Paraná, Concordia y Concepción del Uruguay en treinta (30) Juristas para los juicios ordinarios y en sesenta (60) juristas para los procesos de ejecución -ejecutivos y apremios; b) Para el resto de las jurisdicciones de la Provincia, la competencia material fijada en los incs. 1º y 7º del art. 79 de L.O.P.J.",
      "será de sesenta (60) juristas para los juicios ordinarios, y de cien (100) juristas para los de Ejecución, ello a partir del 01-10-2015-, por lo que corresponde declarar la incompetencia de ese juzgado para intervenir en el juicio.",
      "Recibidos los autos por el Juzgado de Paz de Diamante, el Sr. Juez a cargo, Dr. Esteban Ariel Monge, se declaró incompetente.",
      "Para así decidir, concluyó que el principio de la perpetuatio iurisdictionis o perpetuación de la jurisdicción que es una garantía procesal que impone la necesidad de que el juez competente predeterminado por ley, lo sea en todas las fases del procedimiento a pesar de los cambios que puedan suceder durante la celebración del mismo impone que el proceso ha de ser resuelto teniendo en \"ELECTRONICA MEGATONE S.A C/ BRAVO VICTOR RICARDO EMANUEL S/ MONITORIO EJECUTIVO (COMPETENCIA)\" - Expte. Nº cuenta la situación jurídica establecida en la demanda -admitida y presentada en fecha 5/12/2023-.",
      "Continuó diciendo que desde que es admitida a trámite pende de la solución del juez que le dio inicio y al no existir, en principio, contradictorio, por el tipo de proceso, estos actos procesales cumplidos y que han quedado firmes, no podrían verse afectados posteriormente, sin alterar los principios procesales que deben primar.",
      "Manifestó que tomó en cuenta al momento de entender su incompetencia, el valor de la unidad jurista en el momento de promoción de la demanda -diciembre 2023- y que según resolución 3320 de Caja Forense de fecha 1/7/2023 era de $ 4.100,00, siendo en este supuesto, la competencia material del Juzgado Civil y Comercial de Diamante, donde se solicitó vinculación -en fecha 01/12/2023- para promover la demanda.",
      "Luego manifestó que la lógica empleada para remitir los actuados por incompetencia en este supuesto, altera los principios procesales que deben primar y que no pueden verse afectados por vicisitudes propias de los tiempos que el Juzgado, que terminaría generando un dispendio jurisdiccional innecesario y dilatorio y que en base a los argumentos expuestos, entiende que es incompetente para entender en la presente causa (19/3/2024).",
      "Recepcionados los autos, por este Tribunal se corrió vista a la Procuradora Fiscal Adjunta, Dra. Mónica Carmona, quien al contestar opinó que resulta competente el Juzgado Civil, Comercial y Laboral de la ciudad de Diamante (fecha, 9/4/2024).",
      "Bajo estas pautas, en la tarea de dirimir el conflicto de competencia planteado ante esta Sala y coincidiendo con lo dictaminado por el Ministerio Público Fiscal, corresponde declarar la competencia del Juzgado Civil, Comercial y Laboral de la ciudad de Diamante atento lo dispuesto por la Acordada General Nº 28/15 de fecha 22/9/2015 que fija la competencia de los Juzgados de Paz en 100 juristas para los procesos de ejecución.",
      "Ello es así, atento a que el escrito de demanda por la suma $ 499.700,86, fue presentado por la ejecutante en fecha 11/12/2023, y en ese tiempo se encontraba vigente la Resolución Nº 3320 dictada por la Caja Forense de Entre Ríos que establecía el valor del jurista en la suma de $ 4.100.",
      "En consecuencia, corresponde declarar la competencia del Juzgado Civil, Comercial y Laboral de la ciudad de Diamante al que se le remitirán las presentes actuaciones, y comunicar lo resuelto al Juzgado de Paz de esa misma ciudad.",
      "\"ELECTRONICA MEGATONE S.A C/ BRAVO VICTOR RICARDO EMANUEL S/ MONITORIO EJECUTIVO (COMPETENCIA)\" - Expte. Nº Por último, habiendo mayoría absoluta, EL SR. VOCAL EN EJERCICIO DE LA PRESIDENCIA DEL STJ, DR. LEONARDO PORTELA, se abstiene de votar y firmar la presente resolución con arreglo a lo dispuesto por el art. 33 de la LOPJ, texto según ley 10.704.",
      "Por ello, se"
    ],
    "RESUELVE": [
      "DECLARAR la competencia del Juzgado Civil, Comercial y Laboral de la ciudad de Diamante, al que se le remitirán las presentes actuaciones, y comunicar lo resuelto al Juzgado Paz de esa misma ciudad.",
      "Regístrese, notifíquese SNE y oportunamente remítase.",
      "Ante mí. En igual fecha se registró. Asimismo, se deja constancia que la presente se suscribe mediante firma digital -Acuerdo Gral. 11/20 del 23-6-2020, Punto 4°) prescindiéndose de su impresión en formato papel."
    ]
  }
}