{
  "METADATOS": {
    "ID_FALLO": "9052",
    "MES": "06",
    "ARTICULOS_CITADOS": {
      "citations": [
        {
          "main_source": "Acuerdo General 28/15",
          "cited_articles": [
            5
          ],
          "extra": "Acuerdo General del Superior Tribunal de Justicia Nº 28/15 de fecha 22/9/2015"
        },
        {
          "main_source": "Ley 10.704",
          "cited_articles": [
            33
          ],
          "extra": "art. 33 de la LOPJ, texto según ley 10.704"
        },
        {
          "main_source": "Otro",
          "cited_articles": [
            79
          ],
          "extra": "art. 79 de L.O.P.J."
        },
        {
          "main_source": "Resolución 170/19",
          "cited_articles": [
            3320
          ],
          "extra": "Resolución Nº 3320 de Caja Forense de fecha 1/7/2023"
        },
        {
          "main_source": "Acuerdo General 11/20",
          "cited_articles": [],
          "extra": "Acuerdo Gral. 11/20 del 23-6-2020"
        }
      ]
    }
  },
  "MATERIA_PRELIMINAR": "MONITORIO APREMIO (COMPETENCIA)",
  "IDEA_CENTRAL": "**IDEA CENTRAL DEL FALLO**\n\nEl fallo judicial resuelve un conflicto de competencia entre el Juzgado Civil, Comercial y Laboral y el Juzgado de Paz de Diamante, en el marco de un proceso de monitorio apremio iniciado por la Administradora Tributaria de Entre Ríos contra Benavidez Mansilla Abraham. La decisión principal es declarar la competencia del Juzgado Civil, Comercial y Laboral de Diamante para conocer del caso, remitiendo las actuaciones a dicho juzgado.\n\n**Fundamento Legal y Aspectos Relevantes**\n\n1. **Normativa Aplicable**: El tribunal se basa en el Acuerdo General del Superior Tribunal de Justicia Nº 28/15, que establece los límites de competencia de los Juzgados de Paz y los Juzgados Civiles en función del monto en disputa. En este caso, el monto reclamado es de $608.318,80, lo que excede la competencia de los Juzgados de Paz.\n\n2. **Principio de Perpetuatio Jurisdictionis**: Se invoca este principio procesal, que garantiza que el juez competente al inicio del proceso debe seguir con el mismo hasta su conclusión, evitando alteraciones en la jurisdicción que puedan afectar la continuidad del procedimiento.\n\n3. **Valor del Jurista**: La resolución también considera el valor del jurista establecido por la Caja Forense, que en el momento de la presentación de la demanda era de $4.100, lo que determina la competencia del Juzgado Civil, Comercial y Laboral.\n\n**Razonamiento del Tribunal**\n\nEl tribunal concluye que, dado el monto de la demanda y la normativa vigente al momento de su presentación, el Juzgado Civil, Comercial y Laboral es el competente para entender en el caso. La decisión de remitir el expediente al Juzgado de Paz fue incorrecta, ya que se debe respetar la competencia material fijada por ley, evitando así un dispendio jurisdiccional innecesario. \n\nEn consecuencia, se resuelve declarar la competencia del Juzgado Civil, Comercial y Laboral de Diamante, remitiendo las actuaciones a dicho juzgado y notificando al Juzgado de Paz.",
  "CONTENIDO": {
    "INICIO": [
      "\"ADMINISTRADORA TRIBUTARIA DE ENTRE RIOS C/ BENAVIDEZ MANSILLA ABRAHAM S/ MONITORIO APREMIO (COMPETENCIA)\" - Expte. N° 9052 PARANÁ, 4 de junio de 2024."
    ],
    "VISTO": [
      "El conflicto de competencia suscitado entre el Juzgado Civil, Comercial y Laboral y el Juzgado de Paz de la ciudad de Diamante en los autos ADMINISTRADORA TRIBUTARIA DE ENTRE RIOS C/ BENAVIDEZ MANSILLA ABRAHAM S/ MONITORIO APREMIO (COMPETENCIA)\" Expte. N° 9052 y,"
    ],
    "CONSIDERANDO": [
      "Que en fecha 5/12/2023 se acompañó documental y escrito de demanda; en fecha 2/2/2024 se tuvo por presentado al Dr. Orlando Marcos Rodriguez, en nombre y representación de la Administradora Tributaria de Entre Ríos (A.T.E.R.), y como previo de la competencia de ese juzgado, se corrió vista al Ministerio Público Fiscal por el término de ley.",
      "En fecha 16/2/2024 el Ministerio Público Fiscal dictaminó que de acuerdo al relato del escrito de demanda, el reclamo que se formula es por un monto de $608.318,80, por lo que entendió que ese Juzgado no sería competente para entender en las presentes.",
      "Seguidamente, el magistrado titular del Juzgado Civil, Comercial y Laboral de Diamante, Dr. Manuel Alejandro Ré, declaró su incompetencia y dispuso la remisión de los autos al Juzgado de Paz de esa localidad (fecha, 20/2/2024).",
      "En sus fundamentos expresó que en virtud de lo normado por el Acuerdo General del Superior Tribunal de Justicia Nº 28/15 de fecha 22/9/2015, Punto 5º), se dispuso modificar la competencia de los Juzgados de Paz: a) Para las jurisdicciones de Paraná, Concordia y Concepción del Uruguay en treinta (30) Juristas para los juicios ordinarios y en sesenta (60) juristas para los procesos de ejecución -ejecutivos y apremios; b) Para el resto de las jurisdicciones de la Provincia, la competencia material fijada en los incs. 1º y 7º del art. 79 de L.O.P.J.",
      "será de sesenta (60) juristas para los juicios ordinarios, y de cien (100) juristas para los de Ejecución, ello a partir del 01-10-2015-, por lo que corresponde declarar la incompetencia de este juzgado para intervenir en este juicio.",
      "Recibidos los autos por el Juzgado de Paz de Diamante, el Sr. Juez a cargo, Dr. Esteban Ariel Monge, se declaró incompetente.",
      "Para así decidir, concluyó que el principio de la perpetuatio iurisdictionis o perpetuación de la jurisdicción que es una garantía procesal que impone la necesidad de que el juez competente predeterminado por ley, lo sea en todas las fases del procedimiento a pesar de los cambios que puedan suceder durante la celebración del mismo impone que el proceso ha de ser resuelto teniendo en cuenta la situación jurídica establecida en la demanda -admitida y \"ADMINISTRADORA TRIBUTARIA DE ENTRE RIOS C/ BENAVIDEZ MANSILLA ABRAHAM S/ MONITORIO APREMIO (COMPETENCIA)\" - Expte. N° 9052 presentada en fecha 5/12/2023-.",
      "Continuó diciendo que desde que es admitida a trámite pende de la solución del juez que le dio inicio y al no existir, en principio, contradictorio, por el tipo de proceso, estos actos procesales cumplidos y que han quedado firmes, no podrían verse afectados posteriormente, sin alterar los principios procesales que deben primar.",
      "Manifestó que tomó en cuenta al momento de entender su incompetencia, el valor de la unidad jurista en el momento de promoción de la demanda -fecha 5/12/2023- y que según resolución 3320 de Caja Forense de fecha 1/7/2023 era de $ 4.100,00, siendo en éste supuesto, la competencia material del Juzgado Civil y Comercial de Diamante, donde se solicitó vinculación -en fecha 29.12.2023- para promover la demanda.",
      "Luego manifestó que la lógica empleada para remitir los actuados por incompetencia en este supuesto, altera los principios procesales que deben primar y que no pueden verse afectados por vicisitudes propias de los tiempos que el Juzgado, que terminaría generando un dispendio jurisdiccional innecesario y dilatorio y que en base a los argumentos expuestos, entiende que es incompetente para entender en la presente causa (19/3/2024).",
      "Recepcionados los autos, por este Tribunal se corrió vista a la Procuradora Fiscal Adjunta, Dra. Mónica Carmona, quien al contestar opinó que resulta competente el Juzgado Civil, Comercial y Laboral de la ciudad de Diamante (fecha, 9/4/2024).",
      "Bajo estas pautas, en la tarea de dirimir el conflicto de competencia planteado ante esta Sala, corresponde declarar la competencia del Juzgado de Paz de la ciudad de Diamante atento lo dispuesto por la Acordada General Nº 28/15 de fecha 22/9/2015 que fija la competencia de los Juzgados de Paz en 100 juristas para los procesos de ejecución.",
      "Ello es así, atento a que el escrito de demanda por la suma $ 608.318.80, fue presentado por la ejecutante en fecha 5/12/2023, y en ese tiempo se encontraba vigente la Resolución Nº 3320 dictada por la Caja Forense de Entre Ríos que establecía el valor del jurista en la suma de $ 4.100.",
      "En consecuencia, corresponde declarar la competencia del Juzgado Civil, Comercial y Laboral de la ciudad de Diamante al que se le remitirán las presentes actuaciones, y comunicar lo resuelto al Juzgado de Paz de esa misma ciudad.",
      "Por último, habiendo mayoría absoluta, EL SR. VOCAL EN EJERCICIO DE LA PRESIDENCIA DEL STJ, DR. LEONARDO PORTELA, se abstiene de votar y firmar la presente resolución con arreglo a lo dispuesto por el art. 33 de la LOPJ, texto según ley 10.704.",
      "\"ADMINISTRADORA TRIBUTARIA DE ENTRE RIOS C/ BENAVIDEZ MANSILLA ABRAHAM S/ MONITORIO APREMIO (COMPETENCIA)\" - Expte. N° 9052 Por ello, se"
    ],
    "RESUELVE": [
      "DECLARAR la competencia del Juzgado Civil, Comercial y Laboral de la ciudad de Diamante al que se le remitirán las presentes actuaciones, y comunicar lo resuelto al Juzgado de Paz de esa misma ciudad.",
      "Regístrese, notifíquese SNE y oportunamente remítase.",
      "Ante mí. En igual fecha se registró. Asimismo, se deja constancia que la presente se suscribe mediante firma digital -Acuerdo Gral. 11/20 del 23-6-2020, Punto 4°) prescindiéndose de su impresión en formato papel."
    ]
  }
}