{
  "METADATOS": {
    "ID_FALLO": "9055",
    "MES": "06",
    "ARTICULOS_CITADOS": {
      "citations": [
        {
          "main_source": "Acuerdo General 28/15",
          "cited_articles": [
            5
          ],
          "extra": "Acuerdo General del Superior Tribunal de Justicia Nº 28/15 de fecha 22/9/2015"
        },
        {
          "main_source": "Ley 10.704",
          "cited_articles": [
            33
          ],
          "extra": "art. 33 de la LOPJ, texto según ley 10.704"
        },
        {
          "main_source": "Acuerdo General 11/20",
          "cited_articles": [],
          "extra": "Acuerdo Gral. 11/20 del 23-6-2020"
        },
        {
          "main_source": "Otro",
          "cited_articles": [
            79
          ],
          "extra": "art. 79 de L.O.P.J."
        }
      ]
    }
  },
  "MATERIA_PRELIMINAR": "MONITORIO APREMIO (COMPETENCIA)",
  "IDEA_CENTRAL": "**IDEA CENTRAL DEL FALLO**\n\nEl fallo judicial resuelve un conflicto de competencia entre el Juzgado Civil, Comercial y Laboral y el Juzgado de Paz de Diamante en el caso \"ADMINISTRADORA TRIBUTARIA DE ENTRE RIOS C/ GIECO LORENZO OSCAR S/ MONITORIO APREMIO\". La decisión principal es declarar la competencia del Juzgado Civil, Comercial y Laboral de Diamante para conocer del caso, fundamentándose en la normativa vigente sobre competencia material y el principio de perpetuatio iurisdictionis.\n\n**Aspectos Legales Relevantes:**\n1. **Competencia Material**: Se establece que, según el Acuerdo General del Superior Tribunal de Justicia Nº 28/15, los Juzgados de Paz tienen límites en la cantidad de juristas que pueden manejar en procesos de ejecución, siendo 100 juristas para este tipo de casos.\n2. **Principio de Perpetuatio Iurisdictionis**: Este principio garantiza que el juez competente, determinado por la ley, debe permanecer a cargo del caso durante todo el proceso, independientemente de cambios que puedan surgir.\n\n**Leyes y Artículos Clave:**\n- Acuerdo General del Superior Tribunal de Justicia Nº 28/15.\n- Art. 79 de la Ley Orgánica del Poder Judicial (L.O.P.J.).\n- Resolución 3320 de la Caja Forense de Entre Ríos.\n\n**Razonamiento del Tribunal:**\nEl tribunal concluye que, dado que la demanda fue presentada por un monto de $440.027,83 y considerando el valor del jurista en $4.100, el Juzgado Civil, Comercial y Laboral es el competente para conocer del caso. Se argumenta que la remisión del expediente al Juzgado de Paz alteraría principios procesales fundamentales y generaría un dispendio jurisdiccional innecesario. Por lo tanto, se decide remitir las actuaciones al Juzgado Civil, Comercial y Laboral de Diamante, comunicando la resolución al Juzgado de Paz correspondiente.",
  "CONTENIDO": {
    "INICIO": [
      "\"ADMINISTRADORA TRIBUTARIA DE ENTRE RIOS C/ GIECO LORENZO OSCAR S/ MONITORIO APREMIO (COMPETENCIA)\" Expte.",
      "N° 9055 PARANÁ, 4 de junio de 2024."
    ],
    "VISTO": [
      "El conflicto de competencia suscitado entre el Juzgado Civil, Comercial y Laboral y el Juzgado de Paz de la ciudad de Diamante en los autos \"ADMINISTRADORA TRIBUTARIA DE ENTRE RIOS C/ GIECO LORENZO OSCAR S/ MONITORIO APREMIO (COMPETENCIA)\" Expte.",
      "N° 9055 y,"
    ],
    "CONSIDERANDO": [
      "Que en fecha 5/12/2023 se acompañó documental y escrito de demanda; en fecha 8/2/2024 se tuvo por presentado al Dr. Orlando Marcos Rodriguez, en nombre y representación de la Administradora Tributaria de Entre Ríos (A.T.E.R.), y como previo de la competencia de ese juzgado, se corrió vista al Ministerio Público Fiscal por el término de ley.",
      "En fecha 16/2/2024 el Ministerio Público Fiscal dictaminó que de acuerdo al relato del escrito de demanda, el reclamo que se formula es por un monto de $440.027,83, por lo que entendió que ese Juzgado no sería competente para entender en las presentes.",
      "Seguidamente, el magistrado titular del Juzgado Civil, Comercial y Laboral de Diamante, Dr. Manuel Alejandro Ré, declaró su incompetencia y dispuso la remisión de los autos al Juzgado de Paz de esa localidad (fecha, 23/2/2024).",
      "En sus fundamentos expresó que en virtud de lo normado por el Acuerdo General del Superior Tribunal de Justicia Nº 28/15 de fecha 22/9/2015, Punto 5º), se dispuso modificar la competencia de los Juzgados de Paz: a) Para las jurisdicciones de Paraná, Concordia y Concepción del Uruguay en treinta (30) Juristas para los juicios ordinarios y en sesenta (60) juristas para los procesos de ejecución -ejecutivos y apremios; b) Para el resto de las jurisdicciones de la Provincia, la competencia material fijada en los incs. 1º y 7º del art. 79 de L.O.P.J.",
      "será de sesenta (60) juristas para los juicios ordinarios, y de cien (100) juristas para los de Ejecución, ello a partir del 01-10-2015-, por lo que corresponde declarar la incompetencia de este juzgado para intervenir en este juicio.",
      "Recibidos los autos por el Juzgado de Paz de Diamante, el Sr. Juez a cargo, Dr. Esteban Ariel Monge, se declaró incompetente.",
      "Para así decidir, concluyó que el principio de la perpetuatio iurisdictionis o perpetuación de la jurisdicción que es una garantía procesal que impone la necesidad de que el juez competente predeterminado por ley, lo sea en todas las fases del procedimiento a pesar de los cambios que puedan suceder durante la celebración del mismo impone que el proceso ha de ser resuelto teniendo en cuenta la situación jurídica establecida en la demanda -admitida y \"ADMINISTRADORA TRIBUTARIA DE ENTRE RIOS C/ GIECO LORENZO OSCAR S/ MONITORIO APREMIO (COMPETENCIA)\" Expte.",
      "N° 9055 presentada en fecha 5/12/2023-.",
      "Continuó diciendo que desde que es admitida a trámite pende de la solución del juez que le dio inicio y al no existir, en principio, contradictorio, por el tipo de proceso, estos actos procesales cumplidos y que han quedado firmes, no podrían verse afectados posteriormente, sin alterar los principios procesales que deben primar.",
      "Manifestó que tomó en cuenta al momento de entender su incompetencia, el valor de la unidad jurista en el momento de promoción de la demanda -fecha 5/12/2023- y que según resolución 3320 de Caja Forense de fecha 1/7/2023 era de $ 4.100,00, siendo en este supuesto, la competencia material del Juzgado Civil y Comercial de Diamante, donde se solicitó vinculación -en fecha 29.12.2023- para promover la demanda.",
      "Luego manifestó que la lógica empleada para remitir los actuados por incompetencia en este supuesto, altera los principios procesales que deben primar y que no pueden verse afectados por vicisitudes propias de los tiempos que el Juzgado, que terminaría generando un dispendio jurisdiccional innecesario y dilatorio y que en base a los argumentos expuestos, entiende que es incompetente para entender en la presente causa (19/3/2024).",
      "Recepcionados los autos, por este Tribunal se corrió vista a la Procuradora Fiscal Adjunta, Dra. Mónica Carmona, quien al contestar opinó que resulta competente el Juzgado Civil, Comercial y Laboral de la ciudad de Diamante (fecha, 9/4/2024).",
      "Bajo estas pautas, en la tarea de dirimir el conflicto de competencia planteado ante esta Sala y coincidiendo con lo dictaminado por el Ministerio Público Fiscal, corresponde declarar la competencia del Juzgado Civil, Comercial y Laboral de la ciudad de Diamante atento lo dispuesto por la Acordada General Nº 28/15 de fecha 22/9/2015 que fija la competencia de los Juzgados de Paz en 100 juristas para los procesos de ejecución.",
      "Ello es así, atento a que el escrito de demanda por la suma $ 440.027,83, fue presentado por la ejecutante en fecha 5/12/2023, y en ese tiempo se encontraba vigente la Resolución Nº 3320 dictada por la Caja Forense de Entre Ríos que establecía el valor del jurista en la suma de $ 4.100.",
      "En consecuencia, corresponde declarar la competencia del Juzgado Civil, Comercial y Laboral de la ciudad de Diamante al que se le remitirán las presentes actuaciones, y comunicar lo resuelto al Juzgado de Paz de esa misma ciudad.",
      "Por último, habiendo mayoría absoluta, EL SR. VOCAL EN EJERCICIO DE LA PRESIDENCIA DEL STJ, DR. LEONARDO PORTELA, se abstiene de votar y firmar la presente resolución con arreglo a lo \"ADMINISTRADORA TRIBUTARIA DE ENTRE RIOS C/ GIECO LORENZO OSCAR S/ MONITORIO APREMIO (COMPETENCIA)\" Expte.",
      "N° 9055 dispuesto por el art. 33 de la LOPJ, texto según ley 10.704.",
      "Por ello, se"
    ],
    "RESUELVE": [
      "DECLARAR la competencia del Juzgado Civil, Comercial y Laboral de la ciudad de Diamante, al que se le remitirán las presentes actuaciones, y comunicar lo resuelto al Juzgado Paz de esa misma ciudad.",
      "Regístrese, notifíquese SNE y oportunamente remítase.",
      "Ante mí. En igual fecha se registró. Asimismo, se deja constancia que la presente se suscribe mediante firma digital -Acuerdo Gral. 11/20 del 23-6-2020, Punto 4°) prescindiéndose de su impresión en formato papel."
    ]
  }
}