{
  "METADATOS": {
    "ID_FALLO": "9058",
    "MES": "06",
    "ARTICULOS_CITADOS": {
      "citations": [
        {
          "main_source": "Código Procesal Civil y Comercial (CPCC)",
          "cited_articles": [
            280,
            276
          ],
          "extra": "ss. y concs."
        },
        {
          "main_source": "Ley 10.704",
          "cited_articles": [],
          "extra": null
        },
        {
          "main_source": "Otro",
          "cited_articles": [
            33
          ],
          "extra": "LOPJ"
        },
        {
          "main_source": "Acuerdo General 11/20",
          "cited_articles": [],
          "extra": "del 23-6-2020"
        },
        {
          "main_source": "Otro",
          "cited_articles": [
            1,
            4
          ],
          "extra": "SNE"
        }
      ]
    }
  },
  "MATERIA_PRELIMINAR": "ALIMENTOS",
  "IDEA_CENTRAL": "**IDEA CENTRAL DEL FALLO**\n\nEl fallo judicial en el caso \"LACUADRA, ROMINA MARCELA C/ PANAROTTI, PABLO NICOLAS Y OTROS - S/ ALIMENTOS\" resuelve declarar \"mal concedido\" el recurso de inaplicabilidad de ley interpuesto por la actora, Sra. Romina Marcela Lacuadra, en relación a una sentencia de la Cámara de Apelaciones de Concordia. La decisión se fundamenta en la improcedencia de presentar un recurso de inaplicabilidad de ley de manera subsidiaria a otro recurso, lo cual contraviene las disposiciones del Código Procesal Civil y Comercial (CPCC).\n\n**Aspectos Legales Relevantes:**\n1. **Código Procesal Civil y Comercial (CPCC)**: Se citan los artículos 276 y 280, que establecen las condiciones para la admisibilidad de los recursos y la necesidad de una fundamentación autónoma.\n2. **Ley Orgánica del Poder Judicial (LOPJ)**: Se menciona el artículo 33, que regula la abstención de vocales en la votación.\n\n**Razonamiento del Tribunal:**\nEl tribunal argumenta que el recurso de inaplicabilidad de ley no puede ser presentado de forma subsidiaria a otro recurso, ya que esto no cumple con la exigencia de fundamentación autónoma requerida por la normativa. Este criterio se ha mantenido en decisiones anteriores, lo que refuerza la posición del tribunal en este caso. Además, se establece que las costas del proceso se imponen por su orden, lo que implica que cada parte asume sus propios gastos.\n\nEn conclusión, el tribunal reafirma la necesidad de seguir los procedimientos establecidos en la ley para la presentación de recursos, garantizando así la correcta administración de justicia en materia de alimentos.",
  "CONTENIDO": {
    "INICIO": [
      "\"LACUADRA, ROMINA MARCELA C/ PANAROTTI, PABLO NICOLAS Y OTROS - S/ ALIMENTOS\" - Expte. Nº 9058 Paraná, 12 de junio de 2024."
    ],
    "VISTO": [
      "El recurso de inaplicabilidad de ley interpuesto por la parte actora - Sra. Romina Marcela Lacuadra, por sí y en representación de su hijo menor B.A.P.L, en fecha 14/12/2023, en las actuaciones \"LACUADRA, ROMINA MARCELA C/ PANAROTTI, PABLO NICOLAS Y OTROS - S/ ALIMENTOS\" contra la sentencia dictada por la Sala Segunda de la Cámara de Apelaciones de Concordia en fecha 4/12/2023, que revocó parcialmente el pronunciamiento de primera instancia (6/07/2023) imponiendo las costas de alzada a la alimentada y cuya concesión motiva la intervención de esta Sala; y"
    ],
    "CONSIDERANDO": [
      "Que conforme surge de los términos del memorial de agravios presentados a consideración de este Tribunal, la parte recurrente solicita \"... se aclare respecto del PRIMER AGRAVIO expresado por esta parte en el punto II FUNDAMENTOS DEL RECURSO ... Que de forma subsidiaria, para el caso de que no se trate el presente pedido de aclaratoria o éste fuera resuelto en forma desfavorable, en legal tiempo y forma, se interpone Recurso de Inaplicabilidad de ley...\", quedando en evidencia que el recurso de inaplicabilidad de ley es articulado en forma subsidiaria a la aclaratoria respecto a los intereses que pretende se apliquen a las cuotas suplementarias establecidas en su favor.",
      "Que, es criterio vigente de esta Sala que el recurso de inaplicabilidad de ley no admite, de acuerdo a la normativa ritual aplicable, su planteo subsidiario a otro recurso, puesto que no se cumplimenta de ese modo con la debida fundamentación autónoma exigida por el segundo párrafo del art.",
      "280 del CPCC (esta Sala en autos \"Correa César Gustavo c/ Expreso Singer SAT y Otros s/ Ordinario\" Expte. 8073, sentencia del 28/04/2020, entre otros). La subsidiariedad de un recurso respecto de otro, sólo se habilita cuando la norma así lo permite, supuesto que ciertamente, no es el caso de esta impugnación extraordinaria -cfr. art. 276, ss. y concs. del CPCC-.",
      "Por último, habiendo mayoría absoluta, EL SR. VOCAL EN EJERCICIO DE LA PRESIDENCIA DEL STJ, LEONARDO PORTELA, se abstiene de votar y firmar la presente resolución con arreglo a lo dispuesto por el art. 33 de la LOPJ, texto según ley 10.704.",
      "Que en función de lo expuesto,se"
    ],
    "RESUELVE": [
      "DECLARAR MAL CONCEDIDO el recurso de inaplicabilidad de ley deducido en fecha 14/12/2023 contra el decisorio dictado por la Sala Segunda de la Cámara de Apelaciones de Concordia en fecha 4/12/202, con costas por su orden.",
      "Tener presente la reserva del caso federal.",
      "Regístrese, notifíquese arts. 1 y 4 del SNE y, en estado, devuelvánse.",
      "Ante mí. En igual fecha se registró. Asimismo, se deja constancia que la presente se suscribe mediante firma digital -Acuerdo Gral. 11/20 del 23-6-2020, Punto 4°) prescindiéndose de su impresión en formato papel."
    ]
  }
}