{
  "METADATOS": {
    "ID_FALLO": "9066",
    "MES": "06",
    "ARTICULOS_CITADOS": {
      "citations": [
        {
          "main_source": "Reglamento de Presentaciones Electrónicas",
          "cited_articles": [
            10
          ],
          "extra": "Reglamento Nº 1"
        },
        {
          "main_source": "Otro",
          "cited_articles": [
            33
          ],
          "extra": "LOPJ"
        },
        {
          "main_source": "Ley 10.704",
          "cited_articles": [],
          "extra": "texto según ley 10.704"
        },
        {
          "main_source": "Acuerdo General 15/18 SNE",
          "cited_articles": [
            1,
            4
          ],
          "extra": "conforme arts. 1º y 4º"
        },
        {
          "main_source": "Acuerdo General 11/20",
          "cited_articles": [],
          "extra": "del 23-6-2020"
        }
      ]
    }
  },
  "MATERIA_PRELIMINAR": "QUEJA (INTERPUESTA POR EL DR FREYRE)",
  "IDEA_CENTRAL": "**IDEA CENTRAL DEL FALLO**\n\nEl tribunal ha decidido **tener por no presentado** el recurso de queja interpuesto por el Dr. Armando Freyre en representación de Graciela Norma Fortti, debido al incumplimiento de los requisitos establecidos para su presentación electrónica.\n\n**Decisión Judicial Principal y Fundamento**\n\nLa decisión principal es la declaración de no presentación del recurso de queja. El fundamento legal se basa en el incumplimiento de las disposiciones del **artículo 10 del Reglamento Nº 1 de Presentaciones Electrónicas**, que exige la presentación de la documentación en un formato específico y dentro de un plazo determinado.\n\n**Aspectos Legales Relevantes**\n\n1. **Reglamento Nº 1 de Presentaciones Electrónicas**: Establece los requisitos formales para la presentación de recursos, incluyendo la necesidad de presentar la documentación de manera comprimida y concatenada.\n2. **Ley Orgánica del Poder Judicial (LOPJ)**: Artículo 33, que regula la abstención de los vocales en caso de conflicto de interés.\n\n**Razonamiento del Tribunal**\n\nEl tribunal intimó a la parte recurrente a presentar la documentación requerida en un plazo específico. A pesar de que se realizó una presentación electrónica, esta no cumplió con los requisitos establecidos, lo que llevó a la decisión de no considerar el recurso. El tribunal enfatiza la importancia de seguir los procedimientos establecidos para garantizar la validez de las presentaciones judiciales.\n\nEn conclusión, la falta de cumplimiento con los requisitos formales para la presentación del recurso de queja resultó en su inadmisibilidad, reflejando la necesidad de adherirse estrictamente a las normativas procesales vigentes.",
  "CONTENIDO": {
    "INICIO": [
      "\"FORTTI NORMA GRACIELA S ORDINARIO - REINVINDICACION S/ QUEJA (INTERPUESTA POR EL DR FREYRE)\" - Expte. Nº 9066 Paraná, 10 de junio de 2024."
    ],
    "VISTO": [
      "El pedido de vinculación realizado por Graciela Norma Fortti con patrocinio letrado de Armando Freyre, en fecha 3 de abril de 2024, a los fines de interponer recurso de queja en los autos \"FORTTI NORMA GRACIELA S ORDINARIO - REINVINDICACION S/ QUEJA (INTERPUESTA POR EL DR FREYRE)\" - Expte. Nº 9066, y"
    ],
    "CONSIDERANDO": [
      "En fecha 10 de abril de 2024 se intimó a la recurrente a presentar de manera electrónica en el plazo de dos (2) días el correspondiente recurso de queja junto con la siguiente documental: a) copia del poder o en caso que actúe como patrocinante manifestar el efectivo conocimiento del escrito de su patrocinado; b) copia de la sentencia de cámara; c) copia de la boleta de depósito si la hubiere; d) copia del recurso de inaplicabilidad de ley; y e) copia de la resolución denegatoria del recurso de inaplicabilidad de ley.",
      "Asimismo, se le hizo saber que conforme el art. 10 del Reglamento Nº 1 de Presentaciones Electrónicas, el recurso y la documental debía presentarse de manera comprimida y concatenada en un máximo de 2 archivos de hasta 5 MB cada uno.",
      "En fecha 11 de abril, los letrados patrocinantes de la Sra. Graciela Norma Fortti realizaron una presentación electrónica acompañando 4 archivos pdf.",
      "Ante ello, el 16 de abril se los intimó a que en el plazo de 1 día cumplimenten en debida forma lo establecido por el art. 10 del Reglamento Nº 1 de Presentaciones Electrónicas bajo apercibimiento de tener por no presentada la queja.",
      "El plazo para cumplimentar con el requerimiento efectuado venció el día 23 de abril a las 9:00 hs. sin que se hayan acompañado los recaudos solicitados (cfrme. informe secretaría 24/4/2024).",
      "En consecuencia, corresponde tener por no presentado el recurso de queja articulado por Graciela Norma Fortti con el patrocinio letrado de Armando Freyre.",
      "Por último, habiendo mayoría absoluta, EL SR. VOCAL EN EJERCICIO DE LA PRESIDENCIA DEL STJ, DR. LEONARDO PORTELA, se abstiene de votar y firmar la presente resolución con arreglo a lo dispuesto por el art. 33 de la LOPJ, texto según ley 10.704.",
      "Por ello, se"
    ],
    "RESUELVE": [
      "TENER POR NO PRESENTADO el recurso de queja articulado por el Dr. Armando Freyre en fecha 3 de abril de 2024.",
      "Líbrese oficio a la Cámara con copia de esta resolución.",
      "Notifíquese conforme arts. 1º y 4º Ac. Gral. 15/18 SNE, regístrese y oportunamente devuélvase.",
      "\"FORTTI NORMA GRACIELA S ORDINARIO - REINVINDICACION S/ QUEJA (INTERPUESTA POR EL DR FREYRE)\" - Expte. Nº 9066 Ante mí. En igual fecha se registró. Asimismo, se deja constancia que la presente se suscribe mediante firma digital -Acuerdo Gral. 11/20 del 23-6-2020, Punto 4°) prescindiéndose de su impresión en formato papel."
    ]
  }
}