{
  "METADATOS": {
    "ID_FALLO": "9069",
    "MES": "06",
    "ARTICULOS_CITADOS": {
      "citations": [
        {
          "main_source": "Código Procesal Civil y Comercial (CPCC)",
          "cited_articles": [
            166,
            250,
            285
          ],
          "extra": "y ss. del CPCC, del mismo cuerpo legal"
        },
        {
          "main_source": "Código Civil y Comercial (CCC)",
          "cited_articles": [
            2
          ],
          "extra": null
        },
        {
          "main_source": "Otro",
          "cited_articles": [
            33
          ],
          "extra": "texto según ley 10.704"
        },
        {
          "main_source": "Acuerdo General 15/18 SNE",
          "cited_articles": [
            1,
            4
          ],
          "extra": "arts. 1º y 4º"
        },
        {
          "main_source": "Acuerdo General 11/20",
          "cited_articles": [],
          "extra": "del 23-6-2020"
        }
      ]
    }
  },
  "MATERIA_PRELIMINAR": "QUEJA (QUEJA INTERPUESTA POR LA DRA LEILA TAMARA YONE GARCILAZO)",
  "IDEA_CENTRAL": "**IDEA CENTRAL DEL FALLO**\n\nEl fallo judicial resuelve rechazar como inadmisibles tanto el recurso de reposición interpuesto por la Dra. Leila Tamara Yone Garcilazo el 6 de mayo de 2024, como la queja contra la resolución de la Sala Tercera de la Cámara Segunda de Apelaciones de Paraná del 21 de marzo de 2024. \n\n**Fundamento Legal**\n\n1. **Inadmisibilidad del Recurso de Reposición**: Se establece que el ordenamiento procesal no prevé el recurso de reposición subsidiario al de aclaratoria, lo que fundamenta la inadmisibilidad del recurso presentado.\n\n2. **Incidente de Nulidad**: Se indica que, dado el vicio invalidante alegado en la resolución impugnada, la vía adecuada para su impugnación es el incidente de nulidad, conforme a los artículos 166 y siguientes del Código Procesal Civil y Comercial (CPCC).\n\n3. **Queja Inadmisible**: La queja interpuesta no se considera procedente, ya que la resolución cuestionada no implica una denegación de un recurso de inaplicabilidad de ley, según el artículo 285 del CPCC, y no se justifica el uso de la analogía conforme al artículo 2 del Código Civil y Comercial (CCC).\n\n**Aspectos Legales Relevantes**\n\n- **Artículos 166 y ss. del CPCC**: Relativos a los incidentes de nulidad.\n- **Artículo 250 del CPCC**: Define las resoluciones susceptibles de apelación.\n- **Artículo 285 del CPCC**: Trata sobre la denegación de recursos de inaplicabilidad de ley.\n- **Artículo 2 del CCC**: Sobre la aplicación de la analogía.\n\n**Razonamiento del Tribunal**\n\nEl tribunal argumenta que la falta de previsión del recurso de reposición en el contexto procesal y la naturaleza de la resolución impugnada determinan la inadmisibilidad de ambos recursos. Se enfatiza la necesidad de seguir las vías procesales adecuadas para la impugnación, lo que refuerza la estabilidad de las decisiones judiciales y el respeto por el debido proceso.",
  "CONTENIDO": {
    "INICIO": [
      "\"CACERES CARLOS ENRIQUE Y OTROS C ZARATE LUCAS -SUCESORES Y OTROS. ORDINARIO S EJECUCION DE HONORARIOS S/ QUEJA (QUEJA INTERPUESTA POR LA DRA LEILA TAMARA YONE GARCILAZO)\" - EXPTE. Nº 9069 PARANÁ, 7 de junio de 2024."
    ],
    "VISTO": [
      "Los autos caratulados \"CACERES CARLOS ENRIQUE Y OTROS C ZARATE LUCAS - SUCESORES Y OTROS. ORDINARIO S EJECUCION DE HONORARIOS S/ QUEJA (QUEJA INTERPUESTA POR LA DRA LEILA TAMARA YONE GARCILAZO)\" ( Expte. Nº 9069), traídos a despacho para resolver y;"
    ],
    "CONSIDERANDO": [
      "1. Que, no está previsto en el ordenamiento procesal aplicable el recurso de reposición subsidiario al de aclaratoria, el recurso deducido el 6 de mayo próximo resulta inadmisible.",
      "2. Que por lo demás, en atención que el gravamen que explicita refiere a un vicio invalidante de la resolución de presidencia que impugna, la vía de impugnación es el incidente de nulidad, arts. 166 y ss. del CPCC; salvo, claro está, que se trate de resoluciones susceptibles de apelación en función de los dispuesto en el art. 250, del mismo cuerpo legal.",
      "3. Respecto de la queja interpuesta, cabe afirmar que la misma resulta inadmisible, en tanto la resolución que se intenta revertir no es una denegación de recurso de inaplicabilidad de ley (art. 285, CPCC) y tampoco se advierte que configure una situación que habilite recurrir a la analogía (art. 2, CCC).",
      "4. El Señor Vocal Leonardo Portela se abstiene de votar y firmar la presente resolución con arreglo a lo dispuesto por el art. 33 de la LOPJ, texto según ley 10.704.",
      "Por todo ello se;"
    ],
    "RESUELVE": [
      "RECHAZAR por inadmisible el recurso de reposición interpuesto en fecha 6 de mayo del 2024 contra la resolución del 30 de abril de 2024.",
      "RECHAZAR por inadmisible el recurso de queja deducido contra la resolución de la Sala Tercera de la Cámara Segunda de Apelaciones de Paraná dictada en fecha 21/3/2024.",
      "Notifíquese conforme lo dispuesto en los arts. 1º y 4º Ac. Gral. 15/18 SNE, regístrese y, oportunamente, archívese.",
      "Ante mí. En igual fecha se registró. Asimismo, se deja constancia que la presente se suscribe mediante firma digital -Acuerdo Gral. 11/20 del 23-6-2020, Punto 4°), se prescinde de su impresión en formato papel."
    ]
  }
}