{
  "METADATOS": {
    "ID_FALLO": "9073",
    "MES": "06",
    "ARTICULOS_CITADOS": {
      "citations": [
        {
          "main_source": "Ley 10.704",
          "cited_articles": [
            33
          ],
          "extra": "texto según ley"
        },
        {
          "main_source": "Acuerdo General 15/18 SNE",
          "cited_articles": [
            1,
            4
          ],
          "extra": "arts. 1º y 4º"
        },
        {
          "main_source": "Acuerdo General 11/20",
          "cited_articles": [],
          "extra": "del 23-6-2020"
        }
      ]
    }
  },
  "MATERIA_PRELIMINAR": "",
  "IDEA_CENTRAL": "**IDEA CENTRAL DEL FALLO JUDICIAL**\n\n**Decisión Judicial Principal:** El Superior Tribunal de Justicia (STJ) de Paraná resuelve tener por no presentado el recurso de queja interpuesto por el Dr. Juan José Marcolini en representación de Susana Benigna Alzugaray contra José Carlos Mayer.\n\n**Fundamento Legal:** La decisión se basa en el incumplimiento de los requisitos formales establecidos para la presentación del recurso de queja, conforme a las disposiciones procesales vigentes.\n\n**Aspectos Legales Relevantes:**\n1. **Plazo de Presentación:** Se intimó al recurrente a presentar la documentación necesaria en un plazo de dos días, el cual venció sin que se cumpliera con el requerimiento.\n2. **Requisitos Documentales:** Se solicitó la presentación de varios documentos, incluyendo copia del poder, sentencia de cámara, boleta de depósito, recurso de inaplicabilidad de ley y resolución denegatoria del mismo.\n3. **Abstención de Voto:** El Dr. Leonardo Portela, vocal en ejercicio de la presidencia, se abstuvo de votar y firmar la resolución, conforme al artículo 33 de la Ley Orgánica del Poder Judicial (LOPJ).\n\n**Razonamiento del Tribunal:** El tribunal argumenta que el cumplimiento de los requisitos formales es esencial para la admisión de recursos, y al no haberse presentado la documentación solicitada dentro del plazo estipulado, se considera que el recurso de queja no ha sido debidamente interpuesto. Esta decisión se fundamenta en la necesidad de asegurar la correcta administración de justicia y el respeto a los procedimientos establecidos.\n\n**Conclusión:** La falta de presentación de la documentación requerida dentro del plazo fijado lleva a la inadmisibilidad del recurso de queja, reafirmando la importancia del cumplimiento de los requisitos procesales en el ámbito judicial.",
  "CONTENIDO": {
    "INICIO": [
      "\"ALZUGARAY SUSANA BENIGNA C/ MAYER JOSE CARLOS S INTERDICTO DE RECOBRAR S/ QUEJA (INTERPUESTA POR EL DR.",
      "JUAN MARCOLINI)\" - Expte. Nº 9073.",
      "PARANÁ, 12 de junio de 2024."
    ],
    "VISTO": [
      "El pedido de vinculación realizado por el Dr. Juan Marcolini a los fines de interponer el recurso de queja en fecha 22/4/2024, en los autos:",
      "\"ALZUGARAY SUSANA BENIGNA C/ MAYER JOSE CARLOS S INTERDICTO DE RECOBRAR S/ QUEJA (INTERPUESTA POR EL DR.",
      "JUAN MARCOLINI)\" - Expte. Nº 9073, y"
    ],
    "CONSIDERANDO": [
      "Que en fecha 25/4/2024 se intimó al recurrente a presentar de manera electrónica en el plazo de dos (2) días el correspondiente recurso de queja junto con la siguiente documental: a) copia del poder o en caso que actúe como patrocinante manifestar el efectivo conocimiento del escrito de su patrocinado; b) copia de la sentencia de cámara; c) copia de la boleta de depósito si la hubiere; d) copia del recurso de inaplicabilidad de ley; y e) copia de la resolución denegatoria del recurso de inaplicabilidad de ley.",
      "Que el plazo para cumplimentar con el requerimiento efectuado venció el día 2/5/2024 a las 9:00 hs. sin que se hayan acompañado los recaudos solicitados.",
      "En consecuencia, corresponde tener por no presentado el recurso de queja articulado por el Dr. Juan José Marcolini.",
      "Por último, habiendo mayoría absoluta, EL SR. VOCAL EN EJERCICIO DE LA PRESIDENCIA DEL STJ, DR. LEONARDO PORTELA, se abstiene de votar y firmar la presente resolución con arreglo a lo dispuesto por el art. 33 de la LOPJ, texto según ley 10.704.",
      "Por todo ello se;"
    ],
    "RESUELVE": [
      "TENER POR NO PRESENTADO el recurso de queja articulado por el Dr. Juan José Marcolini en fecha 22 de abril de 2024.",
      "Notifíquese conforme arts. 1º y 4º Ac. Gral. 15/18 SNE, regístrese y oportunamente archívese.",
      "Ante mí. En igual fecha se registró. Asimismo, se deja constancia que la presente se suscribe mediante firma digital -Acuerdo Gral. 11/20 del 23-6-2020, Punto 4°) prescindiéndose de su impresión en formato papel."
    ]
  }
}