{
  "METADATOS": {
    "ID_FALLO": "9079",
    "MES": "06",
    "ARTICULOS_CITADOS": {
      "citations": [
        {
          "main_source": "Código Procesal Civil y Comercial (CPCC)",
          "cited_articles": [
            14
          ],
          "extra": "inc. 7º"
        },
        {
          "main_source": "Código Procesal Civil y Comercial (CPCC)",
          "cited_articles": [
            14,
            27
          ],
          "extra": "inc. 7º"
        },
        {
          "main_source": "Otro",
          "cited_articles": [
            33
          ],
          "extra": "LOPJ"
        },
        {
          "main_source": "Ley 10.704",
          "cited_articles": [],
          "extra": ""
        },
        {
          "main_source": "Otro",
          "cited_articles": [
            33
          ],
          "extra": "LOPJ"
        },
        {
          "main_source": "Acuerdo General 15/18 SNE",
          "cited_articles": [
            1,
            4
          ],
          "extra": ""
        },
        {
          "main_source": "Acuerdo General 11/20",
          "cited_articles": [],
          "extra": "del 23-6-2020, Punto 4°"
        }
      ]
    }
  },
  "MATERIA_PRELIMINAR": "ORDINARIO ESCRITURACION (Y DAÑOS Y PERJUICIOS)",
  "IDEA_CENTRAL": "**IDEA CENTRAL DEL FALLO**\n\nEl fallo judicial resuelve la aceptación de la excusación del Sr. Vocal Carlos Federico Tepsich en el caso \"CARDOZO TERESA ELENA C/ ELORRIAGA ANALIA INES S/ ORDINARIO ESCRITURACION (Y DAÑOS Y PERJUICIOS)\". La decisión se fundamenta en la causal de apartamiento prevista en el artículo 14, inciso 7º del Código Procesal Civil y Comercial (CPCC), que establece las condiciones bajo las cuales un juez puede ser recusado o excusado.\n\n**Aspectos Legales Relevantes:**\n1. **Causal de Excusación:** Se invoca el artículo 14, inciso 7º del CPCC, que permite la excusación de un juez cuando ha emitido opinión en un caso relacionado.\n2. **Procedimiento de Excusación:** Se menciona el artículo 27 del CPCC, que regula el procedimiento para la excusación de jueces.\n3. **Mayoría Absoluta:** La resolución se adopta con mayoría absoluta, conforme al artículo 33 de la Ley Orgánica del Poder Judicial (LOPJ), que establece las reglas para la integración de las salas.\n\n**Razonamiento del Tribunal:**\nEl tribunal considera que la excusación del Dr. Tepsich es procedente, dado que se encuentra en la situación que justifica su apartamiento del caso, lo que garantiza la imparcialidad del proceso. Al aceptar la excusación, se evita el tratamiento de la recusación planteada por la parte actora, asegurando así la continuidad del proceso con un tribunal debidamente integrado.\n\n**Conclusión:**\nLa decisión del tribunal se centra en la aceptación de la excusación del vocal, lo que permite la correcta administración de justicia y el respeto a los principios de imparcialidad y debido proceso.",
  "CONTENIDO": {
    "INICIO": [
      "\"CARDOZO TERESA ELENA C/ ELORRIAGA ANALIA INES S/ ORDINARIO ESCRITURACION (Y DAÑOS Y PERJUICIOS)\" Expte. N° PARANÁ, 11 de junio de 2024."
    ],
    "VISTO": [
      "La recusación efectuada en fecha 20/5/2024, y la excusación del Sr. Vocal Carlos Federico Tepsich del 23/5/2024 en los autos \"CARDOZO TERESA ELENA C/ ELORRIAGA ANALIA INES S/ ORDINARIO ESCRITURACION (Y DAÑOS Y PERJUICIOS)\" Expte. N° 9079 y,"
    ],
    "CONSIDERANDO": [
      "Que Guillermo F. Gamarra, Milagros Zaburlin y E. Carolina Koelbl, por la intervención como apoderados de la actora, Sra. Teresa Elena Cardozo, plantea recusación contra el Dr. Tepsich en razón del art. 14 inc. 7º del CPCC, por haber emitido opinión como integrante de la Sala Civil y Comercial de la Cámara de Apelaciones de Concepción del Uruguay en la resolución dictada en fecha 9/2/2024.",
      "Que notificado el Sr. Vocal Tepsich, manifiesta siendo esta la primera oportunidad que tiene para expedirse, considera que debe ser excusado en los términos de los arts. 14 inc. 7º y 27 del CPCC, por encontrarse comprendido en la causal de apartamiento.",
      "Asimismo, acepta la motivación del pedido excusatorio solicitando que se atienda con preferencia su excusación.",
      "Por ello, corresponde aceptar la excusación del Sr. Vocal. Carlos Federico Tepsich, razón por la cual no resulta necesario el tratamiento de la recusación planteada.",
      "Asimismo, habiendo mayoría absoluta, el Sr. Vocal en ejercicio de la presidencia del STJ, Leonardo Portela, se abstiene de votar y firmar la presente resolución con arreglo a lo dispuesto por el art. 33 de la LOPJ, texto según ley 10.704.",
      "En consecuencia, se"
    ],
    "RESUELVE": [
      "Aceptar la excusación del Sr. Vocal Carlos Federico Tepsich, quedando integrada esta Sala por la Sra. Vocal Gisela N Schumacher, la Sra. Vocal Claudia Mizawak y el Sr. Vocal Leonardo Portela (art. 33, LOPJ).",
      "Regístrese y notifíquese conforme arts. 1° y 4° Ac. Gral. 15/18 SNE.",
      "Ante mí:",
      "En igual fecha se registró. Conste. Asimismo, se deja constancia que la presente se suscribe mediante firma digital -Acuerdo Gral. 11/20 del 23-6-2020, Punto 4°) prescindiéndose de su impresión en formato papel."
    ]
  }
}