{
  "METADATOS": {
    "ID_FALLO": "9080",
    "MES": "06",
    "ARTICULOS_CITADOS": {
      "citations": [
        {
          "main_source": "Corte Suprema de Justicia de la Nación (CSJN)",
          "cited_articles": [
            310,
            819,
            311,
            870,
            1810,
            312,
            555,
            891,
            325,
            2275
          ],
          "extra": null
        },
        {
          "main_source": "Ley 10.704",
          "cited_articles": [
            33
          ],
          "extra": "art. 33 de la LOPJ, texto según ley 10.704"
        },
        {
          "main_source": "Acuerdo General 11/20",
          "cited_articles": [],
          "extra": "Acuerdo Gral. 11/20 del 23-6-2020"
        },
        {
          "main_source": "Otro",
          "cited_articles": [
            13,
            19,
            29
          ],
          "extra": "arts. 13, inc. 19, y 29, LPF"
        }
      ]
    }
  },
  "MATERIA_PRELIMINAR": "MEDIDA DE PROTECCION EXCEPCIONAL",
  "IDEA_CENTRAL": "**IDEA CENTRAL DEL FALLO**\n\nEn el caso \"ASTUDILLA ALEXANDRA AGUSTINA Y OTROS S/ MEDIDA DE PROTECCIÓN EXCEPCIONAL\", el tribunal resolvió declarar abstracto el objeto del recurso de inaplicabilidad de ley presentado por el Copnaf, debido a la desaparición del hecho que sustentaba la medida de protección solicitada. \n\n**Decisión Judicial Principal y Fundamento**\n\nLa decisión principal del tribunal fue declarar la cuestión sustancial involucrada como abstracta, fundamentándose en la doctrina del \"vaciamiento de contenido\" de la pretensión, que ocurre cuando el hecho que origina la acción ha cesado. Este principio se apoya en la necesidad de que el interés en el litigio se mantenga vigente para evitar que el proceso devenga en abstracto.\n\n**Aspectos Legales Relevantes**\n\n1. **Doctrina del Vaciamiento de Contenido**: Se establece que si un hecho que justifica la medida desaparece, el tribunal no debe emitir un pronunciamiento de mérito.\n2. **Actualidad del Conflicto**: Se requiere que el interés por el cual se reclama se mantenga en el tiempo, conforme a la jurisprudencia citada (Fallos: 310:819; 311:870; 312:555).\n3. **Artículos Clave**: Se mencionan los artículos 13, inciso 19, y 29 de la Ley de Protección de la Familia (LPF), que regulan las medidas de protección.\n\n**Razonamiento del Tribunal**\n\nEl tribunal analizó las actuaciones y evidencias presentadas, concluyendo que las circunstancias que dieron origen a la medida de protección habían cambiado. En particular, se destacó que la madre había iniciado un proceso vinculatorio con sus hijos, lo que evidenció que el interés de los menores por mantener el vínculo familiar se había restablecido. Por lo tanto, la medida de protección ya no tenía sentido, lo que llevó a declarar la cuestión como abstracta.\n\nEn resumen, el fallo reafirma la importancia de la actualidad del conflicto en el ámbito del derecho familiar y la protección de menores, evitando decisiones judiciales sobre situaciones que han perdido su relevancia.",
  "CONTENIDO": {
    "INICIO": [
      "\"ASTUDILLA ALEXANDRA AGUSTINA Y OTROS S/ MEDIDA DE PROTECCION EXCEPCIONAL\" - Expte. Nº 9080 Paraná, 4 de junio de 2024."
    ],
    "VISTOS": [
      "Los autos caratulados: \"ASTUDILLA ALEXANDRA AGUSTINA Y OTROS S/ MEDIDA DE PROTECCION EXCEPCIONAL\" - Expte. Nº 9080\" traídos a despacho para resolver el recurso de inaplicabilidad de ley deducido en fecha 2/2/2024 contra el decisorio dictado por la Sala Primera Civil y Comercial de la Cámara de Apelaciones de Gualeguaychú el 12/12/2023 y;"
    ],
    "CONSIDERANDO": [
      "1.- Que, es doctrina recibida de nuestro más alto Tribunal Federal que los jueces deben dictar sus sentencias de acuerdo a las circunstancias de hecho y de derecho vigentes al momento de su dictado, aunque ellas sean sobrevinientes (Fallos: 310:819; 311:870 y 1810; 312:555 y 891; 325:2275).",
      "Entonces, si en el devenir del proceso se acredita un hecho que vacía de contenido el objeto de la pretensión, ocurre lo que se denomina sustracción de la materia y el tribunal interviniente no debe emitir un pronunciamiento de mérito.",
      "2.- Que la exigencia del mantenimiento en el tiempo del interés por el cual se reclama a fin de que la causa no devenga en abstracta es lo que explica el recaudo o exigencia de actualidad del conflicto.",
      "Para Bidart Campos, el proceso que ni siquiera se prolonga en consecuencias tangibles, no es susceptible de regulación por vía de sentencia (Régimen legal y jurisdiccional del amparo, Ed, Buenos Aires, 1969, p. 431). De tal modo, si la sentencia carece de sentido por haber cesado el hecho generador o desencadenante del pleito, o por carecer de efecto jurídico la resolución que dicte el tribunal, resulta lógico concluir que cualquier decisión judicial al respecto ya no significará la solución del caso ni la determinación de un objeto, por cuanto éste ha desaparecido (Vanosi, Jorge R., “Jurisdicción y Corte Suprema de Justicia ante el caso abstracto, Revista Jurídica de Buenos Aires, 1963, I-IV, p. 132).",
      "3.- Que, habiéndose procedido a cotejar las actuaciones principales que tramitan por ante el Juzgado de Familia y Penal de Niños, Niñas y Adolescentes nº 2 de la ciudad de Gualeguaychú (arts. 13, inc. 19, y 29, LPF) surgen circunstancias que revelan que el objeto del presente incidente ha desaparecido.",
      "En efecto, en fecha 24/03/2024 el mismo Organismo Administrativo ha informado el inicio del proceso vinculatorio de la Sra. Soria con sus hijos y nieto y que en fecha 22/04/2024 la Sra. Jueza dejó -en virtud de lo antedicho- sin efecto lo ordenado en el pto. 9 de la Audiencia celebrada en fecha 31/10/2023. Asimismo, en la audiencia de fecha 21/5/2024 en la que V.S.",
      "entrevistó a la psicóloga del ETI del Centro Mujercitas en el que se halla alojada Alexandra -Dra. Florencia García-, que la Adolescente se ve -esporádicamente- \"ASTUDILLA ALEXANDRA AGUSTINA Y OTROS S/ MEDIDA DE PROTECCION EXCEPCIONAL\" - Expte. Nº 9080 con su madre y es su deseo el mantener dicho vínculo; lo que es ratificado por el propio profesional que interpone el recurso en representación del Copnaf -Dr.",
      "Bruno Giordano- en el marco de la audiencia de fecha 21/10/2024 (cotejar 14:40 minutos). Todo lo dicho reforzado por las alegadas manifestaciones de los niños Alexander y Casandra quienes en la escucha de fecha 17/5/2024 refieren que la quieren ver y la extrañan (cotejar minuto 3:50).",
      "4.- Que en esas condiciones, es evidente que la medida recurrida no tiene actualidad, habiendo cesado las causas que, eventualmente, podrían haber dado algún sustento a la presente acción, por lo que corresponde declarar abstracta la cuestión sustancial involucrada.",
      "Por último, habiendo mayoría absoluta, EL SR. VOCAL EN EJERCICIO DE LA PRESIDENCIA DEL STJ, LEONARDO PORTELA, se abstiene de votar y firmar la presente resolución con arreglo a lo dispuesto por el art. 33 de la LOPJ, texto según ley 10.704.",
      "Por todo ello;"
    ],
    "SE RESUELVE": [
      "DECLARAR ABSTRACTO el objeto del presente recurso deducido por el Copnaf en fecha 2/2/2024 contra la resolución dictada por la Sala Primera Civil y Comercial de la Cámara de Apelaciones de Gualeguaychú el 12/12/2023.",
      "Regístrese, notifíquese SNE y, en estado, devuélvase.",
      "Ante mí. En igual fecha se registró. Asimismo, se deja constancia que la presente se suscribe mediante firma digital -Acuerdo Gral. 11/20 del 23-6-2020, Punto 4°) prescindiéndose de su impresión en formato papel."
    ]
  }
}