{
  "METADATOS": {
    "ID_FALLO": "9098",
    "MES": "06",
    "ARTICULOS_CITADOS": {
      "citations": [
        {
          "main_source": "Ley 24.522 (LCQ - Ley de Concursos y Quiebras)",
          "cited_articles": [
            288
          ],
          "extra": null
        },
        {
          "main_source": "Código Procesal Civil y Comercial (CPCC)",
          "cited_articles": [
            14
          ],
          "extra": null
        },
        {
          "main_source": "Otro",
          "cited_articles": [
            33
          ],
          "extra": "ley 10.704"
        },
        {
          "main_source": "Otro",
          "cited_articles": [
            33
          ],
          "extra": "art. 33, LOPJ"
        },
        {
          "main_source": "Acordada 4/2007",
          "cited_articles": [
            1,
            4
          ],
          "extra": "conforme arts."
        },
        {
          "main_source": "Acuerdo General 11/20",
          "cited_articles": [],
          "extra": "Acuerdo Gral. 11/20 del 23-6-2020, Punto 4°"
        }
      ]
    }
  },
  "MATERIA_PRELIMINAR": "RECURSO DE QUEJA",
  "IDEA_CENTRAL": "**IDEA CENTRAL DEL FALLO**\n\nEl fallo judicial se centra en la aceptación de la excusación presentada por la Sra. Vocal Gisela N. Schumacher, quien se aparta del caso \"BUTTAZZONI MABEL TERESITA S. PEDIDO DE CONCURSO PREVENTIVO\" debido a afirmaciones injuriosas en su contra realizadas por la actora. La decisión se fundamenta en la necesidad de garantizar la imparcialidad y objetividad en la administración de justicia, considerando que la conmoción del ánimo y la violencia moral son motivos válidos para la excusación, más allá de los supuestos taxativos establecidos en el Código Procesal Civil y Comercial (CPCC).\n\n**Aspectos Legales Relevantes:**\n\n1. **Fundamento Legal:** \n   - Artículo 14 del CPCC: establece las causales de recusación.\n   - Artículo 33 de la Ley Orgánica del Poder Judicial (LOPJ): regula la integración de la sala en caso de excusación.\n\n2. **Criterio Ampliado:** El tribunal sostiene que la excusación debe ser apreciada con mayor amplitud, permitiendo que razones de decoro y violencia moral sean consideradas válidas para apartar a un magistrado del caso.\n\n**Razonamiento del Tribunal:**\n\nEl tribunal argumenta que la integridad emocional y la percepción de violencia moral son aspectos subjetivos que justifican la excusación. Se resalta que la imparcialidad del juez es esencial para el correcto funcionamiento del sistema judicial, y que la invocación de conmoción del ánimo debe ser aceptada para preservar esta imparcialidad. La decisión se toma con mayoría absoluta, y se procede a integrar la sala con otros vocales, asegurando así la continuidad del proceso judicial.\n\nEn conclusión, el fallo reafirma la importancia de la percepción de los magistrados sobre su capacidad para juzgar con imparcialidad, permitiendo que razones de carácter personal influyan en su decisión de excusarse.",
  "CONTENIDO": {
    "INICIO": [
      "\"BUTTAZZONI MABEL TERESITA S. PEDIDO DE CONCURSO PREVENTIVO S. CONCURSO PREVENTIVO - art. 288 L.C.Q. S / QUIEBRA S/ RECURSO DE QUEJA\"Expte. N° 9098 PARANÁ, 28 de junio de 2024."
    ],
    "VISTO": [
      "La excusación invocada por la Sra. Vocal, Gisela N. Schumacher, en los autos \"BUTTAZZONI MABEL TERESITA S. PEDIDO DE CONCURSO PREVENTIVO S. CONCURSO PREVENTIVO - art. 288 L.C.Q. S / QUIEBRA S/ RECURSO DE QUEJA\" - Expte. N° 9098 y,"
    ],
    "CONSIDERANDO": [
      "1.- La Sra. Vocal, Gisela N. Schumacher manifiesta que cuando se desempeñaba como Vocal de la Cámara en lo Contencioso Administrativo N° 1 de Paraná, la actora realizó afirmaciones de contenido agraviante e injuriante contra su persona lo que derivó en que se excusara en las actuaciones \"Micheloud Marcelo c/ Estado Provincial s/ contencioso administrativo\" - Expte Nº 550.",
      "Ello así, pues consideró que las expresiones efectuadas a título personal y funcional la colocaban en una situación de imposibilidad de resolver por razones graves de decoro y violencia moral.",
      "2.- En tal sentido, resulta sabido que \"...no corresponde aplicar estrictamente las normas que regulan la recusación con causa a los supuestos de excusación, los que deben ser apreciados con mayor amplitud de criterio a fin de hacer honor al escrúpulo siempre respetable de los magistrados, que es de presumir sincero.\" (Arazi Roland, Rojas Jorge A. \"Código Procesal Civil y Comercial de la Nación; Comentado, Anotado y Concordado con los Códigos Provinciales\", 2da.",
      "Ed. Tomo I, pág. 102 Ed. Rubinzal Culzoni, Santa Fe, 2007).",
      "Asimismo, cabe afirmar que la conmoción del ánimo precisamente es una cuestión del fuero íntimo de la persona que por estar en el ámbito de su subjetividad resulta impropio pretender desentrañarlo.",
      "Y es que la excusación no está limitada a los supuestos taxativamente establecidos por el art. 14 del CPCC, sino que además se puede efectivizar cuando existan otras causas sustentadas en motivos de decoro o violencia moral, que impliquen para el juzgador tener que abstenerse de resolver el pleito.",
      "En tal sentido, no cabe duda que cuando un integrante de la magistratura alega conmoción de su ánimo o violencia moral, tal invocación debe aceptarse precisamente para garantizar la necesaria imparcialidad y objetividad que debe tener para administrar justicia.",
      "En consecuencia, teniendo en cuenta que la Sra. abogada, Mabel T. Buttazoni, interviene en autos por derecho propio y como parte, sin dudas corresponde aceptar el apartamiento solicitado.",
      "Por último, habiendo mayoría absoluta, el Sr. Vocal en ejercicio de la presidencia del STJ, Dr. Leonardo Portela, se abstiene de votar y firmar la \"BUTTAZZONI MABEL TERESITA S. PEDIDO DE CONCURSO PREVENTIVO S. CONCURSO PREVENTIVO - art. 288 L.C.Q. S / QUIEBRA S/ RECURSO DE QUEJA\"Expte. N° 9098 presente resolución con arreglo a lo dispuesto por el art. 33 de la LOPJ, texto según ley 10.704.",
      "Por ello, se"
    ],
    "RESUELVE": [
      "ACEPTAR la excusación formulada por la Sra. Vocal, Gisela N.",
      "Schumacher y, en consecuencia, integrar esta Sala con los Sres. Vocales Carlos Federico Tepsich, Miguel A. Giorgio y Leonardo Portela (art. 33, LOPJ).",
      "Regístrese, notifíquese conforme arts. 1 y 4 Acordada 15/18 SNE y oportunamente pasen los autos a despacho.",
      "Ante mí. En igual fecha se registró. Conste. Asimismo, se deja constancia que la presente se suscribe mediante firma digital -Acuerdo Gral. 11/20 del 23-6-2020, Punto 4°) prescindiéndose de su impresión en formato papel."
    ]
  }
}