{
  "METADATOS": {
    "ID_FALLO": "6424",
    "MES": "12",
    "ARTICULOS_CITADOS": {
      "citations": [
        {
          "main_source": "Código Procesal Penal (CPP)",
          "cited_articles": [
            268,
            22,
            20
          ],
          "extra": "Expte. Nº 6424"
        },
        {
          "main_source": "Código Civil y Comercial (CCC)",
          "cited_articles": [
            2248,
            2610,
            143
          ],
          "extra": "aplicable en razón del art. 7 del CCC"
        },
        {
          "main_source": "Ley 19.550",
          "cited_articles": [
            2
          ],
          "extra": "art. 2 de la ley 19550"
        },
        {
          "main_source": "Código Procesal Civil y Comercial (CPCC)",
          "cited_articles": [
            276,
            280,
            281,
            65
          ],
          "extra": "arts. 276, 280 y 281 del CPCC"
        },
        {
          "main_source": "Ley 7046",
          "cited_articles": [
            3,
            64,
            94
          ],
          "extra": "arts. 3, 64 y 94 de la ley 7046 modif. por ley 11.141"
        },
        {
          "main_source": "Ley 10.704",
          "cited_articles": [],
          "extra": "ley 10.704"
        },
        {
          "main_source": "Acuerdo General 15/18 SNE",
          "cited_articles": [
            1,
            4
          ],
          "extra": "conforme arts. 1º y 4º Ac. Gral. 15/18 SNE"
        },
        {
          "main_source": "Acuerdo General 11/20",
          "cited_articles": [],
          "extra": "Acuerdo Gral. 11/20 del 23-6-2020, Punto 4°"
        }
      ]
    }
  },
  "MATERIA_PRELIMINAR": "ORDINARIO ACCION REIVINDICATORIA",
  "IDEA_CENTRAL": "**IDEA CENTRAL DEL FALLO**\n\nEl fallo judicial en el caso \"Delrubio y Hunmendi S.R.L. c/ Superior Gobierno de Entre Ríos\" se centra en la inadmisibilidad del recurso de inaplicabilidad de ley interpuesto por la actora, quien buscaba la restitución de tres fracciones de campo decomisadas. La decisión principal del tribunal fue declarar inadmisible dicho recurso, fundamentándose en la falta de legitimación de la actora para reclamar la reivindicación de los bienes, dado que el decomiso había adquirido firmeza y autoridad de cosa juzgada.\n\n**Aspectos Legales Relevantes:**\n1. **Acción Reivindicatoria**: Se basa en el derecho de poseer y la determinación de la cosa particular (art. 2248 CCC).\n2. **Decomiso y Pérdida de Dominio**: El tribunal argumentó que el decomiso, como medida judicial, implica la pérdida del derecho de propiedad (art. 2610 CC).\n3. **Cosa Juzgada**: La sentencia penal que dispuso el decomiso es firme y no puede ser cuestionada en el ámbito civil.\n\n**Fundamento Legal:**\n- Artículos 2248 y 2610 del Código Civil y Comercial (CCC).\n- Ley 23077 sobre decomiso de bienes.\n\n**Razonamiento del Tribunal:**\nEl tribunal concluyó que la actora no tenía derecho a reclamar la restitución de los bienes, ya que el decomiso había sido validado por una sentencia penal firme. Además, se destacó que la acción reivindicatoria no puede coexistir con la pretensión de nulidad del decomiso en el mismo proceso, ya que esto excede la competencia del fuero civil. La falta de prueba de la legitimación activa de la actora y la inexistencia de un pronunciamiento adverso al decomiso fueron determinantes para la inadmisibilidad del recurso. \n\nEn resumen, el tribunal reafirmó la autoridad de la sentencia penal y la imposibilidad de revocar el decomiso en el ámbito civil, lo que llevó a la declaración de inadmisibilidad del recurso interpuesto.",
  "CONTENIDO": {
    "INICIO": [
      "\"DELRUBIO Y HUNMENDI S.R.L. C/ SUPERIOR GOBIERNO DE ENTRE RIOS S/ ORDINARIO ACCION REIVINDICATORIA\" - Expte. Nº"
    ],
    "ACUERDO": [
      "En la ciudad de Paraná, capital de la provincia de Entre Ríos, a los veintisiete días del mes de diciembre del año dos mil veinticuatro reunidos los integrantes de este Tribunal asistidos por el Secretario autorizante, para conocer el recurso de inaplicabilidad de ley deducido en fecha 6/2/2024 en las actuaciones:",
      "\"DELRUBIO Y HUNMENDI S.R.L. C/ SUPERIOR GOBIERNO DE ENTRE RIOS S/ ORDINARIO ACCION REIVINDICATORIA\" - Expte. Nº 6424, respecto de la resolución de la Sala Civil y Comercial de la Cámara de Apelaciones de Concepción del Uruguay dictada en fecha 21/12/2023. Que la votación debe tener lugar en el siguiente orden: Sra. Vocal Gisela N. Schumacher;",
      "Sra. Vocal Laura Mariana Soage y Sr. Vocal Leonardo Portela.",
      "Estudiados los autos, la Sala se planteó las siguientes cuestiones:",
      "¿qué corresponde resolver respecto del recurso de inaplicabilidad de ley interpuesto? y, en su caso, ¿cómo deben regularse los honorarios profesionales en esta instancia?",
      "A LA PRIMERA CUESTIÓN PROPUESTA LA SRA."
    ],
    "VOCAL GISELA N. SCHUMACHER DIJO": [
      "1.- La parte actora, \"Delrubio y Hunmendi S.R.L.\", interpone recurso de inaplicabilidad de ley (6/2/2024) contra la sentencia dictada por la Sala en lo Civil y Comercial de Concepción del Uruguay (21/12/2023) que rechazó el recurso de apelación deducido por su parte contra la sentencia dictada en primera instancia (27/2/2023).",
      "2.- Los antecedentes de la causa.",
      "a) La sociedad \"DELRUBIO Y HUNMENDI SRL\" promovió demanda contra la provincia de Entre Ríos. Indicó que instaba acción reinvindicatoria, nulidad, ineficacia o inoponibilidad del decomiso decretado por sentencia de la Sala Penal de la Cámara de la ciudad de Concordia, respecto de tres fracciones de campo que totalizan una superficie de 2.164 Has, ubicadas en Distrito Raíces Norte, Departamento Tala y que se encuentran inscriptas en el Registro Público bajo matrículas: 167, 3475 y 3476.",
      "Describió que Mario Alberto Yedro (productor agropecuario y ex senador provincial) fue condenado por enriquecimiento ilícito de funcionario público (arts. 268 (2), 22 bis y 20 ter del Código Penal). La condena le impuso tres años de prisión condicional, una multa de $ 90.000, inhabilitación absoluta por el término de diez años y el decomiso de las tres fracciones de campo cuya restitución se reclama.",
      "Aclaró que la Sala Penal ya dispuso poner en posesión de la provincia de Entre Ríos el campo decomisado, acto que se efectivizó el 15 de septiembre de 2008.",
      "\"DELRUBIO Y HUNMENDI S.R.L. C/ SUPERIOR GOBIERNO DE ENTRE RIOS S/ ORDINARIO ACCION REIVINDICATORIA\" - Expte. Nº Informó que si bien Mario Alberto Yedro es el socio gerente de la sociedad, la misma también está integrada por Fátima Luciana y Lara Yedro Torres.",
      "Subrayó que, a través de la presente acción, se pretende lograr la restitución del inmueble que arbitrariamente le arrebató la sentencia que condenó a Yedro por su actuación a título personal, como funcionario público y no como gerente de la sociedad.",
      "b) El señor Fiscal de Estado de la provincia de Entre Ríos, Dr.",
      "Julio César Rodríguez Signes, luego de oponer la excepción de incompetencia, contestó la demanda.",
      "Reconoció que no existe mayor divergencia en la posición de las partes acerca de los hechos que conforman la plataforma fáctica de la causa y, entendió, que la controversia se suscita en torno a los efectos y alcances de tales hechos de acuerdo al enfoque sobre el derecho aplicable.",
      "Expresó que, sin perjuicio que no resultaba adecuado opinar acerca de lo resuelto en otra causa por un tribunal penal, no cabía dudas que aquél se encontraba habilitado para decretar el decomiso de los campos de la sociedad actora.",
      "Indicó que si bien el art. 23 (t.o. ley 23077) exceptuaba del decomiso los bienes \"que pertenecieren a un tercero no responsable\", ello no impide el decomiso de bienes que, siendo el producto del delito, hubieran pasado al patrimonio de terceros por actos que la sentencia condenatoria hubiera tenido por simulados. Agregó que, al momento de la adquisición de los bienes, la sociedad estaba exclusivamente constituida por las dos personas que luego fueron condenadas como autor y partícipe del delito de enriquecimiento ilícito.",
      "Reiteró que del contenido de la sentencia dictada en sede penal surge que la interposición de la sociedad -aquí actora- en la adquisición de los campos fue advertida por el tribunal y expresamente valorada como una maniobra simulada para burlar la ley.",
      "c) La sentencia de primera instancia (27/2/2023) rechazó la demanda por reinvidicación e impuso las costas a la vencida.",
      "d) Dicho fallo fue apelado por la parte actora.",
      "e) Como ya anticipara, la Sala en lo Civil y Comercial de Concepción del Uruguay rechazó el recurso de apelación deducido contra la sentencia del 27/2/2023.",
      "3.- El fallo dictado por el tribunal de apelaciones.",
      "El voto que comanda el acuerdo definió que la acción reivindicatoria nace de un derecho real que se tiene de cosas particulares que se ejercen por la posesión (art. 2248 CCC). De allí, que toda sentencia sobre el asunto \"DELRUBIO Y HUNMENDI S.R.L. C/ SUPERIOR GOBIERNO DE ENTRE RIOS S/ ORDINARIO ACCION REIVINDICATORIA\" - Expte. Nº debe fundarse en dos elementos: el derecho de poseer y la determinación de la cosa particular.",
      "Expresó que los requisitos para entablar la acción reivindicatoria son: a) derecho de poseer en el demandante, b) pérdida de la posesión en el actor;",
      "c) posesión actual del demandado; d) \"cosa\" en condiciones de ser objeto de posesión, para lo cual habrá de ser cosa presente y no futura y hallarse perfectamente determinada.",
      "Indicó que -tal como fue afirmado por la sociedad actora- a través del presente se cuestiona la validez del decomiso.",
      "Advirtió que no se puede soslayar que dicho cuestionamiento recae sobre una decisión que quedó firme. Que la CSJN se expidió al respecto (9/8/2011) -y haciendo suyos los argumentos del Sr. Procurador Fiscal- sostuvo que no podían prosperar los agravios relacionados al decomiso de las tres fracciones de campo Indicó que el modo en que se materializó el decomiso es un asunto ajeno, respecto del cual la parte actora carece de interés y no la habilita a recuperar el bien.",
      "Consideró que la actora perdió la legitimación para obrar porque la acción estaba sujeta al cumplimiento de una condición, esto es, al dictado de pronunciamiento adverso al decomiso, como presupuesto de la acción reivindicatoria.",
      "A mayor abundamiento, expresó que ni los socios ni la sociedad acreditaron haber tenido los fondos para adquirir el inmueble.",
      "Por su parte, el magistrado que votó en segundo lugar si bien adhirió a la solución propiciada, no compartió los fundamentos.",
      "Finalmente, el Dr. Tepsich adhirió al voto del vocal que comandó el acuerdo.",
      "Aun así, estimó importante advertir que el objeto del presente proceso no está dado exclusivamente por la pretensión reivindicatoria, sino que ella viene acumulada con la de: nulidad, ineficacia o inoponibilidad del decomiso decretado por la Sala Penal de la Cámara de Apelaciones de Concordia, la cual resulta inadmisible.",
      "Consideró que la pretensión petitoria de los inmuebles decomisados no puede quedar reunida en un mismo proceso con la pretensión nulificante; ello puesto que esta última no corresponde a la competencia civil y comercial. Que más allá de la conexidad que puedan exhibir, el instituto de la acumulación no tiene la virtualidad para generar desplazamientos de competencia por materia.",
      "Agregó además que la sentencia penal adquirió autoridad de cosa juzgada firme y ejecutoriada durante el transcurso de este proceso; sin que la \"DELRUBIO Y HUNMENDI S.R.L. C/ SUPERIOR GOBIERNO DE ENTRE RIOS S/ ORDINARIO ACCION REIVINDICATORIA\" - Expte. Nº sociedad reivindicante hubiese ocurrido por la vía pertinente ante el fuero penal para cuestionar y revertir la aplicación del comiso de tales bienes.",
      "En virtud de ello, concluyó que la reivindicante carece de condición legitimante necesaria para intentar la presente acción, en tanto el ius possidendi que titularizó sobre los bienes ya no existe, porque el decomiso produjo la extinción de su derecho real de dominio.",
      "Señaló que el art. 2610 del CC (aplicable en razón del art. 7 del CCC) establece que el dominio se pierde \"por la transmisión judicial... cualquiera que sea su causa, ejecución de sentencia, expropiación por necesidad o utilidad pública\".",
      "Que no hay dudas que, entre las figuras que cabe incluir en el elenco de la disposición referida, está el decomiso; ello puesto que se trata de una medida que implica la pérdida del derecho de propiedad o la privación de bienes por orden de una autoridad competente.",
      "4.- La parte actora interpuso recurso de inaplicabilidad de ley (6/2/2024).",
      "Luego de referir al cumplimiento de los requisitos de admisibilidad formal, funda su planteo. Denuncia que el fallo incurre en violación de la ley y de la doctrina legal de la Corte Suprema de Justicia de la Nación.",
      "a) En primer lugar refiere que el fallo dictado por la CSJN fue en respuesta a un recurso extraordinario interpuesto por el señor Yedro a título personal, pues en ese carácter fue condenado y nunca actuó como gerente o representante legal de la sociedad \"Del Rubio y Hunmendi SRL\".",
      "Que los efectos de la cosa juzgada son relativos y limitados. Solo alcanzan a las partes que intervinieron en el proceso, no a terceros ajenos, como -en el caso- es la sociedad actora. Asevera que lo resuelto por la Corte es inoponible a la sociedad. Concluye que el fallo es arbitrario por desconocer y violar el art. 2 de la ley 19550 y el art. 143 del CCC.",
      "b) Sostiene que es erróneo el argumento por el cual se afirmó que resultaba inadmisible invocar el desconocimiento de la sentencia por parte de la sociedad, porque sus socios, en especial el gerente, estuvieron informados del decisorio y no lo impugnaron en sede penal. Que resulta improcedente modificar los efectos y conclusiones del decisorio en este proceso civil ulterior.",
      "c) Critica el fallo en cuanto definió que la pretensión petitoria de los inmuebles rurales decomisados no puede quedar reunida en un mismo proceso con la pretensión nulificante, ya que esta última no corresponde al fuero civil y comercial.",
      "Asevera que este argumento es arbitrario porque el Superior Tribunal de Justicia resolvió que era la justicia civil la que debía entender en la \"DELRUBIO Y HUNMENDI S.R.L. C/ SUPERIOR GOBIERNO DE ENTRE RIOS S/ ORDINARIO ACCION REIVINDICATORIA\" - Expte. Nº acción reivindicatoria, sin distinguir respecto de la nulidad del decomiso.",
      "d) También pone en crisis que se haya concluido que la inscripción dominial fue legalmente realizada por el Estado. Que el decomiso es insuficiente para transferir el dominio que titularizaba la sociedad, porque los condenados lo fueron a título personal y ellos no eran los propietarios del campo.",
      "Sostiene que es claro que no existió título suficiente para dar de baja la inscripción dominial a nombre de la sociedad y registrar el inmueble bajo titularidad del gobierno de la provincia. Expresa que dicha transmisión fue producto de un acto antológico de barbarismo jurídico que, en un estado de derecho, no se puede convalidar.",
      "Que la nulidad de dicho acto registral no queda purgada por el paso del tiempo, porque se violó el orden público; porque el documento notarial no cumplía los requisitos legales necesarios para poder ingresar al Registro. En virtud de lo cual, reitera su declaración de nulidad.",
      "Sostiene que esta acción comprende la nulidad aquí instrumentada contra la inscripción registral.",
      "Agrega que esa maniobra no puede ser pasada por alto. Que no puede ser argumento suficiente la circunstancia formal de haber interpuesto un recurso que no correspondía, porque mediando situaciones de gravedad institucional no corresponde extremar el rigor formalista.",
      "Finalmente hace reserva del caso federal y peticiona.",
      "5.- La parte demandada contestó el traslado (1/3/2024) y la Cámara concedió el recurso de inaplicabilidad de ley instado, con efecto suspensivo (30/4/2024).",
      "6.- Sintetizados los antecedentes relevantes para la definición de la cuestión traída a juzgamiento entiendo pertinente recordar que el análisis preliminar de admisibilidad, previsto expresamente en nuestro ordenamiento procesal, indica que cuando el medio de impugnación se interpuso ante el mismo organismo jurisdiccional que dictó la resolución recurrida aquél sea llevado a cabo en dos oportunidades. La primera por la Cámara, que analiza el cumplimiento de los requisitos formales de admisibilidad y de fundabilidad del planteo recursivo (arts. 276, 280 y 281 del CPCC), y la segunda por esta Sala.",
      "Conforme a las exigencias técnicas del recurso se debe efectuar el directo cuestionamiento de la sentencia definitiva de segunda instancia del cual derive una crítica y un ataque pertinentes a su fundamentación, que demuestren la errónea aplicación de la ley y/o doctrina legal emanada de este tribunal.",
      "No obstante la literalidad de la norma, se admite por vía jurisprudencial el análisis de cuestiones de hecho y prueba reservadas en principio a la magistratura de las instancias ordinarias, cuando se alegue y demuestre \"DELRUBIO Y HUNMENDI S.R.L. C/ SUPERIOR GOBIERNO DE ENTRE RIOS S/ ORDINARIO ACCION REIVINDICATORIA\" - Expte. Nº absurdidad o arbitrariedad en su valoración.",
      "7.- Al amparo de tales consideraciones ingreso al tratamiento del objeto de debate.",
      "En tal cometido advierto que la querella, a través de la pieza recursiva, disiente con la solución en revisión respecto de las pretensiones introducidas por su parte. Sin embargo, aquellas disgresiones pasan por alto los argumentos que estructuraron la decisión recurrida.",
      "La accionante intenta imponer una postura subjetiva por sobre el examen del derecho aplicable a las constancias de la causa, conforme fue detallado en la sentencia dictada por la cámara de apelaciones.",
      "En particular, verifico que la recurrente soslaya las líneas argumentales esenciales del fallo en revisión y reedita expresiones ya vertidas en ocasión de expresar agravios.",
      "De manera notoria observo la reiteración de alegaciones referidas a lo que define como una convalidación irregular de la inscripción dominial del predio rural decomisado. Las páginas identificadas con los números 6, 7, 8 y 9 del escrito recursivo contienen repeticiones textuales ya desarrolladas con motivo del recurso deducido contra el fallo dictado en primera instancia -adverso a sus intereses-. Con lo cual, tales argumentos ya fueron introducidos y analizados en la instancia ordinaria.",
      "Advierto un palmario desentendimiento respecto del ataque que la recurrente debió dirigir contra los argumentos del fallo por los cuales se confirmó la solución desestimatoria. Esto es:",
      "a) la omisión de acreditar los presupuestos que hacen a la procedencia de la acción intentada, en particular el derecho de poseer;",
      "b) la improcedencia de la declaración de ineficacia o nulidad de la decisión adoptada en sede penal, a través de la cual se dispuso el decomiso de los inmuebles que se pretenden reivindicar;",
      "c) la falta de legitimación para obrar dado que, su procedencia, estaba condicionada a un pronunciamiento adverso relativo al decomiso, lo que no aconteció;",
      "d) que la sentencia penal adquirió autoridad de cosa juzgada firme y ejecutoriada durante el transcurso del presente proceso;1 e) que el dominio se pierde por transmisión judicial (art. 2610 CC) y que el decomiso es una figura que cabe incluir en el elenco de esta disposición;",
      "f) que como reverso de la moneda, el decomiso es un modo de adquisición del dominio para el Estado.",
      "En definitiva, una verdadera labor impugnativa -que habilite la 1La cámara de apelaciones indicó que la actora insiste en cuestionar una decisión que quedó firme ya que la Corte Suprema de Justicia de la Nación se expidió al respecto (9/8/2011).",
      "\"DELRUBIO Y HUNMENDI S.R.L. C/ SUPERIOR GOBIERNO DE ENTRE RIOS S/ ORDINARIO ACCION REIVINDICATORIA\" - Expte. Nº instancia de revisión extraordinaria- no se debe limitar a denunciar las eventuales injusticias o errores que el fallo recurrido pudiere contener. Contrariamente a ello, debe señalar -con argumentos concretos- y poner en evidencia, en qué consiste la violación o la aplicación errónea de la ley o de la doctrina legal que se atribuye al fallo cuestionado y que le dan la razón a quien protesta.",
      "La edición de argumentaciones circulares, la simple discrepancia con el contenido sentencial, la omisión de incorporar motivos casatorios y explicar por qué entiende que el fallo erró al aplicar el derecho, se presentan como obstáculos al momento de habilitar esta vía de revisión extraordinaria.",
      "8.- Por consiguiente, atento las razones brindadas precedentemente, corresponde declarar la inadmisibilidad del recurso de inaplicabilidad de ley, con costas a la vencida (art. 65 del CPCC). ASÍ VOTO.",
      "A LA PRIMERA CUESTIÓN PROPUESTA LA SRA.",
      "Considerando la actividad desarrollada para abrir la instancia extraordinaria y la probable dedicación temporal en el desempeño profesional del servicio, corresponde fijar los honorarios profesionales en el 50 % de los honorarios que se establezcan por la labor en primera instancia, encomendando su cálculo a la judicatura de origen (arts. 3, 64 y 94 de la ley 7046 modif. por ley 11.141). ASÍ VOTO.",
      "A LA SEGUNDA CUESTIÓN PROPUESTA LA SRA."
    ],
    "VOCAL LAURA MARIANA SOAGE DIJO": [
      "Adhiero al voto emitido por la Sra. Vocal preopinante. ASÍ VOTO.",
      "A LA SEGUNDA CUESTIÓN PROPUESTA LA SRA.",
      "Adhiero al voto de la Sra. Vocal Gisela Schumacher. ASÍ VOTO.",
      "Por último, habiendo mayoría de opiniones, EL SR. VOCAL EN EJERCICIO DE LA PRESIDENCIA DEL STJ, LEONARDO PORTELA, se abstiene de votar y firmar la presente resolución con arreglo a lo dispuesto por el art. 33 de la LOPJ, texto según ley 10.704.",
      "Con lo que no siendo para más se da por finalizado el acto quedando acordada la siguiente sentencia:",
      "Paraná, 27 de diciembre de 2024."
    ],
    "Y VISTO": [
      "Por los fundamentos del acuerdo que antecede se,"
    ],
    "RESUELVE": [
      "DECLARAR INADMISIBLE el recurso de inaplicabilidad de ley deducido en fecha 6/2/2024, respecto de la resolución de la Sala Civil y Comercial \"DELRUBIO Y HUNMENDI S.R.L. C/ SUPERIOR GOBIERNO DE ENTRE RIOS S/ ORDINARIO ACCION REIVINDICATORIA\" - Expte. Nº de la Cámara de Apelaciones de Concepción del Uruguay dictada en fecha 21/12/2023.",
      "IMPONER costas a la vencida (art. 65 del CPCC).",
      "FIJAR los honorarios profesionales correspondientes a esta instancia extraordinaria, en el 50 % de los honorarios que se establezcan por la labor en primera instancia, encomendando su cálculo a la judicatura de origen (arts.",
      "3, 64 y 94 de la ley 7046 modif. por ley 11.141).",
      "Tener presente la reserva del caso federal.",
      "Notifíquese conforme arts. 1º y 4º Ac. Gral. 15/18 SNE, regístrese y oportunamente devuélvase.",
      "Ante mí. En igual fecha se registró. Asimismo, se deja constancia que la presente se suscribe mediante firma digital -Acuerdo Gral. 11/20 del 23-6-2020, Punto 4°) prescindiéndose de su impresión en formato papel."
    ]
  }
}