{
  "METADATOS": {
    "ID_FALLO": "8544",
    "MES": "12",
    "ARTICULOS_CITADOS": {
      "citations": [
        {
          "main_source": "Código Procesal Civil y Comercial (CPCC)",
          "cited_articles": [
            460,
            285,
            68,
            161,
            160,
            276,
            280,
            281,
            276,
            277,
            160,
            31
          ],
          "extra": "inciso 4, inciso 5º"
        },
        {
          "main_source": "Código Civil y Comercial (CCC)",
          "cited_articles": [
            772
          ],
          "extra": null
        },
        {
          "main_source": "Ley 7046",
          "cited_articles": [
            39
          ],
          "extra": null
        },
        {
          "main_source": "Ley 10.704",
          "cited_articles": [
            33
          ],
          "extra": "LOPJ, texto según ley 10.704"
        },
        {
          "main_source": "Acuerdo General 15/18 SNE",
          "cited_articles": [
            1,
            4
          ],
          "extra": "conforme arts. 1º y 4º"
        },
        {
          "main_source": "Acuerdo General 11/20",
          "cited_articles": [],
          "extra": "del 23-6-2020"
        },
        {
          "main_source": "Corte Suprema de Justicia de la Nación (CSJN)",
          "cited_articles": [
            307588,
            3081076,
            3391691,
            346634,
            3471360,
            316224,
            3304903,
            3442835
          ],
          "extra": null
        }
      ]
    }
  },
  "MATERIA_PRELIMINAR": "INCIDENTE DETERMINACION BASE ECONOMICA",
  "IDEA_CENTRAL": "### IDEA CENTRAL DEL FALLO\n\n**Decisión Judicial Principal:**\nEl Tribunal declaró **inadmisible** el recurso de inaplicabilidad de ley interpuesto por Julia Teresa Villanova, en relación con la resolución de la Cámara de Apelaciones que estableció la base económica del juicio en $1.014.234.886,08.\n\n**Fundamento Legal:**\nLa decisión se basa en la falta de cumplimiento de los requisitos de fundamentación del recurso, así como en la correcta aplicación de la doctrina legal vigente sobre la determinación de la base económica, específicamente en relación con la cotización del dólar y la inclusión de un porcentaje del inmueble en cuestión.\n\n### Aspectos Legales Relevantes:\n1. **Código Procesal Civil y Comercial**: Se citan los artículos 276, 280, 281, 285, 460, 68, 160, y 161, que regulan la admisibilidad de recursos, la determinación de costas, y la valoración de pruebas.\n2. **Doctrina Legal**: Se hace referencia a precedentes como \"Dutruel\" y \"Guidoni\", que establecen criterios sobre la conversión de valores en moneda extranjera.\n\n### Razonamiento del Tribunal:\nEl Tribunal argumentó que el recurso de inaplicabilidad no cumplía con los requisitos formales y que las críticas de Villanova eran meras discrepancias subjetivas con la decisión de la Cámara. Se destacó que la inclusión del inmueble y la aplicación del dólar oficial fueron decisiones correctas, alineadas con la doctrina establecida. Además, se consideró que la imposición de costas fue adecuada, dado el vencimiento parcial de las partes en el litigio.\n\n### Conclusión:\nEl fallo reafirma la importancia de la correcta fundamentación en los recursos judiciales y la aplicación coherente de la doctrina legal en la determinación de bases económicas en litigios, asegurando que las decisiones se alineen con los principios de seguridad jurídica y congruencia.",
  "CONTENIDO": {
    "INICIO": [
      "\"RODRIGUEZ LUIS ANTONIO Y OTRO C/ VILLANOVA JULIA TERESA S/ INCIDENTE DETERMINACION BASE ECONOMICA\" - Expte. Nº 8544"
    ],
    "ACUERDO": [
      "En la ciudad de Paraná, capital de la provincia de Entre Ríos, a los doce días del mes de diciembre del año dos mil veinticuatro reunidos los integrantes de este Tribunal asistidos por el Secretario autorizante, para conocer el recurso de inaplicabilidad de ley deducido en fecha 22/3/2024 en las actuaciones: \"RODRIGUEZ LUIS ANTONIO Y OTRO C/ VILLANOVA JULIA TERESA S/ INCIDENTE DETERMINACION BASE ECONOMICA\" - Expte. Nº 8544, respecto de la resolución de la Sala Civil y Comercial de la Cámara de Apelaciones de Concepción del Uruguay dictada en fecha 5/3/2024. Que la votación debe tener lugar en el siguiente orden: Sra. Vocal Gisela N.",
      "Schumacher; Sra. Vocal Claudia M. Mizawak y Sr. Vocal Leonardo Portela.",
      "Estudiados los autos, la Sala se planteó la siguiente cuestión: ¿qué corresponde resolver respecto del recurso de inaplicabilidad de ley interpuesto?.",
      "A LA CUESTIÓN PROPUESTA LA SRA. VOCAL GISELA N."
    ],
    "SCHUMACHER DIJO": [
      "1.- La sentencia de primera instancia (1/11/2023) rechazó las impugnaciones efectuadas por Julia Teresa Villanova, y determinó como base económica a la fecha de esa decisión la suma de $ 1.629.233.588,01; impuso las costas de la incidencia íntegramente a Julia Teresa Villanova por resultar vencida en sus impugnaciones; y dispuso que firme que quede esa decisión vuelva el expediente a despacho conjuntamente con el principal, para regular los honorarios profesionales de los actuantes en este incidente y en aquellas actuaciones.",
      "2.- Julia Teresa Villanova dedujo recurso de apelación (10/11/2023 y expresión de agravios del 22/11/2023).",
      "3.- En tarea de resolver la impugnación articulada, la Cámara de Apelaciones de Concepción del Uruguay, Sala Civil y Comercial, hizo lugar al recurso de apelación, revocó la decisión recurrida, estableció la base económica en la suma de $ 1.014.234.886,08 a la fecha de esa resolución, e impuso las costas de ambas instancias en el orden causado (sentencia del 5/3/2024).",
      "Para así decidir la alzada rechazó el agravio contra los valores de los inmuebles detallados en la pericia de tasación, mediante el cual la apelante invocó el apartamiento de lo dispuesto por el artículo 460 del Código Procesal Civil y Comercial y que no se respetaron las operaciones técnicas detalladas y los principios científicos en que se funda, pues consideró que el perito tasador efectuó una descripción de las características, ubicación, condiciones, valor y demás datos de interés respecto de los inmuebles tasados, detallando las circunstancias que consideró relevantes para el cumplimiento de su labor, quien, como especialista en la materia designado jurisdiccionalmente, justificó las partidas monetarias establecidas con base en sus conocimientos técnicos y del mercado.",
      "Refirió que el perito, como sujeto idóneo, brindó su dictamen con solvencia científica, con respaldo en sus conocimientos técnicos, revistiendo suma relevancia sus conclusiones en tanto asesora sobre temas que normalmente escapan a la \"RODRIGUEZ LUIS ANTONIO Y OTRO C/ VILLANOVA JULIA TERESA S/ INCIDENTE DETERMINACION BASE ECONOMICA\" - Expte. Nº 8544 formación profesional del magistrado.",
      "Indicó que si bien el juez de la anterior instancia redujo el importe establecido en la pericia, existiendo solamente agravios invocando que los valores correspondientes resultan altos, corresponde desestimar el recurso en este aspecto.",
      "En cuanto a las cuestiones relativas a la inclusión del inmueble matrícula 5600 en la tasación y la falta de citación del señor Celestino Miguel Caballier como tercero en este proceso, aludió que las mismas no fueron planteadas en primera instancia, encontrándose por ello vedado su análisis por ese tribunal, dado que de lo contrario se violaría el principio de congruencia.",
      "Expresó que asiste razón a la apelante respecto que no corresponde computar como base económica la totalidad del inmueble 5.600, en tanto solamente fue materia de esta acción de reducción el 11,44% del mismo, y dicho porcentaje representa el interés jurídicamente comprometido a los fines de la regulación de honorarios, por resultar la repercusión pecuniaria de los actos jurídicos cuestionados.",
      "Asimismo, acogió favorablemente los agravios contra la cotización del dólar estadounidense a valor del dólar \"MEP\" utilizada por el sentenciante de origen para la conversión de los importes establecidos en dólares estadounidenses en la tasación presentada por el perito, pues la decisión recurrida se apartó de la doctrina legal vigente y obligatoria aplicable al caso, sentada por la Sala Civil y Comercial en el caso \"Guidoni\", Nº 8810, sentencia del 28/6/2023, en el que por mayoría se estableció que la cotización que debe tenerse en cuenta para pesificar la base económica del juicio a los fines regulatorios es la del dólar oficial tipo vendedor que informa el Banco de la Nación Argentina a la fecha del pronunciamiento, debiendo adoptarse dicho criterio en la presente, en función de lo establecido en el artículo 285 del Código Procesal Civil y Comercial.",
      "Finalmente, explicitó que en atención al vencimiento parcial operado respecto de las diversas cuestiones sometidas a decisión jurisdiccional, las costas de ambas instancias son por el orden causado (artículo 68 del Código Procesal Civil y Comercial).",
      "4.- Julia Teresa Villanova interpuso recurso de inaplicabilidad de ley (22/3/2024).",
      "Dijo que la decisión recurrida tiene efecto de sentencia definitiva, es decir que causa un perjuicio irreparable a su parte, sin reparación en ulterior instancia o proceso.",
      "Tildó de arbitrarios e incongruentes los fundamentos del veredicto, lo que lleva a una nulidad y arbitrariedad extremas.",
      "Denunció violación del artículo 161 del Código Procesal Civil y Comercial y su expresa remisión al artículo 160 del mismo cuerpo legal, como también una directa violación al artículo 31, inciso 4 de dicho ordenamiento.",
      "Arguyó que se estableció una clara reformatio in peius (que significa una reforma en perjuicio de la parte recurrente).",
      "Adujo que eso se vislumbra por cuanto el tribunal debió al revocar el decisorio de origen aplicar el índice valor dólar oficial del momento de la sentencia de \"RODRIGUEZ LUIS ANTONIO Y OTRO C/ VILLANOVA JULIA TERESA S/ INCIDENTE DETERMINACION BASE ECONOMICA\" - Expte. Nº 8544 primera instancia, el cual a dicha fecha (1/11/2023), se encontraba en $367,94.",
      "Hizo notar lo absurdo y arbitrario del fallo que en la instancia de origen se aplicó equivocadamente el dólar MEP a $860,79 y en la ahora sentencia apelada se aplica el dólar oficial a $864 (un valor mayor al de origen), claramente perjudicando a la parte apelante.",
      "Manifestó que se efectuó una errónea aplicación de la doctrina emanada del Superior Tribunal de Justicia en el expediente \"Dutruel\".",
      "Objetó la inclusión de la matrícula 5.600, ya que ese inmueble fue declarado reducible y por consiguiente no puede considerarse \"rechazado\".",
      "Impugnó la aplicación de costas con el fundamento de que es grave que el tribunal se aparte de lo dispuesto en el artículo 65 del Código Procesal Civil y Comercial sin dar explicaciones de dicha conducta.",
      "Hizo reserva del caso federal.",
      "5.- La contraria contestó el traslado oportunamente ordenado. Solicitó, por los motivos que expuso, el rechazo del recurso de inaplicabilidad de ley incoado, con expresa imposición de costas (11/4/2024).",
      "6.- La Cámara de Apelaciones concedió el recurso de inaplicabilidad de ley, con efecto suspensivo (14/5/2024).",
      "7.- Sintetizados los antecedentes relevantes para la definición de la cuestión sometida a juzgamiento recuerdo que el análisis preliminar de admisibilidad, previsto expresamente en nuestro ordenamiento procesal, indica que cuando el medio de impugnación se interpuso ante el mismo organismo jurisdiccional que dictó la resolución recurrida aquél sea llevado a cabo en dos oportunidades, la primera por la Cámara que analiza el cumplimiento de los requisitos formales de admisibilidad y de fundabilidad del planteo recursivo (artículos 276, 280 y 281 del Código Procesal Civil y Comercial), y la segunda por esta Sala.",
      "Conforme a las exigencias técnicas del recurso se debe efectuar el directo cuestionamiento de la sentencia definitiva de segunda instancia del cual derive una crítica y un ataque pertinentes a su fundamentación, que demuestren la errónea aplicación de la ley y/o doctrina legal emanada de este tribunal.",
      "No obstante la literalidad de la norma, se admite por vía pretoriana el análisis de cuestiones de hecho y prueba reservadas en principio a la magistratura de las instancias ordinarias, cuando se alegue y demuestre absurdidad o arbitrariedad en su valoración.",
      "8.- Bajo tales consideraciones ingreso directamente al tratamiento de las cuestiones traídas a juzgamiento.",
      "En dicho cometido advierto que la querella incumplió con la carga impuesta por el artículo 280, segundo párrafo, del código procesal civil y comercial, lo que obsta a la habilitación de la revisión casatoria introducida.",
      "En efecto, si bien la resolución recurrida presenta visos de definitividad en \"RODRIGUEZ LUIS ANTONIO Y OTRO C/ VILLANOVA JULIA TERESA S/ INCIDENTE DETERMINACION BASE ECONOMICA\" - Expte. Nº 8544 tanto señaló los parámetros y fijó la base económica que deberá ser tenida en cuenta para la cuantificación de los honorarios profesionales, y con ello precluye el debate sobre la temática (artículos 276 y 277 del código procesal civil y comercial), observo que las críticas proferidas por la recurrente muestran una discrepancia subjetiva con lo decidido, que incluso chocan con los propios actos desplegados por aquélla al emprender el sendero recursivo.",
      "Arribo a esta última conclusión en tanto la mentada \"reforma en perjuicio de la impugnante\" no es tal, puesto que la alzada efectivamente receptó el agravio formulado por la -entonces- apelante respecto de la aplicación del criterio sentado por este tribunal en la causa \"Dutruel\"1, reiterado en \"Beltrán\"2, (aplicables también a los efectos arancelarios, tal como lo especifiqué al emitir mi voto en el caso \"Guidoni\"3).",
      "En otras palabras, la señora Villanova expresamente se agravió de la aplicación de la unidad \"dólar mep\" como factor de conversión en la determinación de la base económica, con expresa petición de la aplicación del citado precedente \"Dutruel\" (escrito de expresión de agravios del 22/11/2023), lo que fue acogido y aplicado por la alzada.",
      "1STJER, Sala Nº 2, \"Dutruel Hector Homar c/ Rossier Carlos Ernesto y otra s/ ejecutivo\", Nº 8518, sentencia del 30/5/2022.",
      "2STJER, Sala Nº 2, \"Beltran Silvia Mirian c/ Muchiutti Orlando Ramón s/ ejecutivo\", Nº 8569, sentencia del 14/11/2022.",
      "3STJER, Sala Nº 2, \"Guidoni Fernando Martín c/ Bire Guillermo Humberto s/ preparación de la vía monitoria (sumarísimo)\", Nº 8810, sentencia del 28/6/2023.",
      "En dicho temperamento, mal puede objetarse la decisión de aplicar el parámetro \"dólar oficial\" con arreglo a avatares financieros que ahora no favorecerían a la apelante, puesto que la correcta aplicación del derecho (artículo 772 del Código Civil y Comercial) no puede quedar sujeta a conveniencias efímeras de las partes.",
      "Mismas apreciaciones le caben a la inclusión del 11,44% del inmueble matrícula 5.600, pues fue una de las opciones de solución que la recurrente barajó ante la alzada al disconformarse con la sentencia de primera instancia.",
      "Por último, el embate en contra de la imposición de costas adolece de un ataque certero, en tanto las razones de su imposición por el orden causado fueron debidamente fundadas en el veredicto cuestionado, y, según dicha tesis, acorde al resultado arribado.",
      "Sin perjuicio de ello entiendo que en la materia no corresponde la imposición de costas causídicas, por cuanto la discusión versa sobre la determinación de la base económica a estrictos efectos arancelarios, lo que tiene origen alimentario y, según mi posición, la cuestión también podría ser discutida a través del recurso de inaplicabilidad de ley regulado por los artículos 112 y 113 de la Ley 7.046, cuyo trámite no prevé traslado.",
      "En consecuencia, razones de coherencia me llevan a adoptar tal solución que sólo será aplicable a las costas por la tramitación del recurso ante esta instancia, en tanto ello no fue objeto de ataque por la recurrente ni asunto que afecte el orden público.",
      "9.- Por consiguiente, propongo al acuerdo declarar la inadmisibilidad del recurso de inaplicabilidad de ley interpuesto por Julia Teresa Villanova, sin imposición de \"RODRIGUEZ LUIS ANTONIO Y OTRO C/ VILLANOVA JULIA TERESA S/ INCIDENTE DETERMINACION BASE ECONOMICA\" - Expte. Nº 8544 costas en esta instancia atento la materia sometida a discusión. ASÍ VOTO.",
      "A LA CUESTIÓN PROPUESTA LA SRA. VOCAL CLAUDIA M."
    ],
    "MIZAWAK DIJO": [
      "1.- Resumidos los antecedentes del caso en el voto que comanda este acuerdo, me remito a ello para evitar innecesarias reiteraciones e ingreso directamente al tratamiento de la cuestión traída.",
      "2.- Comparto con la colega preopinante que el recurso de inaplicabilidad de ley articulado debe ser declarado inadmisible por no satisfacer los requisitos de debida fundamentación.",
      "De su lectura sólo se avizora una discrepancia con lo resuelto, sin que se demuestre un supuesto de procedencia de la vía extraordinaria intentada.",
      "Considero importante destacar que la propia accionante, al momento de apelar, solicitó la aplicación de lo que entendió la doctrina vinculante de la Sala N° 2 del STJER en la causa “Dutruel” -que se tome la cotización del dólar estadounidense al valor oficial tipo vendedor que informa el Banco de la Nación Argentina y no al “MEP”-; se hizo lugar al agravio planteado -ver punto 8 del fallo de Cámara- y con ese parámetro se convirtieron los importes expresados en tal moneda al momento de esa resolución, estableciéndose la nueva base económica.",
      "Vale aclarar que esa operación debía hacerse ya que al receptarse esa y otra pretensión recursiva -inclusión del 11,44 % del inmueble matrícula 5600- se debía proceder a fijarla nuevamente.",
      "Si bien el monto al que se arribó fue mayor, esto se debió a circunstancias fácticas que exceden la aplicación del criterio -contingencias económicas, financieras, de mercado,- todo lo cual no puede entenderse como una violación al principio de congruencia, la seguridad jurídica ni un supuesto de reformatio in peius (reformar en perjuicio) .",
      "3.- Relativo a la pretendida impugnación de las costas, recuerdo que las cuestiones atinentes a su distribución, por ser una cuestión fáctica y de derecho procesal, resultan propias de los jueces de la causa y ajenas -como regla- a la instancia extraordinaria (CSJN, Fallos: 307:588; 308:1076; 339:1691; 346:634 y 347:1360).",
      "Sólo se puede incumplir esa regla si la decisión cuestionada contiene una fundamentación aparente, prescinde de la consideración de circunstancias relevantes del proceso, o no satisface la exigencia de validez de las sentencias que impone siempre la aplicación razonada del derecho vigente con adecuada referencia a los hechos comprobados de la causa (CSJN, Fallos: 316:224, 330:4903y 344:2835).",
      "En el fallo en crisis se fundamentó porqué se impusieron las mismas en el orden causado -por el vencimiento parcial operado respecto a las diversas cuestiones sometidas a decisión jurisdiccional-.",
      "Alega la recurrente “que todo lo que fue materia de apelación ha tenido favorable acogida, por lo que no resulta procedente disponer costas por su orden, \"RODRIGUEZ LUIS ANTONIO Y OTRO C/ VILLANOVA JULIA TERESA S/ INCIDENTE DETERMINACION BASE ECONOMICA\" - Expte. Nº 8544 debiendo imponer las mismas a la parte vencida, lo que así se deja solicitado” -ver pág. 8 del memorial agregado como mov. del 22/3/2024- (lo resaltado me pertenece).",
      "De la lectura de la sentencia cuestionada se advierte que se rechazaron dos planteos de la recurrente -ver puntos 5 y 6 de los considerandos- y se receptaron dos de sus pretensiones -ver puntos 7 (parcialmente en ese caso ya que fue conforme su pretensión subsidiaria: Aun en la peor circunstancia debió solo incluirse el 11,44% del inmueble D.R.",
      "(Sentencia del proceso principal) y no el total del inmueble…) y 8-, de lo que se advierte claramente que, a contrario de lo afirmado, no que todo lo que fue materia de apelación tuvo favorable acogida.",
      "Por ello, propicio se declare la inadmisibilidad del remedio articulado.",
      "4.- Respecto a las costas de esta instancia, no corresponde adjudicarlas en atención al parámetro actualmente previsto en el art. 39 de ley n° 7.046. ASÍ VOTO.",
      "A LA CUESTIÓN PROPUESTA EL SR. VOCAL LEONARDO"
    ],
    "PORTELA DIJO": [
      "1.- Que existe mayoría respecto de la cuestión principal, esto es, la determinación de la base económica del juicio. Por este motivo, me abstengo de emitir mi voto, de conformidad a lo dispuesto por el art. 33 de la LOPJ, texto según ley 10.704 2.- Que en relación a las costas, adhiero a la solución propuesta por la Dra. Schumacher.",
      "3.- Que no puedo dejar de advertir que el juez de primera instancia, al dictar el fallo en revisión, no reguló los honorarios de los profesionales intervinientes y difirió su tratamiento hasta que la sentencia quede firme.",
      "Esta decisión merece dos observaciones. La primera es que el magistrado no cumplió con el deber que le imponía el art. 160 inc. 8 del CPCC. De la norma no surge que las resoluciones deban contar con la nota de firmeza que informa el sentenciante.",
      "La segunda observación radica en la falta de concentración (art. 31, inc. 5º del CPCC), en un único acto, de las decisiones jurisdiccionales y el dispendio jurisdiccional que ello implica (factores temporales y económicos).",
      "En el caso que nos ocupa, ello implica que la causa vuelva a entrar a despacho para que se dicte una nueva sentencia interlocutoria y -en la hipótesis- la promoción de eventuales acciones recursivas. Insisto, dispendio jurisdiccional que debió evitarse. ASÍ VOTO.",
      "Con lo que no siendo para más se da por finalizado el acto quedando acordada la siguiente sentencia:",
      "Paraná, 12 de diciembre de 2024."
    ],
    "Y VISTO": [
      "Por los fundamentos del acuerdo que antecede se,"
    ],
    "RESUELVE": [
      "DECLARAR INADMISIBLE el recurso de inaplicabilidad de ley deducido en fecha 22/3/2024, respecto de la resolución de la Sala Civil y Comercial de la \"RODRIGUEZ LUIS ANTONIO Y OTRO C/ VILLANOVA JULIA TERESA S/ INCIDENTE DETERMINACION BASE ECONOMICA\" - Expte. Nº 8544 Cámara de Apelaciones de Concepción del Uruguay dictada en fecha 5/3/2024.",
      "Tener presente la reserva del caso federal.",
      "Notifíquese conforme arts. 1º y 4º Ac. Gral. 15/18 SNE, regístrese y oportunamente devuélvase.",
      "Ante mí. En igual fecha se registró. Asimismo, se deja constancia que la presente se suscribe mediante firma digital -Acuerdo Gral. 11/20 del 23-6-2020, Punto 4°) prescindiéndose de su impresión en formato papel."
    ]
  }
}