{
  "METADATOS": {
    "ID_FALLO": "8630",
    "MES": "12",
    "ARTICULOS_CITADOS": {
      "citations": [
        {
          "main_source": "Código Procesal Civil y Comercial (CPCC)",
          "cited_articles": [
            14,
            27
          ],
          "extra": "inc. 7"
        },
        {
          "main_source": "Código Procesal Civil y Comercial (CPCC)",
          "cited_articles": [
            14
          ],
          "extra": "inciso 7"
        },
        {
          "main_source": "Ley 10.704",
          "cited_articles": [
            33
          ],
          "extra": "texto según ley"
        },
        {
          "main_source": "Otro",
          "cited_articles": [
            33
          ],
          "extra": "LOPJ"
        },
        {
          "main_source": "Acuerdo General 15/18 SNE",
          "cited_articles": [
            1,
            4
          ],
          "extra": "conforme"
        },
        {
          "main_source": "Acuerdo General 11/20",
          "cited_articles": [],
          "extra": "del 23-6-2020"
        }
      ]
    }
  },
  "MATERIA_PRELIMINAR": "PREPARACION DE LA VIA MONITORIA (EJECUTIVO)",
  "IDEA_CENTRAL": "**IDEA CENTRAL DEL FALLO**\n\n**Decisión Judicial Principal:**\nEl tribunal resolvió rechazar la excusación formulada por el Sr. Vocal Carlos Federico Tepsich, permitiendo su continuidad en el caso y dejando sin efecto la integración dispuesta el 14 de noviembre de 2024.\n\n**Fundamento Legal:**\nLa decisión se basa en el análisis de las causales de excusación conforme a los artículos 14 inciso 7 y 27 del Código Procesal Civil y Comercial (CPCC). El tribunal determinó que no existía prejuzgamiento, ya que la intervención del vocal se limitaba a la regulación de honorarios de los profesionales en un recurso anterior.\n\n**Aspectos Legales Relevantes:**\n1. **Artículo 14 inciso 7 del CPCC:** Establece las causales de excusación por prejuzgamiento.\n2. **Artículo 27 del CPCC:** Regula las disposiciones sobre la competencia y el desplazamiento de jueces.\n3. **Artículo 33 de la Ley de Organización del Poder Judicial (LOPJ):** Relativo a la abstención de vocales en la toma de decisiones.\n\n**Razonamiento del Tribunal:**\nEl tribunal argumentó que las causales de excusación deben ser valoradas con rigor para evitar el desplazamiento de la competencia y garantizar que los juicios se tramiten ante los jueces naturales. En este caso, la intervención del vocal no comprometía la imparcialidad, dado que su rol se limitaba a la regulación de honorarios, lo que no configuraba un conflicto de interés.\n\n**Conclusión:**\nSe reafirma la importancia de mantener la continuidad de los jueces en los procesos judiciales, salvo en casos donde realmente se configure un conflicto que afecte la imparcialidad del juicio. La decisión busca asegurar la eficiencia y el correcto funcionamiento del sistema judicial.",
  "CONTENIDO": {
    "INICIO": [
      "\"MARANO WALTER G. C/ CHAULET RAUL ALBERTO S/ PREPARACION DE LA VIA MONITORIA (Ejecutivo)\"Expte. N° 8630 PARANÁ, 16 de diciembre de 2024."
    ],
    "VISTO Y CONSIDERANDO": [
      "La excusación formulada por el Sr. Vocal Carlos Federico Tepsich conforme los términos de los artículos 14 inc. 7 y 27 del CPCC, en razón de haber intervenido en las resoluciones del 25/11/2021, 20/12/2022, 21/9/2023, 14/12/2023.",
      "Ingresando al análisis y tratamiento de la excusación planteada, corresponde afirmar que en este caso no se configura el prejuzgamiento dispuesto en los términos del artículo 14 inciso 7 del CPCC, puesto que las presentes actuaciones arriban a este tribunal al solo efecto de pronunciarse sobre la regulación de honorarios de aquellos profesionales que actuaron en el recurso de inaplicabilidad de ley resuelto en su oportunidad.",
      "Si bien resulta loable la actitud del Sr. vocal interviniente, es sabido que las causales de excusación, en tanto importan el desplazamiento de la competencia, deben ser valoradas con estrictez, a fin de que en lo posible los juicios tramiten ante los jueces naturales y no se vea perturbado el funcionamiento de la organización judicial.",
      "Por ello, corresponde rechazar la excusación formulada por el Sr.",
      "Vocal Carlos Federico Tepsich y dejar sin efecto la integración dispuesta en fecha 14/11/2024 disponiéndose el cese de la intervención del Sr. Vocal, Miguel A.",
      "Giorgio.",
      "Por último, habiendo mayoría, EL SR. VOCAL EN EJERCICIO DE LA PRESIDENCIA DEL STJ, LEONARDO PORTELA, se abstiene de votar y firmar la presente resolución con arreglo a lo dispuesto por el art. 33 de la LOPJ, texto según ley 10.704.",
      "En consecuencia, se"
    ],
    "RESUELVE": [
      "RECHAZAR la excusación formulada por el el Sr. Vocal Carlos Federico Tepsich, dejar sin efecto la integración dispuesta en fecha 14/11/2024 y, en consecuencia, DISPONER el cese de la intervención del Sr. Vocal Miguel A.",
      "Giorgio; QUEDANDO INTEGRADA esta Sala con el Sr. Vocal Carlos Federico Tepsich, la Sra. Vocal Gisela N. Schumacher y el Sr. Vocal Leonardo Portela (art.",
      "33 LOPJ).",
      "Regístrese, notifíquese conforme arts. 1° y 4° Acordada 15/18 SNE y oportunamente vuelvan los autos a despacho.",
      "Ante mí. En igual fecha se registró. Asimismo, se deja constancia que la presente se suscribe mediante firma digital -Acuerdo Gral. 11/20 del 23-6-2020, Punto 4°) \"MARANO WALTER G. C/ CHAULET RAUL ALBERTO S/ PREPARACION DE LA VIA MONITORIA (Ejecutivo)\"Expte. N° 8630 prescindiéndose de su impresión en formato papel."
    ]
  }
}