{
  "METADATOS": {
    "ID_FALLO": "8935",
    "MES": "12",
    "ARTICULOS_CITADOS": {
      "citations": [
        {
          "main_source": "Ley 7046",
          "cited_articles": [
            30,
            3,
            5,
            14,
            26,
            63,
            64,
            94
          ],
          "extra": null
        },
        {
          "main_source": "Ley 10.704",
          "cited_articles": [
            33
          ],
          "extra": "texto según ley 10.704"
        },
        {
          "main_source": "Acuerdo General 15/18 SNE",
          "cited_articles": [
            1,
            4
          ],
          "extra": "conforme arts. 1º y 4º"
        },
        {
          "main_source": "Otro",
          "cited_articles": [
            28,
            114,
            29
          ],
          "extra": "Art. 28, artículo 114, Art. 29 de esta ley"
        }
      ]
    }
  },
  "MATERIA_PRELIMINAR": "SUMARISIMO",
  "IDEA_CENTRAL": "**IDEA CENTRAL DEL FALLO**\n\nEl fallo judicial en el caso \"ARRESEIGOR JOAQUIN MATIAS C/ HAIMOVICH HNOS CIA. SRL y OTROS S/ SUMARISIMO\" se centra en la regulación de honorarios profesionales por la actuación en un recurso de inaplicabilidad de ley. La decisión principal del tribunal es regular los honorarios a los abogados de la parte vencedora en la suma de $652.550,95, equivalentes a 11,58 juristas para cada uno, conforme a la ley arancelaria.\n\n**Fundamento Legal y Aspectos Relevantes**\n\nLa regulación de honorarios se basa en la Ley 7046, específicamente en los artículos 30, 28 y 114, que establecen los criterios para la determinación y notificación de honorarios. El tribunal aplica la escala general del artículo 30, considerando la base económica del juicio y el trabajo realizado por los letrados.\n\n**Razonamiento del Tribunal**\n\nEl tribunal determina que, dado el monto del juicio y la labor profesional efectuada, corresponde regular honorarios que reflejen adecuadamente el esfuerzo y la complejidad del caso. Se establece un cálculo que suma el monto base y un porcentaje adicional por el excedente, resultando en un total que se distribuye entre los abogados de la parte vencedora y los de la parte vencida, considerando la intervención plural de los profesionales.\n\nFinalmente, se aclara que no se regularán honorarios al letrado Eduardo A. Genoud, debido a un acuerdo previo. La decisión se fundamenta en la necesidad de garantizar una compensación justa y equitativa por los servicios legales prestados, cumpliendo con las disposiciones legales pertinentes.",
  "CONTENIDO": {
    "INICIO": [
      "\"ARRESEIGOR JOAQUIN MATIAS C/ HAIMOVICH HNOS CIA. SRL y OTROS S/ SUMARISIMO\" Expte. Nº 8935.",
      "PARANÁ, 19 de diciembre de 2024."
    ],
    "VISTO Y CONSIDERANDO": [
      "Que los autos \"ARRESEIGOR JOAQUIN MATIAS C/ HAIMOVICH HNOS CIA. SRL y OTROS S/ SUMARISIMO\" - Expte. Nº 8935, vienen a consideración de este Tribunal a los fines de regular honorarios por la actuación profesional en el recurso de inaplicabilidad de ley resuelto en fecha 26/12/2023.",
      "En dicha tarea, considerando la base económica del juicio y el monto del jurista al día de la fecha ($ 56.351,55), el valor a considerar a los fines regulatorios asciende 280,90 juristas.",
      "Por aplicación de la escala general del art. 30 de la ley arancelaria el máximo del grado inmediato anterior del monto a computar son 50 juristas (25% de 200 juristas) y valorando la labor desarrollada en esta instancia, el porcentaje que corresponde aplicar al excedente es el 20% de 80,90 juristas, estos son 16,18 juristas.",
      "Entonces 50 + 16,18= 66,18 juristas; es el monto que correspondería regular a la parte vencedora en primera instancia.",
      "De esta manera, por la labor en esta instancia extraordinaria ameritaría regular el 50% de 66,18 juristas al letrado de la parte vencedora y el 70% de esa suma a los letrados de la partes vencidas, teniendo en cuenta la intervención plural de los profesionales actuantes (arts. 3, 5, 14, 26, 63, 64 y 94 de la ley 7046).",
      "Finalmente, cabe destacar que no corresponde regular honorarios al letrado Eduardo A. Genoud, en virtud del acuerdo agregado en fecha 10/5/2024.",
      "Por último, habiendo mayoría de opiniones, EL SR. VOCAL EN EJERCICIO DE LA PRESIDENCIA DEL STJ, LEONARDO PORTELA, se abstiene de votar y firmar la presente resolución con arreglo a lo dispuesto por el art.",
      "33 de la LOPJ, texto según ley 10.704.",
      "En consecuencia, se"
    ],
    "RESUELVE": [
      "REGULAR los honorarios profesionales a los Dres. Matías Galimberti y Néstor Esteban Pincilotti por el recurso de inaplicabilidad de ley resuelto en la suma de pesos seiscientos cincuenta y dos mil quinientos cincuenta con noventa y cinco centavos ($ 652.550,95) equivalentes a 11,58 juristas, para cada uno.",
      "Notifíquese conforme arts. 1º y 4º Ac. Gral. 15/18 SNE, regístrese y oportunamente devuélvase.",
      "Ante mí. En igual fecha se registró. Asimismo, se deja constancia que la presente se suscribe mediante firma digital -Acuerdo Gral. 11/20 del 23-6-2020, Punto 4°) prescindiéndose de su impresión en formato papel.",
      "Existiendo regulación de honorarios a abogados y/o procuradores, cumpliendo con lo dispuesto por la ley 7046, se transcriben los siguientes los artículos:",
      "Art. 28: NOTIFICACIÓN DE TODA REGULACIÓN. Toda regulación de honorarios deberá notificarse personalmente o por cédula. Para el ejercicio del derecho al cobro del honorario al mandante o patrocinado, la notificación deberá hacerse en su domicilio real.",
      "En todos los casos la cédula deberá ser suscripta por el Secretario del Juzgado o Tribunal con transcripción de este artículo y del artículo 114 bajo pena de nulidad. No será necesaria la notificación personal o por cédula de los autos que resuelvan los reajustes posteriores que se practiquen por aplicación del artículo 114.",
      "Art. 114: PAGO DE HONORARIOS. Los honorarios regulados judicialmente deberán abonarse dentro de los diez (10) días de quedar firme los autos regulatorios. Los honorarios por trabajos extrajudiciales y los convenidos por escrito, cuando sean exigibles, se abonarán dentro de los diez (10) días de requerido el pago en forma fehaciente. Los honorarios calculados en la forma prevista en el Art. 29 de esta ley, devengarán intereses de pleno derecho, desde la mora y hasta el efectivo pago, los que serán fijados por el juez de la causa, siguiendo el mismo criterio que el utilizado para establecer la actualización de los valores económicos de la misma."
    ]
  }
}