{
  "METADATOS": {
    "ID_FALLO": "8977",
    "MES": "12",
    "ARTICULOS_CITADOS": {
      "citations": [
        {
          "main_source": "Ley 24.449",
          "cited_articles": [
            1,
            3,
            8,
            10,
            32,
            34,
            40
          ],
          "extra": "LEY DE DEFENSA CONSUMIDOR (LDC)"
        },
        {
          "main_source": "Código Civil y Comercial (CCC)",
          "cited_articles": [
            1112,
            263,
            342,
            1073,
            1074,
            1104,
            1105,
            1110,
            1111,
            1113
          ],
          "extra": ""
        },
        {
          "main_source": "Código Procesal Civil y Comercial (CPCC)",
          "cited_articles": [
            161,
            257,
            258,
            263,
            264,
            267,
            342,
            376
          ],
          "extra": ""
        },
        {
          "main_source": "Constitución Nacional (CN)",
          "cited_articles": [
            17,
            18,
            33,
            42,
            75
          ],
          "extra": "inc. 22"
        },
        {
          "main_source": "Convención Americana de Derechos Humanos (Pacto de San José de Costa Rica)",
          "cited_articles": [
            8,
            2
          ],
          "extra": "arts. 8.2, 25"
        },
        {
          "main_source": "Convención sobre los Derechos de las Personas Adultas Mayores",
          "cited_articles": [
            14
          ],
          "extra": "art. 14 del PICDCP"
        },
        {
          "main_source": "Ley 10.704",
          "cited_articles": [],
          "extra": ""
        },
        {
          "main_source": "Código Procesal Civil y Comercial (CPCC)",
          "cited_articles": [
            65
          ],
          "extra": ""
        },
        {
          "main_source": "Ley 7046",
          "cited_articles": [
            3,
            64,
            94
          ],
          "extra": "modif. por ley 11.141"
        },
        {
          "main_source": "Acuerdo General 11/20",
          "cited_articles": [],
          "extra": "del 23-6-2020"
        },
        {
          "main_source": "Acuerdo General 15/18 SNE",
          "cited_articles": [
            1,
            4
          ],
          "extra": ""
        }
      ]
    }
  },
  "MATERIA_PRELIMINAR": "SUMARISIMO (CIVIL) (LEY DE DEFENSA CONSUMIDOR)",
  "IDEA_CENTRAL": "### IDEA CENTRAL DEL FALLO\n\n**Decisión Judicial Principal:**\nEl Tribunal declaró procedente el recurso de inaplicabilidad de ley interpuesto por Claudio Fabián Manfroni Kergaravat, casando la resolución de la Cámara de Apelaciones que había desestimado su demanda contra Plan Rombo S.A. y GDA Automotores S.A. El caso fue devuelto a la instancia anterior para un nuevo pronunciamiento.\n\n**Fundamento Legal:**\nLa decisión se basa en la Ley de Defensa del Consumidor (Ley 24.240) y el Código Civil y Comercial (CCC), particularmente en los artículos que regulan la responsabilidad de los proveedores y el deber de información.\n\n**Aspectos Legales Relevantes:**\n1. **Ley de Defensa del Consumidor (LDC)**: Se invocan los artículos 3 y 40, que establecen la protección del consumidor y la responsabilidad de los proveedores por la información brindada.\n2. **Código Civil y Comercial (CCC)**: Se citan artículos sobre la naturaleza de los contratos (arts. 1073 y 1074) y el deber de información (art. 4 LDC).\n\n**Razonamiento del Tribunal:**\nEl Tribunal argumentó que la relación entre el consumidor y las co-demandadas no fue adecuadamente valorada por la Cámara de Apelaciones. Se destacó que el actor había probado su carácter de consumidor y que existía una aparente representación por parte de GDA Automotores, lo que implicaba la responsabilidad de Plan Rombo S.A. por las promesas realizadas durante la negociación. Se enfatizó que el deber de información no cesa tras la celebración del contrato, y que el consumidor no debe cargar con la prueba de las relaciones internas entre las empresas.\n\n**Conclusión:**\nEl fallo resalta la importancia de la protección al consumidor en relaciones contractuales complejas, reafirmando que las empresas deben responder por la información y promesas realizadas durante el proceso de contratación.",
  "CONTENIDO": {
    "INICIO": [
      "\"MANFRONI KERGARAVAT CLAUDIO FABIAN C/ PLAN ROMBO Y/U OTRO S/ SUMARISIMO (CIVIL) (LEY DE DEFENSA CONSUMIDOR)\" - Expte. Nº 8977"
    ],
    "ACUERDO": [
      "En la ciudad de Paraná, capital de la provincia de Entre Ríos, a los treinta días del mes de diciembre del año dos mil veinticuatro reunidos los integrantes de este Tribunal asistidos por el Secretario autorizante, para conocer el recurso de inaplicabilidad de ley deducido en fecha 18/9/2023 en las actuaciones:",
      "\"MANFRONI KERGARAVAT CLAUDIO FABIAN C/ PLAN ROMBO Y/U OTRO S/ SUMARISIMO (CIVIL) (LEY DE DEFENSA CONSUMIDOR)\" - Expte. Nº 8977, respecto de la resolución de la Sala Civil y Comercial de la Cámara de Apelaciones de Concepción del Uruguay dictada en fecha 1/9/2023.",
      "Que la votación debe tener lugar en el siguiente orden: Sra. Vocal Gisela N.",
      "Schumacher; Sr. Vocal Miguel A. Giorgio y Sr. Vocal Leonardo Portela.",
      "Estudiados los autos, la Sala se planteó las siguientes cuestiones:",
      "¿qué corresponde resolver respecto del recurso de inaplicabilidad de ley interpuesto? y, en su caso, ¿cómo deben regularse los honorarios profesionales en esta instancia?",
      "A LA PRIMERA CUESTIÓN PROPUESTA LA SRA."
    ],
    "VOCAL GISELA N. SCHUMACHER DIJO": [
      "1.- Que la actora interpuso recurso de inaplicabilidad de ley contra la resolución dictada por la Sala en lo Civil y Comercial de la Cámara de Apelaciones de Concepción del Uruguay (1/9/2023) que: a) rechazó el recurso de apelación interpuesto por la actora y b) hizo lugar al recurso de apelación deducido por la demandada Plan Rombo S.A. de ahorro para fines determinados y revocó la sentencia dictada el 4 de abril de 2023. Impuso costas por su orden y determinó un porcentaje para cuando se determinen los honorarios profesionales en la instancia de origen.",
      "2.- Los antecedentes de la causa.",
      "a) Claudio Fabián Manfroni Kergaravat promovió demanda por daños y perjuicios contra Plan Rombo S.A. y GDA Automotores S.A.",
      "Relató que suscribió un plan de ahorro para la adquisición de un automóvil marca Renault, modelo Oroch, 0 km. con la firma Plan Rombo S.A., por intermedio de la empresa GDA Automotores S.A. Indicó que el contrato se celebró a distancia, vía telefónica y medios electrónicos. Invocó su carácter de consumidor y solicitó la aplicación de la ley 24240 (en adelante LDC).",
      "Refirió a las condiciones de la contratación y, en particular, que accedió al plan porque se le ofreció y garantizó: 1º.- una cuota inicial de $ 5508 durante 5 meses fijas sin interés; y las restantes (84 el total) con un máximo de $ 7500; 2º.- retiros programados en cuotas 5, 7 y 10.",
      "Describió que abonó $ 13.000 en concepto de derecho de suscripción, reserva, seguros, gastos varios, etc. Que ese pago lo efectuó con tarjeta \"MANFRONI KERGARAVAT CLAUDIO FABIAN C/ PLAN ROMBO Y/U OTRO S/ SUMARISIMO (CIVIL) (LEY DE DEFENSA CONSUMIDOR)\" - Expte. Nº 8977 de crédito el 26/9/2017 y que se suscribió al débito automático con su tarjeta de crédito.",
      "El 2/10/2017 recibió un mail de GDA Automotores S.A en el que se adjuntó Formulario de solicitud de la suscripción, copia del contrato del plan de ahorros, factura del pago efectuado. Indica que debió firmarlo y volver a remitir por igual medio. Que en esa ocasión aclaró que no surgían expresamente las condiciones y bonificaciones ofrecidas y aceptadas por su parte.",
      "Que a través de un mail remitido por GDA Automotores S.A. se le informó el grupo y orden que le correspondía, información que confirmó en la página de Plan Rombo S.A.",
      "Que el 7/6/2018 remitió mail en el que manifestó la opción de usar el retiro programado en cuota 7. Aseveró que la empresa se negó a tomar su auto usado como parte de pago del 30% a abonar -conforme la promesa brindada antes de celebrar el contrato- y, por tal motivo desistió de retirar el vehículo.",
      "Que, en el mes de octubre cuando iba abonando solo 12 cuotas, el valor de ellas superaba la suma de $ 7.500, contrariando lo oportunamente ofrecido.",
      "Que el 14/5/2019 recibió una comunicación telefónica de una persona que dijo ser de \"Mónaco Autos\" [agencia que aparece de manera sorpresiva en el vínculo], a través de la cual se le informó que había salido adjudicado por sorteo, pero que debía abonar 5 cuotas puras para integrar 24 cuotas y que si no lo hacía tenía que pagar una multa.",
      "Que intentó comunicarse en innumerables cantidad de veces con Plan Rombo, y en todos los casos fue atendido por una máquina.",
      "Que el 15/5/2019 recibió un mail de parte de una persona que sería responsable de adjudicaciones de \"Mónaco Autos\", a través del cual le solicitaban información por estar procesándose una adjudicación que su parte nunca aceptó.",
      "Que a partir de entonces recibió incesantemente llamadas telefónicas de números con característica 011.",
      "Que el 22 de mayo de 2021 recibió una carta documento remitida por Grupo FAMG S.A. a través de la cual, tras referir al grupo y orden del contrato de adhesión, lo intimaban a que se comunique con la empresa, bajo apercibimiento de ser responsable de eventuales perjuicios. Que luego se comunicaron de Mónaco y le ofrecieron que, para no perder el plan, rechace la adjudicación y deje el plan en suspenso.",
      "Relató que luego de pedir explicaciones e información a la parte demandada y la ausencia de respuestas satisfactorias, remitió carta documento (28/5/2019) a Plan Rombo a través de la cual expresó su voluntad de revocar el contrato celebrado (art. 1112 CCC); sin perjuicio de resolverlo por \"MANFRONI KERGARAVAT CLAUDIO FABIAN C/ PLAN ROMBO Y/U OTRO S/ SUMARISIMO (CIVIL) (LEY DE DEFENSA CONSUMIDOR)\" - Expte. Nº 8977 incumplimiento. Intimó la restitución de la suma abonada a GDA Automotores S.A, con más las sumas abonadas hasta la cuota 20 inclusive (más intereses), con más daños y perjuicios.",
      "Describió que no recibió ninguna respuesta a dicha misiva y que al mes siguiente se le informó que estaba a disposición la próxima cuota con vencimiento el 12/8/2019.",
      "Que el 2/3/2021 llamaron desde Plan Rombo y le ofrecieron el recupero de las cuotas pagadas.",
      "Que, con carácter previo al reclamo judicial, concurrió a los organismos de defensa del consumidor sin obtener una respuesta favorable. Que le ofrecieron devolver la suma recién al finalizar el plan.",
      "b) La parte co-demandada, Plan Rombo S.A. de ahorro para fines determinados (en adelante Plan Rombo S.A.) contestó la demanda En el escrito de responde referenció a la legislación aplicable y el funcionamiento del sistema de planes de ahorro.",
      "Expresó que su parte es responsable de todo lo establecido en el contrato, pero que no lo es respecto de eventuales compromisos asumidos por el concesionario.",
      "En particular, negó que el actor haya suscripto un plan con GDA Automotores S.A., a quien desconoció. Señaló que el contrato se canalizó a través del Concesionario Renault E. Pourtau - Agente Grupo FAMG SA.",
      "Negó haber incumplido con el deber de información y de seguridad. Que en la solicitud de suscripción se incluye con claridad, todas y cada una de los derechos y obligaciones que cada parte asume.",
      "Solicitó la citación de Emilio Pourtau Hnos. S.A.I.C en su carácter de concesionario oficial que intervino en la solicitud de suscripción.",
      "Descartó la procedencia de los rubros indemnizatorios solicitados y del daño punitivo.",
      "c) La co-demandada GDA Automotores S.A. no tomó intervención en los presentes.",
      "d) Mediante resolución fechada el 22/4/2022 se desestimó la solicitud de intervención de tercero solicitada por Plan Rombo S.A.",
      "e) La sentencia de primera instancia (4/3/2023) hizo lugar, parcialmente, a la demanda promovida y condenó a Plan Rombo S.A. a abonar a Claudio F. Manfroni Kergaravat las sumas de: $ 420.560 en concepto de daño material, con más intereses y $ 200.000 en concepto de daño punitivo. Impuso costas y difirió la regulación de honorarios.",
      "f) Dicho fallo fue apelado por ambas partes.",
      "g) Como ya anticipara, la Sala en lo Civil y Comercial de la \"MANFRONI KERGARAVAT CLAUDIO FABIAN C/ PLAN ROMBO Y/U OTRO S/ SUMARISIMO (CIVIL) (LEY DE DEFENSA CONSUMIDOR)\" - Expte. Nº 8977 Cámara Concepción del Uruguay rechazó el recurso de apelación interpuesto por el actor e hizo lugar al deducido por la parte co-demandada. En consecuencia revocó en todas su partes la sentencia dictada el 4/4/2023 y desestimó la demanda.",
      "3.- El fallo -conformado en mayoría- dictado por el tribunal de apelaciones consideró que Plan Rombo S.A. recibió del concesionario Grupo FAMG (agente oficial Emilio Pourtau y Hnos. S.A.I.C.) la solicitud de adhesión al plan de ahorros.",
      "Que a partir de allí percibió las respectivas cuotas, siendo ajeno a las promesas que GDA Automotores hubiera realizado al actor; entendió que no se acreditó vinculación alguna entre ambas co-demandadas.",
      "Valoró que el actor reconoció que en el contrato no se incluyeron las promesas.",
      "Entendió probado que Plan Rombo sólo recibe adhesiones de los concesionarios de la marca.",
      "Consideró que la co-demandada es ajena a cualquier negociación entre la concesionaria y GDA Automotores y que resulta absurdo pretender que el primero involucre en las cuestiones que puedan haber convenido la concesionaria con GDA.",
      "En la ocasión se descartó la existencia de conexidad entre el contrato verbal celebrado por el consumidor adherente y GDA Automotores S.A. y la administradora, con intermediación del Grupo FAMG, y -eventualmente- descartó que de ello se derive la solidaridad.",
      "Se sostuvo que tampoco correspondía subsumir el asunto en la previsión del art. 40 LDC.",
      "4.- La parte actora interpuso recurso de inaplicabilidad de ley (18/9/2023).",
      "Luego de referir al cumplimiento de los recaudos de admisibilidad formal de la vía, funda su planteo. Para ello descalifica a la sentencia recurrida y le endilga: a) violación y/o errónea aplicación de la ley (arts. 161, 257, 258, 263, 264, 267, 342, 344, 376 ss. y cc. del CPCC; arts. 1, 2, 3, 269, 313, 314, 1073, 1074, 1092/1095, 1104, 1105, 1110, 1111, 1113 ss. y cc. del CCC; arts. 1,/3, 8 bis, 10 ter, 32/34, 40 ss. y cc. de la LDC; 17, 18, 33, 42 y 75 inc. 22 de la CN; 8.2, 25 de la CADH, 14 del PICDCP y demás tratados de derechos humanos con jerarquía constitucional); y b) absurdidad y arbitrariedad.",
      "a) Cuestiona que el fallo haya concluido que no se acreditó vinculación alguna entre GDA Automotores y Plan Rombo.",
      "Refuta que el voto mayoritario haya resuelto que la suscripción al plan de ahorros haya sido celebrado con el Grupo FAMG -agente oficial Emilio Pourtau y Hnos. SAIC- y no con GDA, fundando tal aseveración en \"la \"MANFRONI KERGARAVAT CLAUDIO FABIAN C/ PLAN ROMBO Y/U OTRO S/ SUMARISIMO (CIVIL) (LEY DE DEFENSA CONSUMIDOR)\" - Expte. Nº 8977 documentación agregada a la causa\"; sin explicar ni individualizar a qué documentación refiere, ni analizar toda la demás prueba documental y de otra naturaleza producida en la causa. Sostiene que la prueba rendida llega a una conclusión contraria.",
      "Resalta que su parte negó la autenticidad de la documental presentada el 30/9/2021 por la demandada (documental 2).",
      "Advierte que la accionada no explicó de qué forma el \"supuesto intermediario\" se habría contactado con su parte, en qué momento, de qué manera se estampó la supuesta firma que se le atribuye. Indica que no ofreció prueba caligráfica en subsidio porque, de hacerlo, habría quedado en evidencia la comisión de un delito penal.",
      "Sostiene que el fallo no es un acto jurisdiccional válido, no está debidamente fundado, no precisa a qué prueba documental refiere, no analiza ni valora la restante prueba producida en los presentes; siendo todas ellas causales de arbitrariedad de la sentencia.",
      "Postula que el fallo impugnado llega a una conclusión alejada totalmente de las constancias de la causa y que proviene de la mera voluntad de los jueces. Señala que Plan Rombo no pudo acreditar la presencia del \"supuesto intermediario\" que invoca. Subraya que sobre la parte demandada recae un deber muy especial de información por su carácter de proveedor y, pese a ello, no ha explicado cómo se formó el consentimiento entre las partes. Que la prueba permite concluir todo lo contrario.",
      "Reitera que el tribunal le dio fuerza probatoria a un documento negado por su parte. Que está clarísimo que el intermediario era la empresa co-demandada, GDA Automotores S.A., y que ello se acreditó con la prueba rendida, a saber: mails intercambiados, cuya existencia, autenticidad y contenido fue probado a través del informe pericial de la licenciada en informática (28/6/2022); factura emitida por GDA y el cargo en el resumen de la tarjeta identificado con el nombre de dicha empresa - primera cuota Plan Oroch, que fue confirmada por la AFIP (22/5/2022) y el Banco Hipotecario (23/5/2022).",
      "Asevera que no hay ninguna duda que fue la empresa GDA por intermedio de la cual se le vendió el plan de ahorros en cuestión.",
      "Refiere que durante toda la discusión prejudicial (intercambio epistolar, reclamos ante organismos administrativos de defensa del consumidor y mediación previa), la co-demandada Plan Rombo S.A. jamás negó la participación de GDA Automotores S.A.; en tanto pesaba sobre ella la obligación de expedirse e informar al consumidor, conforme lo establecen los arts. 3, 4 de la LDC y 42 de la CN.",
      "Agrega que, en caso de duda, la interpretación que corresponde \"MANFRONI KERGARAVAT CLAUDIO FABIAN C/ PLAN ROMBO Y/U OTRO S/ SUMARISIMO (CIVIL) (LEY DE DEFENSA CONSUMIDOR)\" - Expte. Nº 8977 hacer es en favor del consumidor (arts. 1092 a 1095 del CCC).",
      "Remarca que también quedó probado que Gabriela Martignoni está registrada como empleada de la empresa GDA Automotores. Que esta persona fue la que recibió la carta documento y quien remitió la solicitud de suscripción del plan de ahorros por correo electrónico a su parte (pericia informática). En virtud de lo cual se interroga ¿no es absurdo y caprichoso negar, en base a las pruebas y a la ley, que fue GDA Automotores quien le vendió el plan de ahorros?",
      "Agrega que, al no haber contestado GDA la demanda se tuvo por reconocidos los hechos expuestos y la documental acompañada, conforme lo dispone el art. 342 del CPCC; circunstancia que, junto al resto de las pruebas, confirman la verdad de los hechos.",
      "En otro orden reprocha la valoración de oficio -por parte del tribunal- de una llamada telefónica. Señala que la \"supuesta llamada telefónica\" no fue ofrecida como prueba por la demandada en su contestación, ni en alguna instancia posterior; que nunca se le corrió traslado a su parte para que pueda negar o reconocer su autenticidad; ni mucho menos se le hizo una pericia.",
      "Vuelva a preguntarse ¿con qué criterio el tribunal determina que la llamada es auténtica, no fue alterada o modificada en su contenido, duración, etc.?",
      "Advierte que, pese a ello, el tribunal le otorga validez.",
      "Tacha de absurdo el proceso de selección de las pruebas y de arbitraria la solución alcanzada.",
      "Considera que en el fallo atacado tampoco se alcanza una verdadera mayoría. Indica que el magistrado que adhiere al voto de la mayoría, cambia totalmente los argumentos de aquél y utiliza posturas que no fueron invocadas por la demandada.",
      "Expone que la codemandada jamás refirió a los contratos conexos ni a la responsabilidad y/o extensión de los daños por solidaridad.",
      "Sin perjuicio de lo cual, expresa que las consideraciones expuestas en el voto del Dr. Tepsich respecto de la conexidad son equivocadas y violan la normas del Código Civil y Comercial y de la Ley de Defensa del Consumidor.",
      "Reitera que surge plenamente acredita la relación de GDA Automotores S.A. como empresa intermediaria para la venta del plan de ahorros y Plan Rombo S.A.; esta última se benefició, se valió de la primera para celebrar un contrato a distancia con su parte. La primera fue quien facturó la cuota de inscripción e hizo ingresar como suscripción al plan de ahorros; motivo por el cual es evidente que si no fuera por GDA Automotores, su parte jamás habría ingresado como adherente al mencionado plan, que administra la segunda.",
      "En este punto señala que sí existió entre ambas empresas contratos conexos, vinculados por una finalidad común (art. 1073 CCC) y que el actor no \"MANFRONI KERGARAVAT CLAUDIO FABIAN C/ PLAN ROMBO Y/U OTRO S/ SUMARISIMO (CIVIL) (LEY DE DEFENSA CONSUMIDOR)\" - Expte. Nº 8977 tiene por qué conocer ni acreditar sus alcances.",
      "Indica que el fallo viola el principio según el cual en caso de duda en la interpretación de las normas aplicables y los hechos, debe protegerse al consumidor, dándosele el sentido más favorable.",
      "Agrega que también se soslayó que su parte remitió carta documento a través de la cual comunicó a Plan Rombo haber ejercido la facultad resolutoria por los incumplimientos atribuidos a su parte y por la violación al deber de información. Que ésta tenía la obligación de expedirse y guardó silencio; que recién al contestar la demanda la empresa afirma que su parte habría renunciado al plan. Sostiene que la accionada tenía la obligación de expedirse, conforme los términos del art. 263 del CCC y que su silencio constituyó una manifestación tácita de la voluntad, aceptando de manera tácita lo afirmado por el consumidor.",
      "5.- Que corrido el traslado del memorial, fue replicado por la codemandada, Plan Rombo S.A., quien solicita su rechazo (29/9/2023).",
      "El tribunal de la anterior instancia, al considerar cumplidos los requisitos exigidos por los arts. 277, 280 y ccs. del CPCC, concedió el recurso de inaplicabilidad de ley (9/11/2023).",
      "6.- Que tras darle intervención al Ministerio Público, se expidió la Procuradora Adjunta, Dra. Mónica Carmona, quien dictaminó propiciando se rechace el recurso articulado (1/2/2024).",
      "7.- Resumidos los antecedentes del caso, destaco que la finalidad del recurso de inaplicabilidad de ley, en lo que respecta al control jurídico del fallo, se dirige a examinar si respeta o no el derecho aplicable y, a la hora de efectuar el encuadre jurídico de la presente causa, se excluye de su ámbito cuestiones de hecho y prueba reservadas exclusivamente a la magistratura de grado, con excepción de la invocación y demostración de absurdidad y/o arbitrariedad.",
      "Ello así, pues la absurdidad en materia de apreciación de pruebas que abre el recurso no es la discrepancia, sino lo que escapa a las leyes lógicas formales y las transgrede o lo que es impensable o inconcebible y no puede ser de ninguna otra manera por haber quedado al margen de las reglas del raciocinio.1 En ese entendimiento, y de conformidad a las argumentaciones desarrolladas en el escrito recursivo, la parte actora dejó expresado los motivos legalmente autorizados que habilitan la apertura de esta vía excepcional.",
      "8.- De la lectura del memorial recursivo surge que el accionante descalifica a la sentencia por arbitraria y le achaca errónea aplicación de la ley y absurdidad en la valoración de la prueba.",
      "1Este tribunal, \"Guionet Gladys María y otro c/ Superior Gobierno de la Provincia de Entre Ríos y otro s/ Sumario\", Expte. Nº 5920, 27/12/2010. De Olivera María Elena c/ Serur Claudio Raúl y otros s/ Ordinario daños y perjuicios\", Expte. Nº 8069, 10/03/2020; \"Ojeda Natividad Ana c/ Pascaner Raquel y otros s/ daños y perjuicios\", Expte. Nº 8918, 29/11/2023; \"Zapletal María Carla c/ Babli de Airaldi Mirta Catalina y otros s/ ordinario\", Expte. Nº 8978, 4/06/2024.",
      "\"MANFRONI KERGARAVAT CLAUDIO FABIAN C/ PLAN ROMBO Y/U OTRO S/ SUMARISIMO (CIVIL) (LEY DE DEFENSA CONSUMIDOR)\" - Expte. Nº 8977 Acerca de la admisibilidad del recurso a) Si bien, conforme reiterada jurisprudencia de esta Sala, la interpretación de los contratos y la delimitación de sus alcances y efectos constituyen materias ajenas al recurso de inaplicabilidad de ley, cabe hacer excepción a dicha regla si -como ocurre en este caso- se alega y acredita absurdidad en el razonamiento de quienes juzgan. Con ello se descalifica al pronunciamiento como acto jurídico válido por arribar a una conclusión que parte de una premisa equivocada o falsa.2 En sentido concordante el Máximo Tribunal Nacional, con criterio restrictivo y solo ante arbitrariedad manifiesta, ha admitido la procedencia del recurso extraordinario frente a una deficiente e infundada calificación de la relación entablada entre las partes. Esta cualidad puede válidamente predicarse de la sentencia venida en revisión.3 b) En concordancia con lo expuesto, y a fin de dar una respuesta integral al asunto, resulta ineludible determinar la naturaleza jurídica de los contratos celebrados entre las partes -apreciando los hechos y su finalidad- para 2 Esta Sala, actuaciones: \"Morel Mario O. c/ Caren S.A. S/ Sumario\", Expte. Nº 6166, 07/09/2011; \"Chmiel Eduardo Martin y otros c/ Gallardo Aldo Felix y otro s/ Ordinario (por cobro de dolares estadounidenses)\" - Expte. Nº 7382, 8/7/2020.",
      "3CSJN , \"Olivencia Jose Antonio c/ Escandarani Mario, sentencia del 30/04/1996, Fallos:",
      "319:722.",
      "luego integrarlos, con el ordenamiento jurídico. Ello nos habilita a desentrañar su verdadero sentido y alcance.",
      "En este punto cabe recordar que en materia de contratos: \"... la calificación resulta un quehacer fundamental: a) [p]ara clasificarlo entre las categorías jurídicas existentes, y b) para acertar en su interpretación. El nombre que las partes den a un contrato no lo desnaturaliza ni impide al juez proceder a su correcta calificación jurídica. 'La calificación -afirma Galgano- es la operación a través de la cual se tiende a identificar el abstracto tipo legal en el cual subsumir el concepto de contrato, a fin de sujetarlo a la disciplina propia'. La Cassazione acostumbra a descomponer la operación en dos fases: 'La primera consistente en la individualización de la intención común de las partes, la otra en el encuadramiento de la categoría en el esquema legal correspondiente. La calificación resulta de los hechos que el juez debe desentrañar y en las disposiciones legales que definen y caracterizan la figura contractual. Los problemas de calificación se originan, las más de las veces, en el deseo de una de las partes contratantes en evadir una reglamentación legal de la figura jurídica que no se acomoda a sus intenciones o necesidades.\"4 c) En el caso, no se encuentra controvertido el carácter de consumidora de la parte actora.",
      "4 Mosset Iturraspe, Jorge \"Calificación, integración e interpretación del contrato\", en Revista de Derecho Privado y Comunitario 2006-3: interpretación del contrato, 1ª ed., Santa Fe, Rubinza l- Culzoni, 2007, pág .9/10.",
      "\"MANFRONI KERGARAVAT CLAUDIO FABIAN C/ PLAN ROMBO Y/U OTRO S/ SUMARISIMO (CIVIL) (LEY DE DEFENSA CONSUMIDOR)\" - Expte. Nº 8977 Lo que sí está cuestionado es la naturaleza jurídica del negocio que eventualmente liga al consumidor con las codemandadas y el vínculo que -en la hipótesis- une a las coaccionadas y la eventual conexidad contractual para obtener un resultado común.",
      "Su determinación resulta fundamental a la hora de delimitar los efectos y establecer las consecuencias jurídicas que se desprenden de una adecuada subsunción normativa: la responsabilidad (o no) por el incumplimiento que se les atribuye.",
      "9.- Acerca de la procedencia del recurso Superado el examen de admisibilidad del recurso por los fundamentos expresados, corresponde abordar el análisis de procedencia.",
      "a) Para ello corresponde revisar lo que llega firme a esta instancia, a saber:",
      "- el actor suscribió un contrato a través de un plan de ahorros (solicitud nº 2562306) que tenía por objeto la adquisición de un automóvil marca Renault, modelo Duster Oroch DY y que abonó 21 cuotas. Que se le asignó el grupo y orden: G8GW021D - la codemandada GDA Automotores no tomó intervención en las presentes y tampoco contestó la demanda. (Ello opera como un reconocimiento de la verdad de los hechos pertinentes y lícitos, y de la autenticidad y recepción de los documentos exhibidos, salvo prueba en contrario, art. 342 del CPCC).",
      "- el intercambio de correos electrónicos (mails) entre el actor y GDA Automotores S.A., fue corroborado por la pericial informática.",
      "- el reconocimiento telefónico por parte de la administradora del plan acerca de eventuales promesas que efectúan las concesionarias para captar clientes.",
      "b) En lo que aquí resulta de interés destacar, el recurrente pone en cuestión dos puntos centrales cuyo análisis habilita la instancia de revisión: a) la omisión de tratamiento de la responsabilidad de GDA Automotores -que fue objeto de agravios al interponer el recurso contra el fallo dictado en primera instancia-; y b) el rechazo de la demanda dirigida contra Plan Rombo S.A. en su carácter de administradora del plan de ahorros suscripto.",
      "10.- Que esta Sala ya se ha expedido respecto del derecho del consumidor y el ámbito de especial tutela que merecen usuarios y consumidores.",
      "a) En efecto, el derecho del consumidor nació como un microsistema que se construye a partir de un conjunto de normas, principios y garantías reconocidos en favor del consumidor con la finalidad de contrarrestar el desequilibrio natural que existe en la relación entre proveedores, consumidores y usuarios.",
      "\"MANFRONI KERGARAVAT CLAUDIO FABIAN C/ PLAN ROMBO Y/U OTRO S/ SUMARISIMO (CIVIL) (LEY DE DEFENSA CONSUMIDOR)\" - Expte. Nº 8977 En el año 1993, con la sanción de la ley 24240 y, un año después, con la reforma a la Constitución Nacional, se consagró positivamente el sistema de tutela de consumidores y usuarios (arts. 42 y 43 CN). Protección que también tiene reconocimiento expreso en nuestra Constitución Provincial (art. 30 y 2º párr., art.",
      "56 CP). Nuestra Carta Magna reconoce a consumidores y usuarios el derecho a la tutela y protección de su salud, la seguridad e intereses económicos y, en lo que aquí interesa, a ser informados de manera adecuada y veraz, así como a ser tratados con respeto y dignidad.5 El asunto a dirimir es el relativo a la legitimación pasiva de quienes son indicados como responsables frente al incumplimiento del contrato por adhesión, a través del cual el actor se suscribió al plan de ahorros ya descripto.",
      "b) Para ello resulta indispensable analizar los vínculos invocados. Por un lado, quien acciona denuncia haber celebrado un contrato a distancia con GDA Automotores, a través de quien adquirió un plan de ahorros que administrara Plan Rombo S.A. La intervención de GDA Automotores y las condiciones propuestas en la negociación fueron negadas por la codemandada.",
      "c) Acerca del modo de concertación de planes de ahorro. Las 5 Esta Sala, \"Credife S.A. c/ Zarlenga Mirta Irene s/ Ejecutivo\", Expte. Nº 8420, sentencia del 3/9/2021 cargas probatorias y el deber de información Las administradoras de planes de ahorro para fines determinados -como es el caso de Plan Rombo S.A.- delegan la comercialización de sus diversos planes en concesionarios o agentes. Hoy los contratos de agencia y concesión se encuentran regulados normativamente en el Código Civil y Comercial (arts. 1479 y ss. y 1502 y ss., respectivamente). En ambos supuestos se trata de contratos asociativos.",
      "El Código Civil y Comercial define al contrato de agencia. El art.",
      "1479 establece que: \"[h]ay contrato de agencia cuando una parte denominada agente, se obliga a promover negocios por cuenta de otra denominada preponente o empresario, de manera estable, continuada e independiente, sin que medie relación laboral alguna, mediante una retribución. El agente es un intermediario independiente, no asume el riesgo de las operaciones ni representa al preponente.\" (art. 1479, 1º y 2º párrafo).",
      "El agente -como regla- no actúa en representación del empresario, sino que es un intermediario, cuya intervención es en interés de aquel. En virtud de ello, debe promover y concluir los actos y operaciones que le encomendaron, de conformidad a las instrucciones impartidas.",
      "En el caso que nos ocupa, Plan Rombo negó que la parte codemandada, GDA Automotores, haya tenido facultades para intervenir en su interés y, según su línea argumental, el actor se vinculó a la empresa a través de \"MANFRONI KERGARAVAT CLAUDIO FABIAN C/ PLAN ROMBO Y/U OTRO S/ SUMARISIMO (CIVIL) (LEY DE DEFENSA CONSUMIDOR)\" - Expte. Nº 8977 otro intermediario (E. Pourtau). En función de ello, rechaza todo tipo de responsabilidad que se le pueda atribuir por el incumplimiento de condiciones no pactadas y/o cualquier otro tipo de obligación que no sean las expresamente consignadas en el contrato de adhesión.",
      "d) Las cargas probatorias y el deber de información Llegados a este punto de inflexión cabe recordar que Claudio Fabián Manfroni Kergaravat celebró un contrato de adhesión a través del cual suscribió a un plan de ahorro para la adquisición de un automóvil marca Renault; la demandada Plan Rombo S.A. es la administradora de dicho plan.",
      "El actor informó que dicho contrato se concluyó a distancia, a través de la empresa GDA Automotores S.A. En aval de dicha aseveración probó:",
      "1) la autenticidad del intercambio de los correos electrónicos entre el actor y la empresa codemandada; 2) que -a la época- Gabriela Martignoni, Camila y Leandro (a través de quienes se realizaba la comunicación con el actor) eran personas reales y que se desempeñaban en relación de dependencia con dicha agencia (confróntese mails con el informe emitido por la AFIP); 3) el pago de $ 13.000 a GDA automotores 26/9/2017 en concepto de suscripción al plan (resumen de tarjeta de crédito y factura, de la cual surge de manera expresa \"primer cuota plan oroch\"); 4) la asignación de un grupo y orden -que coincide con la informada a través del mail enviado por GDA- y el pago de la primera cuota con vencimiento en diciembre de 2017, que se debitó a través de la tarjeta de crédito del actor a nombre de Plan Rombo S.A.",
      "La co-demandada Plan Rombo, al describir los hechos, manifestó que el actor celebró el contrato por adhesión a través de otra empresa intermediaria; sin embargo, no ofreció un solo detalle al respecto. La empresa en cuestión tiene domicilio en Coronel Brandsen, Provincia de Buenos Aires.",
      "Cabe interrogarse: ¿hubo tratativas previas? ¿dónde se concluyó?",
      "La demandada no ofreció ningún registro vinculado a ello, con excepción del sello impuesto al contrato el 5 de octubre de 2017. La autenticidad de la firma impresa al mismo fue negada por el actor; la demandada no ofreció pericial caligráfica en subsidio.",
      "En virtud de lo expuesto, las aseveraciones vertidas por la codemandada no son suficientes para desvirtuar las pruebas rendidas por el consumidor frente a un experto. Éste último no debió limitarse a negar los dichos del accionante, sino que estaba a su cargo informar -de manera clara y acabada- el modo en que se concertó la negociación y acreditar sus dichos con prueba determinante. Pesaba sobre la empresa demandada la carga de probar tales aseveraciones.",
      "El deber de información como instrumento de tutela consagrado en \"MANFRONI KERGARAVAT CLAUDIO FABIAN C/ PLAN ROMBO Y/U OTRO S/ SUMARISIMO (CIVIL) (LEY DE DEFENSA CONSUMIDOR)\" - Expte. Nº 8977 el art. 4 de la LDC no se agota luego de la celebración del contrato; ella debe desplegarse durante toda la relación de consumo: desde las tratativas previas, durante su ejecución y, eventualmente, con posterioridad a ella.",
      "En efecto, entiendo que quedó demostrado el incumplimiento por parte de Plan Rombo S.A. al deber de información y, en este punto adscribo a que \"...el profano no tiene un derecho adquirido a la pasividad ni a un comportamiento que sólo traduzca expectativas con relación al activismo del otro, y no se requiere intención, ya que el incumplimiento del deber de información es de carácter objetivo\".6 En definitiva, el consumidor acreditó la hipótesis formulada en el escrito de demanda, lo que no fue desvirtuado por la codemandada Plan Rombo S.A A mayor abundamiento, las pruebas rendidas no me permiten concluir si GDA Automotores S.A. actuó como agente directo de la codemandada o como subagente de E. Pourtau. Estos vínculos internos son ajenos a la esfera de conocimiento y prueba del consumidor; así como las eventuales acciones de regreso que les corresponda entre sí.",
      "6Wajntraub, Javier H. \"Régimen jurídico del consumidor: comentado\", 1ª ed. revisada, Santa Fe, Rubinzal-Culzoni, 2017, pág. 43.",
      "e) Responsabilidad del agente y del promotor frente a terceros.",
      "Como regla general el agente actúa en interés ajeno, esto es, el promotor (Plan Rombo como administradora del plan de ahorros) es quien se obliga directamente con quien adquiere los productos o servicios que se comercializan. El agente es, en principio, un tercero ajeno a tal vínculo.",
      "Desde esta perspectiva, el agente que actúe sin facultades o excediendo las instrucciones brindadas por el empresario, no lo obliga. Sin embargo, esa regla se excepciona en el supuesto de la llamada \"representación aparente\".",
      "El actor alegó que suscribió un contrato de adhesión a un plan de ahorros para adquirir un vehículo que administra la demandada e informó las condiciones de la negociación. Entiendo que de las pruebas acompañadas logró probar esa apariencia de representación creada por el agente y consentida -aún tácitamente- por la empresa (art. 367 del CCC).",
      "En aval de esta posición se ha dicho que: \"[c]on mayor razón el recurso a la apariencia se exhibe pertinente cuando nos encontramos en la relación del agente con un consumidor, sin que sea dable imponerle la carga de autoinformación que emaman del art. 374 del CCyC, en razón de la fuerte apariencia jurídica creada\" .7 Este entramado contractual reviste gran complejidad y, en cuanto 7 LORENZETTI, Ricardo Luis, \"Tratado de los contratos: parte especial\", 1ª ed. revisada, Santa Fe, Rubinzal Culzoni, 2021, Tº I, pág. 621.",
      "\"MANFRONI KERGARAVAT CLAUDIO FABIAN C/ PLAN ROMBO Y/U OTRO S/ SUMARISIMO (CIVIL) (LEY DE DEFENSA CONSUMIDOR)\" - Expte. Nº 8977 tal, es ajeno al consumidor que suscribe a un plan de ahorros para la adquisición de un automóvil 0 km.",
      "Debe ponerse en valor el impacto que tienen estos contratos en las relaciones de consumo, contratos de colaboración, complejos y conexos.",
      "Aquí también cabe recordar que, la primera parte del art. 1073 CCC define que: \"hay conexidad cuando dos o más contratos autónomos se hallan vinculados entre sí por una finalidad económica común previamente establecida, de modo que uno de ellos ha sido determinante del otro para el logro del resultado perseguido\". Y el art. 1074 CCC aclara que ellos \"deben ser interpretados los unos por medio de los otros, atribuyéndoles el sentido apropiado que surge del grupo de contratos, su función económica y el resultado perseguido\".",
      "Uno de los ejemplos característicos de la figura es el que nos ocupa y esta Sala tuvo ocasión de expedirse en el sentido propuesto en una causa similar a la presente.8 Es en relación a los argumentos precedentes, que carece de todo fundamento la solución propiciada por la cámara de apelaciones.",
      "Y, tal como alega la recurrente, como norma de cierre del 8Voto conjunto del tribunal, en las actuaciones: \"Arreseigor Joaquine Matías c/ Haimovich Hnos.",
      "Cía SRL y otros s/ Sumarísimo\" - Expte. Nº 8935, sentencia del 26/12/2023.",
      "microsistema del derecho del consumidor cabe referir al art. 3, segundo párrafo, segunda parte de la LDC: \"en caso de duda sobre la interpretación de los principios que establece esta ley prevalecerá la más favorable al consumidor\".",
      "Por los motivos antes expuestos, concluyo que la parte actora se encuentra facultada para demandar a GDA Automotores S.A. y a Plan Rombo S.A.",
      "f) Definida la legitimación pasiva de las co-demandadas, corresponderá que un nuevo tribunal se constituya para analizar los agravios expresados por las partes en los recursos de apelación, vinculados a la procedencia y determinación cuantitativa de los rubros reclamados.",
      "g) Costas a las codemandadas vencidas (arts. 65 del CPCC).",
      "10.- Que conforme lo expuesto, propongo declarar procedente el recurso de inaplicabilidad de ley interpuesto por Claudio Fabián Manfroni Kergaravat y, en consecuencia, CASAR la sentencia impugnada y disponer el reenvío de las presentes actuaciones a la anterior instancia a efectos de que, por medio del tribunal que corresponda, se dicte nuevo pronunciamiento conforme las pautas aquí fijadas. En la ocasión deberán analizarse los agravios expresados por las partes en los recursos de apelación interpuestos, vinculados a la procedencia y determinación cuantitativa de los rubros reclamados. Costas a la vencida por no hallar mérito para apartarme del principio objetivo de la derrota (art. 65 del CPCC). ASÍ VOTO.",
      "A LA PRIMERA CUESTIÓN PROPUESTA EL SR. VOCAL \"MANFRONI KERGARAVAT CLAUDIO FABIAN C/ PLAN ROMBO Y/U OTRO S/ SUMARISIMO (CIVIL) (LEY DE DEFENSA CONSUMIDOR)\" - Expte. Nº 8977",
      "Considerando la actividad desarrollada para abrir la instancia extraordinaria, la complejidad de las cuestiones planteadas, la trascendencia económica de lo debatido, el éxito obtenido y la probable dedicación temporal en el desempeño profesional del servicio, corresponde fijar los honorarios profesionales en el 55 % de los honorarios que se establezcan por la labor en primera instancia, encomendando su cálculo a la judicatura de origen (arts. 3, 64 y 94 de la ley 7046 modif. por ley 11.141). ASÍ VOTO.",
      "A LA SEGUNDA CUESTIÓN PROPUESTA EL SR. VOCAL"
    ],
    "MIGUEL A. GIORGIO DIJO": [
      "Adhiero al voto emitido por el Sr. Vocal preopinante. ASÍ VOTO.",
      "A LA SEGUNDA CUESTIÓN PROPUESTA LA SRA.",
      "Adhiero al voto de la Sra. Vocal Gisela Schumacher. ASÍ VOTO.",
      "Por último, habiendo mayoría de opiniones, EL SR. VOCAL EN EJERCICIO DE LA PRESIDENCIA DEL STJ, LEONARDO PORTELA, se abstiene de votar y firmar la presente resolución con arreglo a lo dispuesto por el art. 33 de la LOPJ, texto según ley 10.704.",
      "Con lo que no siendo para más se da por finalizado el acto quedando acordada la siguiente sentencia:",
      "Paraná, 30 de diciembre de 2024."
    ],
    "Y VISTO": [
      "Por los fundamentos del acuerdo que antecede se,"
    ],
    "RESUELVE": [
      "DECLARAR PROCEDENTE el recurso de inaplicabilidad de ley deducido en fecha 18/9/2023, en consecuencia, CASAR la resolución de la dictada en fecha 1/9/2023 y DISPONER el reenvío de las presentes actuaciones a la anterior instancia a efectos de que, por medio del tribunal que corresponda, se dicte nuevo pronunciamiento conforme las pautas aquí fijadas.",
      "IMPONER costas a la vencida (art. 65 del CPCC).",
      "FIJAR los honorarios profesionales correspondientes a esta instancia extraordinaria, en el 55 % de los honorarios que se establezcan por la labor en primera instancia, encomendando su cálculo a la judicatura de origen (arts.",
      "3, 64 y 94 de la ley 7046 modif. por ley 11.141).",
      "Tener presente la reserva del caso federal.",
      "Notifíquese conforme arts. 1º y 4º Ac. Gral. 15/18 SNE, regístrese y oportunamente devuélvase.",
      "\"MANFRONI KERGARAVAT CLAUDIO FABIAN C/ PLAN ROMBO Y/U OTRO S/ SUMARISIMO (CIVIL) (LEY DE DEFENSA CONSUMIDOR)\" - Expte. Nº 8977 Ante mí. En igual fecha se registró. Asimismo, se deja constancia que la presente se suscribe mediante firma digital -Acuerdo Gral. 11/20 del 23-6-2020, Punto 4°) prescindiéndose de su impresión en formato papel."
    ]
  }
}