{
  "METADATOS": {
    "ID_FALLO": "9018",
    "MES": "12",
    "ARTICULOS_CITADOS": {
      "citations": [
        {
          "main_source": "Código Procesal Civil y Comercial (CPCC)",
          "cited_articles": [
            298,
            65,
            276,
            277,
            280,
            281
          ],
          "extra": null
        },
        {
          "main_source": "Ley 7046",
          "cited_articles": [
            3,
            64,
            94
          ],
          "extra": "modif. por ley 11.141"
        },
        {
          "main_source": "Ley 10.704",
          "cited_articles": [
            33
          ],
          "extra": "texto según ley 10.704"
        },
        {
          "main_source": "Acuerdo General 15/18 SNE",
          "cited_articles": [
            1,
            4
          ],
          "extra": "conforme"
        },
        {
          "main_source": "Acuerdo General 11/20",
          "cited_articles": [],
          "extra": "del 23-6-2020, Punto 4°"
        }
      ]
    }
  },
  "MATERIA_PRELIMINAR": "MONITORIO (EJECUTIVO)",
  "IDEA_CENTRAL": "### IDEA CENTRAL DEL FALLO\n\n**Decisión Judicial Principal:**\nEl Tribunal declara procedente el recurso de inaplicabilidad de ley interpuesto por el demandado, casando la resolución de la Cámara de Apelaciones que había revocado la caducidad de la instancia en el proceso monitorio, y ordenando el reenvío de las actuaciones a la instancia de alzada.\n\n**Fundamento Legal:**\nLa decisión se fundamenta en la interpretación del artículo 298 del Código Procesal Civil y Comercial, que establece que la instancia se abre con la promoción de la demanda, independientemente de la notificación del traslado. El Tribunal sostiene que la caducidad de la instancia no puede ser aplicada en un proceso monitorio antes de la sentencia, ya que la actividad jurisdiccional se inicia con la presentación de la demanda.\n\n**Aspectos Legales Relevantes:**\n1. **Código Procesal Civil y Comercial**: Artículo 298, que regula la apertura y cierre de la instancia.\n2. **Doctrina Legal**: Se menciona la causa \"Abasto c/ Estado Provincial\", que establece precedentes sobre la apertura de la instancia.\n\n**Razonamiento del Tribunal:**\nEl Tribunal argumenta que la caducidad de la instancia presupone la existencia de inactividad procesal, lo cual no se configura en este caso, dado que la parte actora había realizado actos jurisdiccionales. Además, se enfatiza que el proceso monitorio es independiente y autosuficiente, lo que refuerza la idea de que la caducidad no puede operar antes de la sentencia monitoria. Se concluye que el derecho de defensa debe ser salvaguardado, permitiendo el reenvío para que se evalúen los agravios sobre el cómputo del plazo de caducidad.\n\n**Conclusión:**\nEl fallo reafirma la importancia de la actividad procesal y el derecho de defensa en los procedimientos monitorios, estableciendo que la mera presentación de la demanda abre la instancia, lo que impide la caducidad prematura del proceso.",
  "CONTENIDO": {
    "INICIO": [
      "\"FAURE NESTOR BERNARDO C/ PERAGALLO WALDEMAR EMILIO S/ MONITORIO (EJECUTIVO)\" - Expte. Nº 9018"
    ],
    "ACUERDO": [
      "En la ciudad de Paraná, capital de la provincia de Entre Ríos, a los diecinueve días del mes de diciembre del año dos mil veinticuatro reunidos los integrantes de este Tribunal asistidos por el Secretario autorizante, para conocer el recurso de inaplicabilidad de ley deducido en fecha 18/9/2023 en las actuaciones:",
      "\"FAURE NESTOR BERNARDO C/ PERAGALLO WALDEMAR EMILIO S/ MONITORIO (EJECUTIVO)\" - Expte. Nº 9018, respecto de la resolución de la Sala Civil y Comercial de la Cámara de Apelaciones de Concepción del Uruguay dictada en fecha 6/9/2023. Que la votación debe tener lugar en el siguiente orden: Sra. Vocal Gisela N. Schumacher; Sr. Vocal Daniel O. Carubia y Sr. Vocal Leonardo Portela.",
      "Estudiados los autos, la Sala se planteó las siguientes cuestiones:",
      "¿qué corresponde resolver respecto del recurso de inaplicabilidad de ley interpuesto? y, en su caso, ¿cómo deben regularse los honorarios profesionales en esta instancia?",
      "A LA PRIMERA CUESTIÓN PROPUESTA LA SRA."
    ],
    "VOCAL GISELA N. SCHUMACHER DIJO": [
      "1.- La sentencia de primera instancia (9/5/2023) hizo lugar al recurso de reposición in extremis instaurado, dejó sin efecto la resolución del 4/4/2023, y decretó la caducidad de la instancia en este trámite.",
      "2.- La parte actora interpuso recurso de apelación (9/5/2023 y escrito de expresión de agravios del 9/5/2023).",
      "3.- En tarea de resolver, la Cámara de Apelaciones de Concepción del Uruguay, Sala Civil y Comercial, hizo lugar al recurso de apelación deducido contra la resolución del 9/5/2023, la que revocó; e impuso las costas por su orden.",
      "Para así decidir, la alzada determinó que en los procesos de estructura monitoria no existe instancia con anterioridad al dictado de sentencia.",
      "Refirió que el último párrafo del artículo 298 del Código Procesal Civil y Comercial se refiere a una circunstancia procesal compleja para tener inaugurada la \"instancia\", como lo es la mera presentación de la demanda junto a una resolución que disponga su traslado a la contraria, es decir la presencia del contradictorio.",
      "Enunció que la norma contenida en la parte final del artículo 298 que, haciendo evidente la referencia a tal decreto, reza \"aunque no hubiese sido notificada la resolución que dispone su traslado\". Expresó que es por ello que para un sector de la doctrina, que comparte aún no ser el mayoritario, la demanda por sí sola, al igual que el acto inicial de cualquier proceso o procedimiento, no abre la instancia si no tiene una resolución judicial de traslado.",
      "Por aplicación del artículo 298 a una estructura procesal como la que exhibe el monitorio concluyó que entre la presentación de la demanda y la \"FAURE NESTOR BERNARDO C/ PERAGALLO WALDEMAR EMILIO S/ MONITORIO (EJECUTIVO)\" - Expte. Nº 9018 sentencia del artículo 475 del Código Procesal Civil y Comercial no hay instancia susceptible de ser enervada por caducidad, en tanto es ella la que dispone el acto equivalente al traslado de demanda.",
      "Indicó que el legislador reglamentó el proceso monitorio de conocimiento como una etapa introductoria del contradictorio o independiente y autosuficiente. Agregó que en el proceso monitorio independiente no hay accesoriedad ni confusión con el proceso contradictorio, puesto que es la oposición la que determina ipso iure (de pleno derecho) el inicio del proceso contradictorio.",
      "Distribuyó las costas en el orden causado en función de lo opinable del tema (artículo 65, segundo párrafo del Código Procesal Civil y Comercial).",
      "4.- El demandado interpuso recurso de inaplicabilidad de ley (18/9/2023).",
      "Arguyó que la sentencia recurrida es definitiva, y se apartó de la doctrina legal sentada con anterioridad a la misma, con afectación al derecho al debido proceso y defensa en juicio.",
      "Dijo que constituye doctrina vinculante lo expresado en la causa \"Abasto c/ Estado Provincial s/ ordinario\", Nº 7758, del 2/10/2021.",
      "Afirmó que el inicio de la instancia tiene lugar con la sola interposición de la demanda, sin condicionamiento.",
      "Consideró que la sentencia impugnada impide a su parte repeler el embate de la contraria a través de una legítima herramienta procesal como es el acuse de caducidad, más aún en este caso en que, de operar la misma, la acción se encontraría prescripta.",
      "Expresó que la perención de la instancia en el caso no es más que el resultado de la propia conducta asumida por la contraria, quien en una total muestra de desinterés ha dejado cumplir los plazos para que opere el instituto de la caducidad.",
      "Entendió que no es congruente sostener que no ha existido instancia entre la presentación de la demanda y el auto que ordena el traslado de la sentencia monitoria, cuando en dicho período existió actividad jurisdiccional a propio impulso de la parte actora, por ejemplo el ordenamiento de medidas cautelares.",
      "5.- La contraria contestó el traslado del recurso de inaplicabilidad deducido (13/10/2023). Solicitó, por las razones que expuso, el rechazo de la impugnación.",
      "6.- La Cámara de Apelaciones denegó la concesión del recurso incoado, al considerar que la decisión recurrida no es definitiva (31/10/2023).",
      "7.- El recurrente interpuso recurso de queja ante esta Sala Nº 2 del \"FAURE NESTOR BERNARDO C/ PERAGALLO WALDEMAR EMILIO S/ MONITORIO (EJECUTIVO)\" - Expte. Nº 9018 que, en el caso, los efectos de la decisión recurrida pueden ser equiparados a la definitividad que requieren los artículos 276 y 277 del Código Procesal Civil y Comercial (5/2/2024).",
      "8.- Sintetizados los antecedentes relevantes para la definición de la cuestión sometida a juzgamiento recuerdo que el análisis preliminar de admisibilidad, previsto expresamente en nuestro ordenamiento procesal, indica que cuando el medio de impugnación se interpuso ante el mismo organismo jurisdiccional que dictó la resolución recurrida aquél sea llevado a cabo en dos oportunidades, la primera por la Cámara que analiza el cumplimiento de los requisitos formales de admisibilidad y de fundabilidad del planteo recursivo (artículos 276, 280 y 281 del Código Procesal Civil y Comercial), y la segunda por esta Sala.",
      "Conforme a las exigencias técnicas del recurso se debe efectuar el directo cuestionamiento de la sentencia definitiva de segunda instancia del cual derive una crítica y un ataque pertinentes a su fundamentación, que demuestren la errónea aplicación de la ley y/o doctrina legal emanada de este tribunal.",
      "No obstante la literalidad de la norma, se admite por vía pretoriana el análisis de cuestiones de hecho y prueba reservadas en principio a la magistratura de las instancias ordinarias, cuando se alegue y demuestre absurdidad o arbitrariedad en su valoración.",
      "9.- Bajo tales parámetros ingreso al análisis de los planteos esgrimidos.",
      "En tal cometido, advierto que la querella cumplió con la carga de debida fundamentación que impone el artículo 280, segundo párrafo, del Código Procesal Civil y Comercial, en tanto a través de las críticas proferidas precisó adecuadamente los yerros que endilgó al resolutorio cuestionado, las que -adelanto- tendrán favorable acogida en esta instancia.",
      "10.- Las razones.",
      "a.- La caducidad de instancia presupone un desistimiento o abandono del proceso presumido por la ley, el que se configura cuando concurren los presupuestos del instituto: instancia, inactividad procesal en ella y plazo legal de la inactividad. En tal temperamento, la caducidad de instancia no es una sanción a la persona litigante por su inactividad procesal, pero sí es una consecuencia de esa falta de actividad. Con ello se procura, por un lado, liberar a los órganos jurisdiccionales de los deberes derivados de la existencia de un juicio que no es impulsado; y, por el otro, dar seguridad y certeza a las relaciones jurídicas cuya solución pende del proceso1.",
      "b.- La mentada inactividad procesal de la parte litigante que conlleva la operatividad de la caducidad de instancia puede ocurrir en cualquier 1Loutay Ranea, Roberto; Ovejero López, Juli. Caducidad de la instancia. Editorial Astrea. Buenos Aires, 1986, página 7.",
      "\"FAURE NESTOR BERNARDO C/ PERAGALLO WALDEMAR EMILIO S/ MONITORIO (EJECUTIVO)\" - Expte. Nº 9018 estado del proceso. Puntualmente el artículo 298 del código de forma, en su último párrafo, reza \"[l]a instancia se abre con la promoción de la demanda aunque no hubiere sido notificada la resolución que dispone su traslado y termina con el dictado de la sentencia\".",
      "Es decir, desde la interposición de la demanda hay instancia.",
      "Tal específica proposición se encuentra en un todo de acuerdo con lo ya sostenido por este tribunal en anterior integración, en la causa \"Abasto Silvia Teresa y otros c/ Estado Provincial s/ ordinario daños y perjuicios\", Nº 7758, sentencia del 2/10/2018.",
      "En dicho entendimiento no encuentro justificación que permita excepcionar al proceso monitorio de la tesis descripta. Lo contrario afectaría, precisamente, los extremos que dan sustento al instituto de la caducidad de instancia: esto es, conllevaría la posibilidad de mantener abierto un proceso judicial tanto como lo desee la parte accionante (afectando la prestación del servicio público de justicia a conductas antojadizas), así como una incerteza jurídica para la parte sindicada como demandada respecto de su posición en la relación jurídica sometida a juicio.",
      "Sin que configure examen alguno del cumplimiento o no del plazo legal de caducidad, como muestra del escenario representado hago notar que este proceso fue iniciado en fecha 20/3/2018 (según cargo obrante en hoja 3 vuelta) y recién tuvo sentencia monitoria en fecha 1/7/2022, lapso de más de cuatro (4) años en el que se dictaron numerosos previos e intimaciones a cumplimentar para la prosecución de la vía elegida. Ello así, ¿puede sostenerse que todavía no hay instancia en este proceso? La respuesta es negativa.",
      "c.- Pero además, en la especie y a mayor abundamiento, el actor dio inicio al presente bajo la figura procesal de \"preparación de proceso monitorio\", y más allá de los avatares que se sucedieron en este litigio, aún aquella doctrina que plantea la inexistencia de la caducidad de instancia hasta la sentencia monitoria -lo que, reitero, no comparto-, entiende que ésta sí opera en caso de que sea necesario transitar la preparación de la vía ejecutiva2.",
      "11.- Sentada entonces la operatividad de la perención de la instancia iniciada con anterioridad al dictado de la sentencia monitoria, por motivos de salvaguarda del derecho de defensa corresponde el reenvío de las presentes actuaciones a la alzada a fin que trate los agravios expresados con relación al cómputo del plazo de caducidad respectivo.",
      "12.- Atento las diferentes posiciones sobre la temática, las costas de esta instancia por la tramitación en análisis se imponen en el orden causado (artículo 65, segundo párrafo, del código procesal civil y comercial).",
      "Por su lado, las costas de alzada quedarán sujetas al resultado final 2 Falcón, Enrique M. \"Juicio ejcutivo, ejecuciones especiales y proceso monitorio\". Tomo II. 3ª edición revisada. Rubinzal Culzoni Editores, Santa Fe, 2019, página 50.",
      "\"FAURE NESTOR BERNARDO C/ PERAGALLO WALDEMAR EMILIO S/ MONITORIO (EJECUTIVO)\" - Expte. Nº 9018 del tratamiento del recurso de apelación oportunamente deducido.",
      "13.- En consecuencia corresponde declarar procedente el recurso de inaplicabilidad de ley interpuesto, CASAR la sentencia recurrida, y disponer el reenvío de estas actuaciones a la instancia de alzada a los efectos dispuestos.",
      "Con costas en esta instancia por su orden. ASÍ VOTO.",
      "A LA PRIMERA CUESTIÓN PROPUESTA EL SR. VOCAL",
      "Considerando la actividad desarrollada para abrir la instancia extraordinaria, el éxito obtenido y la probable dedicación temporal en el desempeño profesional del servicio, corresponde fijar los honorarios profesionales en el 55 % de los honorarios que se establezcan por la labor en primera instancia, encomendando su cálculo a la judicatura de origen (arts. 3, 64 y 94 de la ley 7046 modif. por ley 11.141). ASÍ VOTO.",
      "A LA SEGUNDA CUESTIÓN PROPUESTA EL SR. VOCAL"
    ],
    "DANIEL O. CARUBIA DIJO": [
      "Adhiero al voto emitido por la Sra. Vocal preopinante. ASÍ VOTO.",
      "A LA SEGUNDA CUESTIÓN PROPUESTA LA SRA.",
      "Adhiero al voto de la Sra. Vocal Gisela Schumacher. ASÍ VOTO.",
      "Por último, habiendo mayoría de opiniones, EL SR. VOCAL EN EJERCICIO DE LA PRESIDENCIA DEL STJ, LEONARDO PORTELA, se abstiene de votar y firmar la presente resolución con arreglo a lo dispuesto por el art. 33 de la LOPJ, texto según ley 10.704.",
      "Con lo que no siendo para más se da por finalizado el acto quedando acordada la siguiente sentencia:",
      "Paraná, 19 de diciembre de 2024."
    ],
    "Y VISTO": [
      "Por los fundamentos del acuerdo que antecede se,"
    ],
    "RESUELVE": [
      "DECLARAR PROCEDENTE el recurso de inaplicabilidad de ley deducido en fecha 18/9/2023, CASAR la resolución de la Sala Civil y Comercial de la Cámara de Apelaciones de Concepción del Uruguay dictada en fecha 6/9/2023 y, en consecuencia, DISPONER el reenvío de estas actuaciones a la instancia de alzada a los efectos dispuestos.",
      "IMPONER costas en esta instancia por su orden (art. 65, segundo párrafo, del CPCC).",
      "FIJAR los honorarios profesionales correspondientes a esta instancia extraordinaria, en el 55 % de los honorarios que se establezcan por la labor en primera instancia, encomendando su cálculo a la judicatura de origen (arts.",
      "\"FAURE NESTOR BERNARDO C/ PERAGALLO WALDEMAR EMILIO S/ MONITORIO (EJECUTIVO)\" - Expte. Nº 9018 3, 64 y 94 de la ley 7046 modif. por ley 11.141).",
      "Notifíquese conforme arts. 1º y 4º Ac. Gral. 15/18 SNE, regístrese y oportunamente devuélvase.",
      "Ante mí. En igual fecha se registró. Asimismo, se deja constancia que la presente se suscribe mediante firma digital -Acuerdo Gral. 11/20 del 23-6-2020, Punto 4°) prescindiéndose de su impresión en formato papel."
    ]
  }
}