{
  "METADATOS": {
    "ID_FALLO": "9155",
    "MES": "12",
    "ARTICULOS_CITADOS": {
      "citations": [
        {
          "main_source": "Código Procesal Civil y Comercial (CPCC)",
          "cited_articles": [
            269,
            65,
            66
          ],
          "extra": null
        },
        {
          "main_source": "Ley 24.449",
          "cited_articles": [
            40
          ],
          "extra": "Ley de Defensa al Consumidor"
        },
        {
          "main_source": "Código Civil y Comercial (CCC)",
          "cited_articles": [
            11
          ],
          "extra": null
        },
        {
          "main_source": "Ley 24.522 (LCQ - Ley de Concursos y Quiebras)",
          "cited_articles": [
            8
          ],
          "extra": null
        },
        {
          "main_source": "Ley 7046",
          "cited_articles": [
            1,
            2,
            3,
            30,
            64,
            94,
            13
          ],
          "extra": null
        },
        {
          "main_source": "Acuerdo General 15/18 SNE",
          "cited_articles": [
            1,
            4
          ],
          "extra": "conforme"
        },
        {
          "main_source": "Acuerdo General 11/20",
          "cited_articles": [],
          "extra": "del 23-6-2020"
        }
      ]
    }
  },
  "MATERIA_PRELIMINAR": "SUMARISIMO",
  "IDEA_CENTRAL": "**IDEA CENTRAL DEL FALLO:**\n\nEl Tribunal rechazó el recurso de inaplicabilidad de ley interpuesto por Juan José Marcolini contra la resolución de la Cámara de Apelaciones que había desestimado su apelación, fundamentando que no existía una relación de consumo entre el actor y Mercado Libre S.R.L. y que los argumentos sobre responsabilidad por publicidad engañosa fueron introducidos tardíamente.\n\n**Decisión Judicial Principal:**\nEl Tribunal confirma la decisión de la Cámara de Apelaciones, que había rechazado el recurso de apelación y determinado que no existía relación de consumo, lo que excluye la aplicación de la Ley de Defensa del Consumidor.\n\n**Fundamento Legal:**\n- **Código Procesal Civil y Comercial (CPCC)**: Art. 269 (sobre la congruencia en las decisiones judiciales).\n- **Ley de Defensa del Consumidor (Ley 24.240)**: Art. 40 (responsabilidad de los proveedores) y Art. 53 (costas a la parte consumidora).\n\n**Aspectos Legales Relevantes:**\n1. La inexistencia de una relación de consumo impide la aplicación de la Ley de Defensa del Consumidor.\n2. El Tribunal destaca que los argumentos sobre la posición dominante de Mercado Libre fueron introducidos en una instancia tardía, lo que vulnera el principio de congruencia.\n3. Se impone costas a la parte recurrente por ser la vencida en el proceso.\n\n**Razonamiento del Tribunal:**\nEl Tribunal argumenta que el recurrente no sustentó adecuadamente su pretensión en la demanda inicial, limitándose a alegar publicidad engañosa sin establecer una relación de consumo. Además, la introducción de nuevos argumentos en la apelación no puede ser considerada, ya que el juez debe ceñirse a los términos planteados en la demanda. Por lo tanto, se concluye que no hay fundamento para modificar la decisión de la Cámara de Apelaciones.\n\nEn resumen, el fallo reafirma la importancia de la congruencia en los procesos judiciales y la necesidad de que los argumentos se presenten en la instancia correspondiente.",
  "CONTENIDO": {
    "INICIO": [
      "\"MARCOLINI JUAN JOSE C/ MERCADO LIBRE S.R.L. S/ SUMARISIMO\" - Expte. Nº 9155"
    ],
    "ACUERDO": [
      "En la ciudad de Paraná, capital de la provincia de Entre Ríos, a los seis días del mes de diciembre del año dos mil veinticuatro reunidos los integrantes de este Tribunal asistidos por el Secretario autorizante, para conocer el recurso de inaplicabilidad de ley deducido en fecha 1/7/2024 en las actuaciones: \"MARCOLINI JUAN JOSE C/ MERCADO LIBRE S.R.L. S/ SUMARISIMO\" - Expte. Nº 9155, respecto de la resolución de la Sala Primera de la Cámara Segunda de Apelaciones de Paraná dictada en fecha 11/6/2024. Se practicó el sorteo de ley resultando que la votación debía tener lugar en el siguiente orden: Sr. Vocal Carlos Federico Tepsich; Sra. Vocal Gisela N. Schumacher y Sr. Vocal Leonardo Portela.",
      "Estudiados los autos, la Sala se planteó las siguientes cuestiones: ¿qué corresponde resolver respecto del recurso de inaplicabilidad de ley interpuesto? y, en su caso, ¿cómo deben regularse los honorarios profesionales en esta instancia?",
      "A LA PRIMERA CUESTIÓN PROPUESTA EL SR."
    ],
    "VOCAL CARLOS FEDERICO TEPSICH DIJO": [
      "1. Contra la sentencia dictada por la Sala I de la Cámara de Apelaciones de esta ciudad (11/6/2024) que rechazó con costas el recurso de apelación interpuesto por el accionante -Dr. Juan José Marcolini-, se interpone el recurso de inaplicabilidad de ley que motiva la intervención de esta Sala.",
      "El tribunal ad quem rechazó liminarmente el planteo de nulidad de la sentencia impugnada y destacó que las conclusiones del fallo de origen respecto a la inexistencia de una relación de consumo entre el accionante y la empresa accionada llegaron firmes por no haber sido materia de agravios.",
      "Precisó que el argumento relacionado a la responsabilidad que se le atribuye a la empresa por su posición dominante en el mercado y la obligación de brindar una información veraz sobre la confiabilidad del proveedor que ofrecía las sillas, sea o no usuario o cliente de Mercado Libre SRL, fue recién introducido en esa instancia por lo que está fuera de las atribuciones de la alzada (art. 269, CPCC).",
      "Finalmente en cuanto a las costas, determinó la inaplicabilidad de la Ley de Defensa al Consumidor por la inexistencia de un vínculo o relación jurídica de consumo o de otra índole legal entre el apelante y Mercado Libre SRL.",
      "2. La parte recurrente denuncia violación del principio de congruencia, el derecho de propiedad, debido proceso y arbitrariedad.",
      "Expresa que al momento de interponer demanda sostuvo la publicidad engañosa como fundamento normativo y la sentencia omite pronunciarse sobre dicha cuestión, por lo que carece de debida fundamentación.",
      "Cita jurisprudencia en apoyo de su posición recursiva y alega que el fallo viola el art. 53 de la ley de Defensa al Consumidor al imponer las costas al consumidor.",
      "\"MARCOLINI JUAN JOSE C/ MERCADO LIBRE S.R.L. S/ SUMARISIMO\" - Expte. Nº 9155 Por último, hace reserva de la cuestión federal.",
      "3. Dictamina el Ministerio Público Fiscal, proponiendo el rechazo del recurso interpuesto, en tanto la sentencia resulta conforme a las constancias de la causa y el derecho aplicable.",
      "4. Del confronte de los agravios expuestos y los fundamentos del fallo impugnado, adelanto, que el recurrente no viene asistido de razón.",
      "La infracción del principio de congruencia que se alega no es tal; por el contrario la sentencia se muestra acorde a los planteos formulados en la demanda y conforme a ellos, no desborda el tribunal ad quem sus límites jurisdiccionales en el tratamiento de los agravios que se le sometieron a consideración. En idéntico sentido lo relativo a la supuesta arbitrariedad por sentencia deficientemente fundada.",
      "5. El fallo estableció -en referencia a la responsabilidad que en la alzada se atribuye a la demandada por su posición dominante en el mercado e incumplimiento de la información veraz sobre el proveedor- que: \"... no puede dejar de observarse que esta cuestión es introducida recién en esta instancia, apartándose de los términos de la demanda, en la que se planteó que el contrato de compraventa de las sillas se había efectuado mediante Mercado Libre S.R.L.",
      "y que este debía responder en virtud de haber intermediado en la compra y no por su posición dominante en el mercado ni por el abuso en dicha posición (cfr.",
      "fs. 12 vta./15). O dicho en otros términos, el caso no se planteó desde su inicio como un supuesto de responsabilidad por abuso de posición dominante (art. 11 CCC), sino enmarcado en el art. 40 LDC, por lo que no puede ahora, ante el fallo adverso de primera instancia, mutar hacia una causa pretendi diferente\".",
      "Esa fundamentación del veredicto que precisa los argumentos expuestos en el escrito postulatorio que se sometieron a decisión del judex a quo no son los mismos que el accionante recurrente alegó en su escrito de demanda puesto que en éste la publicidad engañosa que denuncia está imbricada en la existencia de una relación de consumo puesto que solicitaba para ello la aplicación de los efectos que establece el art. 8 de la Ley 24.240. Su lectura no deja duda alguna: «..Este “deslinde” de responsabilidad nunca se me informó; y de haberse cumplido dicho extremo -información- su exoneración de responsabilidad en modo alguno puede prosperar, atento “las tratativas y modalidades de contratación, pago y transporte” lo realicé “con la intervención del portal de MERCADO LIBRE en mi calidad de usuario del sitio”, habiéndoseme producido el DAÑO de ese modo, y ser ellos responsables a tenor del Art. 40 LDC por la “prestación del servicio”, sumado a la “confianza brindada” con su PUBLICIDAD de liderarlo en el mercado (foto nº 2 y 3). Así las informaciones suministradas por los proveedores, vendedores o las contenidas en los mensajes publicitarios crean en el receptor legítimas expectativas porque han creído en la veracidad de esa información, así la tergiversación de información y datos defrauda la expectativa de que la prestación se cumplirá del modo prometido o sugerido, del mismo modo que lo \"MARCOLINI JUAN JOSE C/ MERCADO LIBRE S.R.L. S/ SUMARISIMO\" - Expte. Nº 9155 hace la publicidad engañosa…» .",
      "6. Cabe insistir aquí, como bien lo ha actuado la Cámara, que el ámbito de aplicación de la ley en los casos a juzgar está dado por varios elementos, entre ellos el causal, que no pueden ser modificados por el juez sin infracción al principio de congruencia. La calificación jurídica dada por el accionante a un hecho constitutivo de su pretensión, como lo es de la causa pretendi, se conforma con la concurrencia de elementos de carácter fácticos como así también jurídicos que deben ser respetados por el Juez en su decisión para no incurrir en incongruencia y así afectar el derecho de defensa de la otra parte (Exquiaga Ganuzas, Iura novit curia y aplicación judicial del derecho, Lex Nova, Valladolid, 2000, p. 56 y 87).",
      "7. Tampoco se verifica la otra causal alegada respecto de la condena en costas. La apertura de la instancia casatoria por arbitrariedad exige una concreta y clara demostración de la existencia de un razonamiento sentencial incompatible con las constancias objetivas del caso o una valoración ilógica de la prueba producida en la causa que autorice a calificar como infundada la decisión.",
      "La crítica expuesta por el punto es deficiente porque soslaya la fundamentación que se expone en el fallo; habiendo quedado consolidado que en la especie no existió una relación de consumo resulta improcedente invocar el beneficio de gratuidad consagrado en el art. 53 de la Ley 24.240.",
      "8. En definitiva, propicio al acuerdo rechazar el recurso de inaplicabilidad de ley interpuesto por improcedente, con costas a la recurrente (arts. 65 y 66, CPCC). ASÍ VOTO.",
      "A LA CUESTIÓN PROPUESTA LA SRA. VOCAL",
      "En cuanto a los honorarios profesionales, teniendo en cuenta el trabajo realizado, extensión y contenido del mismo, considero razonable establecerlos en un 50 % de los correspondientes a la primera instancia (arts. 1, 2, 3, 30, 64, 94 y ccs. de la ley 7.046). No regular honorarios al letrado Juan José Marcolini en virtud de lo establecido por el art. 13 de la ley 7046. ASÍ VOTO.",
      "A LA SEGUNDA CUESTIÓN PROPUESTA LA SRA."
    ],
    "GISELA N. SCHUMACHER DIJO": [
      "1.- Resumidos los antecedentes del caso por el colega que comanda esta votación me remito a ellos, en honor a la brevedad, e ingreso directamente al tratamiento de la impugnación deducida.",
      "2.- En tal cometido, formulo mi respetuosa disidencia con la solución propiciada por el doctor Tepsich en tanto, a mi entender, la querella no satisfizo la carga contenida en el artículo 280, segundo párrafo, del Código Procesal Civil y Comercial, lo que obsta a la habilitación de la instancia extraordinaria provincial.",
      "Ello en tanto el vicio de incongruencia denunciado por la querella se sustentó en transcripciones y disquisiciones dogmáticas que soslayaron el argumento medular de la sentencia recurrida, esto es que llegó firme a la alzada la ausencia de relación de consumo o, en el mejor de los casos, que de aplicarse el artículo 40 de la Ley de Defensa del Consumidor no es aplicable al supuesto por cuanto Mercado Libre no actuó como intermediario de la operación enunciada por el actor.",
      "Por otro lado, tampoco cumple con los presupuestos que debe reunir el embate casatorio la afirmación de la recurrente respecto a que aún \"MARCOLINI JUAN JOSE C/ MERCADO LIBRE S.R.L. S/ SUMARISIMO\" - Expte. Nº 9155 cuando su parte no hubiese demandado a la accionada por \"abuso de posición dominante\", ello debió ser tratado por la magistratura como parte de su función jurisdiccional. El recurrente no puede pretender desplazar la carga de alegación que correspondía a su parte en este proceso dispositivo, como elemento constitutivo de la pretensión origen del juicio iniciado, e invocar como vicio casatorio que la judicatura no suplió la tarea que le cabía como parte accionante.",
      "En virtud de tales consideraciones, los planteos relacionados con las costas son de abstracto tratamiento en tanto se fundaron exclusivamente en la aplicación de la Ley de Defensa del Consumidor, pero la relación de consumo fue descartada en las instancias anteriores y tal conclusión no logró ser enervada en esta instancia.",
      "3.- Por consiguiente, corresponde declarar la inadmisibilidad del recurso de inaplicabilidad incoado, e imponer las costas por la tramitación en esta instancia a la actora vencida (artículo 65 del código procesal civil y comercial). ASÍ VOTO.",
      "A LA PRIMERA CUESTIÓN EL SR. VOCAL"
    ],
    "LEONARDO PORTELA": [
      "Adhiero al voto emitido por el Sr. Vocal Tepsich. ASÍ VOTO.",
      "A LA SEGUNDA CUESTIÓN PROPUESTA EL SR."
    ],
    "VOCAL GISELA N. SCHUMACHER DIJO": [
      "Adhiero al voto del Sr. Vocal Tepsich ASÍ VOTO.",
      "A LA SEGUNDA CUESTIÓN PROPUESTA EL SR."
    ],
    "VOCAL LEONARDO PORTELA DIJO": [
      "Adhiero al voto del Sr. Vocal Tepsich ASÍ VOTO.",
      "Con lo que no siendo para más se da por finalizado el acto quedando acordada la siguiente sentencia:",
      "Paraná, 6 de diciembre de 2024."
    ],
    "Y VISTO": [
      "Por los fundamentos del acuerdo que antecede se,"
    ],
    "RESUELVE": [
      "RECHAZA el recurso de inaplicabilidad de ley deducido en fecha 1/7/2024, respecto de la resolución de la Sala Primera de la Cámara Segunda de Apelaciones de Paraná dictada en fecha 11/6/2024.",
      "IMPONER costas a la vencida (art. 65 y 66 del CPCC).",
      "\"MARCOLINI JUAN JOSE C/ MERCADO LIBRE S.R.L. S/ SUMARISIMO\" - Expte. Nº 9155 FIJAR los honorarios profesionales correspondientes a esta instancia extraordinaria, en el 50 % de los honorarios que se establezcan por la labor en primera instancia (arts. 1, 2, 3, 30, 64, 94 y ccs. de la ley 7046).",
      "NO REGULAR honorarios al letrado Juan José Marcolini en virtud de lo establecido por el art. 13 de la ley 7046.",
      "Tener presente la reserva del caso federal.",
      "Notifíquese conforme arts. 1º y 4º Ac. Gral. 15/18 SNE, regístrese y oportunamente devuélvase.",
      "Ante mí. En igual fecha se registró. Asimismo, se deja constancia que la presente se suscribe mediante firma digital -Acuerdo Gral. 11/20 del 23-6-2020, Punto 4°) prescindiéndose de su impresión en formato papel."
    ]
  }
}