{
  "METADATOS": {
    "ID_FALLO": "9162",
    "MES": "12",
    "ARTICULOS_CITADOS": {
      "citations": [
        {
          "main_source": "Código Civil y Comercial (CCC)",
          "cited_articles": [
            901,
            1615,
            1726,
            1210
          ],
          "extra": "Derogado Código Civil - actual artículo 1726 del CCC; doctrina del actual art. 1210 del CCC."
        },
        {
          "main_source": "Código Procesal Civil y Comercial (CPCC)",
          "cited_articles": [
            65,
            66
          ],
          "extra": "art. 65 y 66 del CPCC."
        },
        {
          "main_source": "Ley 7046",
          "cited_articles": [
            1,
            2,
            3,
            30,
            64,
            94
          ],
          "extra": "arts. 1, 2, 3, 30, 64, 94 y concs."
        },
        {
          "main_source": "Ley 10.704",
          "cited_articles": [
            33
          ],
          "extra": "art. 33 de la LOPJ, texto según ley 10.704."
        },
        {
          "main_source": "Acuerdo General 15/18 SNE",
          "cited_articles": [
            1,
            4
          ],
          "extra": "conforme arts. 1º y 4º Ac. Gral. 15/18 SNE."
        },
        {
          "main_source": "Acuerdo General 11/20",
          "cited_articles": [
            28
          ],
          "extra": "Acuerdo Gral. 11/20 del 23-6-2020, Punto 4°."
        },
        {
          "main_source": "Otro",
          "cited_articles": [
            114,
            29
          ],
          "extra": "Art. 29 de esta ley."
        }
      ]
    }
  },
  "MATERIA_PRELIMINAR": "ORDINARIO DAÑOS Y PERJUICIOS",
  "IDEA_CENTRAL": "**IDEA CENTRAL DEL FALLO:**\n\nEl Tribunal resolvió declarar procedente el recurso de inaplicabilidad de ley interpuesto por la parte actora, Aníbal Américo Tortul, y rechazar el recurso de la demandada, Newtronic S.A., en el contexto de un juicio por daños y perjuicios. La decisión principal fue casar la sentencia de la Cámara de Apelaciones que había desgravado la responsabilidad de la demandada en un 40%, imponiendo en cambio la obligación de esta última de responder plenamente por los daños reclamados.\n\n**Fundamento Legal:**\nEl fallo se fundamenta en el artículo 1615 del Código Civil (actual artículo 7 del CCC), que establece que si un contrato de locación describe el estado del inmueble, el locatario debe restituirlo en las mismas condiciones. El Tribunal concluyó que la falta de un inventario o detalle del estado del inmueble no exime al locatario de su responsabilidad contractual.\n\n**Aspectos Legales Relevantes:**\n1. **Código Civil (art. 1615)**: Establece la obligación de restituir el inmueble en el estado en que fue recibido.\n2. **Código Civil y Comercial (art. 7)**: Refuerza la misma obligación.\n3. **Principio de carga de la prueba**: Se determinó que la carga de probar el estado del inmueble recaía sobre la demandada, no sobre la actora.\n\n**Razonamiento del Tribunal:**\nEl Tribunal consideró que la decisión de la Cámara de Apelaciones fue arbitraria al desestimar la responsabilidad de la demandada, ya que el contrato claramente estipulaba que el inmueble se entregó en \"perfectas condiciones de uso\". La falta de inspección por parte del locador no puede ser utilizada como argumento para exonerar al locatario de su obligación de restituir el inmueble en el estado acordado. Además, se destacó que la interpretación del contrato debía prevalecer sobre percepciones subjetivas sobre el estado del inmueble.\n\nEn consecuencia, se impusieron las costas a la parte demandada y se fijaron honorarios profesionales en un 55% de los correspondientes a la primera instancia.",
  "CONTENIDO": {
    "INICIO": [
      "\"TORTUL ANIBAL AMERICO C/ NEWTRONIC S.A. Y OTRO S/ ORDINARIO DAÑOS Y PERJUICIOS\" - Expte. Nº 9162"
    ],
    "ACUERDO": [
      "En la ciudad de Paraná, capital de la provincia de Entre Ríos, a los veintiséis días del mes de diciembre del año dos mil veinticuatro reunidos los integrantes de este Tribunal asistidos por el Secretario autorizante, para conocer los recursos de inaplicabilidad de ley deducidos en fecha 3/6/2024 y en fecha 5/6/2024 en las actuaciones: \"TORTUL ANIBAL AMERICO C/ NEWTRONIC S.A. Y OTRO S/ ORDINARIO DAÑOS Y PERJUICIOS\" - Expte. Nº 9162, respecto de la resolución de la Sala Segunda de la Cámara Segunda de Apelaciones de Paraná dictada en fecha 20/5/2024. Se practicó el sorteo de ley resultando que la votación debía tener lugar en el siguiente orden:",
      "Sr. Vocal Carlos Federico Tepsich; Sra. Vocal Gisela N. Schumacher y Sr.",
      "Vocal Leonardo Portela.",
      "Estudiados los autos, la Sala se planteó la siguiente cuestión:",
      "¿qué corresponde resolver respecto de los recursos de inaplicabilidad de ley interpuestos?",
      "A LA PRIMERA CUESTIÓN PROPUESTA EL SR."
    ],
    "VOCAL CARLOS FEDERICO TEPSICH DIJO": [
      "1. La Sala II de la Cámara de Apelaciones de esta ciudad el 20/05/2024 resolvió hacer lugar al recurso de apelación deducido por la parte demandada Newtronic S.A. contra la sentencia dictada en la instancia anterior y rechazó los rubros lucro cesante, los cánones locativos por los meses de abril, mayo y junio 2014, desgravó la responsabilidad por los daños en un 40% e impuso las costas en primera instancia en un 40% a la parte actora y 60% a cargo de la demandada y en la alzada en un 60% a la parte actora y 40% a la parte demandada respectivamente.",
      "Para así resolver, y en lo que interesa para la definición del presente, consideró que de la prueba producida surge un aporte causal en la producción de los daños materiales atribuibles a la parte actora locadora. A tal fin destacó que en el contrato no se consignó en concreto el estado del inmueble ni se anexó inventario de bienes o una descripción de las mejoras realizadas a los fines locativos por lo que cabía concluir que el inmueble objeto de locación no fue entregado a nuevo ni en condiciones de estreno sino en perfectas condiciones de uso. Agregó que la parte locadora no ejerció el derecho de inspeccionar por lo que no puede exigir que se le reconozca en juicio un estado de situación de la cosa que no se avino a constatar.",
      "2. La decisión motivó la interposición de sendos recursos de inaplicabilidad de ley por parte del accionante y la demandada, cuyas respectivas concesiones motivan la intervención de esta Sala.",
      "2.1. La parte actora denuncia que la sentencia se aparta de la solución normativa y la doctrina legal aplicable al supuesto de autos, incurriendo en arbitrariedad.",
      "Expresa que no se le puede atribuir responsabilidad por el daño material reclamado que reconoce su causa en hechos materiales causados por el \"TORTUL ANIBAL AMERICO C/ NEWTRONIC S.A. Y OTRO S/ ORDINARIO DAÑOS Y PERJUICIOS\" - Expte. Nº 9162 locatario que detentaba la custodia del inmueble; y, la conducta negligente que el tribunal ad quem le atribuye a lo sumo son meras condiciones que no alcanzan la entidad de causa adecuada en la producción del daño.",
      "Denuncia que el fallo infringió la norma contenida en el artículo 901 del derogado Código Civil -actual artículo 1726 del CCC-.",
      "Finalmente critica la distribución de las costas del juicio.",
      "2.2. La parte demandada invoca arbitrariedad alegando que la conclusión del fallo resulta contradictoria con los propios fundamentos expresados.",
      "Sostiene que razones de coherencia hacían que la solución a dar fuera la desestimación total de la responsabilidad endilgada o, por lo menos, una de menor entidad a la establecida en el fallo puesto que sólo dispuso del inmueble por 16 meses ya que antes la tenencia la tuvo el locatario originario;",
      "la codemandada IAFAS.",
      "Expresa que el fallo carece de fundamento al no analizar la causa de los daños por los que se reclaman y expresa que el desentendimiento de la actora por la exoneración de responsabilidad que la sentencia de primera instancia decidió en relación al IAFAS, no puede afectarla.",
      "3. Las partes produjeron los respectivos memoriales de réplica, demandada el 26/6/2024 y la actora el 27/6/2024, en los que solicitan el rechazo del recurso articulado por la contraria.",
      "4. Ingresando al tratamiento de las cuestiones que son materia de recurso comienzo a reparar que el contrato de locación por cuyo incumplimiento reclama la parte actora es aquel que celebró la actora con la firma Newtronic S.A. el 19/11/2012 y cuyo instrumento obra en copia a fs. 12 del legajo documental de este proceso.",
      "De su lectura surge que la cláusula primera expresamente consignó, luego de definir el uso que se dará al inmueble, que éste \"se encuentra en perfectas condiciones de uso...cuenta con instalación eléctrica y sanitaria en condiciones de uso y buen estado de conservación, debiendo reintegrarse a la finalización del contrato en las mismas condiciones recibidas, salvo deterioro normal derivado del buen uso, libre de efectos y ocupantes\" y en la cláusula séptima se estableció que la locadora se reservaba el derecho de inspeccionar el inmueble y verificar su estado. Ahora bien, la interpretación de este marco normativo contractual y de las disposiciones legales supletorias aplicables, pone en evidencia que el fallo impugnado ha incurrido en arbitrariedad al decidir desgravar la responsabilidad reclamada.",
      "5. Si en el contrato, sin reservas ni aclaraciones, se consignó que el inmueble se entregó en perfectas condiciones de uso, en esas condiciones lo debe el locatario restituir.",
      "Concluir que la inexistencia de un detalle o inventario del estado del inmueble o sus muebles y útiles lleve a considerar, por fuera del contrato solo en base a una insostenible percepción subjetiva que confronta la \"TORTUL ANIBAL AMERICO C/ NEWTRONIC S.A. Y OTRO S/ ORDINARIO DAÑOS Y PERJUICIOS\" - Expte. Nº 9162 prueba y la normativa aplicable, que su condición no era realmente la que fuera detallada en el acuerdo exhibe, insisto, un razonamiento que se aparta del acuerdo de las partes, creando una responsabilidad a cargo del locador sin fundamento razonable y legal.",
      "6. El artículo 1615 del Cód. Civil (art. 7, CCC) establece que si el contrato contiene una descripción del estado de la cosa, o expresa que ella se encontraba en un estado determinado cuando fue recibida por el locatario, debe devolverse en el mismo estado.",
      "Como he tenido oportunidad de expresar, como magistrado de la instancia de grado, esta norma consagra una presunción en favor de lo expresado en el instrumento contractual por el que se indicó el estado de la cosa en el momento de la entrega por el locador y, salvo prueba en contrario, el locatario la debe devolver en ese mismo estado (mi voto en \"RAPETTI, SUSANA INÉS C. CAZZULINO, GILDA CAROLINA -ORDINARIO-\", Expte. 12.399 y sus citas). La razonabilidad de la previsión legal se justifica, como lo explicaba García Goyena, a partir de, por un lado, que el arrendador está obligado a entregar la cosa en buen estado y, por el otro, que el arrendatario no la habría recibido si la cosa no tenía aptitud de servir para el uso que es el objeto del arriendo o sin hacer constar su falta (Zago, Jorge en Código Civil comentado, anotado y concordado, Belluscio-Zannoni, Astrea, Buenos Aires, 2003, T. 7º, p. 598).",
      "7. En la especie, constituye un razonar arbitrario invertir el onus probandi adjudicándose a la accionante puesto que a quien corresponde acreditar la inexactitud de dicha cláusula es a la sociedad comercial demandada;",
      "lo que, claro está, no se cumple con el simple recurso de invocar la existencia de un contrato de locación anterior entre el actor y el IAFAS.",
      "Si el locatario ocupó la cosa sin hacer reserva alguna se presume que la cosa está en el estado de uso y conservación que las partes de mutuo acuerdo calificaron de “perfectas condiciones” y, siendo ello así, la restitución al locador se debe cumplir en ese estado, sin que quepa hacer artificiosos razonamientos ni tergiversaciones en torno a que no se trataba de un inmueble a estrenar o nuevo que conlleven desplazar esa voluntad de las partes expresada en el contrato (art. 1615 Cód. Civil -doctrina del actual art. 1210 del CCC-).",
      "8. El no ejercicio de la facultad de inspeccionar el inmueble por parte del locador durante la vigencia del contrato es insuficiente para decidir que el locatario no responde totalmente por el incumplimiento de la obligación de restituir en el mismo estado que le fue entregado. Concluir de ese modo carece de todo respaldo legal y lógico.",
      "El derecho a inspección del inmueble es lisa y llanamente una facultad contractual unilateral cuyo no ejercicio no se le puede reprochar al locador y, menos aún, con la consecuencia de exonerar total o parcialmente al locatario de cumplir con una de las obligaciones a su cargo. Hay que tener \"TORTUL ANIBAL AMERICO C/ NEWTRONIC S.A. Y OTRO S/ ORDINARIO DAÑOS Y PERJUICIOS\" - Expte. Nº 9162 presente que este tipo de facultades atribuyen a su titular el poder de provocar de modo unilateral y discrecional una determinada vicisitud jurídica, pero nada más. Tampoco de ello se puede extraer un aporte causal en la producción de los deterioros que excedan a los que corresponden al uso normal y ordinario conforme el destino para lo que fue alquilado el inmueble (art. 901, Cód. Civil - art. 1227, CCC). Menos aún, ubica la situación en los confines de doctrina de los actos propios, ninguno de sus extremos se verifican.",
      "9. Entonces, probado con informe pericial, el acta de constatación notarial y la demás documental glosada en autos que el estado del inmueble al momento de su restitución en el año 2014 no condice con aquel que se especificó en el instrumento contractual, la sentencia en análisis es arbitraria por haber soslayado la consideración de los aspectos relevantes para resolver y acudir a la consideración de circunstancias ajenas al contrato e inconducentes para la solución del conflicto.",
      "10. En definitiva, propongo al acuerdo admitir el recurso de inaplicabilidad de ley interpuesto por la actora y rechazar el de la codemandada Newtronic S.A. y, en consecuencia, CASAR el fallo impugnado y dejar sin efecto la desgravación de responsabilidad decidida en su punto 2), con costas a cargo de la parte demandada recurrente (arts. 65 y 66, CPCC).",
      "En cuanto a los honorarios profesionales, teniendo en cuenta el trabajo realizado, extensión y contenido del mismo, considero razonable establecerlos en un 55% de los correspondientes a la primera instancia (arts. 1, 2, 3, 30, 64, 94 y concs., Ley 7046). Asimismo, en atención a cómo se decide, corresponde adecuar la condena en costas de la apelación, las que se imponen en un 20 % a la actora y en 80% a la demandada, y dejar sin efecto las adecuaciones de honorarios efectuadas en la misma, las que deberán realizarse nuevamente. ASÍ VOTO.",
      "A LA PRIMERA CUESTIÓN PROPUESTA LA SRA."
    ],
    "VOCAL GISELA N. SCHUMACHER DIJO": [
      "1.- Resumidos de manera suficiente los antecedentes del caso por el colega del primer voto me remito a ellos, en honor a la brevedad, e ingreso directamente al análisis de los recursos de inaplicabilidad de ley sometidos a juzgamiento.",
      "2.- En tal cometido, comparto en lo sustancial a los argumentos expuestos por el Dr. Tepsich, lo que conlleva mi adhesión a las soluciones propiciadas en el sufragio que me precede. ASÍ VOTO.",
      "Por último, habiendo mayoría de opiniones, EL SR. VOCAL EN EJERCICIO DE LA PRESIDENCIA DEL STJ, LEONARDO PORTELA, se abstiene de votar y firmar la presente resolución con arreglo a lo dispuesto por el art. 33 de la LOPJ, texto según ley 10.704.",
      "Con lo que no siendo para más se da por finalizado el acto quedando acordada la siguiente sentencia:",
      "Paraná, 26 de diciembre de 2024.",
      "\"TORTUL ANIBAL AMERICO C/ NEWTRONIC S.A. Y OTRO S/ ORDINARIO DAÑOS Y PERJUICIOS\" - Expte. Nº 9162"
    ],
    "Y VISTO": [
      "Por los fundamentos del acuerdo que antecede se,"
    ],
    "RESUELVE": [
      "DECLARAR PROCEDENTE el recurso de inaplicabilidad de ley deducido por la actora en fecha 5/6/2024 y RECHAZAR el recurso de inaplicabilidad de ley interpuesto por la demanda Newtronic S.A. en fecha 3/6/2024, en consecuencia, CASAR la resolución de la Sala Segunda de la Cámara Segunda de Apelaciones de Paraná dictada en fecha 20/5/2024 y DEJAR SIN EFECTO la desgravación de responsabilidad decidida en su punto 2).",
      "IMPONER costas de esta instancia a la demandada vencida (art. 65 y 66 del CPCC). Adecuar la condena en costas de la apelación, las que se imponen en un 20 % a la actora y en 80% a la demandada.",
      "DEJAR SIN EFECTO las adecuaciones de honorarios efectuadas, las que deberán realizarse nuevamente FIJAR los honorarios profesionales de esta instancia extraordinaria, en el 55 % de los honorarios correspondientes a la primera instancia (arts. 1, 2, 3, 30, 64, 94 y concs., Ley 7046).",
      "Notifíquese conforme arts. 1º y 4º Ac. Gral. 15/18 SNE, regístrese y oportunamente devuélvase.",
      "Ante mí. En igual fecha se registró. Asimismo, se deja constancia que la presente se suscribe mediante firma digital -Acuerdo Gral. 11/20 del 23-6-2020, Punto 4°) prescindiéndose de su impresión en formato papel.",
      "Existiendo regulación de honorarios a abogados y/o procuradores, cumpliendo con lo dispuesto por la ley 7046, se transcriben los siguientes los artículos:",
      "Art. 28: NOTIFICACIÓN DE TODA REGULACIÓN. Toda regulación de honorarios deberá notificarse personalmente o por cédula. Para el ejercicio del derecho al cobro del honorario al mandante o patrocinado, la notificación deberá hacerse en su domicilio real. En todos los casos la cédula deberá ser suscripta por el Secretario del Juzgado o Tribunal con transcripción de este artículo y del artículo 114 bajo pena de nulidad. No será necesaria la notificación personal o por cédula de los autos que resuelvan los reajustes posteriores que se practiquen por aplicación del artículo 114.",
      "Art. 114: PAGO DE HONORARIOS. Los honorarios regulados judicialmente deberán abonarse dentro de los diez (10) días de quedar firme los autos regulatorios. Los honorarios por trabajos extrajudiciales y los convenidos por escrito, cuando sean exigibles, se abonarán dentro de los diez (10) días de requerido el pago en forma fehaciente. Los honorarios calculados en la forma prevista en el Art. 29 de esta ley, devengarán intereses de pleno derecho, desde la mora y hasta el efectivo pago, los que serán fijados por el juez de la causa, siguiendo el mismo criterio que el utilizado para establecer la actualización de los valores económicos de la misma."
    ]
  }
}