{
  "METADATOS": {
    "ID_FALLO": "9175",
    "MES": "12",
    "ARTICULOS_CITADOS": {
      "citations": [
        {
          "main_source": "Ley 7046",
          "cited_articles": [
            3,
            12,
            14,
            64
          ],
          "extra": null
        },
        {
          "main_source": "Ley 7046",
          "cited_articles": [
            5,
            65
          ],
          "extra": "Const. Prov."
        },
        {
          "main_source": "Otro",
          "cited_articles": [
            64
          ],
          "extra": "LA"
        },
        {
          "main_source": "Otro",
          "cited_articles": [
            134
          ],
          "extra": null
        },
        {
          "main_source": "Otro",
          "cited_articles": [
            33
          ],
          "extra": "LOPJ"
        },
        {
          "main_source": "Ley 10.704",
          "cited_articles": [],
          "extra": null
        },
        {
          "main_source": "Acuerdo General 15/18 SNE",
          "cited_articles": [
            1,
            4
          ],
          "extra": "Ac. Gral."
        },
        {
          "main_source": "Acuerdo General 11/20",
          "cited_articles": [],
          "extra": "del 23-6-2020"
        }
      ]
    }
  },
  "MATERIA_PRELIMINAR": "ORDINARIO DAÑOS Y PERJUICIOS",
  "IDEA_CENTRAL": "### IDEA CENTRAL DEL FALLO\n\n**Decisión Judicial Principal:** El Tribunal rechaza el recurso de inaplicabilidad de ley interpuesto por el Dr. Pusineri, apoderado de la parte demandada, en relación a la regulación de honorarios profesionales en el caso \"Fernández Cecilia Beatriz c/ Payero Enrique Omar y otro\".\n\n**Fundamento Legal:** La decisión se basa en la correcta aplicación de la legislación arancelaria vigente, específicamente los artículos 3, 12, 14 y 64 de la Ley 7.046, que regulan los honorarios de los abogados. El Tribunal sostiene que la resolución de la Cámara de Apelaciones cumple con los requisitos de fundamentación exigidos por la ley.\n\n### Aspectos Legales Relevantes\n\n1. **Ley 7.046:** Regula los honorarios de los abogados y establece criterios para su fijación.\n2. **Artículos Clave:**\n   - **Art. 64:** Establece que las regulaciones de honorarios en primera instancia no son vinculantes para el Tribunal de apelación.\n   - **Art. 134:** Indica que las modificaciones en el régimen arancelario son de aplicación inmediata en trámites no concluidos.\n\n### Razonamiento del Tribunal\n\nEl Tribunal argumenta que la Cámara de Apelaciones fundamentó adecuadamente la regulación de honorarios, mencionando los artículos aplicables y la base económica utilizada para determinar los montos. Se desestima el argumento de falta de fundamentación, ya que se proporciona una respuesta suficiente a la cuestión planteada. Además, se aclara que las diferencias en los montos regulados entre instancias no constituyen un error, dado que la ley permite variaciones en función de las circunstancias del caso y las modificaciones legislativas recientes.\n\nEn conclusión, el Tribunal reafirma la validez de la regulación de honorarios y la correcta aplicación de la normativa, rechazando el recurso presentado.",
  "CONTENIDO": {
    "INICIO": [
      "\"FERNANDEZ CECILIA BEATRIZ C/ PAYERO ENRIQUE OMAR Y OTRO S/ ORDINARIO DAÑOS Y PERJUICIOS\" - Expte. Nº 9175"
    ],
    "ACUERDO": [
      "En la ciudad de Paraná, capital de la provincia de Entre Ríos, a los doce días del mes de diciembre del año dos mil veinticuatro reunidos los integrantes de este Tribunal asistidos por el Secretario autorizante, para conocer el recurso de inaplicabilidad de ley deducido en fecha 14/8/2024 en las actuaciones: \"FERNANDEZ CECILIA BEATRIZ C/ PAYERO ENRIQUE OMAR Y OTRO S/ ORDINARIO DAÑOS Y PERJUICIOS\" - Expte. Nº 9175, respecto de la resolución de la Sala Primera de la Cámara Segunda de Apelaciones de Paraná dictada en fecha 6/8/2024. Se practicó el sorteo de ley resultando que la votación debía tener lugar en el siguiente orden: Sr. Vocal Carlos Federico Tepsich; Sra. Vocal Gisela Schumacher y Sr. Vocal Leonardo Portela.",
      "Estudiados los autos, la Sala se planteó la siguiente cuestión:",
      "¿qué corresponde resolver respecto del recurso de inaplicabilidad de ley interpuesto?",
      "A LA CUESTIÓN PROPUESTA EL SR. VOCAL"
    ],
    "CARLOS FEDERICO TEPSICH, DIJO": [
      "1. Contra la resolución de fecha 6 de agosto de 2024 de la Cámara Segunda en lo Civil y Comercial Sala Primera de la ciudad de Paraná que regula los honorarios profesionales por la actuación ante la Alzada de los Dres. Juan Manuel PUSINERI, Alejandro Marcelo SARUBI y Claudio Alberto Blas SARUBI en las respectivas sumas de pesos dos millones trescientos cincuenta y siete mil novecientos setenta y seis con noventa y nueve centavos ($2.357.976,99) -equivalentes a 45,5 juristas-; dos millones trescientos cincuenta y siete mil novecientos setenta y seis con noventa y nueve centavos ($2.357.976,99) -equivalentes a 45,5 juristas- y tres millones trescientos un mil ciento sesenta y siete con setenta y ocho centavos ($3.301.167,78) -equivalentes a 63,7 juristas-, a valor del jurista: $51.823,67 interpone el Dr. Pusineri, apoderado de la parte demandada, recurso de inaplicabilidad de ley, cuya concesión motiva la intervención de este Tribunal.",
      "Al fundar la impugnación invoca arbitraria interpretación de la legislación arancelaria vigente. Alega que la suma de pesos consignada en concepto de honorarios en el decisorio no encuentra correlato alguno con lo dispuesto por los arts. 3, 12, 14 y 64 de la ley 7.046, por lo que los mismos devienen altos.",
      "Considera carente de asidero legal la regulación en virtud de que amén de que se aparta de la legislación vigente omite toda fundamentación, requisito que impone la ley 7.046 en su actual regulación. Entiende que los montos regulados sobrepasan el máximo legal, por lo que peticiona que la resolución sea modificada acorde a la normativa de orden público.",
      "2. No resulta de recibo por ficticio el argumento de la alegada falta de fundamentación; la lectura de la resolución regulatoria lo desmiente.",
      "El tribunal, amén de mencionar los artículos de ley aplicables al \"FERNANDEZ CECILIA BEATRIZ C/ PAYERO ENRIQUE OMAR Y OTRO S/ ORDINARIO DAÑOS Y PERJUICIOS\" - Expte. Nº 9175 caso, refiere a la base económica de la que parte y detalla cómo arriba a los emolumentos que determina; y siendo ello así, se encuentra debidamente cumplimentada la elemental exigencia constitucional de dar una oportuna y suficiente fundada respuesta por parte de la magistratura respecto a esta cuestión que hace al orden público local (arts. 65, Const. Prov. y 5 de la ley 7.046).",
      "3. En lo demás, la mera diferencia de valores entre los honorarios regulados en las diferentes instancias no es por sí misma indicativa de error.",
      "La norma arancelaria contenida en el art. 64 de la LA es clara en cuanto a que las regulaciones de primera instancia no obligan en absoluto al Tribunal, habida cuenta que dicho artículo se remite a la suma que corresponda en primera instancia y “no a los honorarios efectivamente fijados en la misma” (cfr. \"Maldonado Claudina Amalia c/ Mizawak Cristina Aurora y otro -Sumario-\" Expte. Nº 2912, sentencia del 5/9/2000; \"Municipalidad de Gualeguaychú c/ Ingeniera Sur S.A. s/ Daños y Perjuicios\" Expte. Nº 3159, sentencia del 8/9/2000; \"Duré Justo Oscar c/ Díaz Javier Bernardo y Otra - S/ Sumario\" - Nº 4144, sentencia del 9/11/2004; entre otros). A su vez, no puede soslayarse que entre la fecha de resolución de primera instancia y la del fallo que aquí se impugna, entraron en vigencia las modificaciones introducidas por la ley 11.141 al régimen arancelario en cuestión, las que al ser de aplicación inmediata en los trámites regulatorios no concluidos por resoluciones firmes (art. 134), explica las diferencias de montos regulados.",
      "4. En definitiva, propongo al acuerdo el rechazo del recurso de inaplicabilidad de ley arancelario deducido. ASÍ VOTO.",
      "A LA CUESTIÓN PROPUESTA LA SRA. VOCAL"
    ],
    "GISELA N. SCHUMACHER DIJO": [
      "Adhiero al voto emitido por el Sr. Vocal preopinante. ASÍ VOTO.",
      "Por último, habiendo mayoría de opiniones, EL SR. VOCAL EN EJERCICIO DE LA PRESIDENCIA DEL STJ, LEONARDO PORTELA, se abstiene de votar y firmar la presente resolución con arreglo a lo dispuesto por el art. 33 de la LOPJ, texto según ley 10.704.",
      "Con lo que no siendo para más se da por finalizado el acto quedando acordada la siguiente sentencia:",
      "Paraná, 12 de diciembre de 2024."
    ],
    "Y VISTO": [
      "Por los fundamentos del acuerdo que antecede se,"
    ],
    "RESUELVE": [
      "RECHAZAR el recurso de inaplicabilidad de ley deducido en fecha 14/8/2024, respecto de la resolución de la Sala Primera de la Cámara Segunda de Apelaciones de Paraná dictada en fecha 6/8/2024.",
      "Tener presente la reserva del caso federal.",
      "\"FERNANDEZ CECILIA BEATRIZ C/ PAYERO ENRIQUE OMAR Y OTRO S/ ORDINARIO DAÑOS Y PERJUICIOS\" - Expte. Nº 9175 Notifíquese conforme arts. 1º y 4º Ac. Gral. 15/18 SNE, regístrese y oportunamente devuélvase.",
      "Ante mí. En igual fecha se registró. Asimismo, se deja constancia que la presente se suscribe mediante firma digital -Acuerdo Gral. 11/20 del 23-6-2020, Punto 4°) prescindiéndose de su impresión en formato papel."
    ]
  }
}