{
  "METADATOS": {
    "ID_FALLO": "9194",
    "MES": "12",
    "ARTICULOS_CITADOS": {
      "citations": [
        {
          "main_source": "Ley 24.522 (LCQ - Ley de Concursos y Quiebras)",
          "cited_articles": [
            267,
            271
          ],
          "extra": null
        },
        {
          "main_source": "Constitución Nacional (CN)",
          "cited_articles": [
            16,
            18
          ],
          "extra": null
        },
        {
          "main_source": "Código Procesal Civil y Comercial (CPCC)",
          "cited_articles": [
            280,
            31
          ],
          "extra": "inc. 4"
        },
        {
          "main_source": "Acuerdo General 15/18 SNE",
          "cited_articles": [
            1,
            4
          ],
          "extra": "conforme"
        },
        {
          "main_source": "Acuerdo General 11/20",
          "cited_articles": [],
          "extra": "del 23-6-2020"
        }
      ]
    }
  },
  "MATERIA_PRELIMINAR": "QUEJA (INTERPUESTO POR RUBEN MARIA VIRUE)",
  "IDEA_CENTRAL": "### IDEA CENTRAL DEL FALLO\n\n**Decisión Principal:** Se deniega el recurso de queja interpuesto por Rubén María Virué contra la resolución de la Sala Civil y Comercial de la Cámara de Apelaciones de Gualeguaychú, que había regulado honorarios en un proceso de quiebra.\n\n**Fundamento Legal:** La decisión se basa en la falta de fundamentación adecuada del recurso de inaplicabilidad de ley, conforme a los requisitos establecidos en el artículo 280 del Código Procesal Civil y Comercial (CPCC).\n\n### Aspectos Legales Relevantes\n\n1. **Principio de Congruencia:** Se argumenta que el recurrente no demostró adecuadamente la violación de este principio, que exige que las decisiones judiciales se ajusten a lo solicitado por las partes.\n   \n2. **Cosa Juzgada:** El tribunal sostiene que el recurrente no logró evidenciar cómo se vulneró este principio, dado que las decisiones anteriores habían quedado firmes.\n\n3. **Regulación de Honorarios:** Se menciona que la regulación de honorarios fue realizada conforme al tope máximo del 12% establecido en el artículo 267 de la Ley de Concursos y Quiebras (LCQ).\n\n### Razonamiento del Tribunal\n\nEl tribunal concluye que el recurrente no cumplió con la carga de fundamentación necesaria para que el recurso de inaplicabilidad de ley sea admitido. Se señala que las alegaciones presentadas son meras discrepancias subjetivas y no constituyen un cuestionamiento jurídico serio. Además, se enfatiza que el tribunal de alzada actuó correctamente al denegar el recurso, ya que el recurrente no logró demostrar la violación de normas o doctrina aplicable.\n\n### Leyes y Artículos Clave\n\n- **Código Procesal Civil y Comercial (CPCC):** Artículo 280, que establece los requisitos de fundamentación para la admisibilidad de recursos.\n- **Ley de Concursos y Quiebras (LCQ):** Artículo 267, que regula los honorarios en procesos de quiebra.\n\nEn conclusión, el tribunal mantiene la decisión de denegar el recurso de queja, reafirmando la importancia de la debida fundamentación en los recursos judiciales.",
  "CONTENIDO": {
    "INICIO": [
      "\"PERRI ENRIQUE ERNESTO S. PEDIDO DE QUIEBRA S/ QUEJA (INTERPUESTO POR RUBEN MARIA VIRUE)\" - Expte. Nº 9194 PARANÁ, 19 de diciembre de 2024."
    ],
    "VISTO": [
      "El recurso de queja interpuesto en fecha 8 de noviembre de 2024, en las actuaciones: \"PERRI ENRIQUE ERNESTO S. PEDIDO DE QUIEBRA S/ QUEJA (INTERPUESTO POR RUBEN MARIA VIRUE)\" - Expte. Nº 9194, contra la resolución de la Sala Civil y Comercial de la Cámara de Apelaciones de Gualeguaychú dictada en fecha 29 de octubre de 2024, y,"
    ],
    "CONSIDERANDO": [
      "1.- La resolución del tribunal de grado no concedió el recurso de inaplicabilidad de ley interpuesto contra la decisión de esa alzada que, ante la nueva base económica del juicio, dejó sin efecto la regulación de honorarios practicada el 20 de abril del 2022 y reguló honorarios a los letrados Luis L.",
      "Ferrando, Esteban E. Moyano y Rubén M. Virué, al martillero José A. Badaracco y a la síndica María Martha Morales que en su conjunto suman $ 12.909.902,03 (tope máximo 12%, art. 267 de la LCQ).",
      "Para así decidir, explicó que si bien el recurrente invocó que se trata de un fallo en el que se violó el principio de congruencia, cosa juzgada y los arts. 16 y 18 de la C.N., no desarrolló tales conceptos ni refirió cuál fue la legislación vigente violada, ni la doctrina legal que consideró violentada o erróneamente aplicada.",
      "Sostuvo que el recurrente confunde el recurso de inaplicabilidad de ley con una tercera instancia ordinaria, y que más que ilustrar sobre el contenido jurídico de las argumentaciones, denota la carencia de ellos, lo que constituye una mera disconformidad con la posición que correcta o incorrectamente fue asumida por ese Tribunal.",
      "Concluyó que el recurso no satisfizo el análisis que sugiere esta cuál es la ley o doctrina violada o, erróneamente aplicada, señalando qué y/o cómo se debe aplicar, o bien, manifiesta que la sentencia es absurda o arbitraria, fundamentando sólo en una discrepancia con el fallo, pretendiendo así que esta Sala revise hechos o valore pruebas, no hay dudas que la cámara debe denegar el recurso.",
      "2.- En su queja, el recurrente manifiesta que de la lectura del fallo se puede advertir que es el propio tribunal de alzada el que reconoce el cumplimiento de los requisitos para la concesión del recurso de inaplicabilidad de ley. Luego de su transcripción, expresa que no entiende cómo puede sostenerse que no desarrolló los conceptos expuestos, no refirió cuál es la legislación vigente ni la doctrina legal violada o erróneamente aplicada.",
      "En esta línea argumentativa, sostiene que las exigencias del art.",
      "280, segundo párrafo, del CPCC, están largamente cumplimentadas en cuanto a que al denunciar que se modificaron honorarios firmes, se consignó que esa situación estaba reconocida por un pronunciamiento jurisdiccional y que su \"PERRI ENRIQUE ERNESTO S. PEDIDO DE QUIEBRA S/ QUEJA (INTERPUESTO POR RUBEN MARIA VIRUE)\" - Expte. Nº 9194 apartamiento implicaba una violación al derecho de defensa y propiedad. Lo mismo arguye respecto a la supuesta violación del deber de la magistratura previsto por el art. 31 inc. 4 del CPCC, ya que la parte dispositiva de la sentencia interlocutoria, en su punto 1º, ignora la normativa vigente y quebranta el principio de congruencia.",
      "Postula que lejos de pretender una tercera instancia ordinaria o exteriorizar una mera disconformidad se precisó con nitidez la violación de la cosa juzgada y la reformatio in peius.",
      "Alega que el Tribunal de Alzada debe expedirse únicamente sobre los requisitos formales, a los cuales se califica como de \"admisibilidad\".",
      "Enuncia que no es casualidad que la norma insista en el aspecto formal del recurso como en sus requisitos de admisibilidad, ya que es el único marco en el que la Cámara debe actuar para conceder o no el recurso de inaplicabilidad de ley. Agrega que los precedentes de esta Sala citados por la alzada fueron todos emitidos con fecha anterior a la mencionada reforma (2008), por lo que no se debería haber recurrido a ellos; y que aún en el caso de que se entendiera que esa jurisprudencia es aceptable, tampoco es admisible el criterio, ya que de ninguna manera está exenta de fundar la denegatoria o concesión del recurso de inaplicabilidad de ley, y en el caso, de expresar los elementos faltantes que impiden su concesión.",
      "Con cita de antecedente de esta Sala, expone que el tribunal de alzada realizó una errónea e imprecisa interpretación del escrito de interposición del recurso ya que, a su criterio, lejos de exteriorizar una \"mera disconformidad\" contiene un detallado cuestionamiento jurídico a la interlocutoria atacada.",
      "Aduce que este planteo se produce a instancias de un proceso falencial ya concluido (por avenimiento), con modificación de regulaciones de honorarios firmes y cuestionadas por improcedentes a través de la pertinente apelación, y por lo tanto resulta obvio señalar el agravio que se le causa, al afectar el principio de congruencia, en tanto las partes dispositivas de los fallos establecieron definitivamente los derechos arancelarios aquí discutidos.",
      "Finalmente, hace reserva del caso federal y peticiona.",
      "3.- Sintetizados los aspectos relevantes del caso, liminarmente corresponde determinar si se han cumplimentado los recaudos formales que viabilicen abordar el tratamiento del remedio articulado.",
      "Cabe puntualizar que la vía elegida debe bastarse a sí misma, pues impone la exigencia de una debida fundamentación que se encuentre estructurada en una crítica clara, concreta y eficaz dirigida a explicar las razones por las que el recurso denegado debió ser concedido.",
      "En este sentido, corresponde anunciar que la decisión adoptada debe ser mantenida, en tanto el recurrente no alcanza a desarrollar un fundamento jurídico que sea suficiente para modificar el examen de admisibilidad formal efectuado por la Cámara conforme las facultades otorgadas por la ley procesal.",
      "\"PERRI ENRIQUE ERNESTO S. PEDIDO DE QUIEBRA S/ QUEJA (INTERPUESTO POR RUBEN MARIA VIRUE)\" - Expte. Nº 9194 En efecto, el tribunal ad quem tiene la facultad para verificar el cumplimiento de la carga de debida fundamentación del recurso de inaplicabilidad de ley en términos de seriedad y autosuficiencia y, en relación a ello, esta Sala no advierte motivos para modificar la decisión que concluyó respecto a que los planteos formulados por el recurrente refieren a meras discrepancias subjetivas que se encuentran exentas del control casatorio.",
      "Por otro lado, no está de más señalar que la resolución dictada por esta Sala en fecha 26/4/2024 en los autos principales, declaró procedente el recurso de inaplicabilidad de ley deducido, casó totalmente la resolución de cámara y dispuso remitir las actuaciones al tribunal de origen para que al regular los honorarios profesionales, se tenga en cuenta el valor de los bienes que se encontraban sujetos al proceso falencial, pues determinar la base económica del juicio resultaba de irremediable necesidad para luego eventualmente sustentar la decisión de perforar los mínimos legales conforme lo dispuesto por el art. 271 de la ley 24.522.",
      "Asimismo, cuando la Cámara aprobó la base económica conforme lo establecido y en razón de la valuación realizada por el martillero Badaracco, el fallido dedujo nuevo recurso de inaplicabilidad de ley, que fue declarado inadmisible por este Tribunal en fecha 6/5/2024.",
      "De esta manera, no se puede ahora pretender impugnar la regulación de honorarios realizada conforme el tope máximo previsto por el art.",
      "267 de la LCQ (de acuerdo a la definitiva base económica del juicio), por la sencilla razón que la misma fue dictada como consecuencia de otras resoluciones anteriores, que el hoy recurrente ha dejado firmes en tanto, en aquellas oportunidades, no dedujo recurso extraordinario federal que las cuestione.",
      "En consecuencia, por los argumentos expuestos, no corresponde hacer lugar a la presente queja.",
      "Por último, la Sra. Vocal Susana Medina, manifiesta que por existir coincidencia en los votos de los vocales preopinantes, no emitirá opinión en las presentes.",
      "Por ello se,"
    ],
    "RESUELVE": [
      "DENEGAR el recurso de queja interpuesto en fecha 8 de noviembre de 2024 contra la resolución de la Sala Civil y Comercial de la Cámara de Apelaciones de Gualeguaychú dictada en fecha 29 de octubre de 2024.",
      "Líbrese oficio a la Cámara con copia de esta resolución.",
      "Regístrese, notifíquese conforme arts. 1 y 4 Ac. Gral 15/18 SNE y oportunamente archívese.",
      "\"PERRI ENRIQUE ERNESTO S. PEDIDO DE QUIEBRA S/ QUEJA (INTERPUESTO POR RUBEN MARIA VIRUE)\" - Expte. Nº 9194 Ante mí. En igual fecha se registró. Asimismo, se deja constancia que la presente se suscribe mediante firma digital -Acuerdo Gral. 11/20 del 23-6-2020, Punto 4°) prescindiéndose de su impresión en formato papel."
    ]
  }
}