{
  "METADATOS": {
    "ID_FALLO": "9211",
    "MES": "12",
    "ARTICULOS_CITADOS": {
      "citations": [
        {
          "main_source": "Código Procesal Civil y Comercial (CPCC)",
          "cited_articles": [
            277,
            280,
            286,
            286
          ],
          "extra": "arts. 286 y 286 bis"
        },
        {
          "main_source": "Ley 10.668",
          "cited_articles": [
            22,
            23
          ],
          "extra": "Ley Nº 10.668"
        },
        {
          "main_source": "Ley 10.704",
          "cited_articles": [],
          "extra": "texto según ley 10.704"
        },
        {
          "main_source": "Acuerdo General 15/18 SNE",
          "cited_articles": [
            1,
            4
          ],
          "extra": "conforme arts. 1º y 4º"
        },
        {
          "main_source": "Acuerdo General 11/20",
          "cited_articles": [],
          "extra": "Acuerdo Gral. 11/20 del 23-6-2020"
        }
      ]
    }
  },
  "MATERIA_PRELIMINAR": "QUEJA (INTERPUESTO POR DEFENSOR PUBLICO Nº 4 GUALEGUAYCHÚ",
  "IDEA_CENTRAL": "**IDEA CENTRAL DEL FALLO**\n\nEl fallo judicial resuelve rechazar el recurso de queja interpuesto por el defensor público Manuel Russo, en el contexto del incidente de aumento de cuota alimentaria en el caso \"Basin Nancy Mariela c/ Hornus Osvaldo Horacio\". La decisión se fundamenta en que la resolución impugnada por el quejoso no es definitiva, según lo estipulado en el artículo 277 del Código Procesal Civil y Comercial de Entre Ríos (CPCC), ya que no pone fin al proceso ni impide su continuación.\n\n**Aspectos Legales Relevantes**\n\n1. **Naturaleza del Recurso**: El recurso de inaplicabilidad de ley solo es procedente contra sentencias definitivas que violen o apliquen erróneamente la ley o doctrina legal.\n2. **Definición de Sentencia Definitiva**: Según el art. 277 del CPCC, una sentencia es definitiva si termina el pleito o hace imposible su continuación.\n3. **Resolución Impugnada**: La Cámara de Apelaciones dejó sin efecto la orden de mediación previa, pero esta decisión no tiene el carácter de definitividad requerido para recurrir en inaplicabilidad.\n\n**Fundamento del Tribunal**\n\nEl tribunal argumenta que la resolución de la Cámara no es recurrible en inaplicabilidad porque no cumple con los requisitos de definitividad. Además, se sostiene que el planteo del defensor no presenta otra vía expedita para su discusión, pero esto no justifica la admisibilidad del recurso. La doctrina del Alto Cuerpo establece que las resoluciones que no finalizan el proceso no son susceptibles de este tipo de recurso.\n\nEn conclusión, el tribunal reafirma la inadmisibilidad del recurso de queja, destacando la importancia de la definitividad en el contexto procesal.",
  "CONTENIDO": {
    "INICIO": [
      "\"BASIN NANCY MARIELA C/ HORNUS OSVALDO HORACIO S-INCIDENTE AUMENTO CUOTA ALIMENTARIA (DIGITAL) - EXPTE. Nº8442/F S/ QUEJA (INTERPUESTO POR DEFENSOR PUBLICO Nº 4 GUALEGUAYCHÚ, MANUEL RUSSO)\" - Expte. Nº 9211.",
      "PARANÁ, 27 de diciembre de 2024."
    ],
    "VISTO": [
      "El recurso de queja interpuesto el 20 de noviembre de 2024, en los autos: \"BASIN NANCY MARIELA C/ HORNUS OSVALDO HORACIO S-INCIDENTE AUMENTO CUOTA ALIMENTARIA (DIGITAL) - EXPTE. Nº 8442/F S/ QUEJA (INTERPUESTO POR DEFENSOR PUBLICO Nº 4 GUALEGUAYCHÚ, MANUEL RUSSO)\" - Expte. Nº 9211, contra la resolución dictada por la Sala Primera Civil y Comercial de la Cámara de Apelaciones de Gualeguaychú en fecha 12 de noviembre de 2024 y;"
    ],
    "CONSIDERANDO": [
      "1.- La resolución del tribunal de grado no concedió el recurso de inaplicabilidad de ley articulado contra la decisión de esa alzada por la cual se resolvió admitir el recurso de apelación interpuesto por la actora y dejó sin efecto la orden de cumplir con la instancia previa de mediación dispuesta por la jueza de primera instancia.",
      "Para así decidir, luego de evaluar los recaudos formales de admisibilidad del recurso de inaplicabilidad de ley, concluyó que estos no se encontraban cumplidos en tanto fue articulado contra una resolución que no reviste el carácter de definitiva exigido por la norma del art. 277 del CPCC.",
      "Por otra parte, señaló que es doctrina de este Alto Cuerpo que en materia de resoluciones que no ponen fin al proceso, estas no son recurribles en inaplicabilidad, al no poner fin al juicio principal desde que, en general, cuando no se trata de sentencia definitiva con efecto de cosa juzgada en sentido material, o de resoluciones que impidan la continuación del proceso, el recurso de inaplicabilidad de ley es inadmisible.",
      "2.- En su queja el Sr. Defensor, Manuel Russo, alega que el planteo efectuado carece de otra vía expedita para su reedición y discusión, y también que al agotarse la cuestión planteada conlleva al efecto conclusivo de la decisión con relación al proceso.",
      "Agrega que el relevo de no concurrir y cumplimentar la instancia de mediación judicial previa y obligatoria, revela la presencia de un gravamen que no podrá repararse ulteriormente, por lo cual representa un pronunciamiento jurisdiccional equiparable a la sentencia definitiva en los términos del art. 277 del CPCC.",
      "Expone que este Alto Cuerpo tiene dicho que la cámara de apelaciones debe limitare a examinar la concurrencia de las condiciones formales contempladas en la ley procesal (art. 280 CPCC) sin entrar en consideraciones de otro orden y que son materia privativa de este superior.",
      "Sostiene que si bien no hace al objeto de la queja, el planteo efectuado en el recurso de inaplicabilidad de ley denegado cuestiona la \"BASIN NANCY MARIELA C/ HORNUS OSVALDO HORACIO S-INCIDENTE AUMENTO CUOTA ALIMENTARIA (DIGITAL) - EXPTE. Nº8442/F S/ QUEJA (INTERPUESTO POR DEFENSOR PUBLICO Nº 4 GUALEGUAYCHÚ, MANUEL RUSSO)\" - Expte. Nº 9211.",
      "significación que le otorga la alzada a las normas procesales contenidas en los arts.",
      "286 y 286 bis del CPCC y arts. 22 y 23 de la Ley Nº 10.668. Y que esta constituye una doctrina legal que, según su opinión, no es compartida por el resto de las cámaras con competencia civil y comercial en la provincia.",
      "Como corolario de ello, entiende que la apertura del recurso resulta relevante, pues en definitiva y en forma independiente a su resultado, hace a un mejor funcionamiento del Poder Judicial, particularmente en el fuero de Familia, Niñez y Adolescencia.",
      "3.- Sintetizados los aspectos relevantes del caso, corresponde recordar que el recurso de inaplicabilidad de ley, se otorga contra las sentencias definitivas de las Cámaras de Apelaciones que violen o hagan errónea aplicación de la ley o la doctrina legal, definiendo el mismo Código Procesal Civil y Comercial de Entre Ríos lo que debe entenderse por sentencia definitiva \"... la que, aún recayendo sobre cuestión incidental, terminare el pleito o hiciere imposible su continuación\" (art. 277 C.P.C.C.).\" En tal sentido, se advierte que la decisión que dispuso dejar sin efecto la orden de cumplir con la instancia previa de mediación dispuesta por la jueza de primera instancia en el presente incidente de aumento de cuota alimentaria, carece de la nota de definitividad exigida por el código de rito local.",
      "En consecuencia, corresponde rechazar el recurso de queja articulado.",
      "Por último, habiendo mayoría de opiniones, EL SR. VOCAL EN EJERCICIO DE LA PRESIDENCIA DEL STJ, LEONARDO PORTELA, se abstiene de votar y firmar la presente resolución con arreglo a lo dispuesto por el art. 33 de la LOPJ, texto según ley 10.704.",
      "Por ello, se"
    ],
    "RESUELVE": [
      "RECHAZAR el recurso de queja deducido el 20 de noviembre de 2024, contra la resolución de fecha 12 de noviembre de 2024 dictada por la Sala Primera Civil y Comercial de la Cámara de Apelaciones de Gualeguaychú.",
      "Líbrese oficio a la Cámara con copia de esta resolución.",
      "Notifíquese conforme arts. 1º y 4º Ac. Gral. 15/18 SNE, regístrese y oportunamente archívese.",
      "Ante mí. En igual fecha se registró. Asimismo, se deja constancia que la presente se suscribe mediante firma digital -Acuerdo Gral. 11/20 del 23-6-2020, Punto 4°) \"BASIN NANCY MARIELA C/ HORNUS OSVALDO HORACIO S-INCIDENTE AUMENTO CUOTA ALIMENTARIA (DIGITAL) - EXPTE. Nº8442/F S/ QUEJA (INTERPUESTO POR DEFENSOR PUBLICO Nº 4 GUALEGUAYCHÚ, MANUEL RUSSO)\" - Expte. Nº 9211.",
      "prescindiéndose de su impresión en formato papel."
    ]
  }
}