{
  "METADATOS": {
    "ID_FALLO": "9056",
    "MES": "04",
    "ARTICULOS_CITADOS": {
      "citations": [
        {
          "main_source": "Ley 26.485",
          "cited_articles": [
            7,
            16,
            26,
            5
          ],
          "extra": "art. 2 inc. 7, 16 inc. e), 26, a.5."
        },
        {
          "main_source": "Código Civil y Comercial (CCC)",
          "cited_articles": [
            1710,
            709
          ],
          "extra": "art. 1710 CCC"
        },
        {
          "main_source": "Ley 10.855",
          "cited_articles": [
            1,
            2
          ],
          "extra": "art. 1 y 2 Ley 10.855"
        },
        {
          "main_source": "Ley 26.485",
          "cited_articles": [
            26
          ],
          "extra": "arts. 26 ley 26.485"
        },
        {
          "main_source": "Otro",
          "cited_articles": [
            278
          ],
          "extra": "art. 278 LPF"
        },
        {
          "main_source": "Otro",
          "cited_articles": [
            279
          ],
          "extra": "art. 279 LPF"
        },
        {
          "main_source": "Otro",
          "cited_articles": [
            1,
            3,
            5,
            6,
            10
          ],
          "extra": "arts. 13 inc.3) 5) 6) y 10) LPF"
        },
        {
          "main_source": "Código Procesal Civil y Comercial (CPCC)",
          "cited_articles": [
            32,
            42,
            65,
            280
          ],
          "extra": "32 y 34 del CPCC"
        },
        {
          "main_source": "Código Procesal Civil y Comercial (CPCC)",
          "cited_articles": [
            65
          ],
          "extra": "art. 65 del CPCC"
        },
        {
          "main_source": "Código Procesal Civil y Comercial (CPCC)",
          "cited_articles": [
            32
          ],
          "extra": "art. 32 CPCC"
        },
        {
          "main_source": "Código Procesal Civil y Comercial (CPCC)",
          "cited_articles": [
            278
          ],
          "extra": "art. 278 LPF"
        },
        {
          "main_source": "Otro",
          "cited_articles": [
            273
          ],
          "extra": "13 inc.19) y 273, 3er párr. LPF"
        },
        {
          "main_source": "Ley 10.704",
          "cited_articles": [
            33
          ],
          "extra": "art. 33 de la LOPJ, texto según ley 10.704"
        },
        {
          "main_source": "Acuerdo General 15/18 SNE",
          "cited_articles": [
            1,
            4
          ],
          "extra": "conforme arts. 1º y 4º Ac. Gral. 15/18 SNE"
        },
        {
          "main_source": "Acuerdo General 11/20",
          "cited_articles": [],
          "extra": "Acuerdo Gral. 11/20 del 23-6-2020, Punto 4°"
        }
      ]
    }
  },
  "MATERIA_PRELIMINAR": "VIOLENCIA DE GENERO",
  "IDEA_CENTRAL": "### IDEA CENTRAL DEL FALLO\n\n**Decisión Judicial Principal:** El Tribunal declara inadmisible el recurso de inaplicabilidad de ley interpuesto por el denunciado y su letrado, confirmando la resolución de la Cámara de Apelaciones que impuso medidas de protección en un caso de violencia de género.\n\n**Fundamento Legal:** La decisión se fundamenta en la Ley 26.485 de Protección Integral para Prevenir, Sancionar y Erradicar la Violencia contra las Mujeres, así como en el Código Civil y Comercial (CCC) y la Ley Procesal de Familia (LPF). Se destaca la obligación de los profesionales del derecho de actuar conforme a los principios de protección y prevención establecidos en estas normativas.\n\n### Aspectos Legales Relevantes\n\n1. **Ley 26.485**: Artículos 2 inc. 7, 16 inc. e), 26, y 1710 CCC, que establecen la protección de los derechos de las mujeres y la necesidad de capacitación en género para los profesionales del derecho.\n2. **Código Procesal Civil y Comercial (CPCC)**: Artículos 32 y 65, que regulan las sanciones por conductas procesales indebidas y la imposición de costas.\n3. **Ley Provincial Nº 10.768**: Adhiere a la \"Ley Micaela\", que establece la capacitación obligatoria en perspectiva de género.\n\n### Razonamiento del Tribunal\n\nEl Tribunal argumenta que la conducta del denunciado y su letrado, reflejada en un memorial de agravios cargado de lenguaje machista y estigmatizante, no solo infringe los derechos de la denunciante, sino que también compromete la integridad del sistema judicial. Se resalta la necesidad de adoptar medidas preventivas y de capacitación para los profesionales involucrados, en cumplimiento de las normativas que buscan erradicar la violencia de género. La decisión de ampliar la comunicación al Colegio de la Abogacía se justifica como un mecanismo de protección y prevención, alineado con los estándares internacionales en derechos humanos.\n\nEn conclusión, el fallo reafirma el compromiso del sistema judicial con la protección de los derechos de las mujeres y la erradicación de la violencia de género, subrayando la responsabilidad de los profesionales del derecho en este contexto.",
  "CONTENIDO": {
    "INICIO": [
      "\"F., L.V. C/ J. R. E. S/ VIOLENCIA DE GENERO\" - Expte. Nº 9056"
    ],
    "ACUERDO": [
      "En la ciudad de Paraná, capital de la provincia de Entre Ríos, a los veintinueve días del mes de abril del año dos mil veinticuatro reunidos los integrantes de este Tribunal asistidos por el Secretario autorizante, para conocer el recurso de inaplicabilidad de ley deducido en fecha 27/12/2023 en las actuaciones: \"F., L.V. C/ J. R. E. S/ VIOLENCIA DE GENERO\" - Expte. Nº 9056, respecto de la resolución de la Sala Civil y Comercial de la Cámara de Apelaciones de Gualeguaychú dictada en fecha 11/12/2023. Se practicó el sorteo de ley resultando que la votación debía tener lugar en el siguiente orden: Sr. Vocal Carlos Federico Tepsich; Sra. Vocal Gisela Schumacher y Sr. Vocal Leonardo Portela.",
      "Estudiados los autos, la Sala se planteó la siguiente cuestión: ¿qué corresponde resolver respecto del recurso de inaplicabilidad de ley interpuesto?",
      "A LA CUESTIÓN PROPUESTA EL SR. VOCAL CARLOS"
    ],
    "FEDERICO TEPSICH DIJO": [
      "1.- La sentencia dictada por la Cámara de Apelaciones -Sala Primera Civil y Comercial- de Gualeguaychú de fecha 11 de diciembre de 2023, confirmó la resolución de primera instancia del 19/10/2023 y dispuso ampliar la comunicación a la sección de esa jurisdicción del Colegio de la Abogacía en la persona de su Presidente, con la debida reserva, el inicio de las actuaciones, solicitándole la implementación de la medida explicitada en ese apartado del veredicto en relación a los profesionales de la abogacía Dres. Raúl Eduardo Jurado y Eduardo Fabián Vera, efectuando una severa advertencia a los profesionales a quienes impone el apercibimiento que se detalla.",
      "2.- Para así resolver, el tribunal ad quem consideró que si bien la comunicación prevista en el art. 278 LPF está reservada para el caso de incumplimiento de las medidas dispuestas, la expresión que se hace en el memorial de agravios, mostró de manera elocuente, la conveniencia de adoptar ese anoticiamiento en atención de lo que es propio de la justicia de protección y acompañamiento que debe entender en estos asuntos, el deber de desplegar una actuación de tipo preventiva como viene impuesto por las propias finalidades de todo el régimen legal tuitivo contra la violencia -arts. 2 inc. 7, 16 inc. e), 26, a.5. de la Ley 26.485, que encuentra refuerzo en el art. 1710 CCC-.",
      "Destacó que el apelante expuso en su escrito recursivo un relato estigmatizante, cargado de sesgos de género y violencia verbal, económica y psicológica contra la mujer, en claro exceso del derecho de defensa de sus derechos, refiriendo a los términos utilizados, propios de un lenguaje machista que habla de la pretendida superioridad en la que se coloca el recurrente, desprecio y desconocimiento al derecho de las mujeres a vivir una vida sin violencia y discriminación, en infracción a la normativa convencional que cita.",
      "Subrayó que la conducta descripta trasciende el caso concreto, tanto del recurrente como de su letrado en cuanto prestan un servicio de interés público \"F., L.V. C/ J. R. E. S/ VIOLENCIA DE GENERO\" - Expte. Nº 9056 para la sociedad y son parte indispensable de la administración de justicia. Concluye que como tales deben asumir un compromiso con el reconocimiento y defensa de los Derechos Humanos -art. 1 y 2 Ley 10.855-.",
      "Asimismo, afirmó que en función del principio de oficiosidad que impera en este ámbito- arts. 26 ley 26.485, 709 CCC, art 1 inc. 3), 13 inc.19) y 273, 3er párr. LPF, correspondía disponer que los profesionales intervinientes realicen la capacitación obligatoria impuesta por Ley Provincial Nº 10.768, que adhirió a la ley Nacional 27.499 conocida como \"Ley Micaela\" y a tal fin, dispuso ampliar la comunicación dispuesta al Colegio de la Abogacía, solicitándole que en el marco de lo dispuesto en el art. 279 LPF, en el lapso de cuatro meses, gestione el acceso a una adecuada capacitación en materia de estándares internacionales en derechos humanos, en particular, sobre género y violencia contra las mujeres, de no menos de 20 horas de duración, la cual deberá ser cursada y aprobada por el denunciado y su letrado patrocinante quienes deberán acreditar en la instancia de grado el cumplimiento de la medida dispuesta, bajo apercibimiento de la aplicación de astreintes en favor de la denunciante -arts. 13 inc.3) 5) 6) y 10) LPF y 32 y 34 del CPCC y las consecuencias previstas en el art. 278 LPF-.",
      "Por último, agregó que en cuanto el memorial de agravios contiene frases injuriosas y redactadas en términos indecorosos y ofensivos, correspondía disponer una severa advertencia al denunciado y su letrado, apercibiéndolos de aplicar correcciones disciplinarias con multas económicas en caso de persistir en tal reprobable actitud -art. 32 CPCC-.",
      "3.- El denunciado y su letrado patrocinante interponen contra esa decisión recurso de inaplicabilidad invocando violación y errónea aplicación de la ley y la doctrina legal correspondiente.",
      "Expone que la sanción es excesiva, en relación a la comunicación que se dispone al Colegio de la Abogacía reiterando que no incumplió con las medidas dispuestas y la alzada se excede en su jurisdicción.Cita la doctrina que considera aplicable y alega que se resuelve sobre una denuncia sin prueba.",
      "4.- La denunciante, contesta el traslado oportunamente dispuesto, solicitando el rechazo del recurso articulado.",
      "5.- Puesto a resolver la cuestión propuesta a juzgamiento, adelanto que la impugnación habrá de ser desestimada.",
      "La querella ignora por completo los fundamentos del veredicto tanto en lo que respecta a la confirmación de la medida dispuesta en la instancia de origen referida a la comunicación de las medidas y la denuncia al Colegio de la Abogacía, como a su ampliación a partir de la potestad jurisdiccional que confiere la normativa aplicable, interna y convencional citada en el fallo.",
      "Los argumentos desarrollados en el veredicto han sido absolutamente soslayados por el recurrente quien insiste con su posición inicial pero sin cuestionar idóneamente los motivos explicados por la magistratura para sostener la medida que \"F., L.V. C/ J. R. E. S/ VIOLENCIA DE GENERO\" - Expte. Nº 9056 cuestiona y ampliarla a partir de constatar una conducta demostrativa de la violencia de género que se denuncia, de acuerdo además a la finalidad protectoria y preventiva de las citadas disposiciones legales en orden al bien jurídico que se busca amparar.",
      "Ninguno de los fundamentos dados en el fallo ni su base legal y convencional merecieron reproche idóneo en esta instancia e igual déficit motivacional se advierte en relación a la sanción dispuesta en razón de la inconducta procesal observada en el juicio, puntualmente los términos agraviantes y ofensivos del memorial de agravios que habilitan el apercibimiento dispuesto, resultando inaplicables además, los fallos citados, por su manifiesta diferencia fáctica y procesal con el presente caso.",
      "En base a lo expuesto, advierto insatisfecha la carga que impone el art. 280 del CPCC y propicio se declare inadmisible el recurso interpuesto, con costas--art. 65 del CPCC-. ASÍ VOTO.",
      "A LA CUESTIÓN PROPUESTA LA SRA. VOCAL GISELA N."
    ],
    "SCHUMACHER DIJO": [
      "1.- Doy por reproducidos todos y cada uno de los antecedentes que enmarcan la actividad recursiva y que fueran descriptos en el voto precedente.",
      "2.- Indicados los parámetros dentro de los cuales se mueve la casación e ingresando al análisis del asunto, considero que pese al esfuerzo argumental en el que la parte recurrente intenta fundar las causales de errónea aplicación de la ley y doctrina legal, no advierto que la resolución en revisión revista tales falencias.",
      "a) En efecto, entiendo que -contrariamente a lo postulado en el recurso interpuesto por el denunciado- el fallo no se apartó de las previsiones normativas locales, nacionales y convencionales que rigen el asunto. Además abordó y valoró, de manera lógica y razonada, cada una de las circunstancias que subyacen en los presentes; construyendo desde allí la definición del caso.",
      "b) El recurrente y su letrado critican la resolución dictada por la cámara de apelaciones y, en particular, se sienten afectados por la imposición de sanciones.",
      "En este punto, me interesa remarcar que esta Sala ha resuelto que es una cuestión de hecho -y por tanto irrevisable a través del recurso de inaplicabilidad de ley- determinar o valorar las conductas de las partes, como también aplicar y cuantificar una sanción o multa procesal, a menos que se denuncie y pruebe absuridad o arbitrariedad.1 Ahora bien, la sentencia no padece tal vicio de ilogicidad para que pueda funcionar el instituto del absurdo evidente, creación de origen jurisprudencial cuyo objeto es la necesidad de sobreponerse a las rígidas limitaciones de la ley frente a casos de notoria injusticia.",
      "Al contrario, las consideraciones vertidas por la cámara, vinculadas a 1 Cfrse. \"Diners Club Arg. C/ Cornet...\" L.A.S. 1998 Fº 45, \"Tomassi Lucrecia Susana y otro C/ Coo- perativa de Provisión de Agua Potable...\" L.A.S. 2003 Fº 1361.",
      "\"F., L.V. C/ J. R. E. S/ VIOLENCIA DE GENERO\" - Expte. Nº 9056 la comunicación al Colegio de la Abogacía y el apercibimiento dispuesto en la sentencia, concretizan el efectivo ejercicio de los deberes y facultades que la Ley Procesal de Familia impone a quienes ejercemos la magistratura (arts. 1, 13 incs. 3º, 4º, 5º, 6º, 8º y 23º, 278 inc. 3º y 279, LPF).",
      "El recurrente desconoce que la tutela de protección por violencia contra la mujer es un mecanismo diseñado por el Estado para prevenir y/o evitar -de manera urgente- la continuidad y el agravamiento de los daños producidos por hechos de violencia.",
      "Solo a través de la articulación de los diversos recursos y herramientas que el ordenamiento diseña se podrá alcanzar la finalidad protectoria que inspira el sistema. Tras la lectura del recurso de inaplicabilidad de ley incoado, se verifica la presencia de una mirada sesgada de la realidad que subyace y del marco normativo que recepta el respeto de los derechos fundamentales de la mujer.",
      "El fallo no es arbitrario. Allí se exponen sólidos fundamentos de los motivos por los cuales resulta conveniente dar noticia del inicio de estas actuaciones al Colegio de la Abogacía. La magistrada que comanda el acuerdo valoró el contenido del escrito de expresión de agravios, en el que se expuso a la mujer a través de un relato estigmatizante, cargado de sesgos de género, violencia y discriminación contra la mujer, en claro exceso del ejercicio del derecho de defensa.",
      "Advirtió además que la conducta androcéntrica adoptada trasciende el caso concreto porque el denunciado y su patrocinante son profesionales de la abogacía; y que, en cuanto tales, prestan un servicio de interés público y forman parte de la administración de justicia.",
      "En virtud de ello es que se dispuso ampliar la comunicación ordenada en primera instancia y solicitar que a través del Colegio de la Abogacía se gestione el acceso a una adecuada capacitación en materia de estándares internacionales en derechoS humanos, en particular, sobre género y violencia contra las mujeres.",
      "En este sentido lo dispuesto importa una materialización de la recomendación del Comité para la Eliminación de la Discriminación contra la Mujer que -en lo que aquí respecta- recomienda que: \"b) Los Estados velen por que las leyes contra la violencia y los malos tratos en la familia, la violación, los ataques sexuales y otro tipo de violencia contra la mujer proteja de manera adecuada a todas las mujeres y respeten su integridad y dignidad. Deben proporcionarse servicios apropiados de protección y apoyo a las víctimas. Es indispensable que se capacite a los funcionarios judiciales, los funcionarios encargados de hacer cumplir la ley y otros funcionarios públicos a fin de lograr la aplicación efectiva de la Convención\".2 Los Estados partes de la \"Convención interamericana para prevenir, sancionar y erradicar la violencia contra la mujer\" (Belém do Pará) condenan todas las formas de violencia contra la mujer y, en particular, \"convienen en adoptar, en forma progresiva, medidas específicas, inclusive programas para: a. fomentar el 2CEDAW, La violencia contra la mujer, recomendación general Nº 19 (11º período de sesiones, 1992) punto 24, b).",
      "\"F., L.V. C/ J. R. E. S/ VIOLENCIA DE GENERO\" - Expte. Nº 9056 conocimiento y la observancia del derecho de la mujer a una vida libre de violencia, y el derecho de la mujer a que se respeten y protejan sus derechos humanos; (...) modificar los patrones socioculturales de conducta de hombres y mujeres, incluyendo el diseño de programas de educación formales y no formales apropiados a todo nivel del proceso educativo, para contrarrestar prejuicios y costumbres y todo otro tipo de prácticas que se basen en la premisa de la inferioridad o superioridad de cualquiera de los géneros o en los papeles estereotipados para el hombre y la mujer que legitimizan o exacerban la violencia contra la mujer (…)\".",
      "El derecho de Liliana Vanesa a vivir una vida libre de violencia incluye su derecho a no ser discriminada y a ser valorada libre de patrones estereotipados de comportamientos basados en conceptos de inferioridad por su condición de mujer.",
      "c) Finalmente la alegada violación a la doctrina legal que el recurrente atribuye a la sentencia tampoco resulta atendible.",
      "En este sentido señalo que no todas las resoluciones que emite esta Sala se erigen como doctrina legal, en los términos que exige el código procesal. Solo constituyen doctrina legal -con carácter vinculante- los fallos de esta Sala Civil y Comercial del Superior Tribunal de Justicia que, al casar la sentencia recurrida, determinan la existencia de violación o error en aplicación de la ley. A fin de ofrecer mayor claridad, verifico que en las actuaciones \"Fanoni c/ Romero s/ ordinario simulación s/ incidente de nulidad\"- Expte. Nº 8272, sentencia del 01/01/2021, se impuso una multa tras valorar la conducta procesal asumida en el pleito por una de las partes, en los términos del art. 42 del CPCC.",
      "Y la resolución recaída en la causa \"B. R. G. c/ Directivos de la Caja Notarial de Acción Social y otro s/ Violencia de género (Ley Nº 26485)\" - Expte. Nº 8109, sentencia del 26/08/2020 no es doctrina legal y además los presupuestos que fundaron su rechazo son notoriamente disímiles al asunto aquí propuesto.3 3.- Por las razones expuestas, propicio la adhesión a la solución arribada por el Vocal preopinante. ASÍ VOTO.",
      "Por último, habiendo mayoría absoluta, EL SR. VOCAL EN EJERCICIO DE LA PRESIDENCIA DEL STJ, DR. LEONARDO PORTELA, se abstiene de votar y firmar la presente resolución con arreglo a lo dispuesto por el art. 33 de la LOPJ, texto según ley 10.704.",
      "Con lo que no siendo para más se da por finalizado el acto quedando acordada la siguiente sentencia:",
      "Paraná, 29 de abril de 2024."
    ],
    "Y VISTO": [
      "Por los fundamentos del acuerdo que antecede se,"
    ],
    "RESUELVE": [
      "3 Allí el voto mayoritario entendió que -en ese caso- no correspondía imponer sanción procesal (prevista en el art. 32 CPCC) al abogado apoderado de la parte demandada en virtud de las particulares circunstan- cias procesales, fácticas y jurídicas allí valoradas.",
      "\"F., L.V. C/ J. R. E. S/ VIOLENCIA DE GENERO\" - Expte. Nº 9056 DECLARAR INADMISIBLE el recurso de inaplicabilidad de ley deducido en fecha 27/12/2023, respecto de la resolución de la Sala Civil y Comercial de la Cámara de Apelaciones de Gualeguaychú dictada en fecha 11/12/2023.",
      "IMPONER costas a la vencida (art. 65 del CPCC).",
      "DIFERIR la regulación de honorarios para la oportunidad en que se determinen los correspondientes a las instancias inferiores.",
      "Notifíquese conforme arts. 1º y 4º Ac. Gral. 15/18 SNE, regístrese y oportunamente devuélvase.",
      "Ante mí. En igual fecha se registró. Asimismo, se deja constancia que la presente se suscribe mediante firma digital -Acuerdo Gral. 11/20 del 23-6-2020, Punto 4°) prescindiéndose de su impresión en formato papel."
    ]
  }
}