{
  "METADATOS": {
    "ID_FALLO": "8756",
    "MES": "09",
    "ARTICULOS_CITADOS": {
      "citations": [
        {
          "main_source": "Ley 7046",
          "cited_articles": [
            3,
            14,
            30,
            63,
            64,
            71,
            94
          ],
          "extra": "art. 30 de la ley arancelaria, ley 7046"
        },
        {
          "main_source": "Acuerdo General 15/18 SNE",
          "cited_articles": [
            1,
            4
          ],
          "extra": "conforme arts. 1º y 4º Ac. Gral. 15/18 SNE"
        },
        {
          "main_source": "Acuerdo General 11/20",
          "cited_articles": [],
          "extra": "Acuerdo Gral. 11/20 del 23-6-2020"
        },
        {
          "main_source": "Otro",
          "cited_articles": [
            71
          ],
          "extra": "art. 71 de esa norma"
        },
        {
          "main_source": "Otro",
          "cited_articles": [
            33
          ],
          "extra": "art. 33 de la LOPJ"
        },
        {
          "main_source": "Otro",
          "cited_articles": [
            28
          ],
          "extra": "Art. 28"
        },
        {
          "main_source": "Otro",
          "cited_articles": [
            114
          ],
          "extra": "art. 114"
        },
        {
          "main_source": "Otro",
          "cited_articles": [
            29
          ],
          "extra": "art. 29"
        }
      ]
    }
  },
  "MATERIA_PRELIMINAR": "EJECUCION DE HONORARIOS (CIVIL)",
  "IDEA_CENTRAL": "**IDEA CENTRAL DEL FALLO**\n\nEl Tribunal resolvió regular los honorarios profesionales de los letrados intervinientes en el caso \"GUTIERREZ, Gonzalo Andrés y Otra C/ VERA, Silvia Marta S/ EJECUCION DE HONORARIOS (Civil)\", estableciendo montos específicos basados en la normativa aplicable y la labor realizada en el proceso.\n\n**Decisión Judicial Principal y Fundamento**\n\nLa decisión principal consiste en la regulación de honorarios a favor de los abogados de la parte vencedora y vencida, conforme a lo estipulado en la ley arancelaria. El Tribunal aplicó un porcentaje de la escala general, considerando la intervención plural de los profesionales y el monto económico del juicio.\n\n**Aspectos Legales Relevantes**\n\n1. **Ley 7046**: Regula los honorarios de abogados y procuradores.\n   - **Art. 30**: Establece la escala general para la regulación de honorarios.\n   - **Art. 71**: Permite aplicar un porcentaje de la escala en función de la labor realizada.\n   - **Art. 114**: Dispone sobre el pago de honorarios y las consecuencias de la mora.\n\n**Razonamiento del Tribunal**\n\nEl Tribunal, al regular los honorarios, consideró la base económica del juicio y la labor profesional efectuada en la instancia extraordinaria. Se aplicó el 50% de la escala general, resultando en un monto que se distribuyó entre los letrados de acuerdo a su intervención. La decisión se fundamenta en la necesidad de compensar adecuadamente el trabajo profesional realizado, garantizando el derecho a la percepción de honorarios conforme a la ley.\n\n**Conclusión**\n\nSe regulan los honorarios en montos específicos, cumpliendo con los artículos pertinentes de la ley 7046, asegurando así el derecho de los profesionales a recibir una compensación justa por sus servicios en el proceso judicial.",
  "CONTENIDO": {
    "INICIO": [
      "\"GUTIERREZ, Gonzalo Andrés y Otra C/ VERA, Silvia Marta S/ EJECUCION DE HONORARIOS (Civil)\" Civil Expte. Nº 8756.",
      "PARANÁ, 19 de septiembre de 2024."
    ],
    "VISTO Y CONSIDERANDO": [
      "Que los autos \"GUTIERREZ, Gonzalo Andrés y Otra C/ VERA, Silvia Marta S/ EJECUCION DE HONORARIOS (Civil)\" - Expte. Nº 8756, vienen a consideración de este Tribunal a los fines de regular honorarios por la actuación profesional en el recurso de inaplicabilidad de ley resuelto en fecha 17/4/2023.",
      "En dicha tarea, considerando la base económica del juicio según la liquidación aprobada en fecha 23/8/2023, los intereses y el monto del jurista al día de la fecha ($51.823,67), el valor a considerar a los fines regulatorios asciende a 27,41 juristas.",
      "Por aplicación del 50% de la escala general del art. 30 de la ley arancelaria en razón de lo dispuesto por el art. 71 de esa norma y valorando la labor desarrollada en esta instancia, el 12,5% de 27,41 juristas son 3,42 juristas, que es el monto que correspondería regular a la parte vencedora en primera instancia.",
      "De esta manera, considerando el monto resultante, por la labor en esta instancia extraordinaria amerita regular el 60% de 3,42 juristas a los letrados de la parte vencedora y el 70% de esa suma al letrado de la parte vencida, teniendo en cuenta la intervención plural de los profesionales actuantes (arts. 3, 14, 30, 63, 64, 71 y 94 de la ley 7046).",
      "Por último, habiendo mayoría absoluta, EL SR. VOCAL EN EJERCICIO DE LA PRESIDENCIA DEL STJ, DR. LEONARDO PORTELA, se abstiene de votar y firmar la presente resolución con arreglo a lo dispuesto por el art. 33 de la LOPJ, texto según ley 10.704.",
      "En consecuencia, se"
    ],
    "RESUELVE": [
      "REGULAR los honorarios profesionales a los letrados Gonzalo Martín Cantallops, Gonzalo Andrés Gutierrez y la letrada Laura Mercedes Remonda en las respectivas sumas de pesos setenta y dos mil quinientos cincuenta y tres con trece centavos ($ 72.553,13) equivalentes a 1,4 juristas, pesos cincuenta y un mil ochocientos veintitrés con sesenta y siete centavos ( 51.823,67) equivalentes a 1 jurista y pesos cincuenta y un mil ochocientos veintitrés con sesenta y siete centavos ( 51.823,67) equivalentes a 1 jurista; más IVA si correspondiere.",
      "Notifíquese conforme arts. 1º y 4º Ac. Gral. 15/18 SNE, regístrese y oportunamente devuélvase.",
      "Ante mí. En igual fecha se registró. Asimismo, se deja constancia que la presente se suscribe mediante firma digital -Acuerdo Gral. 11/20 del 23-6-2020, Punto 4°) prescindiéndose de su impresión en formato papel.",
      "Existiendo regulación de honorarios a abogados y/o procuradores, cumpliendo con lo dispuesto por la ley 7046, se transcriben los siguientes los artículos:",
      "Art. 28: NOTIFICACIÓN DE TODA REGULACIÓN. Toda regulación de honorarios deberá notificarse personalmente o por cédula. Para el ejercicio del derecho al cobro del honorario al mandante o patrocinado, la notificación deberá hacerse en su domicilio real.",
      "En todos los casos la cédula deberá ser suscripta por el Secretario del Juzgado o Tribunal con transcripción de este Artículo y del art. 114 bajo pena de nulidad. No será necesaria la notificación personal o por cédula de los autos que resuelvan los reajustes posteriores que se practiquen por aplicación del art.114\".",
      "Art. 114: PAGO DE HONORARIOS. Los honorarios regulados judicialmente deberán abonarse dentro de los diez días de requerido su pago en forma fehaciente. Operada la mora, el profesional podrá reclamar el honorario actualizado con aplicación del índice, previsto en el art. 29 desde la regulación y hasta el pago, con más un interés del 8% anual.",
      "En caso de tratarse de honorarios que han sido materia de apelación, sobre el monto que quede fijado definitivamente su instancia superior, se aplicará la corrección monetaria a partir de la regulación de la instancia inferior. No será menester justificar en juicios los índices que se aplicarán de oficio por los Sres. Jueces y Tribunales”."
    ]
  }
}