{
  "METADATOS": {
    "ID_FALLO": "8778",
    "MES": "09",
    "ARTICULOS_CITADOS": {
      "citations": [
        {
          "main_source": "Ley 7046",
          "cited_articles": [
            71,
            3,
            30,
            64,
            94
          ],
          "extra": "modif. por ley 11.141"
        },
        {
          "main_source": "Acuerdo General 15/18 SNE",
          "cited_articles": [
            1,
            4
          ],
          "extra": "conforme"
        },
        {
          "main_source": "Acuerdo General 11/20",
          "cited_articles": [
            4
          ],
          "extra": "del 23-6-2020"
        },
        {
          "main_source": "Otro",
          "cited_articles": [
            33,
            114,
            29
          ],
          "extra": null
        }
      ]
    }
  },
  "MATERIA_PRELIMINAR": "MONITORIO APREMIO",
  "IDEA_CENTRAL": "**IDEA CENTRAL DEL FALLO JUDICIAL**\n\n**Decisión Judicial Principal:** El Tribunal ha resuelto regular los honorarios profesionales del letrado Matías Panelli en el contexto del recurso de inaplicabilidad de ley, fijando la suma de $182.570,67, equivalentes a 3,52 juristas, más IVA si corresponde.\n\n**Fundamento Legal:** La regulación de honorarios se fundamenta en la Ley 7046, específicamente en los artículos 3, 30, 64, 71 y 94, que establecen los criterios y procedimientos para la determinación de honorarios en función de la actuación profesional en el proceso judicial.\n\n**Aspectos Legales Relevantes:**\n1. **Art. 71 de la Ley 7046:** Establece el procedimiento para la regulación de honorarios, aplicando un porcentaje de la escala general.\n2. **Art. 30 de la Ley 7046:** Define la escala general para la regulación de honorarios.\n3. **Art. 114 de la Ley 7046:** Regula el pago de honorarios, estableciendo plazos y condiciones para su abono.\n\n**Razonamiento del Tribunal:** El Tribunal, al regular los honorarios, consideró la base económica y los intereses en juego, aplicando el 80% de la escala general para determinar el monto correspondiente a la parte vencedora. Se destacó que la regulación se realizó en el marco de la ley vigente, garantizando así la correcta aplicación de los criterios establecidos para la fijación de honorarios.\n\n**Conclusión:** La resolución del Tribunal se alinea con las disposiciones legales pertinentes, asegurando que los honorarios sean justos y proporcionales al trabajo realizado por el letrado en el contexto del recurso de inaplicabilidad de ley.",
  "CONTENIDO": {
    "INICIO": [
      "\"ADMINISTRADORA TRIBUTARIA DE ENTRE RIOS C/ VANOPSTAL CRISTIAN ROBERTO S/ MONITORIO APREMIO\" - Expte. Nº 8778.",
      "PARANÁ, 17 de septiembre de 2024."
    ],
    "VISTO Y CONSIDERANDO": [
      "Que los autos \"ADMINISTRADORA TRIBUTARIA DE ENTRE RIOS C/ VANOPSTAL CRISTIAN ROBERTO S/ MONITORIO APREMIO\" - Expte. Nº 8778, vienen a consideración de este Tribunal a los fines de regular honorarios por la actuación profesional en el recurso de inaplicabilidad de ley resuelto en fecha 12/5/2023.",
      "En dicha tarea, considerando la base económica, los intereses y el monto del jurista al día de la fecha ($51.823,67), el valor a considerar a los fines regulatorios asciende a 35,22 juristas.",
      "Por aplicación del art. 71 de la ley 7046, corresponde aplicar el 80% de la escala general del art. 30. Por lo tanto, el 20% de 35,22 juristas son 7,04 juristas, que es el monto que correspondería regular a la parte vencedora en primera instancia.",
      "De esta manera, por la labor en esta instancia extraordinaria amerita regular el 50% de 3,52 juristas al letrado de la parte vencedora.",
      "Por último, habiendo mayoría absoluta, EL SR. VOCAL EN EJERCICIO DE LA PRESIDENCIA DEL STJ, DR. LEONARDO PORTELA, se abstiene de votar y firmar la presente resolución con arreglo a lo dispuesto por el art. 33 de la LOPJ, texto según ley 10.704.",
      "En consecuencia, se"
    ],
    "RESUELVE": [
      "REGULAR los honorarios profesionales al letrado Matías Panelli por el recurso de inaplicabilidad de ley resuelto en la suma de pesos ciento ochenta y dos mil quinientos setenta con sesenta y siete centavos ($ 182.570,67) equivalentes a 3,52 juristas, más IVA si correspondiere -arts. 3, 30, 64, 71 y 94 de la ley 7046 modif. por ley 11.141-.",
      "Notifíquese conforme arts. 1º y 4º Ac. Gral. 15/18 SNE, regístrese y oportunamente devuélvase.",
      "Ante mí. En igual fecha se registró. Asimismo, se deja constancia que la presente se suscribe mediante firma digital -Acuerdo Gral. 11/20 del 23-6-2020, Punto 4°) prescindiéndose de su impresión en formato papel.",
      "Existiendo regulación de honorarios a abogados y/o procuradores, cumpliendo con lo dispuesto por la ley 7046, se transcriben los siguientes los artículos:",
      "Art. 28: NOTIFICACIÓN DE TODA REGULACIÓN. Toda regulación de honorarios deberá notificarse personalmente o por cédula. Para el ejercicio del derecho al cobro del honorario al mandante o patrocinado, la notificación deberá hacerse en su domicilio real.",
      "En todos los casos la cédula deberá ser suscripta por el Secretario del Juzgado o Tribunal con transcripción de este Artículo y del art. 114 bajo pena de nulidad. No será necesaria la notificación personal o por cédula de los autos que resuelvan los reajustes posteriores que se practiquen por aplicación del art.114\".",
      "Art. 114: PAGO DE HONORARIOS. Los honorarios regulados judicialmente deberán abonarse dentro de los diez días de requerido su pago en forma fehaciente. Operada la mora, el profesional podrá reclamar el honorario actualizado con aplicación del índice, previsto en el art. 29 desde la regulación y hasta el pago, con más un interés del 8% anual.",
      "En caso de tratarse de honorarios que han sido materia de apelación, sobre el monto que quede fijado definitivamente su instancia superior, se aplicará la corrección monetaria a partir de la regulación de la instancia inferior. No será menester justificar en juicios los índices que se aplicarán de oficio por los Sres. Jueces y Tribunales”."
    ]
  }
}