{
  "METADATOS": {
    "ID_FALLO": "8981",
    "MES": "09",
    "ARTICULOS_CITADOS": {
      "citations": [
        {
          "main_source": "Código Civil y Comercial (CCC)",
          "cited_articles": [
            2248,
            2256
          ],
          "extra": null
        },
        {
          "main_source": "Código Procesal Civil y Comercial (CPCC)",
          "cited_articles": [
            160,
            65
          ],
          "extra": null
        },
        {
          "main_source": "Ley 7046",
          "cited_articles": [
            3,
            64,
            94
          ],
          "extra": "modif. por ley 11.141"
        },
        {
          "main_source": "Ley 10.704",
          "cited_articles": [
            33
          ],
          "extra": "texto según ley 10.704"
        },
        {
          "main_source": "Acuerdo General 15/18 SNE",
          "cited_articles": [
            1,
            4
          ],
          "extra": "conforme"
        },
        {
          "main_source": "Acuerdo General 11/20",
          "cited_articles": [],
          "extra": "del 23-6-2020, Punto 4°"
        }
      ]
    }
  },
  "MATERIA_PRELIMINAR": "ORDINARIO ACCION REIVINDICATORIA",
  "IDEA_CENTRAL": "**IDEA CENTRAL DEL FALLO:**\n\nEl Tribunal declaró **inadmisible** el recurso de inaplicabilidad de ley interpuesto por la parte demandada, José D. Luggren y Norma E. Casco Ayala, contra la sentencia de la Cámara de Apelaciones que había revocado el fallo de primera instancia que rechazó la acción reivindicatoria promovida por Richard Damián Frank. La decisión se fundamenta en la correcta aplicación del artículo 2248 y 2256 del Código Civil y Comercial (CCC), que establece los requisitos para la acción reivindicatoria, enfatizando el derecho de poseer y la determinación de la cosa.\n\n**Aspectos Legales Relevantes:**\n1. **Código Civil y Comercial (CCC)**:\n   - Artículo 2248: Define la acción reivindicatoria como un derecho real sobre cosas particulares.\n   - Artículo 2256: Establece que si el título del reivindicante es posterior a la posesión del demandado, este último no puede ser despojado sin que el actor acredite su derecho de poseer.\n\n**Razonamiento del Tribunal:**\nEl Tribunal argumentó que la parte actora, Richard Damián Frank, demostró su derecho a poseer el inmueble mediante la presentación de la escritura pública de compraventa, que acreditaba la posesión de su antecesor antes de la ocupación de los demandados. La Cámara de Apelaciones consideró que la posesión de los demandados no era suficiente para desvirtuar el derecho del actor, dado que este último podía invocar la posesión de sus antecesores.\n\nEl Tribunal también desestimó los argumentos de la parte demandada, que alegaba que la sentencia había introducido elementos no discutidos en la litis, reafirmando su potestad para calificar las pretensiones y la prueba presentada.\n\nFinalmente, se impusieron las costas a la parte vencida y se fijaron honorarios profesionales en un porcentaje de los establecidos en primera instancia.",
  "CONTENIDO": {
    "INICIO": [
      "\"FRANK RICHARD DAMIAN C/ CASCO AYALA NORMA E. Y OTRO S/ ORDINARIO ACCION REIVINDICATORIA\" - Expte. Nº 8981"
    ],
    "ACUERDO": [
      "En la ciudad de Paraná, capital de la provincia de Entre Ríos, a los diecinueve días del mes de septiembre del año dos mil veinticuatro reunidos los integrantes de este Tribunal asistidos por el Secretario autorizante, para conocer el recurso de inaplicabilidad de ley deducido en fecha 24/10/2023 en las actuaciones:",
      "\"FRANK RICHARD DAMIAN C/ CASCO AYALA NORMA E. Y OTRO S/ ORDINARIO ACCION REIVINDICATORIA\" - Expte. Nº 8981, respecto de la resolución de la Sala Civil y Comercial de la Cámara de Apelaciones de Concepción del Uruguay dictada en fecha 4/10/2023. Que la votación debe tener lugar en el siguiente orden: Sra. Vocal Gisela N. Schumacher; Sr. Vocal Germán R. F. Carlomagno y Sr. Vocal Leonardo Portela.",
      "Estudiados los autos, la Sala se planteó las siguientes cuestiones:",
      "¿qué corresponde resolver respecto del recurso de inaplicabilidad de ley interpuesto? y, en su caso, ¿cómo deben regularse los honorarios profesionales en esta instancia?",
      "A LA PRIMERA CUESTIÓN PROPUESTA, LA SRA."
    ],
    "VOCAL GISELA N. SCHUMACHER DIJO": [
      "1.- La parte demandada, José D. Luggren y Norma E. Casco Ayala, interponen recurso de inaplicabilidad de ley (24/10/2023) contra la sentencia dictada por la Sala en lo Civil y Comercial de Concepción del Uruguay (4/10/2023) y -en lo que aquí respecta-, hizo lugar al recurso de apelación deducido por la parte actora, Richard Damián Frank, contra la sentencia dictada en primera instancia (29/3/2023), la revocó e impuso costas a la demandada.",
      "2.- Los antecedentes de la causa.",
      "a) Richard Damián Frank promovió acción reivindicatoria contra José D. Luggren y Norma E. Casco Ayala.",
      "Conforme surge del escrito de demanda, fundó su pretensión en su carácter de propietario del inmueble ubicado en calle Maestros Alberdinos Nº 980 de la ciudad de Villaguay. Informó que la adquisición se formalizó a través de la escritura pública Nº 57, del 26 de julio de 2019 y que, según plano de mensura nº 33.887 consta de una superficie de 2.000,44 m2.",
      "Aclaró que dicha propiedad le correspondió al vendedor, Luis Dardo Joaquín Ramat, por compra efectuada el 30/3/2015, conforme escritura pública nº 4, autorizada por el escribano Federico M. Viollaz.",
      "Relacionó que, en virtud de un vínculo familiar, su parte le prestó al demandado una parte del inmueble y que éste, sin autorización, construyó una vivienda en el predio.",
      "b) José Daniel Luggren y Norma Emilia Casco Ayala (parte demandada), contestaron la demanda.",
      "En el escrito de responde sostuvieron que la parte actora le solicitó \"FRANK RICHARD DAMIAN C/ CASCO AYALA NORMA E. Y OTRO S/ ORDINARIO ACCION REIVINDICATORIA\" - Expte. Nº 8981 a su parte la construcción en el predio de tres canchas de fútbol y que la retribución se acordó verbalmente. Allí también construyeron una vivienda de 694,34 m2 que adquirieron al Sr. Frank y que se pagó con el fruto de su trabajo y con la entrega de una camioneta.",
      "Reconocieron que el inmueble fue adquirido por boleto de compraventa en el año 2013 y que la escritura pública se formalizó en 2015.",
      "c) La sentencia de primera instancia (29/3/2023) rechazó la demanda por reinvidicación, respecto de la fracción de terreno desglosada por los demandados (plano 34.173) e impuso las costas al actor.",
      "d) Dicho fallo fue apelado por la parte actora.",
      "e) Como ya anticipara, la Sala en lo Civil y Comercial de Concepción del Uruguay hizo lugar al recurso de apelación deducido, por Richard Damián Frank, contra la sentencia dictada en primera instancia, que revocó.",
      "3.- El fallo dictado por el tribunal de apelaciones.",
      "La cámara de apelaciones definió que la acción reivindicatoria nace de un derecho real que se tiene de cosas particulares que se ejercen por la posesión (art. 2248 CCC). De allí, que toda sentencia sobre el asunto debe fundarse en dos elementos: el derecho de poseer y la determinación de la cosa particular.",
      "Expresó que los requisitos para entablar la acción reivindicatoria son: a) derecho de poseer en el demandante, b) pérdida de la posesión en el actor;",
      "c) posesión actual del demandado; d) \"cosa\" en condiciones de ser objeto de posesión, para lo cual habrá de ser cosa presente y no futura y hallarse perfectamente determinada.",
      "Puso en valor que, en primera instancia, el juez concluyó que la posesión de los demandados era anterior a la escritura presentada por el actor y, siendo ello así, correspondía estarse a la solución establecida en el inciso b) del artículo 2256 del CCC.",
      "En virtud de lo cual, el tribunal de apelaciones se interrogó acerca de si el reivindicante acreditó el derecho de poseer alegado. Para ello analizó el alcance de la palabra \"título\" utilizado en el art. 2256 inc. b) del CCC.",
      "Sostuvo que la norma antes referida contempla el supuesto en el que el título es generado luego de estar en posesión el demandado; por ello, el legislador presume que no pudo adquirirse el dominio por falta de tradición, lo que le quita al actor toda legitimación para la acción. Ello será así, a menos que alegue y acredite que su transmitente, o su antecedente, tenían la posesión.",
      "Los supuestos de los incisos b y c de esta norma, tal como en su momento lo advirtiera el Alto Tribunal Federal respecto de los arts. 2789 y 2790 del Código de Vélez, se deben aplicar de manera correlacionada.",
      "Expuso que, de tal manera, se permite al reivindicante con título demostrar su derecho a poseer sin obligarlo a probar que él ha tenido la posesión \"FRANK RICHARD DAMIAN C/ CASCO AYALA NORMA E. Y OTRO S/ ORDINARIO ACCION REIVINDICATORIA\" - Expte. Nº 8981 del inmueble, ya que la ley acude en su auxilio permitiendo invocar la habida por sus antecesores y partir de una presunción de que éstos eran poseedores y propietarios a partir de la prueba de sus títulos.",
      "Señaló que de la lectura de la escritura pública que instrumenta la compraventa del inmueble de Luis Dardo Joaquín Ramat a Juan Alberto Retamar queda establecido que el antecesor del causante inmediato era poseedor con anterioridad a la posesión de los demandados, por lo que la antigüedad de esta última establecida en la sentencia de primera instancia no resulta suficiente para repeler la acción petitoria.",
      "En otro orden advirtió que de la prueba rendida no se puede concluir que la ocupación de los accionados en la fracción del inmueble derive de un contrato verbal de compraventa, en el que parte del precio del bien fuera la construcción de las mejoras que refiere el reivindicado (canchas de fútbol).",
      "Ello es así puesto que, si bien, en principio la ponderación del boleto de compraventa del automotor marca Dodge RAM 2500 SLT, dominio FBD 417, celebrado entre Guillermo Gustavo Barell, anterior dueño, y el accionado Luggren, y la posterior inscripción registral del vehículo a nombre del actor, podría constituir un indicio favorable a la existencia de este contrato, también lo es que su fuerza de convicción está neutralizada por la documental agregada el 18-6-21 (en particular el telegrama Ley N° 23.789 y las cartas documentos intercambiadas entre Luggren y el actor) por las que se aprecia que aquél efectuó al actor reclamos laborales por trabajos que ahora sostiene constituían parte del precio del inmueble.",
      "Aseveró que ese actuar constituye un elemento indiciario que la magistratura debe ponderar en tanto constituye una intercadencia que necesariamente juega en auxilio de la posición procesal sostenida por la contraria (art. 160, inc. 5, CPCC).",
      "4.- La parte demandada interpuso recurso de inaplicabilidad de ley (24/10/2023). Denuncia que el fallo incurrió en absurdidad, incongruencia, arbitrariedad, falta de fundamentación y es contrario a la legislación y doctrina legal de este tribunal.",
      "Afirma que el tribunal se extralimitó en sus facultades. Indica que el tribunal valoró y analizó el contenido de la escritura nº 46 y de donde extrajo que el antecesor del causante inmediato era poseedor con anterioridad a la posesión de los demandados. Señala que estos hechos no fueron objeto de la litis y que la cámara resolvió fuera de lo pedido, extra petita, lo que está prohibido por ley (art.",
      "160 inc. 6º del CPCC).",
      "Le agravia que se haya introducido el hecho de la posesión, que no fue alegado por la parte actora y que ella solo se limitó a mencionar la existencia del título de propiedad pero que nada dijo de su derecho a poseer.",
      "Expresa que su parte acreditó encontrarse en posesión del \"FRANK RICHARD DAMIAN C/ CASCO AYALA NORMA E. Y OTRO S/ ORDINARIO ACCION REIVINDICATORIA\" - Expte. Nº 8981 inmueble desde el año 2014 y que la compra del inmueble por parte del actor se realizó en el año 2019; por ello resulta de aplicación lo dispuesto por el art. 2256 inc. b; esto es que cuando el título del reivindicante es posterior a la posesión del demandado, es insuficiente para que prospere la demanda.",
      "Subraya que el antecesor del aquí actor, Ramat no pudo haber transmitido la acción reivindicatoria al actor, toda vez que su adquisición es aún posterior a la posesión de su parte. Sostienen que Frank nunca fue despojado de una posesión que jamás tuvo.",
      "Señala que, más allá de lo expuesto, el inmueble que hoy habitan fue adquirido al actor, a través de un negocio informal; que por él se entregó un rodado y se dispuso de la fuerza de trabajo.",
      "Pone en valor la sentencia de primera instancia que tuvo en cuenta la prueba compuesta rendida en la causa. Insiste con el modo en que debe valorarse la prueba de la venta de la camioneta y las construcciones en el inmueble.",
      "Cita jurisprudencia y considera que el tribunal se excedió al subsumir normativamente la pretensión deducida en situaciones que no fueron alegadas.",
      "Finalmente hace reserva del caso federal y peticiona.",
      "5.- La parte actora contestó el traslado (7/11/2023) y la Cámara concedió el recurso de inaplicabilidad de ley instado, con efecto suspensivo (24/11/2023).",
      "6.- Sintetizados los antecedentes relevantes para la definición de las cuestión traída a juzgamiento entiendo pertinente recordar que el análisis preliminar de admisibilidad, previsto expresamente en nuestro ordenamiento procesal, indica que cuando el medio de impugnación se interpuso ante el mismo organismo jurisdiccional que dictó la resolución recurrida aquél sea llevado a cabo en dos oportunidades. La primera por la Cámara, que analiza el cumplimiento de los requisitos formales de admisibilidad y de fundabilidad del planteo recursivo (artículos 276, 280 y 281 del CPCC), y la segunda por esta Sala.",
      "Conforme a las exigencias técnicas del recurso se debe efectuar el directo cuestionamiento de la sentencia definitiva de segunda instancia del cual derive una crítica y un ataque pertinentes a su fundamentación, que demuestren la errónea aplicación de la ley y/o doctrina legal emanada de este tribunal.",
      "No obstante la literalidad de la norma, se admite por vía jurisprudencial el análisis de cuestiones de hecho y prueba reservadas en principio a la magistratura de las instancias ordinarias, cuando se alegue y demuestre absurdidad o arbitrariedad en su valoración.",
      "7.- Al amparo de tales consideraciones ingreso al tratamiento del objeto de debate.",
      "En tal cometido advierto que la querella, a través de la pieza \"FRANK RICHARD DAMIAN C/ CASCO AYALA NORMA E. Y OTRO S/ ORDINARIO ACCION REIVINDICATORIA\" - Expte. Nº 8981 recursiva, disiente con la solución en revisión respecto de las pretensiones introducidas por su parte. Sin embargo, aquellas disgresiones pasan por alto los argumentos que estructuraron la decisión recurrida.",
      "La parte demandada intenta imponer una postura subjetiva por sobre el examen del derecho aplicable a las constancias de la causa, conforme fue detallado en la sentencia de alzada.",
      "Veamos.",
      "a) En el escrito de fundamentación de la vía recursiva, la demandada sostiene que el fallo violó el principio de congruencia, en tanto -asevera- los magistrados introdujeron al análisis del caso asuntos no propuestos.",
      "Entiendo que este ataque carece de un verdadero andamiaje fáctico y jurídico.",
      "En primer lugar, a los fines de propender a una tutela judicial efectiva y en ejercicio del iura novit curia, quienes ejercen la magistratura tienen la potestad de calificar las pretensiones articuladas por las partes. En virtud de lo cual la solución que se alcance exige subsumir los hechos alegados en la norma jurídica material que corresponda y, de tal suerte, asignarles los efectos pertinentes.",
      "Resulta indiscutible la utilidad de esta facultad que tiene por objeto y efecto la subsunción normativa, función que -como ocurrió en el caso- debe hacerse con cautela y respetando la igualdad de las partes.",
      "La parte demandada -aquí recurrente- se queja de la definición sentencial en tanto no se ajusta a sus intereses; sin embargo, el escrito recursivo omite hacer una referencia concreta respecto al modo en que -entiende- se vulneró a su derecho de defensa.",
      "El tribunal de apelaciones no modificó los términos en que quedó trabada la litis; sino que en ejercicio de sus facultades analizó los hechos informados y la prueba acompañada. De allí extrajo la legitimación de quienes promovieron la acción en procura de la garantía del derecho del dominio sobre el inmueble litigioso y su concatenación con quienes tuvieron la posesión de la cosa, que resultó previa a la que postulan los accionados.",
      "b) En otro orden, la parte demandada no rebate puntos centrales de la sentencia; en particular omite cuestionar los argumentos abordados en el fallo y que dan cuenta de las graves contradicciones en que incurrió su parte durante el desarrollo de este proceso. Contradicciones que también se verifican en el escrito recursivo (basta confrontar lo aquí expuesto con lo expresado en el escrito de contestación de demanda capítulo \"V.- VERDAD DE LOS HECHOS\").",
      "Fue por ello que el tribunal calificó de disvaliosa la conducta adoptada por la parte demandada.",
      "La parte demandada-recurrente tampoco objeta la valoración que los magistrados de la anterior instancia efectuaran acerca de las pruebas rendidas \"FRANK RICHARD DAMIAN C/ CASCO AYALA NORMA E. Y OTRO S/ ORDINARIO ACCION REIVINDICATORIA\" - Expte. Nº 8981 por su parte. En efecto el tribunal definió que no podía concluir que la ocupación del inmueble alegada hubiese tenido origen en un contrato verbal de compraventa y que el precio se hubiera pactado y abonado a través de la construcción de las mejoras (canchas de fútbol) y la entrega de una camioneta.",
      "En efecto, se sostuvo que si bien la documentación vinculada a la adquisición y transferencia del rodado podría considerarse como un indicio favorable a la existencia de aquel contrato, si fuera convictiva quedó neutralizada a partir del intercambio epistolar mantenido entre las partes, a través del cual se instó un reclamo de naturaleza laboral.",
      "Las contradicciones, como ya dijera, fueron observadas con disvalor y los recurrentes no rebatieron que, tales conductas concurrieron a tener por cierta la versión sostenida por la contraria (art. 160 inc. 5 del CPCC) 8- Por consiguiente, atento las razones brindadas precedentemente, corresponde declarar la inadmisibilidad del recurso de inaplicabilidad de ley, con costas a la vencida (art. 65 del CPCC). ASÍ VOTO.",
      "A LA PRIMERA CUESTIÓN PROPUESTA, EL SR. VOCAL",
      "Considerando la actividad desarrollada para abrir la instancia extraordinaria, la complejidad de las cuestiones planteadas y la probable dedicación temporal en el desempeño profesional del servicio, corresponde fijar los honorarios profesionales en el 50 % de los honorarios que se establezcan por la labor en primera instancia, encomendando su cálculo a la judicatura de origen (arts.",
      "3, 64 y 94 de la ley 7046 modif. por ley 11.141). ASÍ VOTO.",
      "A LA SEGUNDA CUESTIÓN PROPUESTA, EL SR. VOCAL"
    ],
    "GERMÁN R. F. CARLOMAGNO DIJO": [
      "Adhiero al voto emitido por la Sra. Vocal preopinante. ASÍ VOTO.",
      "A LA SEGUNDA CUESTIÓN PROPUESTA, LA SRA.",
      "Adhiero al voto de la Sra. Vocal Gisela Schumacher. ASÍ VOTO.",
      "Por último, habiendo mayoría EL SR. VOCAL EN EJERCICIO DE LA PRESIDENCIA DEL STJ, LEONARDO PORTELA, se abstiene de votar y firmar la presente resolución con arreglo a lo dispuesto por el art. 33 de la LOPJ, texto según ley 10.704.",
      "Con lo que no siendo para más se da por finalizado el acto quedando acordada la siguiente sentencia:",
      "Paraná, 19 de septiembre de 2024."
    ],
    "Y VISTO": [
      "Por los fundamentos del acuerdo que antecede se,"
    ],
    "RESUELVE": [
      "\"FRANK RICHARD DAMIAN C/ CASCO AYALA NORMA E. Y OTRO S/ ORDINARIO ACCION REIVINDICATORIA\" - Expte. Nº 8981 DECLARAR INADMISIBLE el recurso de inaplicabilidad de ley deducido en fecha 24/10/2023, respecto de la resolución de la Sala Civil y Comercial de la Cámara de Apelaciones de Concepción del Uruguay dictada en fecha 4/10/2023.",
      "IMPONER costas a la vencida (art. 65 del CPCC).",
      "FIJAR los honorarios profesionales correspondientes a esta instancia extraordinaria, en el 50 % de los honorarios que se establezcan por la labor en primera instancia (arts. 3, 64 y 94 de la ley 7046 modif. por ley 11.141).",
      "Tener presente la reserva del caso federal.",
      "Notifíquese conforme arts. 1º y 4º Ac. Gral. 15/18 SNE, regístrese y oportunamente devuélvase.",
      "Ante mí. En igual fecha se registró. Asimismo, se deja constancia que la presente se suscribe mediante firma digital -Acuerdo Gral. 11/20 del 23-6-2020, Punto 4°) prescindiéndose de su impresión en formato papel."
    ]
  }
}