{
  "METADATOS": {
    "ID_FALLO": "8999",
    "MES": "09",
    "ARTICULOS_CITADOS": {
      "citations": [
        {
          "main_source": "Ley 23.737",
          "cited_articles": [
            38
          ],
          "extra": null
        },
        {
          "main_source": "Ley 23.737",
          "cited_articles": [
            660
          ],
          "extra": "Ley de Obras Sociales Nº 23.660"
        },
        {
          "main_source": "Otro",
          "cited_articles": [
            201
          ],
          "extra": "resolución 201/2002"
        },
        {
          "main_source": "Código Procesal Civil y Comercial (CPCC)",
          "cited_articles": [
            1794,
            1795
          ],
          "extra": null
        },
        {
          "main_source": "Código Procesal Civil y Comercial (CPCC)",
          "cited_articles": [
            276,
            280,
            281
          ],
          "extra": null
        },
        {
          "main_source": "Código Procesal Civil y Comercial (CPCC)",
          "cited_articles": [
            280
          ],
          "extra": "segundo párrafo"
        },
        {
          "main_source": "Ley 25.529",
          "cited_articles": [
            2
          ],
          "extra": null
        },
        {
          "main_source": "Código Procesal Civil y Comercial (CPCC)",
          "cited_articles": [
            65
          ],
          "extra": null
        },
        {
          "main_source": "Ley 10.704",
          "cited_articles": [
            33
          ],
          "extra": "art. 33 de la LOPJ, texto según ley 10.704"
        },
        {
          "main_source": "Otro",
          "cited_articles": [
            30
          ],
          "extra": "art. 30 de la ley arancelaria"
        },
        {
          "main_source": "Ley 7046",
          "cited_articles": [
            3,
            30,
            64,
            94
          ],
          "extra": "arts. 3, 30, 64 y 94 de la ley 7046 modif. por ley 11.141"
        },
        {
          "main_source": "Código Procesal Civil y Comercial (CPCC)",
          "cited_articles": [
            65
          ],
          "extra": null
        },
        {
          "main_source": "Ley 7046",
          "cited_articles": [
            3,
            30,
            64,
            94
          ],
          "extra": "arts. 3, 30, 64 y 94 de la ley 7046 modif. por ley 11.141"
        },
        {
          "main_source": "Acuerdo General 15/18 SNE",
          "cited_articles": [
            1,
            4
          ],
          "extra": "conforme arts. 1º y 4º Ac. Gral. 15/18 SNE"
        },
        {
          "main_source": "Acuerdo General 11/20",
          "cited_articles": [
            23
          ],
          "extra": "Acuerdo Gral. 11/20 del 23-6-2020"
        },
        {
          "main_source": "Otro",
          "cited_articles": [
            28
          ],
          "extra": "art. 28"
        },
        {
          "main_source": "Otro",
          "cited_articles": [
            114
          ],
          "extra": "art. 114"
        },
        {
          "main_source": "Otro",
          "cited_articles": [
            29
          ],
          "extra": "art. 29"
        }
      ]
    }
  },
  "MATERIA_PRELIMINAR": "COBRO DE PESOS",
  "IDEA_CENTRAL": "**IDEA CENTRAL DEL FALLO:**\n\nEl Tribunal declaró **inadmisible** el recurso de inaplicabilidad de ley interpuesto por el Sanatorio Americano S.A.M.A. contra la resolución de la Cámara de Apelaciones, que había confirmado el rechazo de la demanda por cobro de pesos contra la obra social OSPEC. La decisión se fundamenta en la falta de autorización de la obra social para la prestación de servicios médicos al paciente fallecido, lo que impide el reclamo directo del sanatorio.\n\n**Aspectos Legales Relevantes:**\n\n1. **Competencia Judicial:** Se determinó que la justicia provincial era competente para conocer el caso, dado que la obra social no opuso reparos a su jurisdicción, renunciando tácitamente a la competencia federal.\n   \n2. **Falta de Acción Directa:** El Tribunal concluyó que SAMA carecía de acción directa contra OSPEC, ya que no existió autorización para la atención médica del paciente, lo que lo convierte en un tercero en la relación.\n\n3. **Enriquecimiento Sin Causa:** Se desestimó el agravio sobre el enriquecimiento sin causa, argumentando que la actora tenía otras acciones útiles para reclamar, específicamente contra los herederos del afiliado fallecido.\n\n**Leyes y Artículos Clave:**\n\n- **Ley 23.661:** Regula el sistema de obras sociales y establece condiciones para su aplicación.\n- **Código Civil y Comercial (Artículos 1794/1795):** Define los requisitos para el enriquecimiento sin causa.\n- **Código Procesal Civil y Comercial (Artículos 276, 280, 281):** Establece las normas sobre la admisibilidad de recursos y la carga de fundamentación.\n\n**Razonamiento del Tribunal:**\n\nEl Tribunal argumentó que la atención médica en situaciones de emergencia no exime de la necesidad de autorización previa por parte de la obra social. Además, enfatizó que el reclamo por enriquecimiento sin causa no fue adecuadamente planteado en la demanda inicial. La falta de fundamentos sólidos en el recurso de inaplicabilidad llevó a su inadmisibilidad, confirmando así la decisión de la Cámara de Apelaciones.",
  "CONTENIDO": {
    "INICIO": [
      "\"SANATORIO AMERICANO S.A.M.A. C/ OSPEC S/ COBRO DE PESOS\" - Expte. Nº 8999"
    ],
    "ACUERDO": [
      "En la ciudad de Paraná, capital de la provincia de Entre Ríos, a los once días del mes de septiembre del año dos mil veinticuatro reunidos los integrantes de este Tribunal asistidos por el Secretario autorizante, para conocer el recurso de inaplicabilidad de ley deducido en fecha 21/11/2023 en las actuaciones:",
      "\"SANATORIO AMERICANO S.A.M.A. C/ OSPEC S/ COBRO DE PESOS\" - Expte. Nº 8999, respecto de la resolución de la Sala Civil y Comercial de la Cámara de Apelaciones de Concepción del Uruguay dictada en fecha 2/11/2023.",
      "Que la votación debe tener lugar en el siguiente orden: Sra. Vocal Gisela N.",
      "Schumacher; Sra. Vocal Susana Medina y Sr. Vocal Leonardo Portela.",
      "Estudiados los autos, la Sala se planteó las siguientes cuestiones:",
      "¿qué corresponde resolver respecto del recurso de inaplicabilidad de ley interpuesto? y, en su caso, ¿cómo deben regularse los honorarios profesionales en esta instancia?",
      "A LA PRIMERA CUESTIÓN PROPUESTA LA SRA."
    ],
    "VOCAL GISELA SCHUMACHER DIJO": [
      "1.- Sanatorio Americano Médico Asistencial (en adelante SAMA), interpuso demanda por cobro de pesos contra la Obra Social del Personal de Encotesa y de las Comunicaciones de la República Argentina (en adelante OSPEC), por la suma de $173.250, más intereses y costas, e indemnización por daño económico por costos impositivos generados (escrito del 8/7/2021).",
      "Fundó su promocional en que el día 12/7/2016 el paciente Luis César Fabricius ingresó a la terapia del sanatorio accionante por derivación, con autorización del secretario del Ministerio de Salud de la Provincia, sin denunciar obra social. Indicó que doce días después de su ingreso el paciente falleció.",
      "Relató que en fecha 4/10/2016 emitió factura correspondiente a los gastos de internación y atención del paciente a nombre del Ministerio de Salud de la Provincia de Entre Ríos, la que remitió a fin de hacer efectivo el cobro, ante lo cual el organismo provincial (por resolución Nº 4449 M.S.) rechazó el pago, por encontrarse el señor Fabricius empadronado en la obra social OSPEC al momento de su atención.",
      "2.- La sentencia de primera instancia rechazó la demanda promovida e impuso las costas a la parte actora vencida (16/3/2023).",
      "3.- Apeló la parte actora (23/3/2023 y escrito de expresión de agravios del 20/4/2023).",
      "4.- La Sala en lo Civil y Comercial de la Cámara de Apelaciones de Concepción del Uruguay rechazó el recurso de apelación, confirmó la sentencia recurrida, e impuso las costas a la parte apelante vencida (2/11/2023).",
      "Para así decidir la alzada, en primer orden, abordó el tema de la competencia. Coincidió con lo dictaminado por el fiscal coordinador en cuanto a \"SANATORIO AMERICANO S.A.M.A. C/ OSPEC S/ COBRO DE PESOS\" - Expte. Nº 8999 que la competencia federal establecida en el artículo 38 de la Ley 23661 no es automática por estar establecida en razón de la persona. Advirtió que la obra social accionada no opuso reparos, lo que conllevó su renuncia tácita a ese fuero de excepción, por lo que la justicia provincial tiene competencia para entender en esta causa.",
      "Respecto a los planteos introducidos por la apelante, consideró relevante que SAMA no requirió oportuna autorización a OSPEC por desconocer la afiliación del paciente en el momento del ingreso a terapia intensiva, como consecuencia de la derivación desde el hospital público. Expresó que el sanatorio prestó el servicio pero no hubo admisión, reconocimiento ni autorización concreta oportuna de la obra social para dicha prestación.",
      "Entendió que la actora carece de acción directa contra la obra social, pudiendo eventualmente haber dirigido su reclamo -en caso que corresponda- contra los herederos del afiliado fallecido, pero no contra la demandada. Explicó que ante la inexistencia de autorización por la obra social para la prestación médica correspondiente, ésta reviste la condición de tercera respecto a la prestación de servicios que vinculó a la actora con el paciente, sin perjuicio de las contingencias que puedan hipotéticamente suscitarse entre los herederos del afiliado y su obra social.",
      "Refirió que la demandada no contrató con la actora, y el ingreso por razones de urgencia a terapia intensiva no habilita el reclamo automático \"de pleno derecho\" por parte del sanatorio a la obra social del afiliado.",
      "Resaltó que el agravio relativo al supuesto enriquecimiento sin causa es materia ajena al objeto de este proceso, puesto que no fue introducido dicho reclamo en la demanda.",
      "Sin perjuicio, a todo evento, enfatizó que el enriquecimiento sin causa, con expresa consagración normativa en el Código Civil y Comercial (artículos 1794/1795), exige la reunión de una serie de requisitos: enriquecimiento del demandado, empobrecimiento de la parte actora, relación causal entre el enriquecimiento y el empobrecimiento, ausencia de justa causa, e inexistencia de otra acción útil para obtener la reparación.",
      "Concluyó que en los presentes está ausente el último extremo referenciado, ya que el ordenamiento jurídico concede a la damnificada otra acción para obtener la reparación del empobrecimiento sufrido, pudiendo la actora eventualmente -de corresponder- reclamar a los herederos del afiliado la obligación pretendida, en función de la prestación de servicios denunciada.",
      "5.- La parte actora interpuso recurso de inaplicabilidad de ley (21/11/2023).",
      "Denunció arbitrariedad, incongruencia y errónea aplicación de la ley.",
      "\"SANATORIO AMERICANO S.A.M.A. C/ OSPEC S/ COBRO DE PESOS\" - Expte. Nº 8999 Arguyó que es un absurdo en la emergencia sostener que no hay nexo causal entre la prestación de parte, al afiliado de la obra social demandada, más allá que ésta tenga contratado un sanatorio para atender en toda la provincia, en la ciudad de Paraná.",
      "Adujo que la obligación surge de la Ley de Obras Sociales Nº 23.660 y la resolución 201/2002 que reglamenta el Programa Médico Obligatorio de Emergencia.",
      "Estimó que de ello surge la obligación que afianza el nexo causal de la obligación, lo que está determinado por la prueba.",
      "Infirió que esto es más allá que se haya facturado, como de costumbre, al Ministerio de Salud, quien después resolvió que al estar (el paciente) afiliado a la obra social, ésta es quien debe abonar la atención.",
      "Fustigó que se produce un enriquecimiento sin causa de la obra social, cuestión que sí fue señalada en la demanda al reclamar el daño económico, ya que la obra social durante años de afiliación recibió el importe correspondiente del estado nacional y del empleado como aporte, y no abonó la cobertura médica; y que no es posible reclamar a un tercero ese enriquecimiento.",
      "Hizo reserva del caso federal.",
      "6.- La parte contraria contestó el traslado oportunamente dispuesto (11/12/2023).",
      "Peticionó, por los motivos que expuso, el rechazo del recurso incoado, con costas.",
      "7.- La Cámara concedió el recurso, con efecto suspensivo (27/12/2023).",
      "8.- Sintetizados los antecedentes relevantes para la definición de la cuestión traída a juzgamiento recuerdo que el análisis preliminar de admisibilidad, previsto expresamente en nuestro ordenamiento procesal, indica que cuando el medio de impugnación se interpuso ante el mismo organismo jurisdiccional que dictó la resolución recurrida aquél sea llevado a cabo en dos oportunidades, la primera por la Cámara que analiza el cumplimiento de los requisitos formales de admisibilidad y de fundabilidad del planteo recursivo (artículos 276, 280 y 281 del Código Procesal Civil y Comercial), y la segunda por esta Sala.",
      "Conforme a las exigencias técnicas del recurso se debe efectuar el directo cuestionamiento de la sentencia definitiva de segunda instancia del cual derive una crítica y un ataque pertinentes a su fundamentación, que demuestren la errónea aplicación de la ley y/o doctrina legal emanada de este tribunal.",
      "No obstante la literalidad de la norma, se admite por vía pretoriana el análisis de cuestiones de hecho y prueba reservadas en principio a la magistratura de las instancias ordinarias, cuando se alegue y demuestre absurdidad o arbitrariedad en su valoración.",
      "\"SANATORIO AMERICANO S.A.M.A. C/ OSPEC S/ COBRO DE PESOS\" - Expte. Nº 8999 9.- Bajo los parámetros apuntados ingreso directamente al tratamiento de las cuestiones planteadas.",
      "En dicha tarea observo que la pieza recursiva no cumplió con la carga de debida fundamentación que impone el artículo 280, segundo párrafo, del código procesal civil y comercial, lo que obsta a la habilitación de esta instancia casatoria.",
      "Ello por cuanto la querella se desentendió de la lógica argumental que culminó en el rechazo del recurso de apelación deducido, y, en cambio, formuló su crítica desde su interpretación del derecho aplicado a una particular visión de los hechos.",
      "En efecto, con citas de resoluciones de otros tribunales del país relacionadas con supuestos distintos a los que constituyen la plataforma fáctica del presente, la recurrente insiste en el fundamento relacionado con la atención en la emergencia.",
      "Y si bien es cierto que todo nosocomio público o privado debe prestar el servicio de salud en la emergencia -sin distinguir entre personas afiliadas a agentes del seguro de salud o no-1, esto no fue un elemento mencionado en la demanda y dista de ser la causa alegada en oportunidad de iniciar esta acción: esto 1Ley 26529, artículo 2 es, que la atención al paciente derivó de un convenio previo con el Ministerio de Salud de la Nación, y la autorización de la autoridad de tal ente gubernamental para que el señor Fabricius fuera trasladado -desde el hospital- a la terapia intensiva del sanatorio.",
      "Advierto también que, en sintonía con el razonamiento anterior, la cuestión relacionada con el enriquecimiento sin causa fue desechada por la alzada, arista que al respecto no mereció embate en esta instancia. Por el contrario, la impugnante volvió a editar su tesis sobre el tópico, pero soslayó la referenciada existencia de otras acciones útiles para viabilizar el reclamo por el empobrecimiento aludido.",
      "10.- Por consiguiente, corresponde declarar la inadmisibilidad del recurso de inaplicabilidad de ley interpuesto en representación del Sanatorio Americano Médico Asistencial, con costas a la vencida por aplicación del principio objetivo de la derrota (artículo 65 del código procesal civil y comercial). ASÍ VOTO.",
      "A LA PRIMERA CUESTIÓN PROPUESTA LA SRA."
    ],
    "VOCAL SUSANA MEDINA DIJO": [
      "Adhiero al voto emitido por la Sra. Vocal preopinante. ASÍ VOTO.",
      "A LA SEGUNDA CUESTIÓN PROPUESTA, LA SRA.",
      "Adhiero al voto de la Sra. Vocal Gisela N. Schumacher. ASÍ VOTO.",
      "Por último, habiendo mayoría EL SR. VOCAL EN EJERCICIO DE LA PRESIDENCIA DEL STJ, DR. LEONARDO PORTELA se abstiene de votar y firmar la presente resolución con arreglo a lo dispuesto por el art. 33 de la LOPJ, texto según ley 10.704.",
      "Con lo que no siendo para más se da por finalizado el acto quedando acordada la siguiente sentencia:",
      "Paraná, 11 de septiembre de 2024."
    ],
    "VOCAL GISELA N. SCHUMACHER DIJO": [
      "\"SANATORIO AMERICANO S.A.M.A. C/ OSPEC S/ COBRO DE PESOS\" - Expte. Nº 8999 considerando la base económica del juicio, los intereses y el monto del jurista al día de la fecha ($51.823,67), el valor a considerar a los fines regulatorios asciende a 14,29 juristas.",
      "Por aplicación de la escala general del art. 30 de la ley arancelaria y valorando la labor desarrollada en esta instancia, el 25% de 14,29 juristas son 3,57 juristas, que es el monto que correspondería regular a la parte vencedora en primera instancia.",
      "De esta manera, por la labor en esta instancia extraordinaria amerita regular el 50% de 3,57 juristas al letrado de la parte vencedora y el 70% de esa suma a la letrada de la parte vencida (arts. 3, 30, 64 y 94 de la ley 7046 modif.",
      "por ley 11.141). ASÍ VOTO.",
      "A LA SEGUNDA CUESTIÓN PROPUESTA, LA SRA."
    ],
    "Y VISTO": [
      "Por los fundamentos del acuerdo que antecede se,"
    ],
    "RESUELVE": [
      "DECLARAR INADMISIBLE el recurso de inaplicabilidad de ley deducido en fecha 21/11/2023, respecto de la resolución de la Sala Civil y Comercial de la Cámara de Apelaciones de Concepción del Uruguay dictada en fecha 2/11/2023.",
      "IMPONER costas a la vencida (art. 65 del CPCC).",
      "REGULAR los honorarios profesionales al letrado Guillermo Pasquet en la suma de pesos noventa y dos mil doscientos cuarenta y seis con trece centavos ($ 92.246,13) equivalentes a 1,78 juristas, y a la letrada María Belén Vales en la suma de pesos sesenta y cuatro mil quinientos setenta y dos con veintinueve centavos ($ 64.572,29) equivalentes a 1,246 juristas (arts. 3, 30, 64 y 94 de la ley 7046 modif. por ley 11.141).",
      "Tener presente la reserva del caso federal.",
      "Notifíquese conforme arts. 1º y 4º Ac. Gral. 15/18 SNE, regístrese y oportunamente devuélvase.",
      "\"SANATORIO AMERICANO S.A.M.A. C/ OSPEC S/ COBRO DE PESOS\" - Expte. Nº 8999 Ante mí. En igual fecha se registró. Asimismo, se deja constancia que la presente se suscribe mediante firma digital -Acuerdo Gral. 11/20 del 23-6-2020, Punto 4°) prescindiéndose de su impresión en formato papel.",
      "Existiendo regulación de honorarios a abogados y/o procuradores, cumpliendo con lo dispuesto por la ley 7046, se transcriben los siguientes los artículos:",
      "Art. 28: NOTIFICACIÓN DE TODA REGULACIÓN. Toda regulación de honorarios deberá notificarse personalmente o por cédula. Para el ejercicio del derecho al cobro del honorario al mandante o patrocinado, la notificación deberá hacerse en su domicilio real. En todos los casos la cédula deberá ser suscripta por el Secretario del Juzgado o Tribunal con transcripción de este Artículo y del art. 114 bajo pena de nulidad. No será necesaria la notificación personal o por cédula de los autos que resuelvan los reajustes posteriores que se practiquen por aplicación del art.114\".",
      "Art. 114: PAGO DE HONORARIOS. Los honorarios regulados judicialmente deberán abonarse dentro de los diez días de requerido su pago en forma fehaciente. Operada la mora, el profesional podrá reclamar el honorario actualizado con aplicación del índice, previsto en el art. 29 desde la regulación y hasta el pago, con más un interés del 8% anual. En caso de tratarse de honorarios que han sido materia de apelación, sobre el monto que quede fijado definitivamente su instancia superior, se aplicará la corrección monetaria a partir de la regulación de la instancia inferior. No será menester justificar en juicios los índices que se aplicarán de oficio por los Sres. Jueces y Tribunales”."
    ]
  }
}