{
  "METADATOS": {
    "ID_FALLO": "9036",
    "MES": "09",
    "ARTICULOS_CITADOS": {
      "citations": [
        {
          "main_source": "Código Civil y Comercial (CCC)",
          "cited_articles": [
            2550,
            2554,
            2560,
            1080
          ],
          "extra": null
        },
        {
          "main_source": "Código Procesal Civil y Comercial (CPCC)",
          "cited_articles": [
            333,
            65,
            66
          ],
          "extra": null
        },
        {
          "main_source": "Código Procesal Civil y Comercial de Entre Ríos (CPCCER)",
          "cited_articles": [
            3980
          ],
          "extra": "art. 3980 del derogado CC"
        },
        {
          "main_source": "Ley 7046",
          "cited_articles": [
            3,
            64,
            94
          ],
          "extra": "modif. por ley 11.141"
        },
        {
          "main_source": "Ley 10.704",
          "cited_articles": [
            33
          ],
          "extra": "texto según ley 10.704"
        },
        {
          "main_source": "Acuerdo General 15/18 SNE",
          "cited_articles": [
            1,
            4
          ],
          "extra": "conforme arts. 1º y 4º"
        },
        {
          "main_source": "Acuerdo General 11/20",
          "cited_articles": [],
          "extra": "del 23-6-2020, Punto 4°"
        }
      ]
    }
  },
  "MATERIA_PRELIMINAR": "ORDINARIO RESOLUCION DE CONTRATO (Y COBRO DE PESOS ENRIQUECIMIENTO SIN CAUSA EN SUBSIDIO)",
  "IDEA_CENTRAL": "**IDEA CENTRAL DEL FALLO**\n\nEl fallo judicial en el caso \"DALZOTTO Matilde Rosana C/ DALZOTTO Jorge Darío\" se centra en la resolución de un contrato y el cobro de pesos por enriquecimiento sin causa. La decisión principal del tribunal fue **declarar procedente el recurso de inaplicabilidad de ley**, revocando la resolución anterior que admitía la excepción de prescripción interpuesta por la demandada. El tribunal ordenó el reenvío de los autos al juzgado de origen para que se expida sobre la acción de resolución de contrato y el enriquecimiento sin causa planteado en subsidio.\n\n**Fundamento Legal y Aspectos Relevantes:**\n1. **Cosa Juzgada**: El tribunal determinó que la existencia de una sentencia firme que declaró la inexistencia del contrato en cuestión impide que se resuelva sobre su resolución, dado que no se puede dictar una sentencia sobre un acto jurídico que ha sido declarado inexistente.\n2. **Prescripción**: Se argumentó que las medidas precautorias que afectaron la registración del bien impidieron a la actora ejercer su derecho, lo que justifica la dispensa de la prescripción conforme al artículo 3980 del derogado Código Civil.\n3. **Principio de Igualdad**: El tribunal destacó que es injusto que las partes reciban un tratamiento diferente ante circunstancias similares, lo que afecta el equilibrio contractual.\n\n**Razonamiento del Tribunal:**\nEl tribunal concluyó que, aunque las medidas que impidieron la registración no constituyen una causal de interrupción de la prescripción, sí generaron una imposibilidad de hecho que justifica la dispensa de la misma. Además, se subrayó que la resolución de la Cámara de Apelaciones alteraba el equilibrio contractual, lo que violaba el principio de igualdad.\n\nEn resumen, el tribunal reafirmó la importancia de la cosa juzgada y la necesidad de respetar el equilibrio contractual, ordenando el reenvío para que se evalúe la acción de enriquecimiento sin causa.",
  "CONTENIDO": {
    "INICIO": [
      "\"DALZOTTO Matilde Rosana C/ DALZOTTO Jorge Darío S/ ORDINARIO RESOLUCION DE CONTRATO (Y COBRO DE PESOS ENRIQUECIMIENTO SIN CAUSA EN SUBSIDIO)\" - Expte. Nº 9036"
    ],
    "ACUERDO": [
      "En la ciudad de Paraná, capital de la provincia de Entre Ríos, a los diez días del mes de septiembre del año dos mil veinticuatro reunidos los integrantes de este Tribunal asistidos por el Secretario autorizante, para conocer el recurso de inaplicabilidad de ley deducido en fecha 14/12/2023 en las actuaciones:",
      "\"DALZOTTO Matilde Rosana C/ DALZOTTO Jorge Darío S/ ORDINARIO RESOLUCION DE CONTRATO (Y COBRO DE PESOS ENRIQUECIMIENTO SIN CAUSA EN SUBSIDIO)\" - Expte. Nº 9036, respecto de la resolución de la Sala Segunda Civil y Comercial de la Cámara de Apelaciones de Concordia dictada en fecha 6/12/2023. Se practicó el sorteo de ley resultando que la votación debía tener lugar en el siguiente orden: Sr. Vocal Carlos Federico Tepsich; Sra. Vocal Gisela N. Schumacher y Sr. Vocal Leonardo Portela.",
      "Estudiados los autos, la Sala se planteó las siguientes cuestiones:",
      "¿qué corresponde resolver respecto del recurso de inaplicabilidad de ley interpuesto? y, en su caso, ¿cómo deben regularse los honorarios profesionales en esta instancia?",
      "A LA PRIMERA CUESTIÓN PROPUESTA EL SR. VOCAL"
    ],
    "CARLOS FEDERICO TEPSICH DIJO": [
      "1.- En fecha 6 de diciembre de 2023 la Sala Segunda Civil y Comercial de la Cámara de Apelaciones de la Ciudad de Concordia, dictó sentencia por la que hizo lugar al recurso interpuesto por la actora y revocó la admisión de la excepción de prescripción deducida por la demandada, con reenvío de los autos al Juzgado de origen para que se expida sobre la acción de resolución de contrato y enriquecimiento sin causa planteada en subsidio.",
      "Para así resolver el tribunal asumió que la actora, al momento de promover la demanda y al contestar la excepción, afirmó el hecho de la existencia de medidas precautorias sobre el bien a escriturar dispuestas judicialmente a solicitud de quienes promovieron la nulidad de la donación por la cual se adjudicó al accionado el inmueble en cuestión y que ese proceso -en el cual fue asimismo demandada- cuenta con sentencia firme que declaró simulada dicha donación; y, conforme ello, concluyó que, si bien tales circunstancias no constituían causal de interrupción y/o suspensión de la prescripción, sí conllevaban una dificultad o imposibilidad de hecho que autorizaba a liberar al acreedor de las consecuencias de la prescripción habida durante tal impedimento, habiéndose configurado la dispensa reglada por el anterior Código en su art. 3980.",
      "Entendió que la operatividad de ese instituto de excepción en el caso, se justificaba a partir de la existencia de circunstancias ajenas a la voluntad de las partes -medidas que impidieron la registración dictadas con posterioridad a la celebración del convenio- y que no obstante el conocimiento de las partes del \"DALZOTTO Matilde Rosana C/ DALZOTTO Jorge Darío S/ ORDINARIO RESOLUCION DE CONTRATO (Y COBRO DE PESOS ENRIQUECIMIENTO SIN CAUSA EN SUBSIDIO)\" - Expte. Nº 9036 riesgo del negocio jurídico, era injusto que frente a una situación igual reciban un tratamiento diferente, perjudicando a la que cumplió las obligaciones a su cargo pero no recibió la parte de contraprestación convenida. Agregó, como argumento coadyuvante, que la resolución admisoria de la excepción de prescripción es disvaliosa puesto que altera el equilibrio que los contratantes tuvieron en cuenta al contratar, violando el principio de igualdad.",
      "Por último, como consecuencia de que las medidas referidas se mantienen vigentes, razonó que el plazo de caducidad de la dispensa no operó ya que la actora debió esperar al resultado del pleito en el que se discutía la nulidad de la donación para recién tener expedita la vía para promover la acción de resolución, debiendo computarse el plazo de prescripción de la misma cuando se entera el contratante de la producción del extremo que motiva su pretensión de resolver el convenio celebrado.",
      "2.- La parte demandada interpuso recurso de inaplicabilidad de ley que fue concedido en fecha 22/02/2024.",
      "En el memorial fundante invoca arbitrariedad en la ponderación de los hechos y violación del art. 3980 del derogado CC y arts. 2550, 2554 y 2560 del CCC, lesionando la seguridad jurídica, aduciendo que lo sentenciado no es una derivación razonada del derecho vigente.",
      "Alega que nunca reconoció el contrato en cuestión ni haber percibido dinero alguno y que consecuentemente nunca se obligó al cumplimiento de las obligaciones pretendidas por el presente y que incluso la actora fue parte demandada en el proceso en el que declaró nulas las transmisiones de dominios anteriores a la fecha de la celebración del contrato.",
      "Afirma que la actora nunca invocó planteos de suspensión o de interrupción, sino que la introducción de dichos planteos deviene de una extralimitación de la sentencia, que coloca a las partes en un estado de indefensión, dado que no fue objeto de debate. Entiende asimismo, que la parte se encontraba habilitada para interponer la acción, desde el momento de celebración del contrato y que fue su elección el no ejercer derecho alguno, con lo cual -alega- el plazo de prescripción se encuentra vencido.",
      "Refiere que la dispensa de la prescripción instada por la Cámara se aplica en casos excepcionales de causa mayor y/o caso fortuito, lo que no acontece en autos y que, además, se aplicó sin atender el plazo dispuesto en la normativa aplicada. Dice que dicha medida excepcional, no es un supuesto de suspensión de la prescripción, sino solo de prolongación legal al término de la prescripción, el que conforme normativa que se considere aplicable sería de 3 (art. 3980 CC) o 6 meses (art 2550 CCC) , por lo que a todo evento igual estaría excedido el plazo de ley.",
      "\"DALZOTTO Matilde Rosana C/ DALZOTTO Jorge Darío S/ ORDINARIO RESOLUCION DE CONTRATO (Y COBRO DE PESOS ENRIQUECIMIENTO SIN CAUSA EN SUBSIDIO)\" - Expte. Nº 9036 Cuestiona asimismo que se entienda que las medidas que supuestamente imposibilitan la escrituración aún están vigentes, y se considere que sea viable ejercer el derecho ahora y no con anterioridad, así como que también el que no se determine a partir de cuándo comienza a correr el eventual plazo del art 2550 CCC, para culminar alegando que de ser aplicable la totalidad de los fundamentos dados, el instituto de prescripción dejaría de existir, lo que sin dudas lesiona la seguridad jurídica, implicando además una interposición del 3.- Del estudio preliminar de la causa advierto la existencia de una cuestión que hace a un presupuesto procesal que debe quedar indispensablemente determinado de manera previa a aquello que constituye el objeto del proceso aunque no hubiese articulación de parte, puesto que afecta directamente la atribución judicial dictar una sentencia de mérito al respecto y debe hacerse valer de oficio.",
      "En este sentido, señalo que el principio de congruencia que resulta vicario del principio dispositivo -que garantiza que las partes puedan disponer del inicio y del contenido del objeto de la litis- no es absoluto dado que el cumplimiento de las normas procesales imponen al proceso un piso mínimo de normatividad inderogable por voluntad de los particulares para que la relación procesal pueda constituirse válidamente. Se trata de precondiciones que reglan las disposiciones procesales que pertenecen al derecho público, por referir a una de las funciones esenciales del Estado: la función jurisdiccional. De allí que esa autonomía procesal encuentra límites infranqueables en el campo de los presupuestos procesales (el principio de juez natural, la cosa juzgada, la litispendencia, el litisconsorcio necesario, etcétera.).",
      "4.- La cosa juzgada material es el efecto externo de una sentencia pasada en autoridad de cosa juzgada que actúa respecto de los restantes órganos jurisdiccionales o sobre el mismo tribunal, pero en un proceso distinto en el que se dictó, y que se concreta en una imposibilidad de decidir en el proceso ulterior un tema que ya fue resuelto por un fallo firme y que advertida en cualquiera sea la instancia debe ser declarada (art. 333, último párrafo, CPCC).",
      "A su vez, hago notar que esta proyección es amplia puesto que la cosa juzgada material abarca a todas las posibles causas de pedir; actúa en todos aquellos procesos donde aquella decisión jurisdiccional de mérito puede tener algún tipo de incidencia, sea por conexión con el asunto sobre el que versa el nuevo juicio.",
      "5.- No es un hecho controvertido en autos que el contrato cuya extinción por resolución se pretende en este proceso fue declarado inexistente por sentencia firme en los autos \"DALZOTTO Maricel c/DALZOTTO Jorge Darío y \"DALZOTTO Matilde Rosana C/ DALZOTTO Jorge Darío S/ ORDINARIO RESOLUCION DE CONTRATO (Y COBRO DE PESOS ENRIQUECIMIENTO SIN CAUSA EN SUBSIDIO)\" - Expte. Nº 9036 Otros- ORDINARIO ACCIÓN DE NULIDAD\" (Expte. Nº 4423/16); y sus acumulados; también lo es que en esos procesos ambos contendientes intervinieron como demandados.",
      "Allí se falló, en lo que aquí interesa: “1)- Declarar inexistentes la oferta de donación de inmuebles (Matrícula N° 105.556, Matrícula N° 100.288 F.U., Matrícula N° 3635 F.R., inmueble identificado con el Plano de Mensura N° 11.592, e inmueble identificado con el Plano de Mensura N° 11.594) instrumentada en la Escritura Pública N° 55 y la transferencia del automotor dominio \"FAC 961\" verificada mediante Formularios 08 N° 22163459, N° 22163460 y N° 22163461, y la nulidad de la citada Escritura Pública N° 55, autorizada por la escribana Verónica Silvina Zárate en fecha 16/08/2008, y de los mentados Formularios 08 con firmas certificadas por la misma escribana en fecha 19/08/2008; quedando, a consecuencia de ello, privados de efectos y carentes de valor los actos de adquisición de derechos sobre los referidos bienes por parte de Jorge Darío Dalzotto, Silvia Teresa Dalzotto, René Nelson Dalzotto, Matilde Rosana Dalzotto y Patricia Noemí Dalzotto, como asimismo, los subsiguientes de adquisición y/o enajenación relativos a los inmuebles que fueran objeto de la oferta de donación declarada inexistente…”.",
      "6.- Esa sentencia dictada en el proceso anterior, por el efecto positivo de la cosa juzgada material, se proyecta en este nuevo proceso entablado entre las partes del acto jurídico declarado inexistente dado que ello constituye el antecedente lógico-jurídico que impide que se vuelva a juzgar la extinción del mismo acto jurídico por una vía diferente.",
      "Por lo demás, como no se puede resolver un contrato que ha sido categorizado por una declaración judicial como inexistente, una sentencia en tal sentido carecería de utilidad en razón de su manifiesta inoficiosidad, sin que tal situación pueda ser justificada para acceder a los efectos restitutorios (art. 1080, CCC).",
      "7.- Llegado a este punto, habiendo concluido que se verifica en la especie una cuestión prejudicial que impide a la judicatura dictar una sentencia respecto de la pretensión de resolución contractual, además de dejar sin efecto el fallo dictado por el tribunal ad quem, en principio, se debería avanzar en el dictado del pronunciamiento sobre la acción de enriquecimiento sin causa articulada en subsidio dada la competencia positiva que establece la ley para esta vía recursiva extraordinaria.",
      "Ahora bien, este mandato en supuestos particulares, como es el caso, debe ser excepcionado y aplicar el dispositivo del reenvío a fin de no privar del conocimiento a las instancias ordinarias de las otras cuestiones sustantivas que, por la decisión que en su hora asumieron, no trataron y, además, es menester \"DALZOTTO Matilde Rosana C/ DALZOTTO Jorge Darío S/ ORDINARIO RESOLUCION DE CONTRATO (Y COBRO DE PESOS ENRIQUECIMIENTO SIN CAUSA EN SUBSIDIO)\" - Expte. Nº 9036 impedir que este tribunal quede ubicado en un escenario que institucionalmente le es totalmente extraño. Con relación a esto último, he señalado que, luego de la revocación de la sentencia, en algunos casos, el reenvío es necesario dado que si el mismo órgano jurisdiccional dictara un nuevo pronunciamiento inevitablemente tendría que descender a la valoración de prueba y determinación de hechos, lo que es ajeno a su competencia (mi voto en: “Ascar María Andrea c/Ahibe Rosa Argentina y Otros s/ordinario por daños y perjuicios”, Expte. Nº 894; y su cita).",
      "8.- En definitiva, propongo al acuerdo receptar el recurso de inaplicabilidad de ley deducido por la parte accionada y, en consecuencia, CASAR el acto jurisdiccional impugnado, manteniendo el rechazo de la pretensión principal por resolución de contrato decidido en la primera instancia en los términos de una sentencia inhibitoria y disponer el reenvío de los presentes actuados para que el juzgado de origen proceda a juzgar la actio in rem verso deducida en subsidio.",
      "Asimismo, dado que el rechazo se resuelve por la verificación oficiosa de un presupuesto procesal, las costas por la acción principal se deben imponer en el orden causado en todas las instancias (arts. 65 y 66, CPCC). ASI VOTO.",
      "A LA PRIMERA CUESTIÓN PROPUESTA LA SRA.",
      "Considerando la actividad desarrollada para abrir la instancia extraordinaria, la complejidad de las cuestiones planteadas, el éxito obtenido y la probable dedicación temporal en el desempeño profesional del servicio, corresponde fijar los honorarios profesionales en el 55 % de los honorarios que se establezcan por la labor en primera instancia respecto de la cuestión debatida, encomendando su cálculo a la judicatura de origen (arts. 3, 64 y 94 de la ley 7046 modif. por ley 11.141). ASÍ VOTO.",
      "A LA SEGUNDA CUESTIÓN PROPUESTA LA SRA."
    ],
    "VOCAL GISELA N. SCHUMACHER DIJO": [
      "Adhiero al voto emitido por el Sr. Vocal preopinante. ASÍ VOTO.",
      "A LA SEGUNDA CUESTIÓN PROPUESTA EL SR. VOCAL",
      "Adhiero al voto emitido por el Sr. Vocal preopinante. ASÍ VOTO.",
      "Por último, habiendo mayoría absoluta, EL SR. VOCAL EN EJERCICIO DE LA PRESIDENCIA DEL STJ, DR. LEONARDO PORTELA, se abstiene de votar y firmar la presente resolución con arreglo a lo dispuesto por el art. 33 de la LOPJ, texto según ley 10.704.",
      "Con lo que no siendo para más se da por finalizado el acto quedando acordada la siguiente sentencia:",
      "\"DALZOTTO Matilde Rosana C/ DALZOTTO Jorge Darío S/ ORDINARIO RESOLUCION DE CONTRATO (Y COBRO DE PESOS ENRIQUECIMIENTO SIN CAUSA EN SUBSIDIO)\" - Expte. Nº 9036 Paraná, 10 de septiembre de 2024."
    ],
    "Y VISTO": [
      "Por los fundamentos del acuerdo que antecede se,"
    ],
    "RESUELVE": [
      "DECLARAR PROCEDENTE el recurso de inaplicabilidad de ley deducido en fecha 14/12/2023, CASAR la resolución de la Sala Segunda Civil y Comercial de la Cámara de Apelaciones de Concordia dictada en fecha 6/12/2023 y, en consecuencia, MANTENER el rechazo de la pretensión principal por resolución de contrato decidido en la primera instancia en los términos de una sentencia inhibitoria.",
      "DISPONER el reenvío de los presentes actuados para que el juzgado de origen proceda a juzgar la actio in rem verso deducida en subsidio.",
      "IMPONER costas en el orden causado (arts. 65 y 66 del CPCC).",
      "FIJAR los honorarios profesionales correspondientes a esta instancia extraordinaria, en el 55 % de los honorarios que se establezcan por la labor en primera instancia instancia respecto de la cuestión debatida, encomendando su cálculo a la judicatura de origen (arts. 3, 64 y 94 de la ley 7046 modif. por ley 11.141).",
      "Tener presente la reserva del caso federal.",
      "Notifíquese conforme arts. 1º y 4º Ac. Gral. 15/18 SNE, regístrese y oportunamente devuélvase.",
      "Ante mí. En igual fecha se registró. Asimismo, se deja constancia que la presente se suscribe mediante firma digital -Acuerdo Gral. 11/20 del 23-6-2020, Punto 4°) prescindiéndose de su impresión en formato papel."
    ]
  }
}