{
  "METADATOS": {
    "ID_FALLO": "9039",
    "MES": "09",
    "ARTICULOS_CITADOS": {
      "citations": [
        {
          "main_source": "Código Procesal Civil y Comercial (CPCC)",
          "cited_articles": [
            279,
            65
          ],
          "extra": "párrafo primero, párrafo segundo"
        },
        {
          "main_source": "Resolución Tribunal Superior 340/2023 DGA",
          "cited_articles": [
            3
          ],
          "extra": "resolución de Directorio IAPV nº 5055, dictada en el expediente 214249/22, fechada el 4/12/2023"
        },
        {
          "main_source": "Ley 7046",
          "cited_articles": [
            3,
            64,
            94
          ],
          "extra": "modif. por ley 11.141"
        },
        {
          "main_source": "Acuerdo General 15/18 SNE",
          "cited_articles": [
            1,
            4
          ],
          "extra": "conforme"
        },
        {
          "main_source": "Acuerdo General 11/20",
          "cited_articles": [],
          "extra": "del 23-6-2020, Punto 4°"
        },
        {
          "main_source": "Otro",
          "cited_articles": [],
          "extra": "INSTITUTO AUTARQUICO DE PLANEAMIENTO Y VIVIENDA DE ENTRE RIOS C/ CASAS PABLO S/ DESALOJO - Expte. Nº 9039"
        }
      ]
    }
  },
  "MATERIA_PRELIMINAR": "DESALOJO",
  "IDEA_CENTRAL": "**IDEA CENTRAL DEL FALLO:**\n\nEl Tribunal resolvió declarar **abstracto** el recurso de inaplicabilidad de ley interpuesto por el demandado, Pablo Casas, en el contexto de un proceso de desalojo promovido por el Instituto Autárquico de Planeamiento y Vivienda de Entre Ríos (IAPV). La decisión se fundamenta en que la causa del litigio ha desaparecido, dado que el IAPV readjudicó, vendió y escrituró la vivienda a favor del demandado, lo que extingue la pretensión de desalojo.\n\n**Aspectos Legales Relevantes:**\n1. **Naturaleza del Conflicto:** El IAPV había demandado el desalojo argumentando que el demandado no tenía derechos sobre el inmueble.\n2. **Sentencias Previas:** La primera instancia había rechazado la demanda, pero la Cámara de Apelaciones revocó esta decisión, admitiendo la demanda de desalojo.\n3. **Hechos Sobrevinientes:** La resolución del IAPV que readjudica la vivienda al demandado se considera un hecho sobreviniente que impacta directamente en el litigio.\n\n**Fundamento Legal:**\n- **Código Procesal Civil y Comercial (CPCC):** Artículo 160, inciso 6, que permite considerar hechos sobrevinientes en la resolución de conflictos.\n- **Artículo 65 del CPCC:** Establece la distribución de costas en función de la conducta de las partes.\n\n**Razonamiento del Tribunal:**\nEl Tribunal argumentó que, dado el cambio en la situación jurídica del inmueble, el recurso de inaplicabilidad de ley carece de objeto. La readjudicación del inmueble al demandado por parte del IAPV elimina la causa del desalojo, haciendo innecesario un pronunciamiento sobre el fondo del asunto. Además, se impuso que las costas se distribuyan en el orden causado, reconociendo la vulnerabilidad del demandado y la naturaleza del litigio. \n\nEn conclusión, el fallo refleja un enfoque pragmático que busca adecuar la decisión judicial a la realidad fáctica y jurídica actual, garantizando así el acceso a la justicia.",
  "CONTENIDO": {
    "INICIO": [
      "\"INSTITUTO AUTARQUICO DE PLANEAMIENTO Y VIVIENDA DE ENTRE RIOS C/ CASAS PABLO S/ DESALOJO\" - Expte. Nº 9039"
    ],
    "ACUERDO": [
      "En la ciudad de Paraná, capital de la provincia de Entre Ríos, a los diez días del mes de septiembre del año dos mil veinticuatro reunidos los integrantes de este Tribunal asistidos por el Secretario autorizante, para conocer el recurso de inaplicabilidad de ley deducido en fecha 10/11/2023 en las actuaciones: \"INSTITUTO AUTARQUICO DE PLANEAMIENTO Y VIVIENDA DE ENTRE RIOS C/ CASAS PABLO S/ DESALOJO\" - Expte.",
      "Nº 9039, respecto de la resolución de la Sala Tercera de la Cámara Segunda de Apelaciones de Paraná dictada en fecha 9/10/2023. Se practicó el sorteo de ley resultando que la votación debía tener lugar en el siguiente orden: Sra. Vocal Gisela N. Schumacher; Sr. Vocal Carlos Federico Tepsich y Sr. Vocal Leonardo Portela.",
      "Estudiados los autos, la Sala se planteó las siguientes cuestiones:",
      "¿qué corresponde resolver respecto del recurso de inaplicabilidad de ley interpuesto? y, en su caso, ¿cómo deben regularse los honorarios profesionales en esta instancia?",
      "A LA PRIMERA CUESTIÓN PROPUESTA LA SEÑORA"
    ],
    "VOCAL GISELA SCHUMACHER DIJO": [
      "1.- El Instituto Autárquico de Planeamiento y Vivienda de la Provincia de Entre Ríos (en adelante IAPV) interpuso demanda de desalojo contra el señor Pablo Casas o las personas no identificadas que al momento del desalojo se encuentren ocupando la vivienda que se referenció, perteneciente al Grupo Habitacional Paraná 199 Viviendas - Sindicato de Empleados de Comercio (promocional de fecha 19/6/2019).",
      "2.- La sentencia de primera instancia rechazó la acción, e impuso las costas a la parte actora vencida (30/3/2023).",
      "3.- La accionante interpuso recurso de apelación (5/4/2023 y escrito de expresión de agravios del 18/4/2023).",
      "4.- En tarea de resolver la impugnación planteada la Cámara Segunda, Sala Tercera, de Paraná, hizo lugar al recurso de apelación impetrado, revocó la sentencia de primera instancia, y admitió la demanda, con costas en ambas instancias al demandado vencido (sentencia del 9/10/2023).",
      "Para así decidir, la alzada refirió acreditado que el demandado apoyó su defensa en la cesión de derechos que le realizó en su favor la señora Manzini, con el asentimiento conyugal del señor Calvet, instrumento suscripto por las partes con firmas certificadas por escribano público.",
      "Destacó que dicha cesión se pactó entre Manzini y el demandado Casas, que Calvet sólo prestó su asentimiento conyugal (cuando también era beneficiario de la tenencia precaria del inmueble), que el valor del inmueble pactado era de $160.000, con una entrega de $30.000 y su saldo a \"INSTITUTO AUTARQUICO DE PLANEAMIENTO Y VIVIENDA DE ENTRE RIOS C/ CASAS PABLO S/ DESALOJO\" - Expte. Nº 9039 pagar en 90 días; y de no ser así, con un 2% de interés, que el cesionario asumió la obligación de seguir pagando las cuotas pendientes ante el IAPV, debiendo informar dicha cesión; que los derechos y acciones cedidas respecto del inmueble que le correspondían a la cesionaria eran en el marco de la adjudicación que le hiciera el IAPV al 10/12/2014; y que el inmueble era a estrenar.",
      "Consideró que la cesión de derechos y acciones que el demandado calificó como título suficiente para acreditar su derecho posesorio sobre el inmueble no es tal.",
      "Valoró que Manzini no estaba habilitada para realizar la cesión, que ese acto reviste ciertas irregularidades, y que existen inconsistencias significativas entre lo pactado y lo efectivamente cumplido por las partes.",
      "Advirtió acreditado que Manzini y Calvet recibieron el inmueble como tenedores precarios, y que entre las cláusulas del acuerdo celebrado con el IAPV se estableció que el ente es el propietario y poseedor legítimo del bien, que no se puede realizar obra física alguna sin previa y formal autorización del IAPV, que el tenedor tiene la obligación de ocupar de forma inmediata, continua y permanente la vivienda con su grupo familiar, no transferir ni ceder su uso o derechos que pudieran corresponder por la tenencia simple, y la facultad del organismo de revocar la tenencia y sus posibles efectos.",
      "Meritó que difícilmente puede admitirse el desconocimiento del demandado de la precariedad de su situación, por la naturaleza jurídica y trascendencia del tipo de bien que se trata -inmueble- con las formalidades que requiere cualquier acto de disposición del mismo, y por sus propios actos cuando en dos circunstancias particulares admitió reconocer la misma.",
      "Concluyó que todos estos elementos que revelan la invalidez de la cesión que se pretende invocar como causa legítima para reconocer el derecho posesorio aludido por el demandado, tornan irrelevante merituar la fecha de la revocación de la tenencia y de su notificación a quienes eran sus beneficiarios.",
      "5.- El demandado interpuso recurso de inaplicabilidad de ley (10/11/2023).",
      "Postuló un análisis arbitrario de la prueba a la luz de la jurisprudencia unánime vigente.",
      "Aseveró que la posesión animus domini surge inequívoca, si se coteja y confronta a la luz de la sana crítica racional, la prueba documental, testimonial, pericial e informativa.",
      "Manifestó que la vía elegida por la actora le impidió ejercer su derecho de defensa.",
      "Entendió que el reconocimiento del IAPV de la posibilidad de regularizar las situaciones en la documentación, la existencia de informes \"INSTITUTO AUTARQUICO DE PLANEAMIENTO Y VIVIENDA DE ENTRE RIOS C/ CASAS PABLO S/ DESALOJO\" - Expte. Nº 9039 favorables de áreas sociales para tal regularización y la inexistencia de resolución de Directorio con relación al pedido del señor Casas, son elementos contundentes que hacen a la posesión alegada.",
      "Fustigó que la sentencia analizara el derecho de dominio en cabeza del IAPV, y con base en éste resolviera tener la cesión por no válida.",
      "Dijo que conforme los propios actos del IAPV existe la posibilidad de autorizar las regularizaciones.",
      "Hizo reserva del caso federal.",
      "6.- La contraria contestó el traslado oportunamente dispuesto (5/12/2023).",
      "Peticionó, por los motivos que expuso, el rechazo del recurso de inaplicabilidad de ley articulado, con costas.",
      "Hizo reserva del caso federal.",
      "7.- La Cámara concedió el recurso de inaplicabilidad de ley, con efecto suspensivo (16/2/2024).",
      "8.- Arribadas las actuaciones a esta Sala, la apoderada del demandado efectuó presentación mediante la que denunció que la parte actora le reconoció al señor Pablo Casas el derecho a permanecer y vivir en su vivienda. A tal fin acompañó resolución del Directorio del IAPV Nº 5055, Expte. Nº 214249/22, de fecha 4/12/2023 (presentaciones del 8/3/2024).",
      "9.- Se corrió vista al Ministerio Público de la Defensa.",
      "El señor Defensor General de la Provincia, doctor Maximiliano F. Benítez, manifestó que los hijos del demandado arribaron a la mayoría de edad, por lo que no hay razones que lo conduzcan a emitir opinión en el supuesto (29/4/2024).",
      "10.- El informe de Secretaría del 8/5/2024 dio cuenta que el traslado de la presentación efectuada por el recurrente venció el 24/4/2024 a las 9:00 horas; y que la actora mediante presentación electrónica de fecha 2/5/2024 manifestó que corresponde rechazar la documental acompañada por el demandado, por resultar improcedente en razón de lo dispuesto por el artículo 279 del Código Procesal Civil y Comercial.",
      "11.- Sintetizados los antecedentes del caso, corresponde abocarme al estudio de las circunstancias planteadas.",
      "En tal cometido, atento las particularidades sobrevinientes referidas, cabe recordar que un pronunciamiento judicial no puede disociarse de la realidad. Se impone que sea actual, es decir, que se adecue a las circunstancias -fácticas o jurídicas- existentes al momento en que se dicta y que efectivamente resuelva una controversia.",
      "De lo contrario, podría dar lugar al dictado de una sentencia opuesta a las pretensiones de las partes,meramente académica o abstracta.",
      "\"INSTITUTO AUTARQUICO DE PLANEAMIENTO Y VIVIENDA DE ENTRE RIOS C/ CASAS PABLO S/ DESALOJO\" - Expte. Nº 9039 Tales parámetros que deben observarse no son de resorte exclusivo para las sentencias de grado, sino que las referidas circunstancias pueden presentarse luego de su dictado y aún en una instancia extraordinaria.",
      "a.- Este conflicto sometido a decisión tuvo su origen con la demanda de desalojo promovida por el IAPV contra el señor Pablo Casas, la que fundó en que el demandado no tiene ningún derecho sobre el inmueble y no se presentó al IAPV a regularizar su situación durante los tres años que tuvo a su cargo el inmueble, el que aún no había sido desadjudicado.",
      "En primera instancia se rechazó la demanda. La Cámara revocó dicha resolución, hizo lugar al promocional y ordenó el desalojo.",
      "b.- El 8/3/2024, ocasión en que estas actuaciones ya se encontraban radicadas ante este Tribunal en virtud del recurso de inaplicabilidad deducido por el demandado, éste acompañó copia de la resolución de Directorio IAPV nº 5055, dictada en el expediente 214249/22, fechada el 4/12/2023, por la que se resolvió readjudicar, vender y escriturar la vivienda objeto de este litigio, la cual es de interés social, en favor de Pablo Isidoro Casas (conforme artículo 3º de la resolución y Anexo de Venta acompañado).",
      "Ésta documentación no fue negada por la parte actora.",
      "c.- Advierto, en consecuencia, que la razón o causa que motivó el pleito ha desaparecido, porque según lo dispuesto por Directorio del IAPV la vivienda objeto de disputa fue readjudicada, vendida y escriturada en beneficio del aquí accionado.",
      "Al respecto recuerdo, tal como lo sostuve en anterior oportunidad1, que los fallos no solo deben ser útiles y actuales, sino que deben brindar pleno sentido al valor justicia. La jurisdicción no puede estar de espaldas a la realidad, sobre todo cuando tiene incidencia directa con aquello que es objeto del litigio2.",
      "El artículo 160, inciso 6 segunda parte, al igual que su par nacional 163 también inciso 6, segunda parte, enuncia que “[l]a sentencia podrá hacer mérito de los hechos constitutivos, modificativos o extintivos, producidos durante la sustanciación del juicio y debidamente probados, aunque no hubiesen sido invocados oportunamente como hechos nuevos…”.",
      "Si bien tal disposición legal se encuentra entre los requisitos que debe contener la sentencia definitiva de primera instancia, entiendo que no hay ningún obstáculo para trasladarla a esta instancia, y ello no significa desconocer la naturaleza extraordinaria del recurso de inaplicabilidad de ley.",
      "Se impone una interpretación sistemática de las normas procesales que conjugue las restricciones propias de la instancia extraordinaria 1\"Raiteri Matías Exequiel y otros c/ ENERSA s/ ordinario daños y perjuicios\" Expte. N° 8587, sentencia del 23/3/2023 2 ROJAS, Jorge A., Los hechos sobrevinientes en la sentencia, Revista de Derecho Procesal, “Sentencia”, vol. II, Rubinzal-Culzoni Editores, Santa Fe, 2008, pág. 64 \"INSTITUTO AUTARQUICO DE PLANEAMIENTO Y VIVIENDA DE ENTRE RIOS C/ CASAS PABLO S/ DESALOJO\" - Expte. Nº 9039 (artículo 279), la que autoriza al tribunal a hacer mérito de circunstancias sobrevinientes (artículo 160, inciso 6) y las que imponen a la judicatura el deber de ordenar las diligencias necesarias para esclarecer la verdad de los hechos (artículo 33, inciso d).",
      "d.- Durante el transcurso del proceso pueden acaecer diversos hechos que impacten con mayor o menor entidad en las personas que participan, en la causa que motivó el pleito o sobre lo que es materia de discusión. Como refiere la norma, pueden tener envergadura para consolidar, modificar o extinguir las pretensiones ejercitadas por las partes. Y siempre que estén debidamente acreditados, o si resultan exentos de prueba, deben ser tenidos en consideración para dictar un pronunciamiento ajustado a derecho.",
      "Esto último se verifica cumplimentado en el caso.",
      "Ya el Derecho Romano contemplaba a los hechos denominados sobrevinientes a los fines de dictar una sentencia que estuviera acorde “con las cosas al momento de su pronunciamiento”3 .",
      "Los hechos sobrevinientes no tienen un régimen que los sujete a pautas temporales -como puede suceder con la previsión procesal sobre hechos nuevos-, sino que persiguen otra finalidad que está emparentada con la economía 3ROJAS, Jorge A., Ob. cit., pág. 60 procesal y el acceso a la verdad jurídica objetiva.",
      "De no admitirse la consideración de estos hechos, se impondría la necesidad de reeditar el litigio con el consiguiente dispendio de actividad que ello importa4.",
      "La Corte Suprema de Justicia de la Nación lo ha reiterado en numerosas ocasiones: [a]l decidir una controversia el Tribunal no puede dejar de ponderar que sus sentencias deben adecuarse a las circunstancias existentes al momento en que se dictan, aunque ellas resulten sobrevinientes a la interposición del recurso extraordinario5, a fin de dar una respuesta que contemple las concretas particularidades que se evidenciaron con posterioridad a dicha oportunidad procesal con entidad para incidir en la resolución del conflicto sometido a su conocimiento, de manera de hacer efectivo el adecuado servicio de justicia6.",
      "En igual sentido el alto Tribunal dejó sin efecto una sentencia que había omitido tener en cuenta un hecho extintivo producido durante la sustanciación del proceso y debidamente probado. Se apuntó que debe evitarse el 4PALACIO, Lino E. y ALVARADO VELLOSO, Adolfo, “Código Procesal Civil y Comercial de la Nación – Explicado y anotado jurisprudencial y bibliograficamente”, Rubinzal - Culzoni Editores, Santa Fe, 1990, t. 4, pág. 408.",
      "5 Fallos: 316:1824; 321:865; 330:642; entre otros. Algunos hechos sobrevinientes que la CSJN consideró he impactaron en la decisión: al haberse agravado la salud de una niña durante el proceso se la inscribió en lista de espera del INCUCAI como potencial receptora de un trasplante como se pedía en la demanda (CCF 3639/2022/1/RH1); el dictado de un acto administrativo por la Dirección Nacional de Migraciones que concedió la residencia permanente respecto de quien se había ordenado la expulsión del territorio argentino y prohibido su ingreso (345:905); entre otros 6Fallos: 344:2901 \"INSTITUTO AUTARQUICO DE PLANEAMIENTO Y VIVIENDA DE ENTRE RIOS C/ CASAS PABLO S/ DESALOJO\" - Expte. Nº 9039 excesivo rigor formal y el menoscabo de la verdad jurídica objetiva7.",
      "Un tribunal de justicia no podría sustraerse a considerar tales hechos, ya que, lo contrario importaría una violación a la regla según la cual las sentencias judiciales deben constituir -como requisito de validez- una razonada derivación del derecho vigente de conformidad con las circunstancias debidamente comprobadas en la causa.",
      "12.- Bajo estos lineamientos, atento la copia de la resolución emanada del Directorio del ente actor, por la que se decidió adjudicar, vender y escriturar la vivienda objeto de debate al demandado, y cuya validez no fue negada ni desconocida por quienes representan al IAPV, corresponde declarar ABSTRACTA la cuestión suscitada objeto de esta acción.",
      "Las costas de esta instancia se imponen en el orden causado, por cuanto la responsabilidad por la elevación y tramitación del recurso ante este tribunal de casación luce atribuible a ambas partes, en consideración a la fecha del dictado del acto administrativo y la falta de justificación del dispendio jurisdiccional corroborado. ASÍ VOTO.",
      "7HITTERS, Juan Manuel “Hechos nuevos, sobrevinientes, nuevos hechos y nuevos documentos”. Revista Jurídica Argentina La Ley Buenos Aires. 2008. El autor explica que en ese caso “Farías c/ ANSeS”, Fallos: 322:1526, del 10/08/99, el máximo tribunal consideró el pago de la obligación reclamada que tardíamente denunció la demandada y que tal decisión viene a impedir un conculcamiento de la garantía del derecho de propiedad del obligado, a la par que un enriquecimiento indebido del reclamante.",
      "A LA PRIMERA CUESTIÓN PROPUESTA EL SR."
    ],
    "VOCAL DR. CARLOS FEDERICO TEPSICH DIJO": [
      "1.- Comparto la conclusión que viene impulsada por la Señora Vocal preopinante en orden a que la cuestión litigiosa ha devenido abstracta; lo que así corresponde que se declare.",
      "No así, la cuestión referida a las costas. Paso a exponer mis razones.",
      "2.- Cuando la cuestión litigiosa se ha convertido en algo abstracto, ocurre lo que se denomina \"sustracción de materia\" que impide al tribunal interviniente emitir un pronunciamiento de mérito acogiendo o desestimando la pretensión deducida; por lo que cabría, en principio, imponerlas en el orden causado. Empero, este temperamento se debe excepcionar en los supuestos que el asunto se encuentre debidamente sustanciado, ya que en tal caso corresponde ingresar al análisis de las cuestiones de fondo planteadas al solo efecto de establecer la distribución de las costas.",
      "En orden a esto último, analizada la causa entiendo que cabe apartarse del principio de la derrota contenido en el art. 65, párrafo primero, del CPCC. En este sentido no puedo soslayar que la sustracción de la materia de este proceso es provocado a partir de la conclusión de un expediente administrativo que tramitó en paralelo a estos actuados por ante el ente autárquico provincial accionante y en el que el demandado logró la entrega en forma definitiva de la \"INSTITUTO AUTARQUICO DE PLANEAMIENTO Y VIVIENDA DE ENTRE RIOS C/ CASAS PABLO S/ DESALOJO\" - Expte. Nº 9039 tenencia del inmueble objeto del juicio. En estas condiciones y ponderando especialmente, tal como lo refiere el tribunal ad quem, que el demandado es un sujeto vulnerable, me lleva a concluir que aquí concurren excepcionales circunstancias que imponen considerar que este último pudo creerse con razones válidas para litigar y, por tanto, los gastos causídicos generados en todas las instancias deben ser impuestos en el orden causado (art. 65, párrafo segundo, CPCC). ASÍ VOTO.",
      "A LA PRIMERA CUESTIÓN PROPUESTA EL SR."
    ],
    "VOCAL LEONARDO PORTELA DIJO": [
      "1.- Existiendo mayoría en relación a la solución impulsada respecto de la cuestión de fondo puesta en consideración, me abstengo de emitir opinión al respecto.",
      "2.- Que en materia de costas adhiero a la solución propuesta por el Dr. Tepsich. ASÍ VOTO.",
      "A LA SEGUNDA CUESTIÓN PROPUESTA, LA SRA.",
      "Habiendo mayoría, me abstengo de emitir opinión respecto de los honorarios profesionales que corresponden regular por la actuación en esta instancia extraordinaria ASÍ VOTO.",
      "Con lo que no siendo para más se da por finalizado el acto quedando acordada la siguiente sentencia:",
      "Paraná, 10 de septiembre de 2024."
    ],
    "VOCAL GISELA N. SCHUMACHER DIJO": [
      "Considerando la actividad desarrollada para abrir la instancia extraordinaria y la probable dedicación temporal en el desempeño profesional del servicio, corresponde fijar los honorarios profesionales en el 50 % de los honorarios que se establezcan por la labor en primera instancia, encomendando su cálculo a la judicatura de origen (arts. 3, 64 y 94 de la ley 7046 modif. por ley 11.141). ASÍ VOTO.",
      "A LA SEGUNDA CUESTIÓN PROPUESTA EL SR."
    ],
    "VOCAL CARLOS FEDERICO TEPSICH DIJO": [
      "Adhiero al voto emitido por el Sr. Vocal preopinante. ASÍ VOTO.",
      "A LA SEGUNDA CUESTIÓN PROPUESTA, EL SR."
    ],
    "Y VISTO": [
      "Por los fundamentos del acuerdo que antecede se,"
    ],
    "RESUELVE": [
      "DECLARAR ABSTRACTO el recurso de inaplicabilidad de ley deducido en fecha 10/11/2023, respecto de la resolución de la Sala Tercera de la Cámara Segunda de Apelaciones de Paraná dictada en fecha 9/10/2023.",
      "\"INSTITUTO AUTARQUICO DE PLANEAMIENTO Y VIVIENDA DE ENTRE RIOS C/ CASAS PABLO S/ DESALOJO\" - Expte. Nº 9039 IMPONER costas en el orden causado en todas las instancias (art. 65, párrafo segundo, del CPCC).",
      "FIJAR los honorarios profesionales correspondientes a esta instancia extraordinaria, en el 50 % de los honorarios que se establezcan por la labor en primera instancia instancia encomendando su cálculo a la judicatura de origen(arts. 3, 64 y 94 de la ley 7046 modif. por ley 11.141).",
      "Tener presente la reserva del caso federal.",
      "Notifíquese conforme arts. 1º y 4º Ac. Gral. 15/18 SNE, regístrese y oportunamente devuélvase.",
      "Ante mí. En igual fecha se registró. Asimismo, se deja constancia que la presente se suscribe mediante firma digital -Acuerdo Gral. 11/20 del 23-6-2020, Punto 4°) prescindiéndose de su impresión en formato papel."
    ]
  }
}