{
  "METADATOS": {
    "ID_FALLO": "9042",
    "MES": "09",
    "ARTICULOS_CITADOS": {
      "citations": [
        {
          "main_source": "Código Procesal Civil y Comercial (CPCC)",
          "cited_articles": [
            276,
            277
          ],
          "extra": null
        },
        {
          "main_source": "Constitución Nacional (CN)",
          "cited_articles": [
            16,
            17,
            18
          ],
          "extra": null
        },
        {
          "main_source": "Ley 7046",
          "cited_articles": [
            34
          ],
          "extra": "de transacción"
        },
        {
          "main_source": "Ley 48",
          "cited_articles": [
            14
          ],
          "extra": null
        },
        {
          "main_source": "Ley 10.704",
          "cited_articles": [
            33
          ],
          "extra": "texto según ley"
        },
        {
          "main_source": "Acuerdo General 15/18 SNE",
          "cited_articles": [
            1,
            4
          ],
          "extra": null
        },
        {
          "main_source": "Acuerdo General 11/20",
          "cited_articles": [],
          "extra": "del 23-6-2020"
        }
      ]
    }
  },
  "MATERIA_PRELIMINAR": "QUEJA (QUEJA INTERPUESTA POR LOS DRES. JUAN JOSE MARCOLINI Y AGUSTIN ADRIAN MARCOLINI)",
  "IDEA_CENTRAL": "**IDEA CENTRAL DEL FALLO**\n\nEl Tribunal ha decidido **denegar el recurso extraordinario federal** interpuesto por los Dres. Juan José Marcolini y Agustín Adrián Marcolini, en relación a la regulación provisoria de honorarios profesionales, argumentando que no se ha demostrado la existencia de un agravio irreparable que justifique la revisión en casación.\n\n**Fundamento Legal:**\nLa decisión se basa en los artículos 276 y 277 del Código Procesal Civil y Comercial (CPCC), que establecen que la regulación provisoria de honorarios no tiene efecto conclusivo y, por ende, no es revisable en casación si no se presenta un agravio de imposible reparación. Además, se invocan los artículos 14 de la Ley 48 y la jurisprudencia de la Corte Suprema de Justicia de la Nación (CSJN), que limitan la revisión de sentencias de tribunales provinciales en materia de recursos extraordinarios.\n\n**Aspectos Legales Relevantes:**\n1. **Artículos 276 y 277 del CPCC:** Establecen la naturaleza provisional de la regulación de honorarios.\n2. **Art. 14 de la Ley 48:** Define los supuestos que habilitan la vía extraordinaria.\n3. **Artículos 16, 17 y 18 de la Constitución Nacional (CN):** Invocados por los recurrentes, pero considerados no aplicables en este contexto.\n\n**Razonamiento del Tribunal:**\nEl Tribunal concluye que la impugnación no cumple con los requisitos necesarios para ser admitida, ya que la falta de fundamentación y la alegada incongruencia de la sentencia no se encuentran debidamente acreditadas. Se enfatiza que la arbitrariedad es un concepto restrictivo y que las decisiones de los tribunales superiores provinciales son generalmente insusceptibles de revisión por la CSJN. Por lo tanto, se reafirma que la regulación de honorarios es provisional y no revisable en este caso.\n\nEn consecuencia, se deniega el recurso, manteniendo la decisión anterior del Tribunal.",
  "CONTENIDO": {
    "INICIO": [
      "\"MARCOLINI JUAN JOSE Y MARCOLINI ADRIAN AGUSTIN C SEPOLD GRACIELA BEATRIZ y EHRLICH ANIBAL ARNOLDO S INCIDENTE S/ QUEJA (QUEJA INTERPUESTA POR LOS DRES. JUAN JOSE MARCOLINI Y AGUSTIN ADRIAN MARCOLINI)\" - Expte. Nº 9042 PARANÁ, 12 de septiembre de 2024."
    ],
    "VISTO": [
      "El recurso extraordinario interpuesto por los letrados Juan José Marcolini y Agustín Adrián Marcolini en fecha 24/6/2024 en las actuaciones \"MARCOLINI JUAN JOSE Y MARCOLINI ADRIAN AGUSTIN C SEPOLD GRACIELA BEATRIZ y EHRLICH ANIBAL ARNOLDO S INCIDENTE S/ QUEJA (QUEJA INTERPUESTA POR LOS DRES. JUAN JOSE MARCOLINI Y AGUSTIN ADRIAN MARCOLINI)\" - Expte. Nº 9042, contra la resolución de este Tribunal dictada en fecha 4/6/2024 y;"
    ],
    "CONSIDERANDO": [
      "1.- Que la resolución esta Sala dispuso denegar el recurso de queja articulado, atento a que los recurrentes no lograron desarrollar con debido sustento la existencia de un supuesto que permita excepcionar el principio que edificó la decisión que impugnaron; esto es, que la regulación provisoria de honorarios profesionales carece del efecto conclusivo exigido por los arts. 276 y 277 del CPCC, por no existir un agravio de imposible o insusceptible reparación ulterior que la torne revisable en casación.",
      "2.- En el recurso extraordinario federal, los recurrentes señalan que la sentencia incurre en arbitrariedad normativa por estar deficientemente fundada, asimismo denuncian incongruencia y violación de los arts. 16, 17 y 18 de la Constitución Nacional (CN).",
      "Expresan que la sentencia carece de fundamentación, pues es una norma individual que para que sea válida tiene que derivar de normas generales y abstractas. En caso contrario se quebranta el principio de legalidad.",
      "Alegan que en el caso se está en presencia de una típica sentencia arbitraria deficientemente fundada, pues en un único párrafo se dejó establecido que la regulación provisoria de honorarios profesionales carece del efecto conclusivo exigido por los arts. 276 y 277 del CPCC, por no existir un agravio de imposible o insusceptible reparación ulterior.",
      "Exponen que este Tribunal agrega un requisito que la ley no exige para revisar los honorarios provisorios, por tanto manifiesta que el fallo es genérico y de excesiva amplitud que lo torna totalmente arbitrario.",
      "Refieren que la cuestión federal oportunamente introducida, principia con la sentencia de la Cámara Segunda de Apelaciones que reduce sus honorarios a la suma de un millón quinientos mil ($ 1.500.000) para cada uno de los suscriptos, sin evaluar el mérito, importancia y calidad de los servicios realizados, solo mencionando diversas normas arancelarias: acuerdo transaccional homologado (el art. 34 de la ley 7046 de transacción y el art. 78 de división de \"MARCOLINI JUAN JOSE Y MARCOLINI ADRIAN AGUSTIN C SEPOLD GRACIELA BEATRIZ y EHRLICH ANIBAL ARNOLDO S INCIDENTE S/ QUEJA (QUEJA INTERPUESTA POR LOS DRES. JUAN JOSE MARCOLINI Y AGUSTIN ADRIAN MARCOLINI)\" - Expte. Nº 9042 sociedad conyugal) (Pto. IV- 9° párrafo).",
      "De esta manera, invocan que la sentencia no es una derivación razonada del derecho vigente con aplicación a las circunstancias de la causa y resulta, por ende, violatoria de la garantía de defensa en juicio (art. 18, CN).",
      "Por otro lado, dicen que la sentencia es incongruente al no tener correlatividad entre lo pretendido y lo resuelto, siendo una sentencia \"citra petita\" que no se pronuncia sobre las pretensiones articuladas que debe dirimir el fallo, ya que con giros lingüísticos puramente simplistas y en un afán de no tratar los argumentos expuestos, el fallo esboza que resultan aplicables numerosos antecedentes donde el tribunal -en distintas integraciones- dejó establecido que la regulación provisoria de honorarios profesionales carece del efecto conclusivo exigido por la normativa procesal por no existir un agravio de imposible o insusceptible reparación ulterior que la torne revisable en casación.",
      "En relación a ello, expresan que los perjuicios mencionados fueron soslayados e ignorados por completo, ya que no se reflexionó acerca de que los honorarios son definitivos en lo que hace a la norma arancelaria aplicada.",
      "Aseveran que la sentencia omitió pronunciarse sobre la sustanciosa actividad realizada en un incidente con contenido económico propio al que se le debía aplicar la escala como juicio completo y terminado. Aducen que no se trataron cuestiones conducentes y oportunamente propuestas consistentes en determinar qué norma arancelaria se le debe aplicar a estos \"provisorios\" (transacción, división de bienes, medida cautelar, incidente) dado que de aplicarse una u otra, difiere en el quantum regulado Manifiestan que la excepción a la regla del art. 14 de la ley 48, se presenta en el caso dado que las especiales características imponían una interpretación de la ley arancelaria N° 7046 a la luz de las pautas establecidas, debiendo el fallo atacado considerar la naturaleza de la gestión cumplida por los suscriptos y no limitarse a afirmar que los mismos honorarios provisorios no son definitivos.",
      "Citan precedentes de la CSJN que avalan su postura y peticionan se conceda el recurso.",
      "3.- En fecha 14/8/2024, la Sra. Procuradora Fiscal interina, Mónica Carmona, dictaminó que en el caso no se advierte arbitrariedad ni se está en presencia de alguno de los supuestos del art. 14 de la ley 48 que habiliten la vía extraordinaria.",
      "4.- Relatados los antecedentes y a fin de realizar el control de admisibilidad, conforme a las normas procesales y a la Acordada Nº 04/2007 de la Corte Suprema de Justicia de la Nación (CSJN), cabe definir si la impugnación \"MARCOLINI JUAN JOSE Y MARCOLINI ADRIAN AGUSTIN C SEPOLD GRACIELA BEATRIZ y EHRLICH ANIBAL ARNOLDO S INCIDENTE S/ QUEJA (QUEJA INTERPUESTA POR LOS DRES. JUAN JOSE MARCOLINI Y AGUSTIN ADRIAN MARCOLINI)\" - Expte. Nº 9042 deducida debe o no ser concedida.",
      "En tal cometido, es preciso destacar que no se da en el recurso extraordinario el requisito propio de la existencia de la cuestión federal que habilite la instancia extraordinaria, por cuanto esta Sala denegó el recurso de queja, basándose en la aplicación de derecho procesal local, puesto que el recurso se desestimó por falta de definitividad de la sentencia, atendiendo a los recaudos formales exigidos por el Código de rito.",
      "En razón de ello, se observa que la materia decidida no es revisable por la CSJN toda vez que al resolver esta Sala ha ejercitado facultades otorgadas por la ley procesal local, y en tal sentido el más alto tribunal del país ha expresado que: \"[l]os pronunciamientos por los cuales los más altos tribunales provinciales deciden acerca de los recursos extraordinarios de orden local que le son llevados, resultan regularmente insusceptibles de revisión en la instancia del art. 14 de la ley 48\" (Fallos 303:1223).",
      "En esta línea de razonamiento y más allá de alegada violación de normas constitucionales (arts. 16, 17 y 18 de la CN), no se advierte que en el presente caso haya una cuestión federal relacionada de modo directo con la resolución que se pretende impugnar, conforme las exigencias dispuestas por el art.",
      "14 de la ley 48.",
      "Por otro lado, tampoco se vislumbra la existencia de alguna causal típica de excepción que permita la concesión del presente recurso extraordinario, pues la arbitrariedad sustentada en la falta de fundamentación e incongruencia de la sentencia no aparece, en principio, debidamente acreditada.",
      "Se debe recordar que \"la tacha de arbitrariedad debe entenderse como particularmente restrictiva en los casos en que las sentencias recurridas emanan de los Superiores Tribunales de provincia, en oportunidad de pronunciarse sobre los recursos extraordinarios previstos en el orden local (Fallos 325:798). Y es necesario precisar que \"la doctrina de la arbitrariedad reviste carácter excepcional y, por lo tanto, su procedencia requiere un apartamento inequívoco de la solución normativa prevista para el caso o una decisiva carencia de fundamentación (Fallos 325:924).",
      "Lo precedentemente expuesto, lleva a concluir que la pretensión de llegar a la CSJN no es viable y, en consecuencia, el recurso debe denegarse.",
      "Por último, habiendo mayoría, EL SR. VOCAL EN EJERCICIO DE LA PRESIDENCIA DEL STJ, DR. LEONARDO PORTELA, se abstiene de votar y firmar la presente resolución con arreglo a lo dispuesto por el art. 33 de la LOPJ, texto según ley 10.704.",
      "En consecuencia, se \"MARCOLINI JUAN JOSE Y MARCOLINI ADRIAN AGUSTIN C SEPOLD GRACIELA BEATRIZ y EHRLICH ANIBAL ARNOLDO S INCIDENTE S/ QUEJA (QUEJA INTERPUESTA POR LOS DRES. JUAN JOSE MARCOLINI Y AGUSTIN ADRIAN MARCOLINI)\" - Expte. Nº 9042"
    ],
    "RESUELVE": [
      "DENEGAR el recurso extraordinario federal interpuesto en fecha 24/6/2024 contra la resolución de esta Sala dictada en fecha 4/6/2024.",
      "Notifíquese conforme arts. 1º y 4º Ac. Gral. 15/18 SNE, regístrese y oportunamente archívese.",
      "Ante mí. En igual fecha se registró. Asimismo, se deja constancia que la presente se suscribe mediante firma digital -Acuerdo Gral. 11/20 del 23-6-2020, Punto 4°) prescindiéndose de su impresión en formato papel."
    ]
  }
}