{
  "METADATOS": {
    "ID_FALLO": "9047",
    "MES": "09",
    "ARTICULOS_CITADOS": {
      "citations": [
        {
          "main_source": "Código Procesal Civil y Comercial (CPCC)",
          "cited_articles": [
            138,
            326,
            280,
            167,
            65
          ],
          "extra": null
        },
        {
          "main_source": "Ley 7046",
          "cited_articles": [
            3,
            63,
            64,
            70,
            94
          ],
          "extra": "modif. por ley 11.141"
        },
        {
          "main_source": "Ley 10.704",
          "cited_articles": [],
          "extra": null
        },
        {
          "main_source": "Acuerdo General 15/18 SNE",
          "cited_articles": [
            1,
            4
          ],
          "extra": "conforme"
        },
        {
          "main_source": "Acuerdo General 11/20",
          "cited_articles": [],
          "extra": "del 23-6-2020"
        }
      ]
    }
  },
  "MATERIA_PRELIMINAR": "INCIDENTE NULIDAD",
  "IDEA_CENTRAL": "**IDEA CENTRAL DEL FALLO**\n\nEl Tribunal de Justicia de Entre Ríos resolvió declarar **inadmisible** el recurso de inaplicabilidad de ley interpuesto por Lidia Cáceres contra la decisión de la Cámara de Apelaciones que había rechazado su incidente de nulidad relacionado con la notificación de una demanda de reivindicación promovida por Frigorífico Colón S.A. La decisión se fundamenta en la falta de argumentos concretos que evidencien la violación de normas procesales y el derecho de defensa, así como en la omisión de la parte recurrente de abordar el argumento central del fallo de primera instancia, que exigía la redargución de falsedad del instrumento notificador.\n\n**Aspectos Legales Relevantes:**\n1. **Derecho de Defensa:** Se argumentó que la recurrente no demostró que la notificación no había llegado a su conocimiento, afectando su derecho de defensa.\n2. **CPCC:** Se citan los artículos 138, 326 y 280 del Código Procesal Civil y Comercial (CPCC), que regulan la admisibilidad de recursos y la carga de la prueba en incidentes de nulidad.\n\n**Fundamento Legal:**\n- **Art. 65 CPCC:** Establece la imposición de costas a la parte vencida.\n- **Art. 280 CPCC:** Regula los requisitos de admisibilidad de los recursos de inaplicabilidad.\n\n**Razonamiento del Tribunal:**\nEl Tribunal concluyó que la recurrente no cumplió con los requisitos necesarios para habilitar la revisión extraordinaria, limitándose a reiterar argumentos ya analizados en instancias anteriores. La falta de una argumentación sólida que cuestionara la decisión de la Cámara llevó a la inadmisibilidad del recurso. Además, se destacó que la parte no presentó pruebas que desvirtuaran la presunción de legitimidad del acto notificador.\n\nEn consecuencia, se desestimó el recurso, se impusieron costas a la parte vencida y se fijaron honorarios profesionales en un porcentaje de los establecidos en primera instancia.",
  "CONTENIDO": {
    "INICIO": [
      "\"FRIGORIFICO COLON S.A. C/ CACERES LIDIA - ORDINARIO ACCIÓN REIVINDICATORIA (OC) S/ INCIDENTE NULIDAD\" - Expte. Nº"
    ],
    "ACUERDO": [
      "En la ciudad de Paraná, capital de la provincia de Entre Ríos, a los veinticuatro días del mes de septiembre del año dos mil veinticuatro reunidos los integrantes de este Tribunal asistidos por el Secretario autorizante, para conocer el recurso de inaplicabilidad de ley deducido en fecha 13/12/2023 en las actuaciones:",
      "\"FRIGORIFICO COLON S.A. C/ CACERES LIDIA - ORDINARIO ACCIÓN REIVINDICATORIA (OC) S/ INCIDENTE NULIDAD\" - Expte. Nº 9047, respecto de la resolución de la Sala Civil y Comercial de la Cámara de Apelaciones de Concepción del Uruguay dictada en fecha 28/11/2023. Que la votación debe tener lugar en el siguiente orden: Sra. Vocal Gisela N. Schumacher;",
      "Sra. Vocal Claudia M. Mizawak y Sr. Vocal Leonardo Portela.",
      "Estudiados los autos, la Sala se planteó las siguientes cuestiones:",
      "¿qué corresponde resolver respecto del recurso de inaplicabilidad de ley interpuesto? y, en su caso, ¿cómo deben regularse los honorarios profesionales en esta instancia?",
      "A LA PRIMERA CUESTIÓN PROPUESTA LA SRA."
    ],
    "VOCAL GISELA N. SCHUMACHER DIJO": [
      "1.- Lidia Cáceres, en su carácter de incidentante, interpuso recurso de inaplicabilidad de ley (13/12/2023) contra la resolución dictada por la Sala en lo Civil y Comercial de Concepción del Uruguay (28/11/2023) que rechazó el recurso de apelación deducido por su parte contra la resolución de primera instancia dictada el 7 de septiembre de 2023.",
      "a) El presente incidente de nulidad fue promovido por Lidia Cáceres, ocasión en la que solicitó se declare la nulidad de la notificación del traslado de la demanda de reivindicación promovida en su contra por Frigorífico Colón S.A.",
      "En la ocasión informó que el acto no es real y que carece de los requisitos indispensables para cumplir su finalidad; que recién tomó conocimiento en la oportunidad de vincularse a la causa. Peticionó se declare la nulidad de la notificación y se disponga un nuevo traslado de la demanda.",
      "b) La sentencia de primera instancia rechazó el incidente de nulidad, impuso costas y difirió la regulación de los honorarios profesionales.",
      "c) La decisión fue apelada por la parte incidentante.",
      "Como ya anunciara, el fallo desestimó el recurso de apelación deducido.",
      "2.- La cámara de apelaciones, luego de relacionar los antecedentes de la causa, analizó los agravios expresados por la recurrente. Los sistematizó de la siguiente manera: a) no tomó conocimiento del traslado de la demanda; b) no llegó a su esfera de conocimiento el acto procesal; c) no fue impuesto en forma legal; d) \"FRIGORIFICO COLON S.A. C/ CACERES LIDIA - ORDINARIO ACCIÓN REIVINDICATORIA (OC) S/ INCIDENTE NULIDAD\" - Expte. Nº se debió dejar aviso que concurriría al otro día a la misma hora, y ello no aconteció; e) se consignó una hora diferente a la debida; f) se afectó su derecho de defensa.",
      "El tribunal, para decidir el rechazo del recurso, advirtió que la recurrente no se hizo cargo del argumento central en el que se fundó la resolución dictada en primera instancia, esto es: la necesidad de redargüir de falsedad al instrumento extendido por el oficial notificador. Agregó, además, que tampoco indicó el momento en que habría tomado conocimiento del acto cuya nulidad pretende sea declarada.",
      "Concluyó que estas circunstancias impiden el progreso de la incidencia.",
      "3.- Contra dicho pronunciamiento se alza la incidentante.",
      "Luego de enunciar que se encuentran cumplidos los recaudos de admisibilidad formal, funda su planteo.",
      "En particular denuncia errónea aplicación de los arts. 138 y 326 del CPCC. Asevera que el fallo afecta las reglas del debido proceso, derecho de defensa, que es irrazonable, absurdo y viola el principio de legalidad.",
      "Manifiesta que nunca tomó razón del traslado de la demanda, que no llegó a la esfera de su conocimiento, que no se cumplieron con las formas y que, por ende, corresponde declarar la nulidad de la notificación.",
      "Se agravia que se haya resuelto la necesidad de plantear la redargución de falsedad y que se le exija denunciar cuándo habría tomado conocimiento del acto. Entiende que dichas circunstancias no impiden el progreso del presente incidente.",
      "Cita jurisprudencia que -estima- resulta de aplicación al caso, hace reserva del caso federal y peticiona.",
      "4.- Corrido el traslado del recurso de inaplicabilidad de ley, no fue replicado por la parte incidentada.",
      "5.- La Cámara lo concedió, con efecto suspensivo (8/3/2024).",
      "6.- Reseñados los antecedentes del presente juicio -y sin perjuicio de lo resuelto por la Cámara-, adelanto que el recurso no reúne los requisitos exigidos por el tercer párrafo del art. 280 del CPCC, lo cual obsta a su declaración de admisibilidad.",
      "a) El análisis preliminar de admisibilidad, previsto expresamente en nuestro ordenamiento procesal, indica que cuando el medio impugnaticio se interpone ante el mismo organismo jurisdiccional que dictó la resolución recurrida, sea llevado a cabo en dos oportunidades, la primera por el tribunal de la anterior instancia y la segunda por el superior.",
      "En ejercicio de dicho control es que advierto que la decisión \"FRIGORIFICO COLON S.A. C/ CACERES LIDIA - ORDINARIO ACCIÓN REIVINDICATORIA (OC) S/ INCIDENTE NULIDAD\" - Expte. Nº controvertida no resulta conmovida por los desaciertos jurídicos que se le atribuyen. Los fundamentos vertidos no son más que una simple discrepancia con la decisión dictada, que desconocen el verdadero sentido del razonamiento sentencial.",
      "b) Particularmente -y como fue advertido también por la cámara de apelaciones- la parte incidentante soslaya la línea argumental esencial del fallo recurrido y se centra en reeditar expresiones ya vertidas en ocasión de expresar agravios.",
      "De manera notoria se verifica la reiteración textual de alegaciones vinculadas con la pretensión nulidicente, que ya fueron introducidos y analizados en las instancias ordinarias.",
      "Advierto un palmario desentendimiento respecto del ataque que debió dirigir hacia: i) la exigencia de instar la redargución de falsedad del instrumento emanado del oficial de justicia -que se presume legítimo-; y ii) la necesidad de invocar la ocasión en que habría tomado conocimiento del acto, por aplicación del art. 167 , segundo párrafo del CPCC.",
      "Ello puesto que una verdadera labor impugnativa -que habilite la instancia de revisión extraordinaria- no se debe limitar a denunciar las eventuales injusticias o errores que el fallo apelado pudiere contener. Contrariamente a ello, debe señalar -con argumentos concretos- y poner en evidencia, en qué consiste la violación o la aplicación errónea de la ley o de la doctrina legal que se atribuye al fallo cuestionado y que le dan la razón a quien protesta.",
      "La mera reiteración de argumentos y la discrepancia con el contenido de la sentencia en crisis, no resultan hábiles para habilitar la apertura de esta vía de revisión extraordinaria.",
      "7.- En virtud de las consideraciones precedentes, propicio desestimar por inadmisible el recurso de inaplicabilidad de ley intentado. Con costas (art. 65 CPCC). ASÍ VOTO A LA PRIMERA CUESTIÓN PROPUESTA LA SRA.",
      "Considerando la actividad desarrollada para abrir la instancia extraordinaria, la complejidad de las cuestiones planteadas y la probable dedicación temporal en el desempeño profesional del servicio, corresponde fijar los honorarios profesionales en el 50 % de los honorarios que se establezcan por la labor en primera instancia, encomendando su cálculo a la judicatura de origen (arts.",
      "3, 63, 64, 70 y 94 de la ley 7046 modif. por ley 11.141). ASÍ VOTO.",
      "A LA SEGUNDA CUESTIÓN PROPUESTA, LA SRA."
    ],
    "VOCAL CLAUDIA M. MIZAWAK DIJO": [
      "a.- Resumidos los antecedentes del caso en el voto que comanda este acuerdo, me remito a ellos a los efectos de evitar innecesarias reiteraciones e ingreso directamente al tratamiento de la cuestión traída.",
      "b.- Analizadas las constancias de autos, en especial el memorial articulatorio, comparto la solución desestimatoria que se propicia en el voto precedente así como el iter lógico y jurídico en el que se sustenta.",
      "Observo también, un déficit argumental en la estructura del planteo recursivo por no justificarse motivadamente los vicios denunciados, y al no satisfacerse las claras exigencias previstas en el art. 280 del CPCC, corresponde \"FRIGORIFICO COLON S.A. C/ CACERES LIDIA - ORDINARIO ACCIÓN REIVINDICATORIA (OC) S/ INCIDENTE NULIDAD\" - Expte. Nº declarar inadmisible el recurso de inaplicabilidad de ley articulado, con costas al vencido. ASÍ VOTO.",
      "A LA SEGUNDA CUESTIÓN PROPUESTA, LA SRA.",
      "Adhiero al voto de la Sra. Vocal Preopinante. ASÍ VOTO.",
      "Por último, habiendo mayoría, EL SR. VOCAL EN EJERCICIO DE LA PRESIDENCIA DEL STJ, DR. LEONARDO PORTELA, se abstiene de votar y firmar la presente resolución con arreglo a lo dispuesto por el art. 33 de la LOPJ, texto según ley 10.704.",
      "Con lo que no siendo para más se da por finalizado el acto quedando acordada la siguiente sentencia:",
      "Paraná, 24 de septiembre de 2024."
    ],
    "Y VISTO": [
      "Por los fundamentos del acuerdo que antecede se,"
    ],
    "RESUELVE": [
      "DECLARAR INADMISIBLE el recurso de inaplicabilidad de ley deducido en fecha 13/12/2023, respecto de la resolución de la Sala Civil y Comercial de la Cámara de Apelaciones de Concepción del Uruguay dictada en fecha 28/11/2023.",
      "IMPONER costas a la vencida (art. 65 del CPCC).",
      "FIJAR los honorarios profesionales correspondientes a esta instancia extraordinaria, en el 50 % de los honorarios que se establezcan por la labor en primera instancia, encomendando su cálculo a la judicatura de origen (arts.",
      "3, 63, 64, 70 y 94 de la ley 7046 modif. por ley 11.141).",
      "Tener presente la reserva del caso federal.",
      "Notifíquese conforme arts. 1º y 4º Ac. Gral. 15/18 SNE, regístrese y oportunamente devuélvase.",
      "\"FRIGORIFICO COLON S.A. C/ CACERES LIDIA - ORDINARIO ACCIÓN REIVINDICATORIA (OC) S/ INCIDENTE NULIDAD\" - Expte. Nº Ante mí. En igual fecha se registró. Asimismo, se deja constancia que la presente se suscribe mediante firma digital -Acuerdo Gral. 11/20 del 23-6-2020, Punto 4°) prescindiéndose de su impresión en formato papel."
    ]
  }
}