{
  "METADATOS": {
    "ID_FALLO": "9067",
    "MES": "09",
    "ARTICULOS_CITADOS": {
      "citations": [
        {
          "main_source": "Código Civil y Comercial (CCC)",
          "cited_articles": [
            730
          ],
          "extra": null
        },
        {
          "main_source": "Código Procesal Civil y Comercial (CPCC)",
          "cited_articles": [
            276,
            280,
            281,
            65
          ],
          "extra": null
        },
        {
          "main_source": "Ley 7046",
          "cited_articles": [
            3,
            64,
            94
          ],
          "extra": "modif. por ley 11.141"
        },
        {
          "main_source": "Ley 10.704",
          "cited_articles": [
            33
          ],
          "extra": "texto según ley 10.704"
        },
        {
          "main_source": "Acuerdo General 15/18 SNE",
          "cited_articles": [
            1,
            4
          ],
          "extra": "conforme"
        },
        {
          "main_source": "Acuerdo General 11/20",
          "cited_articles": [],
          "extra": "del 23-6-2020, Punto 4°"
        }
      ]
    }
  },
  "MATERIA_PRELIMINAR": "ORDINARIO DAÑOS Y PERJUICIOS (CUADERNILLO)",
  "IDEA_CENTRAL": "**IDEA CENTRAL DEL FALLO**\n\nEl Tribunal declaró **inadmisible** el recurso de inaplicabilidad de ley interpuesto por la citada en garantía en el caso \"Enrique Leandro Javier c/ Jauregui Santiago y Otro\", confirmando la decisión de la Cámara Segunda de Apelaciones de Paraná que había rechazado el recurso de apelación y regulado los honorarios profesionales. La decisión se fundamenta en la correcta interpretación del artículo 730 del Código Civil y Comercial, que establece un tope del 25% sobre el monto de la condena para las costas judiciales, excluyendo el IVA de los honorarios profesionales de dicho límite.\n\n**Aspectos Legales Relevantes:**\n1. **Código Civil y Comercial**: Artículo 730, que regula las costas judiciales y establece un límite en su cuantía.\n2. **Ley de IVA Nº 23.871**: Establece que el IVA no integra el precio neto de los servicios profesionales, diferenciando entre honorarios y tributos.\n\n**Razonamiento del Tribunal:**\nEl Tribunal argumentó que el IVA no debe ser considerado parte de los honorarios profesionales a efectos del prorrateo establecido en el artículo 730, ya que este artículo se refiere exclusivamente a los honorarios y no a otros gastos. La Cámara resaltó que aceptar la inclusión del IVA en el límite del 25% implicaría una reducción injustificada de los honorarios profesionales, que son derechos del acreedor.\n\nFinalmente, el Tribunal fijó los honorarios profesionales en un 50% de lo que correspondería en primera instancia, en atención a la complejidad del caso y la novedad de las cuestiones planteadas. Se impusieron las costas a la parte vencida, conforme al artículo 65 del Código Procesal Civil y Comercial.",
  "CONTENIDO": {
    "INICIO": [
      "\"ENRIQUE LEANDRO JAVIER C/ JAUREGUI SANTIAGO y Otro S/ ORDINARIO DAÑOS Y PERJUICIOS (CUADERNILLO)\" - Expte. Nº 9067"
    ],
    "ACUERDO": [
      "En la ciudad de Paraná, capital de la provincia de Entre Ríos, a los tres días del mes de septiembre del año dos mil veinticuatro reunidos los integrantes de este Tribunal asistidos por el Secretario autorizante, para conocer el recurso de inaplicabilidad de ley deducido en fecha 7/2/2024 en las actuaciones:",
      "\"ENRIQUE LEANDRO JAVIER C/ JAUREGUI SANTIAGO y Otro S/ ORDINARIO DAÑOS Y PERJUICIOS (CUADERNILLO)\" - Expte. Nº 9067, respecto de la resolución de la Sala Tercera de la Cámara Segunda de Apelaciones de Paraná dictada en fecha 21/12/2023. Se practicó el sorteo de ley resultando que la votación debía tener lugar en el siguiente orden: Sra. Vocal Gisela N.",
      "Schumacher; Sr. Vocal Carlos Federico Tepsich y Sr. Vocal Leonardo Portela.",
      "Estudiados los autos, la Sala se planteó las siguientes cuestiones:",
      "¿qué corresponde resolver respecto del recurso de inaplicabilidad de ley interpuesto? y, en su caso, ¿cómo deben regularse los honorarios profesionales en esta instancia?",
      "A LA PRIMERA CUESTIÓN PROPUESTA LA SEÑORA VOCAL GISELA SCHUMACHER Y EL SEÑOR VOCAL CARLOS"
    ],
    "FEDERICO TEPSICH DIJERON": [
      "1.- La Cámara Segunda de Apelaciones de Paraná, Sala Tercera, rechazó el recurso de apelación deducido por la citada en garantía, e impuso las costas a la vencida (21/12/2023).",
      "Destacó que la decisión de primera instancia del 2/8/2023 dispuso que las sumas de los honorarios profesionales regulados no contenían IVA, y que dicho tributo debía adicionarse en cada caso, de corresponder.",
      "Refirió que, seguidamente, el 25/8/2023, se aclaró que la suma correspondiente a dicho impuesto no integraba la base de cálculo prevista en el artículo 730 del Código Civil y Comercial, y debía ser abonada por el condenado en costas a los profesionales que se encuentren inscriptos en la pertinente categoría tributaria.",
      "Indicó que, asimismo, la resolución del 22/8/2023 estableció que el pago de la tasa de justicia -costa judicial- debe ser abonado en su totalidad y sin ser prorrateada por no ser aplicable a la misma el artículo 730 del Código Civil y Comercial, cuestión que llegó firme y consentida a esa instancia.",
      "Precisó que el apelante se agravió por dos cuestiones, que fueron definidas en la resolución del 25/8/2023; esto es que el impuesto en cuestión debe ser pagado por el condenado en costas y en su totalidad.",
      "Señaló que el artículo 730 del Código Civil y Comercial alude al derecho del acreedor de percibir su obligación; y particularmente ante la generación de gastos judiciales se establece un tope máximo de éstos, en beneficio del deudor.",
      "\"ENRIQUE LEANDRO JAVIER C/ JAUREGUI SANTIAGO y Otro S/ ORDINARIO DAÑOS Y PERJUICIOS (CUADERNILLO)\" - Expte. Nº 9067 Consideró que, en este sentido, se establece que las costas judiciales de primera instancia no pueden superar un 25% del monto de la condena, aclarando expresamente que en este rubro se incluyen los honorarios profesionales.",
      "Dijo que la norma establece expresamente la imposición de prorratear los honorarios -en su segundo párrafo-, pero cabría definir si el IVA que grava los honorarios profesionales debería quedar -o no- comprendido dentro del concepto honorarios y ser incluido en dicho prorrateo.",
      "Apuntó que el recurrente planteó que su parte no está obligada al pago del tributo, en virtud de que su obligación se limita al pago de las costas hasta el 25% del valor de la condena, es decir que pagar el impuesto importa excederse de tal máximo legal. Referenció que, a su vez, el apelante adujo, con una lógica incompatible con el argumento anterior, que el tributo sigue la suerte de su principal y, por tanto, debería se prorrateado como se hace con los honorarios.",
      "En respuesta, la Cámara expresó que no surge de forma expresa de los propios términos del artículo si el IVA a pagar por los honorarios profesionales integran o no las costas judiciales, y que el segundo párrafo que establece el deber de prorratear los montos sólo refiere a hacer esto con los honorarios, sin mencionar al resto de los rubros que integran las costas.",
      "Sostuvo que admitir el pedido del apelante importa una reducción de los honorarios del profesional -de corte alimentario-, cuando dicho tributo fue diseñado para ser afrontado por el consumidor del servicio, y no por el proveedor.",
      "Citó lo resuelto por la Corte Suprema de Justicia de la Nación en la causa \"Esperanza del Mar S.A. s/ quiebra\", fallo del 7/12/2023.",
      "Entendió que, además, la Ley de IVA Nº 23871, en su artículo 10, último párrafo, prevé que \"[e]n ningún caso el impuesto integrará el precio neto al que refiere el presente artículo\", el que debe concordarse con el artículo 3, punto 21.f, y artículo 5.b.",
      "Señaló que el IVA no es un honorario, sino un gasto derivado de éste que puede o no corresponder, dependiendo ello de la situación impositiva del profesional frente al fisco momento preciso de su efectiva percepción.",
      "Explicitó que el honorario profesional es el derivado de una relación procesal y fijado por la ley de aranceles de la provincia, en cambio el tributo es derivado de una relación impositiva regulado por una norma federal; por lo que a los efectos de la aplicación del prorrateo establecido en el artículo 730 del Código Civil y Comercial, corresponde excluir el IVA sobre los honorarios, ya que el mencionado artículo refiere a las regulaciones de honorarios que es el único que se prorratea.",
      "Por último, apuntó que el apelante no se agravió ni expuso cuál debería ser la liquidación que entiende pertinente de aprobación, incluida en la misma el prorrateo de IVA de los honorarios profesionales gravados con dicho \"ENRIQUE LEANDRO JAVIER C/ JAUREGUI SANTIAGO y Otro S/ ORDINARIO DAÑOS Y PERJUICIOS (CUADERNILLO)\" - Expte. Nº 9067 tributo, más allá que de los términos de la norma el prorrateo refiere expresamente a los honorarios y nada dice del resto de los gastos.",
      "2.- El representante de la citada en garantía interpuso recurso de inaplicabilidad de ley (7/2/2024).",
      "Arguyó errónea aplicación de la ley.",
      "Postuló que llegó firme la condena extensiva al asegurador, que no está en discusión que su parte depositó el 25% del capital de condena actualizado, y que, aún así, por pedido de parte, fue intimado a integrar por el juez de grado el IVA correspondiente a honorarios, en una errónea interpretación del artículo 730 del Código Civil y Comercial.",
      "Estimó que la finalidad legal de dicho artículo es propender a una disminución general del costo de los procesos judiciales, para lo que fijó un tope legal en porcentaje.",
      "Adujo que la mera literalidad de la norma no impide advertir que está contemplado un tope sobre el global de deuda que debe afrontar el condenado, sobre el cual nada debe, por lo que no necesita decir más IVA.",
      "Fustigó que el límite del 25% no se modifica por las \"derivaciones tributarias\" que importan una cuestión ajena a la relación jurídica existente entre los profesionales abogados y la obligada al pago.",
      "Hizo reserva del caso federal.",
      "3.- La contraria contestó el traslado oportunamente dispuesto (20/2/2024).",
      "Solicitó, por las razones que expuso, el rechazo del recurso de inaplicabilidad de ley incoado.",
      "4.- La Cámara concedió el recurso con efecto suspensivo (26/3/2024).",
      "5.- Sintetizados los antecedentes relevantes para la definición de la cuestión traída a juzgamiento recordamos que el análisis preliminar de admisibilidad, previsto expresamente en nuestro ordenamiento procesal, indica que cuando el medio de impugnación se interpuso ante el mismo organismo jurisdiccional que dictó la resolución recurrida aquél sea llevado a cabo en dos oportunidades, la primera por la Cámara que analiza el cumplimiento de los requisitos formales de admisibilidad y de fundabilidad del planteo recursivo (artículos 276, 280 y 281 del Código Procesal Civil y Comercial), y la segunda por esta Sala.",
      "Conforme a las exigencias técnicas del recurso se debe efectuar el directo cuestionamiento de la sentencia definitiva de segunda instancia del cual derive una crítica y un ataque pertinentes a su fundamentación, que demuestren la errónea aplicación de la ley y/o doctrina legal emanada de este tribunal.",
      "No obstante la literalidad de la norma, se admite por vía pretoriana \"ENRIQUE LEANDRO JAVIER C/ JAUREGUI SANTIAGO y Otro S/ ORDINARIO DAÑOS Y PERJUICIOS (CUADERNILLO)\" - Expte. Nº 9067 el análisis de cuestiones de hecho y prueba reservadas en principio a la magistratura de las instancias ordinarias, cuando se alegue y demuestre absurdidad o arbitrariedad en su valoración.",
      "6.- Al amparo de tales consideraciones ingresamos al tratamiento de la cuestión planteada.",
      "En tal cometido, advertimos que la querella no cumplió con la carga impuesta por el artículo 280, segundo párrafo, del código procesal civil y comercial.",
      "Ello en tanto el embate se desentiende de las razones medulares explicitadas por la alzada, con base en la distinta naturaleza que encierran los honorarios profesionales -por un lado- y el impuesto al valor agregado -por el otro-.",
      "En tal marco observamos que el recurrente insiste con una posición particular basada en la meritación global de los conceptos, que soslaya la argumentación sentencial sobre las implicancias legales y fácticas que derivan de cada uno de éstos, lo que torna a la crítica inhábil para su tratamiento en esta instancia casatoria.",
      "7.- Por su lado, a mayor abundamiento, atento las manifestaciones de la recurrente y las constancias incorporadas a este cuadernillo digital (\"archivo importado de expte. 6413...\" del 27/9/2023), nos permitimos agregar que los honorarios por la actuación profesional en juicio deben ser regulados por la magistratura a efectos que procedan su pago o su exigibilidad.",
      "En tal temperamento, la parte condenada en costas no puede liberarse de su obligación efectuando un depósito por conceptos arancelarios antes que la judicatura se aboque a la tarea regulatoria conforme la normativa vigente y las especiales circunstancias de la causa, ya que el derecho devengado es cuantificado y exigible a partir de la regulación.",
      "8.- Por consiguiente, corresponde declarar la inadmisibilidad del recurso de inaplicabilidad de ley deducido por la citada en garantía. Con costas a la vencida (artículo 65 del código procesal civil y comercial). ASÍ VOTAMOS.",
      "A LA SEGUNDA CUESTIÓN PROPUESTA LA SEÑORA VOCAL GISELA SCHUMACHER Y EL SEÑOR VOCAL CARLOS",
      "Considerando la actividad desarrollada para abrir la instancia extraordinaria, la complejidad de las cuestiones planteadas, la novedad del precedente y la probable dedicación temporal en el desempeño profesional del servicio, corresponde fijar los honorarios profesionales en el 50 % de los honorarios que corresponderían establecer en primera instancia en función del valor cuestionado en el recurso, encomendando su tarea a la judicatura de origen (arts. 3, 64 y 94 de la ley 7046 modif. por ley 11.141). ASÍ VOTAMOS.",
      "\"ENRIQUE LEANDRO JAVIER C/ JAUREGUI SANTIAGO y Otro S/ ORDINARIO DAÑOS Y PERJUICIOS (CUADERNILLO)\" - Expte. Nº 9067 Por último, habiendo mayoría absoluta, EL SR. VOCAL EN EJERCICIO DE LA PRESIDENCIA DEL STJ, DR. LEONARDO PORTELA, se abstiene de votar y firmar la presente resolución con arreglo a lo dispuesto por el art. 33 de la LOPJ, texto según ley 10.704.",
      "Con lo que no siendo para más se da por finalizado el acto quedando acordada la siguiente sentencia:",
      "Paraná, 3 de septiembre de 2024."
    ],
    "Y VISTO": [
      "Por los fundamentos del acuerdo que antecede se,"
    ],
    "RESUELVE": [
      "DECLARAR INADMISIBLE el recurso de inaplicabilidad de ley deducido en fecha 7/2/2024, respecto de la resolución de la Sala Tercera de la Cámara Segunda de Apelaciones de Paraná dictada en fecha 21/12/2023.",
      "IMPONER costas a la vencida (art. 65 del CPCC).",
      "FIJAR los honorarios profesionales en el 50 % de los honorarios que corresponderían establecer en primera instancia en función del valor cuestionado en el recurso, encomendando su tarea a la judicatura de origen (arts. 3, 64 y 94 de la ley 7046 modif. por ley 11.141).",
      "Tener presente la reserva del caso federal.",
      "Notifíquese conforme arts. 1º y 4º Ac. Gral. 15/18 SNE, regístrese y oportunamente devuélvase.",
      "Ante mí. En igual fecha se registró. Asimismo, se deja constancia que la presente se suscribe mediante firma digital -Acuerdo Gral. 11/20 del 23-6-2020, Punto 4°) prescindiéndose de su impresión en formato papel."
    ]
  }
}