{
  "METADATOS": {
    "ID_FALLO": "9100",
    "MES": "09",
    "ARTICULOS_CITADOS": {
      "citations": [
        {
          "main_source": "Código Civil y Comercial (CCC)",
          "cited_articles": [
            1197,
            1198
          ],
          "extra": null
        },
        {
          "main_source": "Código Procesal Civil y Comercial (CPCC)",
          "cited_articles": [
            280,
            257,
            65,
            65
          ],
          "extra": "segundo párrafo"
        },
        {
          "main_source": "Ley 7046",
          "cited_articles": [
            3,
            30,
            63,
            64,
            94
          ],
          "extra": "modif. por ley 11.141"
        },
        {
          "main_source": "Ley 10.704",
          "cited_articles": [
            33
          ],
          "extra": "texto según ley 10.704"
        },
        {
          "main_source": "Acuerdo General 15/18 SNE",
          "cited_articles": [
            1,
            4
          ],
          "extra": "conforme"
        },
        {
          "main_source": "Otro",
          "cited_articles": [
            28,
            114,
            29
          ],
          "extra": null
        }
      ]
    }
  },
  "MATERIA_PRELIMINAR": "ORDINARIO DAÑOS Y PERJUICIOS",
  "IDEA_CENTRAL": "**IDEA CENTRAL DEL FALLO:**\n\nEl Tribunal declara **inadmisible** el recurso de inaplicabilidad de ley interpuesto por la actora, Natalí Soledad Perroud, en el caso \"PERROUD NATALI SOLEDAD C/ JOVI BUS S.R.L. Y OTRO S/ ORDINARIO DAÑOS Y PERJUICIOS\", confirmando la decisión de la Cámara de Apelaciones que había rechazado su apelación contra la sentencia de primera instancia que desestimó su demanda por falta de legitimación pasiva.\n\n**Fundamento Legal:**\nLa decisión se basa en el artículo 280 del Código Procesal Civil y Comercial (CPCC), que establece los requisitos formales para la admisibilidad del recurso de inaplicabilidad de ley. El Tribunal concluye que la recurrente no ha cumplido con los requisitos necesarios, ya que sus argumentos no abordan adecuadamente los fundamentos de la sentencia apelada, limitándose a reiterar su posición sin cuestionar los razonamientos del tribunal inferior.\n\n**Aspectos Legales Relevantes:**\n1. **Falta de Legitimación Pasiva:** La Cámara de Apelaciones había aceptado la excepción de falta de legitimación pasiva presentada por el codemandado, lo que fue cuestionado por la actora.\n2. **Principios Contractuales:** La actora argumentó que se había vulnerado el principio de buena fe contractual y su derecho de defensa, al no ser notificada adecuadamente sobre la rescisión del contrato.\n\n**Razonamiento del Tribunal:**\nEl Tribunal sostiene que el recurso de inaplicabilidad de ley no es una tercera instancia que permita revisar la valoración de hechos y pruebas realizada por la Cámara. La actora no logró demostrar la violación de normas o la errónea aplicación de la ley, lo que llevó a la inadmisibilidad del recurso. Además, se impusieron las costas a la parte vencida, conforme al artículo 65 del CPCC.\n\nEn conclusión, el fallo reafirma la importancia de cumplir con los requisitos formales en los recursos judiciales y la limitación del alcance de la revisión en instancias superiores.",
  "CONTENIDO": {
    "INICIO": [
      "\"PERROUD NATALI SOLEDAD C/ JOVI BUS S.R.L. Y OTRO S/ ORDINARIO DAÑOS Y PERJUICIOS\" - Expte. Nº 9100"
    ],
    "ACUERDO": [
      "En la ciudad de Paraná, capital de la provincia de Entre Ríos, a los veintitrés días del mes de septiembre del año dos mil veinticuatro reunidos los integrantes de este Tribunal asistidos por el Secretario autorizante, para conocer el recurso de inaplicabilidad de ley deducido en fecha 2/4/2024 en las actuaciones:",
      "\"PERROUD NATALI SOLEDAD C/ JOVI BUS S.R.L. Y OTRO S/ ORDINARIO DAÑOS Y PERJUICIOS\" - Expte. Nº 9100, respecto de la resolución de la Sala Primera Civil y Comercial de la Cámara de Apelaciones de Gualeguaychú dictada en fecha 13/3/2024. Se practicó el sorteo de ley resultando que la votación debía tener lugar en el siguiente orden: Sr. Vocal Carlos Federico Tepsich; Sra. Vocal Gisela N. Schumacher y Sr. Vocal Leonardo Portela.",
      "Estudiados los autos, la Sala se planteó las siguientes cuestiones:",
      "¿qué corresponde resolver respecto del recurso de inaplicabilidad de ley interpuesto? y, en su caso, ¿cómo deben regularse los honorarios profesionales en esta instancia?",
      "A LA CUESTIÓN PROPUESTA EL SR. VOCAL CARLOS FEDERICO TEPSICH Y LA SRA. VOCAL GISELA N. SCHUMACHER"
    ],
    "DIJERON": [
      "1.- La Cámara de Apelaciones Sala I en lo Civil y Comercial de la ciudad de Gualeguaychú en fecha 13/3/2024 dictó sentencia por la que rechazó el recurso de apelación interpuesto por la actora contra la sentencia de primera instancia de fecha 25/08/2023, la que hizo lugar a la excepción de falta de legitimación pasiva articulada por el Sr. José María Vitasse, rechazó la demanda de daños y perjuicios promovida y dispuso la restitución de bienes hallados en la boletería que explotaba la actora como así también el dinero existente en la caja en el plazo de 10 días.",
      "Asimismo, impone las costas de la alzada a la apelada vencida.",
      "2.- Disconforme con la misma la actora interpuso recurso de inaplicabilidad de ley dado que considera que la sentencia impugnada -como así también la de primera instancia- realiza errónea interpretación jurídica de los principios contractuales básicos que imprimen a un contrato como el de autos, cuestiona la calificación de la rescisión, considerando configurado un abuso de derechos a partir del despojo de los derechos acordados.",
      "Cuestiona asimismo la entidad dada a su silencio frente a las intimaciones por escrito -cartas documentos- que le fueran cursadas, como la comunicación de la rescisión, la que entiende no fue cumplida en forma por los demandados. Considera violentado el principio de la buena fe contractual y los arts. 1197 y 1198 CC. Se agravia por la atribución de responsabilidad que se le endilga en ambas instancias, frente a lo cual manifiesta su imposibilidad de defensa atento a no haber sido notificada de la causa de resolución del contrato, lo que \"PERROUD NATALI SOLEDAD C/ JOVI BUS S.R.L. Y OTRO S/ ORDINARIO DAÑOS Y PERJUICIOS\" - Expte. Nº 9100 entiende conlleva a la vulneración del derecho de defensa en juicio. Cuestiona la admisión de la excepción de falta de legitimación pasiva interpuesta por el codemandado Vitasse, considerando que la responsabilidad del mismo surge a partir de la ilegitimidad de la resolución del contrato, por lo que la responsabilidad individual del mismo debería ser considerada como responsabilidad a título individual y condenarse en forma ilimitada y solidaria con la de la sociedad demandada.",
      "3.- Corrido el pertinente traslado, la parte demandada produjo el correspondiente escrito de réplica.",
      "4.- En tal cometido, cabe expresar que la inaplicabilidad de ley no constituye una tercera instancia, que habilite a esta Sala a introducirse en la apreciación que la Cámara ha efectuado de los hechos y de la prueba producida, por cuanto son cuestiones ellas ajenas a la casación, en virtud de tratarse de un medio impugnaticio que analiza la legitimidad de las sentencias definitivas.",
      "El recurso que nos ocupa posee una serie de exigencias técnico formales propias, que deben cumplirse con toda idoneidad por el impugnante a fin de habilitar la vía de casación. Entre ellas que las críticas que se formulen en él, se refieran directa y concretamente a la motivación esencial que el pronunciamiento contiene, pues si en esa réplica se sustraen todos o una parte de los argumentos que estructuran la sentencia, no se encuentran debidamente satisfechos los recaudos de aquél y también que en el escrito en que se deduzca el recurso se señale en términos claros y precisos, cuál es la ley o doctrina violada o erróneamente aplicada y en qué consiste la violación o el error -art. 280, segundo párrafo del CPCC-.",
      "5.- Bajo estas pautas, el análisis del memorial de fundamentación del recurso de inaplicabilidad de ley en cuestión nos llevan a advertir que la crítica que allí se expone evidencia una reiteración de argumentos que procuran sustentar la posición particular de quien recurre sobre el asunto sometido a decisión.",
      "La parte recurrente no se hace cargo de los argumentos expuestos por el tribunal ad quem ni cuestiona los parámetros tomados en cuenta por la misma para calificar de justificada la resolución por incumplimiento contractual cuestionada, como así tampoco la entidad dada al silencio habido ante los requerimientos, la apreciación del acta notarial como constitutiva de la notificación que entiende no producida, y mucho menos el porqué debería extenderse la responsabilidad del socio gerente a título personal.",
      "6.- El razonamiento impugnativo es manifiestamente insuficiente pues no supera el umbral de la noción del agravio propio de una impugnación ordinaria (art. 257, CPCC), lo que lógicamente por sí solo no es suficiente para que este tribunal superior ingrese a analizar cómo los jueces de mérito interpretaron los hechos de la litis, o apreciaron las pruebas.",
      "\"PERROUD NATALI SOLEDAD C/ JOVI BUS S.R.L. Y OTRO S/ ORDINARIO DAÑOS Y PERJUICIOS\" - Expte. Nº 9100 7.- En definitiva, proponemos el rechazo del recurso de inaplicabilidad de ley deducido por inadmisible, con costas (arts. 65, CPCC). ASÍ VOTAMOS.",
      "A LA SEGUNDA CUESTIÓN PROPUESTA, EL SR. VOCAL CARLOS FEDERICO TEPSICH Y LA SRA. VOCAL GISELA N."
    ],
    "SCHUMACHER DIJERON": [
      "Considerando la base económica del juicio, los intereses y el monto del jurista al día de la fecha ($51.823,67), el valor a considerar a los fines regulatorios asciende a 86,94 juristas.",
      "Por aplicación de la escala general del art. 30 de la ley arancelaria y valorando la labor desarrollada en esta instancia, el 20% de 86,94 juristas son 17,38 juristas, que es el monto que correspondería regular a la parte vencedora en primera instancia.",
      "De esta manera, por la labor en esta instancia extraordinaria amerita regular el 50% de 17,38 juristas al letrado de la parte vencedora y el 70% de esa suma al letrado de la parte vencida (arts. 3, 30, 63, 64 y 94 de la ley 7046 modif. por ley 11.141). ASÍ VOTAMOS.",
      "Por último, habiendo mayoría, EL SR. VOCAL EN EJERCICIO DE LA PRESIDENCIA DEL STJ, DR. LEONARDO PORTELA, se abstiene de votar y firmar la presente resolución con arreglo a lo dispuesto por el art. 33 de la LOPJ, texto según ley 10.704.",
      "Con lo que no siendo para más se da por finalizado el acto quedando acordada la siguiente sentencia:",
      "Paraná, 23 de septiembre de 2024."
    ],
    "Y VISTO": [
      "Por los fundamentos del acuerdo que antecede se,"
    ],
    "RESUELVE": [
      "DECLARAR INADMISIBLE el recurso de inaplicabilidad de ley deducido en fecha 2/4/2024, respecto de la resolución de la Sala Primera Civil y Comercial de la Cámara de Apelaciones de Gualeguaychú dictada en fecha 13/3/2024.",
      "IMPONER costas a la vencida (art. 65 del CPCC).",
      "REGULAR los honorarios profesionales a los letrados Pedro B.",
      "Delfino y Eduardo A. Genoud por la labor en esta instancia, en las respectivas sumas de pesos cuatrocientos cincuenta mil trescientos cuarenta y siete con sesenta y nueve centavos ($ 450.347,69) equivalentes a 8.69 juristas, y pesos trescientos quince mil ochenta doscientos cuarenta y tres con treinta y ocho centavos ($ 315.243,38) equivalentes a 6,08 juristas.",
      "Notifíquese conforme arts. 1º y 4º Ac. Gral. 15/18 SNE, regístrese y oportunamente devuélvase.",
      "\"PERROUD NATALI SOLEDAD C/ JOVI BUS S.R.L. Y OTRO S/ ORDINARIO DAÑOS Y PERJUICIOS\" - Expte. Nº 9100 Ante mí. En igual fecha se registró. Asimismo, se deja constancia que la presente se suscribe mediante firma digital -Acuerdo Gral. 11/20 del 23-6-2020, Punto 4°) prescindiéndose de su impresión en formato papel.",
      "Existiendo regulación de honorarios a abogados y/o procuradores, cumpliendo con lo dispuesto por la ley 7046, se transcriben los siguientes los artículos:",
      "Art. 28: NOTIFICACIÓN DE TODA REGULACIÓN. Toda regulación de honorarios deberá notificarse personalmente o por cédula. Para el ejercicio del derecho al cobro del honorario al mandante o patrocinado, la notificación deberá hacerse en su domicilio real. En todos los casos la cédula deberá ser suscripta por el Secretario del Juzgado o Tribunal con transcripción de este Artículo y del art. 114 bajo pena de nulidad. No será necesaria la notificación personal o por cédula de los autos que resuelvan los reajustes posteriores que se practiquen por aplicación del art.114\".",
      "Art. 114: PAGO DE HONORARIOS. Los honorarios regulados judicialmente deberán abonarse dentro de los diez días de requerido su pago en forma fehaciente. Operada la mora, el profesional podrá reclamar el honorario actualizado con aplicación del índice, previsto en el art. 29 desde la regulación y hasta el pago, con más un interés del 8% anual. En caso de tratarse de honorarios que han sido materia de apelación, sobre el monto que quede fijado definitivamente su instancia superior, se aplicará la corrección monetaria a partir de la regulación de la instancia inferior. No será menester justificar en juicios los índices que se aplicarán de oficio por los Sres. Jueces y Tribunales”."
    ]
  }
}