{
  "METADATOS": {
    "ID_FALLO": "9115",
    "MES": "09",
    "ARTICULOS_CITADOS": {
      "citations": [
        {
          "main_source": "Código Civil y Comercial (CCC)",
          "cited_articles": [
            3
          ],
          "extra": null
        },
        {
          "main_source": "Código Procesal Civil y Comercial (CPCC)",
          "cited_articles": [
            280
          ],
          "extra": "2º párrafo"
        },
        {
          "main_source": "Código Procesal Civil y Comercial (CPCC)",
          "cited_articles": [
            280
          ],
          "extra": "segundo párrafo"
        },
        {
          "main_source": "Otro",
          "cited_articles": [],
          "extra": "recurso de inaplicabilidad de ley"
        },
        {
          "main_source": "Ley 26.061",
          "cited_articles": [
            3
          ],
          "extra": null
        },
        {
          "main_source": "Ley 26.061",
          "cited_articles": [
            1,
            13
          ],
          "extra": "incisos"
        },
        {
          "main_source": "Ley 26.061",
          "cited_articles": [
            1,
            3,
            4
          ],
          "extra": "incisos"
        },
        {
          "main_source": "Otro",
          "cited_articles": [
            44
          ],
          "extra": "artículo de la ley procesal de familia"
        },
        {
          "main_source": "Otro",
          "cited_articles": [
            302
          ],
          "extra": "artículo de la ley procesal de familia"
        },
        {
          "main_source": "Acuerdo General 15/18 SNE",
          "cited_articles": [
            1,
            4
          ],
          "extra": "arts."
        },
        {
          "main_source": "Acuerdo General 11/20",
          "cited_articles": [],
          "extra": "del 23-6-2020"
        }
      ]
    }
  },
  "MATERIA_PRELIMINAR": "TUTELA ANTICIPADA DE URGENCIA",
  "IDEA_CENTRAL": "### IDEA CENTRAL DEL FALLO\n\n**Decisión Judicial Principal:**\nEl Tribunal declara inadmisible el recurso de inaplicabilidad de ley interpuesto contra la resolución de la Cámara de Apelaciones de Concordia, que ordenó la escucha del adolescente Laureano Giachero en el marco de un conflicto familiar.\n\n**Fundamento Legal:**\nLa decisión se basa en la falta de fundamentación suficiente del recurso, conforme al artículo 280 del Código Procesal Civil y Comercial (CPCC), y en la consideración del interés superior del niño, tal como lo establece la Convención sobre los Derechos del Niño y la Ley 26061.\n\n**Aspectos Legales Relevantes:**\n1. **Interés Superior del Niño:** Se destaca la necesidad de considerar a los menores como sujetos de derecho, no meramente como objetos de protección.\n2. **Escucha del Adolescente:** La Cámara fundamentó su decisión en la importancia de escuchar a los menores en cuestiones que afectan su vida, especialmente en contextos de conflicto familiar.\n3. **Código Procesal Civil y Comercial:** Se menciona el artículo 280, que exige una carga de fundamentación adecuada para la admisibilidad de recursos.\n\n**Razonamiento del Tribunal:**\nEl Tribunal sostiene que la decisión de la Cámara de Apelaciones no solo es válida, sino necesaria para garantizar los derechos de los menores involucrados. Se argumenta que la escucha del adolescente es esencial para abordar adecuadamente su situación habitacional, que se ve afectada por el conflicto entre los padres. Además, se concluye que no se ha demostrado arbitrariedad en la resolución impugnada, lo que impide la revisión del caso en instancias superiores.\n\nEn resumen, el fallo reafirma la importancia de la participación de los menores en procesos que les afectan directamente, garantizando así su derecho a ser escuchados y a que sus intereses sean considerados en la resolución de conflictos familiares.",
  "CONTENIDO": {
    "INICIO": [
      "\"CABALLERO GÁLVEZ MARÍA FLORA C/ GIACHERO RAMÓN OSCAR S/ TUTELA ANTICIPADA DE URGENCIA\" - Expte. Nº 9115"
    ],
    "ACUERDO": [
      "En la ciudad de Paraná, capital de la provincia de Entre Ríos, a los diecinueve días del mes de septiembre del año dos mil veinticuatro reunidos los integrantes de este Tribunal asistidos por el Secretario autorizante, para conocer el recurso de inaplicabilidad de ley deducido en fecha 3/5/2024 en las actuaciones:",
      "\"CABALLERO GÁLVEZ MARÍA FLORA C/ GIACHERO RAMÓN OSCAR S/ TUTELA ANTICIPADA DE URGENCIA\" - Expte. Nº 9115, respecto de la resolución de la Sala Segunda Civil y Comercial de la Cámara de Apelaciones de Concordia dictada en fecha 25/4/2024. Se practicó el sorteo de ley resultando que la votación debía tener lugar en el siguiente orden: Sr. Vocal Carlos Federico Tepsich; Sra. Vocal Gisela N. Schumacher y Sr. Vocal Leonardo Portela.",
      "Estudiados los autos, la Sala se planteó la siguiente cuestión: ¿qué corresponde resolver respecto del recurso de inaplicabilidad de ley interpuesto?",
      "A LA CUESTIÓN PROPUESTA EL SR. VOCAL CARLOS"
    ],
    "FEDERICO TEPSICH DIJO": [
      "1.- Contra la resolución de fecha 25 de abril de 2024 dictada por la Cámara de Apelaciones de la Ciudad de Concordia que deja sin efecto lo resuelto en audiencia de fecha 11 de enero del 2024 y dispone la debida escucha del adolecente Laureano Giachero y la intervención del joven Gonzalo Giachero en la instancia de origen, interpone el Sr. Defensor Público Nº 3 recurso de inaplicabilidad de ley, cuya concesión motiva la intervención de esta Sala.",
      "2.- Dicho remedio recursivo cuestiona -concretamente- la orden de cumplimentar la debida escucha del adolecente Laureano Giachero, y sostiene que la decisión cuestionada posiciona al mismo a una situación de violencia, estrés y tensión psíquica desmedida, exponiéndolo a un momento crítico que por medio del recurso se pretende evitar. Alega asimismo que lo ordenado posiciona al adolescente como juez o árbitro del conflicto parental en el que las partes postularon, ofrecieron prueba y acordaron sin la intervención del hijo, por lo que entiende que la resolución cuestionada es dogmática y de justificación aparente.",
      "Refiere como inobservada la parte final del art. 3 del CCC al entender que la decisión no está enraizada con las circunstancias de la causa y por ende no presenta fundamentos suficientes.",
      "Finalmente, alega que el tema de autos no conlleva la necesariedad de oír al adolecente dado que no es un conflicto que lo afecte directamente y que, de hecho, la división de condominio no se encuentra presente en el listado de procesos consignados en el Protocolo de buenas prácticas para escucha de niños, niñas y adolescentes en los procesos de familia en la Provincia de Entre Ríos como de escucha obligatoria 3.- El recurso de inaplicabilidad de ley, es el remedio creado para efectuar un control jurídico del fallo, examinando si el mismo ha respetado el \"CABALLERO GÁLVEZ MARÍA FLORA C/ GIACHERO RAMÓN OSCAR S/ TUTELA ANTICIPADA DE URGENCIA\" - Expte. Nº 9115 derecho aplicable y ha efectuado un correcto encuadre jurídico de la causa, siendo solamente viable el análisis de los hechos y la prueba cuando se invoque y demuestre arbitrariedad y/o absurdidad, La arbitrariedad abarca soluciones jurisdiccionales en los que las leyes lógicas formales son transgredidas o en las que la solución queda al margen de las reglas del raciocinio. En definitiva, cuando la solución que viene controvertida es absolutamente incompatible con las constancias del caso y carece de toda lógica y razonabilidad, de modo que aun cuando la decisión pueda resultar jurídicamente opinable, ese disenso no habilita el control casatorio.",
      "4.- En el caso, la Cámara al ordenar la escucha del menor expresamente explicó el porqué de su decisión, no logrando el Ministerio recurrente conmover con sus argumentaciones dichos fundamentos, por lo que dicha insuficiencia de los mismos impide superar el valladar de la admisibilidad del recurso de inaplicabilidad de ley incoado (art. 280 2º párrafo, CPCC).",
      "Más allá de la pertinencia que puedan exhibir las críticas que se formulan, ello de por sí no alcanza para lograr la apertura de una jurisdicción extraordinaria de revisión, porque para conseguir tan esencial enjuiciamiento hay que acreditar la existencia de alguna de las causales que el legislador ha previsto para su habilitación; además, en la especie, no se advierte que la sentencia impugnada pueda proyectarse de alguna manera en perjuicio del interés superior del adolescente en cuestión.",
      "5.- Por todo ello, verificado que no ha satisfecho debida y suficientemente con la carga de fundamentación que impone el artículo 280 del CPCC, propongo al acuerdo que se declare inadmisible el recurso interpuesto. ASÍ VOTO.",
      "A LA CUESTIÓN PROPUESTA LA SRA. VOCAL GISELA"
    ],
    "N. SCHUMACHER DIJO": [
      "1.- Los antecedentes relevantes para la dilucidación de la cuestión traída fueron suficientemente expuestos por el colega que comanda esta votación, por lo que me remito a ellos en honor a la brevedad.",
      "2.- Ingresando al tratamiento del planteo, advierto que, en consonancia con lo sostenido por la querella, la sentencia recurrida es equiparable a definitiva, en cuanto sus efectos alcanzan los intereses superiores de Laureano y Gonzalo.",
      "Además, encuentro cumplida la carga de debida fundamentación prevista por el artículo 280, segundo párrafo, del código procesal civil y comercial, lo que impone adentrarme al examen de procedencia de los planteos introducidos por el defensor oficial actuante.",
      "3.- a.- El recurrente basó su disconformidad con el veredicto en el resguardo del derecho a la salud e integridad psicofísica del adolescente, y en \"CABALLERO GÁLVEZ MARÍA FLORA C/ GIACHERO RAMÓN OSCAR S/ TUTELA ANTICIPADA DE URGENCIA\" - Expte. Nº 9115 preservar la injerencia estatal en el ámbito de privacidad familiar.",
      "Asimismo, justificó su embate en que en el proceso principal de división de condominio no se escuchó al adolescente, pero que ahora la magistratura requiere su participación en estas actuaciones no autónomas de aquél, que fue denominado por la peticionante como \"tutela anticipada\".",
      "b.- A la luz de las constancias valoradas, tales argumentos no resultan atendibles en el caso.",
      "Si bien es cierto que la discusión a la que ahora asistimos encuentra su génesis en el acuerdo de división de condominio alcanzado entre la madre y el padre de Laureano y Gonzalo, la realidad que subyace a todo esto es que, mientras se discurren cuestiones de sustancia patrimonial, el adolescente y el joven no tienen definida su situación habitacional, ni a qué \"parte\" de la casa les corresponde acceder para pernoctar y satisfacer los más básicos derechos que les son inherentes como personas humanas.",
      "En tal marco, mal podríamos considerar que sólo se trata de una cuestión patrimonial entre personas adultas, cuando la modalidad de cumplimiento de aquel acuerdo -que tuvo por objeto el bien donde habitan sus hijos- expande sus efectos directamente sobre los intereses superiores de Gonzalo y Laureano.",
      "La escucha e intervención dispuestas son derechos en favor de los interesados, quienes deben ser tenidos en cuenta como sujetos de derecho y no como objeto de protección.",
      "Tal concepción encierra el imperativo de acceso a la posibilidad de ser oídos en un asunto de trascendencia para la vida del adolescente y el joven.",
      "La madre de los sindicados recurrió a la vía de la tutela anticipada de urgencia para dirimir la situación habitacional de sus hijos, quienes según relato del promocional tuvieron que ser alojados por una vecina y un amigo, producto de la conflictividad sometida a resolución (escrito del 2/1/2024).",
      "c.- Tal coyuntura autoriza a validar las apreciaciones de la alzada respecto a la importancia de asegurar la escucha controvertida. La opción de ejercer este derecho no puede ser concebido desde la impostura de colocar a los hijos como jueces o árbitros de su madre o su padre; sino, por el contrario, desde la libre elección de expresar su opinión y necesidades, a efectos de que sean tenidas en cuenta por la judicatura1.",
      "4.- a.- Sin perjuicio de lo explicitado, en cumplimiento de la facultad/deber impuesto a esta magistratura por el artículo 13, inciso 12, de la ley procesal de familia, reparo en que el veredicto impugnado no declaró la nulidad de la audiencia celebrada el 9/11/2023; la que contó con la debida representación del Ministerio Público de la Defensa, conforme lo estipula el artículo 44 de la ley procesal de familia.",
      "1artículo 3 Convención de los Derechos del Niño; artículo 3 de la Ley 26061; artículos 1 y 13 de la Ley Procesal de Familia \"CABALLERO GÁLVEZ MARÍA FLORA C/ GIACHERO RAMÓN OSCAR S/ TUTELA ANTICIPADA DE URGENCIA\" - Expte. Nº 9115 Aquella manda procesal, sumado a la observancia de los principios de oficiosidad y celeridad (artículo 1, incisos 3 y 4, de la ley procesal de familia), requiere que se tomen de oficio todas las medidas tendientes a adelantar los trámites y evitar dispendios jurisdiccionales que menoscaben el aseguramiento de los derechos de las personas involucradas en el supuesto.",
      "Asimismo, el cumplimiento de la profusa tutela legal, constitucional y convencional que interpela a asegurar el interés superior de niños, niñas y adolescentes, citada por la propia alzada en su sentencia, hace imperioso adoptar en el caso las medidas que atiendan a realizar el valor justicia, y que lo resuelto no quede en meros posicionamientos dogmáticos sobre la temática.",
      "b.- En lo que aquí interesa, la escucha del adolescente Laureano e intervención del joven Gonzalo ordenada por la Cámara devolvería nuevamente a primera instancia el expediente de referencia.",
      "En la decisión de esta tutela de urgencia, el reenvío dispuesto conlleva una demora que no se justifica en el estado fáctico actual.",
      "La Cámara debió garantizar la proclamada escucha en la instancia de alzada, y luego resolver -con la urgencia que el caso amerita- la cuestión sometida a su jurisdicción, derivada de la impugnación contra lo decidido en audiencia de fecha 9/1/2024 por la jueza de primera instancia.",
      "Dos cuestiones de relevancia motivan la aseveración: por un lado, no avizoro razones de extrema gravedad que aconsejen retrotraer el proceso a la instancia de origen. Se trata de una cuestión de urgente resolución jurisdiccional que no admite demoras fundadas en tecnicismos que se aparten de la finalidad del plexo tuitivo de los derechos de Laureano y Gonzalo. Por otro lado, la solución que propongo encuentra anclaje en el propio ordenamiento de rito específico, en las normas citadas (artículo 1, incisos 3 y 4; artículo 13, inciso 12).",
      "Además, la audiencia de escucha en favor del menor de edad y el joven interesados tiene diseñado su carril en la instancia de apelación a través del procedimiento previsto en el artículo 302 de la ley procesal de familia.",
      "5.- Por consiguiente corresponde: A) declarar la improcedencia del recurso de inaplicabilidad deducido; B) dejar sin efecto la remisión decidida en la sentencia del 25/4/2024, y, en consecuencia, ordenar la convocatoria a la audiencia de escucha de Laureano y la intervención de Gonzalo en la instancia de alzada;",
      "hecho lo cual ese tribunal deberá resolver las cuestiones sometidas a su jurisdicción a través del recurso de apelación deducido contra la resolución de fecha 9/1/2024;",
      "C) sin imposición de costas en esta instancia atento la naturaleza de la cuestión comprometida. ASÍ VOTO.",
      "A LA CUESTIÓN PROPUESTA EL SR. VOCAL"
    ],
    "LEONARDO PORTELA DIJO": [
      "Que adhiero a la solución propuesta por el Dr. Tepsich. ASÍ \"CABALLERO GÁLVEZ MARÍA FLORA C/ GIACHERO RAMÓN OSCAR S/ TUTELA ANTICIPADA DE URGENCIA\" - Expte. Nº 9115 VOTO.",
      "Con lo que no siendo para más se da por finalizado el acto quedando acordada la siguiente sentencia:",
      "Paraná, 19 de septiembre de 2024."
    ],
    "Y VISTO": [
      "Por los fundamentos del acuerdo que antecede y por mayoría se,"
    ],
    "RESUELVE": [
      "DECLARAR INADMISIBLE el recurso de inaplicabilidad de ley deducido en fecha 3/5/2024, respecto de la resolución de la Sala Segunda Civil y Comercial de la Cámara de Apelaciones de Concordia dictada en fecha 25/4/2024.",
      "Notifíquese conforme arts. 1º y 4º Ac. Gral. 15/18 SNE, regístrese y oportunamente devuélvase.",
      "Ante mí. En igual fecha se registró. Asimismo, se deja constancia que la presente se suscribe mediante firma digital -Acuerdo Gral. 11/20 del 23-6-2020, Punto 4°) prescindiéndose de su impresión en formato papel."
    ]
  }
}