{
  "METADATOS": {
    "ID_FALLO": "8613",
    "MES": "03",
    "ARTICULOS_CITADOS": {
      "citations": [
        {
          "main_source": "Ley 7046",
          "cited_articles": [
            3,
            12,
            29,
            30,
            63,
            64,
            71,
            94
          ],
          "extra": null
        },
        {
          "main_source": "Acuerdo General 15/18 SNE",
          "cited_articles": [
            1,
            4
          ],
          "extra": null
        },
        {
          "main_source": "Ley 7046",
          "cited_articles": [
            28
          ],
          "extra": null
        },
        {
          "main_source": "Otro",
          "cited_articles": [
            114,
            29
          ],
          "extra": null
        }
      ]
    }
  },
  "MATERIA_PRELIMINAR": "EJECUCION DE HONORARIOS",
  "IDEA_CENTRAL": "**IDEA CENTRAL DEL FALLO:**\n\nEl tribunal ha decidido regular los honorarios profesionales de los abogados intervinientes en los recursos de inaplicabilidad de ley y extraordinario federal, conforme a la normativa arancelaria vigente, estableciendo montos específicos para cada profesional.\n\n**Decisión Judicial Principal y Fundamento:**\n\nLa decisión principal consiste en la regulación de honorarios a los Dres. Juan Sebastián Vela, Mariano Manuel Monfort y Roberto Cristian Vanopstal, fijando montos específicos para su actuación en dos recursos judiciales. Esta regulación se fundamenta en la Ley 7046, que establece los criterios y procedimientos para la determinación de honorarios.\n\n**Aspectos Legales Relevantes:**\n\n1. **Ley 7046**: Regula los honorarios de abogados y procuradores.\n   - **Art. 28**: Establece la obligación de notificación de la regulación de honorarios.\n   - **Art. 114**: Dispone sobre el pago de honorarios, incluyendo plazos y condiciones en caso de mora.\n\n**Razonamiento del Tribunal:**\n\nEl tribunal, al regular los honorarios, se basa en la normativa arancelaria aplicable, considerando la base económica de la liquidación aprobada. Se asegura que los montos fijados sean justos y proporcionales a la labor realizada por los profesionales en los recursos judiciales mencionados. Además, se enfatiza la importancia de la notificación adecuada para el ejercicio del derecho al cobro de los honorarios.\n\nEn conclusión, el fallo establece claramente los honorarios a pagar, asegurando el cumplimiento de la normativa vigente y garantizando los derechos de los profesionales involucrados en el proceso judicial.",
  "CONTENIDO": {
    "INICIO": [
      "\"MONFORT MARIANO MANUEL C/ GABIRONDO JUAN FRANCISCO S/ EJECUCION DE HONORARIOS\" - Expte. Nº 8613.",
      "PARANÁ, 19 de marzo de 2024."
    ],
    "VISTO Y CONSIDERANDO": [
      "Que los autos \"MONFORT MARIANO MANUEL C/ GABIRONDO JUAN FRANCISCO S/ EJECUCION DE HONORARIOS\" - Expte. Nº 8613, vienen a consideración de este Tribunal a los fines de regular honorarios por la actuación profesional en el recurso de inaplicabilidad de ley resuelto en fecha 24/8/2022 y en el recurso extraordinario, cuya resolución fue dictada en fecha 25/11/2022.",
      "Que para la presente regulación se tiene en cuenta la normativa arancelaria aplicable -arts. 3, 12, 29, 30, 63, 64, 71 y 94 de la ley 7046-, y conforme a la base económica según liquidación aprobada en fecha 21/4/2023.",
      "En consecuencia, se"
    ],
    "RESUELVE": [
      "REGULAR los honorarios profesionales a los Dres. Juan Sebastián Vela, Mariano Manuel Monfort y Roberto Cristian Vanopstal por el recurso de inaplicabilidad de ley resuelto en las respectivas sumas de pesos ciento veintitrés mil quinientos treinta ($ 123.530), pesos ciento un mil setenta ($ 101.070) y pesos ciento cincuenta y siete mil doscientos veinte ($ 157.220), más IVA si correspondiere.",
      "REGULAR los honorarios profesionales a los Dres. Juan Sebastián Vela, Mariano Manuel Monfort y Roberto Cristian Vanopstal por el recurso extraordinario federal resuelto en las respectivas sumas de pesos ciento veintitrés mil quinientos treinta ($ 123.530), pesos ciento un mil setenta ($ 101.070) y pesos ciento cincuenta y siete mil doscientos veinte ($ 157.220), más IVA si correspondiere.",
      "Notifíquese conforme arts. 1º y 4º Ac. Gral. 15/18 SNE, regístrese y oportunamente devuélvase.",
      "Ante mí. En igual fecha se registró. Asimismo, se deja constancia que la presente se suscribe mediante firma digital -Acuerdo Gral. 11/20 del 23-6-2020, Punto 4°) prescindiéndose de su impresión en formato papel.",
      "Existiendo regulación de honorarios a abogados y/o procuradores, cumpliendo con lo dispuesto por la ley 7046, se transcriben los siguientes los artículos:",
      "Art. 28: NOTIFICACIÓN DE TODA REGULACIÓN. Toda regulación de honorarios deberá notificarse personalmente o por cédula. Para el ejercicio del derecho al cobro del honorario al mandante o patrocinado, la notificación deberá hacerse en su domicilio real.",
      "En todos los casos la cédula deberá ser suscripta por el Secretario del Juzgado o Tribunal con transcripción de este Artículo y del art. 114 bajo pena de nulidad. No será necesaria la notificación personal o por cédula de los autos que resuelvan los reajustes posteriores que se practiquen por aplicación del art.114\".",
      "Art. 114: PAGO DE HONORARIOS. Los honorarios regulados judicialmente deberán abonarse dentro de los diez días de requerido su pago en forma fehaciente. Operada la mora, el profesional podrá reclamar el honorario actualizado con aplicación del índice, previsto en el art. 29 desde la regulación y hasta el pago, con más un interés del 8% anual.",
      "En caso de tratarse de honorarios que han sido materia de apelación, sobre el monto que quede fijado definitivamente su instancia superior, se aplicará la corrección monetaria a partir de la regulación de la instancia inferior. No será menester justificar en juicios los índices que se aplicarán de oficio por los Sres. Jueces y Tribunales”."
    ]
  }
}