{
  "METADATOS": {
    "ID_FALLO": "8852",
    "MES": "03",
    "ARTICULOS_CITADOS": {
      "citations": [
        {
          "main_source": "Ley 7046",
          "cited_articles": [
            3,
            30,
            63,
            64,
            94
          ],
          "extra": null
        },
        {
          "main_source": "Acuerdo General 15/18 SNE",
          "cited_articles": [
            1,
            4
          ],
          "extra": "conforme"
        },
        {
          "main_source": "Otro",
          "cited_articles": [
            28,
            114,
            29
          ],
          "extra": null
        }
      ]
    }
  },
  "MATERIA_PRELIMINAR": "ORDINARIO ACCION DE CONSIGNACION",
  "IDEA_CENTRAL": "**IDEA CENTRAL DEL FALLO:**\n\nEl tribunal ha decidido regular los honorarios profesionales de los abogados intervinientes en el recurso de inaplicabilidad de ley, fijando montos específicos conforme a la normativa arancelaria aplicable.\n\n**Decisión Judicial Principal y Fundamento:**\n\nLa decisión principal del fallo es la regulación de honorarios a los Dres. Francisco Alejandro Amadío y Rodolfo Luis Fraga, estableciendo las sumas de $2.810.000 y $1.967.000, respectivamente. Esta regulación se fundamenta en la Ley 7046, que establece las pautas para la determinación de honorarios en el ámbito judicial.\n\n**Aspectos Legales Relevantes:**\n\n1. **Ley 7046**: Regula los honorarios de abogados y procuradores.\n   - **Art. 28**: Establece la obligación de notificación personal o por cédula de toda regulación de honorarios.\n   - **Art. 114**: Dispone que los honorarios regulados deben ser abonados dentro de los diez días de requerido su pago, con posibilidad de actualización en caso de mora.\n\n**Razonamiento del Tribunal:**\n\nEl tribunal, al regular los honorarios, considera la normativa arancelaria y la existencia de mayoría de opiniones sobre la cuestión, lo que le permite evitar un pronunciamiento extenso. La regulación se realiza en cumplimiento de los artículos mencionados de la Ley 7046, asegurando que los abogados reciban una compensación justa por su trabajo en el recurso de inaplicabilidad de ley. Además, se enfatiza la importancia de la notificación adecuada para el ejercicio del derecho al cobro de los honorarios.\n\nEn conclusión, el fallo establece un marco claro para la regulación de honorarios, garantizando el cumplimiento de las disposiciones legales pertinentes.",
  "CONTENIDO": {
    "INICIO": [
      "\"ZAMPEDRI, ADRIAN EDGARDO C/ PÉREZ, EUSEBIO ANTONIO S/ ORDINARIO ACCION DE CONSIGNACION\" Expte. Nº 8852.",
      "PARANÁ, 26 de marzo de 2024."
    ],
    "VISTO Y CONSIDERANDO": [
      "Que los autos \"ZAMPEDRI, ADRIAN EDGARDO C/ PÉREZ, EUSEBIO ANTONIO S/ ORDINARIO ACCION DE CONSIGNACION\" - Expte. Nº 8852, vienen a consideración de este Tribunal en virtud de la solicitud de regulación de honorarios de fecha 9/2/2024 por la actuación profesional en el recurso de inaplicabilidad de ley resuelto en fecha 2/8/2023.",
      "Que para la presente regulación se tiene en cuenta la normativa arancelaria aplicable -arts. 3, 30, 63, 64 y 94 de la ley 7046-.",
      "Por último, el Sr. Vocal Dr. Germán R. F. Carlomagno manifiesta que por existir mayoría de opiniones acerca de la cuestión propuesta resulta innecesario pronunciarse al respecto.",
      "En consecuencia, se"
    ],
    "RESUELVE": [
      "REGULAR los honorarios profesionales a los Dres. Francisco Alejandro Amadío y Rodolfo Luis Fraga por el recurso de inaplicabilidad de ley resuelto en las respectivas sumas de pesos dos millones ochocientos diez mil ($ 2.810.000) y pesos un millón novecientos sesenta y siete mil ($ 1.967.000), más IVA si correspondiere.",
      "Notifíquese conforme arts. 1º y 4º Ac. Gral. 15/18 SNE, regístrese y oportunamente devuélvase.",
      "Ante mí. En igual fecha se registró. Asimismo, se deja constancia que la presente se suscribe mediante firma digital -Acuerdo Gral. 11/20 del 23-6-2020, Punto 4°) prescindiéndose de su impresión en formato papel.",
      "Existiendo regulación de honorarios a abogados y/o procuradores, cumpliendo con lo dispuesto por la ley 7046, se transcriben los siguientes los artículos:",
      "Art. 28: NOTIFICACIÓN DE TODA REGULACIÓN. Toda regulación de honorarios deberá notificarse personalmente o por cédula. Para el ejercicio del derecho al cobro del honorario al mandante o patrocinado, la notificación deberá hacerse en su domicilio real.",
      "En todos los casos la cédula deberá ser suscripta por el Secretario del Juzgado o Tribunal con transcripción de este Artículo y del art. 114 bajo pena de nulidad. No será necesaria la notificación personal o por cédula de los autos que resuelvan los reajustes posteriores que se practiquen por aplicación del art.114\".",
      "Art. 114: PAGO DE HONORARIOS. Los honorarios regulados judicialmente deberán abonarse dentro de los diez días de requerido su pago en forma fehaciente. Operada la mora, el profesional podrá reclamar el honorario actualizado con aplicación del índice, previsto en el art. 29 desde la regulación y hasta el pago, con más un interés del 8% anual.",
      "En caso de tratarse de honorarios que han sido materia de apelación, sobre el monto que quede fijado definitivamente su instancia superior, se aplicará la corrección monetaria a partir de la regulación de la instancia inferior. No será menester justificar en juicios los índices que se aplicarán de oficio por los Sres. Jueces y Tribunales”."
    ]
  }
}