{
  "METADATOS": {
    "ID_FALLO": "8949",
    "MES": "03",
    "ARTICULOS_CITADOS": {
      "citations": [
        {
          "main_source": "Ley 4878",
          "cited_articles": [
            29
          ],
          "extra": "art. 29 de la Ley 4878, arts. 29 de la Ley 4878"
        },
        {
          "main_source": "Código Procesal Civil y Comercial (CPCC)",
          "cited_articles": [
            74,
            263,
            267,
            65,
            544,
            77,
            276,
            280,
            281
          ],
          "extra": "74 del CPCC (Ley 9776), art. 74 del CPCC (de julio de 2007, Ley 9776, BO 2/1/2008)"
        },
        {
          "main_source": "Constitución Nacional (CN)",
          "cited_articles": [
            18
          ],
          "extra": "art. 18 CN"
        },
        {
          "main_source": "Código Civil y Comercial (CCC)",
          "cited_articles": [
            2
          ],
          "extra": "art. 2 del CCC"
        },
        {
          "main_source": "Ley 27.423",
          "cited_articles": [
            59
          ],
          "extra": "art. 59 inc. h) de la Ley 27423"
        },
        {
          "main_source": "Ley 9776",
          "cited_articles": [
            74
          ],
          "extra": "art. 74 de la Ley 9776"
        },
        {
          "main_source": "Acuerdo General 11/20",
          "cited_articles": [],
          "extra": "Acuerdo Gral. 11/20 del 23-6-2020"
        },
        {
          "main_source": "Acuerdo General 15/18 SNE",
          "cited_articles": [],
          "extra": "conforme arts. 1º y 4º Ac. Gral. 15/18 SNE"
        },
        {
          "main_source": "Ley 7046",
          "cited_articles": [
            3,
            58,
            63,
            64,
            94
          ],
          "extra": "arts. 3, 58, 63, 64 y 94 de la ley 7046"
        },
        {
          "main_source": "Otro",
          "cited_articles": [
            114
          ],
          "extra": "art. 114"
        },
        {
          "main_source": "Corte Suprema de Justicia de la Nación (CSJN)",
          "cited_articles": [],
          "extra": "Fallos: 321:532; 323:2916, Fallos: 314:1445; 321:730; 324:4349, Fallos: 319:1840, Fallos 345:730"
        }
      ]
    }
  },
  "MATERIA_PRELIMINAR": "EJECUCION DE HONORARIOS",
  "IDEA_CENTRAL": "### IDEA CENTRAL DEL FALLO\n\n**Decisión Judicial Principal:** El Tribunal declaró improcedente el recurso de inaplicabilidad de ley interpuesto por José María González en el caso \"González José María c/ Centro Médico Crespo S.R.L. s/ Ejecución de Honorarios\", confirmando la decisión de la Cámara de Apelaciones que había rechazado su apelación respecto a la ejecución de honorarios.\n\n**Fundamento Legal:** La decisión se basa en la interpretación del artículo 74 del Código Procesal Civil y Comercial (CPCC) en relación con el artículo 29 de la Ley 4878. El Tribunal sostuvo que, aunque el artículo 29 establece el derecho del perito a cobrar el 100% de sus honorarios, el artículo 74, que es posterior, limita este derecho al 50% cuando la parte no ha sido condenada en costas.\n\n### Aspectos Legales Relevantes\n\n1. **Artículos Clave:**\n   - **Ley 4878, Art. 29:** Establece el derecho del perito a cobrar sus honorarios.\n   - **CPCC, Art. 74:** Limita el cobro al 50% en caso de que la parte no haya sido condenada en costas.\n\n2. **Doctrina y Jurisprudencia:** Se citó la necesidad de interpretar las normas de manera coherente y armónica, considerando la evolución legislativa y la intención del legislador.\n\n### Razonamiento del Tribunal\n\nEl Tribunal argumentó que la interpretación del derecho debe ser flexible y considerar el contexto normativo completo. Se enfatizó que la limitación del 50% no implica una derogación del derecho a cobrar, sino una regulación equitativa que busca proteger los derechos de todas las partes involucradas. Además, se desestimaron las alegaciones de inconstitucionalidad del artículo 74, argumentando que la declaración de inconstitucionalidad debe ser un recurso extremo y no se justificó adecuadamente en este caso.\n\n### Conclusión\n\nEl fallo reafirma la primacía del artículo 74 del CPCC sobre el artículo 29 de la Ley 4878, estableciendo un límite razonable al cobro de honorarios en el contexto de la ejecución de honorarios, y subraya la importancia de una interpretación armónica del ordenamiento jurídico.",
  "CONTENIDO": {
    "INICIO": [
      "\"GONZALEZ JOSE MARIA C/ CENTRO MEDICO CRESPO S.R.L. S/ EJECUCION DE HONORARIOS\" - Expte. Nº 8949"
    ],
    "///CUERDO": [
      "En la ciudad de Paraná, capital de la provincia de Entre Ríos, a los trece días del mes de marzo del año dos mil veinticuatro reunidos los integrantes de este Tribunal asistidos por el Secretario autorizante, para conocer el recurso de inaplicabilidad de ley deducido en fecha 28/7/2023 en las actuaciones:",
      "\"GONZALEZ JOSE MARIA C/ CENTRO MEDICO CRESPO S.R.L. S/ EJECUCION DE HONORARIOS\" - Expte. Nº 8949, respecto de la resolución de la Sala Segunda de la Cámara Segunda de Apelaciones de Paraná dictada en fecha 30/6/2023. Se practicó el sorteo de ley resultando que la votación debía tener lugar en el siguiente orden: Sr. Vocal Dr. Leonardo Portela; Sra. Vocal Dra. Gisela Schumacher y Sra. Vocal Dra. Laura Mariana Soage.",
      "Estudiados los autos, la Sala se planteó la siguiente cuestión: ¿qué corresponde resolver respecto del recurso de inaplicabilidad de ley interpuesto?",
      "A LA CUESTIÓN PROPUESTA EL SR. VOCAL DR."
    ],
    "LEONARDO PORTELA DIJO": [
      "1.- Que el ejecutante, José María González, interpuso recurso de inaplicabilidad de ley (28/7/2023) contra la resolución dictada por la Sala Segunda de la Cámara Segunda de Apelaciones de Paraná (30/6/2023) que rechazó el recurso de apelación deducido por su parte contra la resolución del 3 de marzo de 2023 la que, en consecuencia, confirmó con costas al apelante vencido.",
      "2.- Que el perito contador José María González:",
      "a) promovió la presente ejecución de honorarios contra \"Centro Médico Crespo SRL\" por la suma de $ 58.100, más IVA, intereses y honorarios.",
      "Fundó su pretensión en el art. 29 de la Ley 4878.",
      "Que dichos honorarios fueron regulados en las actuaciones \"Martínez Andrea Fabiana c/ Farías Verónica y otro s/ Ordinario daños y perjuicios\", Expte. Nº 17525, sentencia del 2 de diciembre de 2021.",
      "La ejecutada, opuso excepción de inhabilidad de título por el 50% de la suma ejecutada, con fundamento en el art. 74 del CPCC -por no haber sido condenada en costas-; se allanó por el porcentaje restante y dio en pago los montos embargados.",
      "b) La resolución dictada en primera instancia (3/3/2023) hizo lugar a la excepción de inhabilidad de título parcial. En consecuencia mandó llevar adelante la ejecución por la suma de $ 29.050, con más intereses desde la mora y hasta la fecha de dación en pago. Impuso costas en un 50% a cada una de las partes.",
      "Esta resolución fue apelada por el ejecutante.",
      "3.- La cámara de apelaciones, luego de relacionar los antecedentes de la causa rechazó el recurso.",
      "Transcribió las partes pertinentes de los arts. 29 de la Ley 4878 y \"GONZALEZ JOSE MARIA C/ CENTRO MEDICO CRESPO S.R.L. S/ EJECUCION DE HONORARIOS\" - Expte. Nº 8949 74 del CPCC (Ley 9776). Refirió a los principios de especialidad normativa, jerarquía y temporalidad, como criterios tradicionales de la solución de antinomias.",
      "Con cita de doctrina, advirtió que, en la actualidad, su aplicación estricta e indiferenciada hace crisis.",
      "Que, en particular, luego de la sanción del CCC el diálogo se incorpora como un recurso hermenéutico de un sistema en el que sus elementos se encuentran conectados y es considerado superador de las posibles antinomias entre las fuentes. Que esto implica aplicar flexible, simultánea, complementaria y coordinadamente las diversas fuentes para mantener coherencia e integralidad de un sistema jurídico plural y complejo, dinámico y fluido.",
      "Que ello surge del art. 2 del CCC cuando dice que la ley debe ser interpretada \"de un modo coherente con todo el ordenamiento\".",
      "Que en aval de su posición citó un precedente en el que intervine como vocal de la Sala Civil de la Cámara de Apelaciones de Gualeguaychú. En la ocasión -en disidencia- me incliné por otorgar preponderancia al art. 74 del CPCC con fundamento en que, si bien es una norma general, es posterior en el tiempo y responde a la voluntad actual del legislador (resolución dictada en las actuaciones:",
      "\"Asociación Protección Consumidores del Mercado Común del Sur -PROCONSUMER- c/ DILFER S.A. - Ordinario s/ Ejecución de honorarios - Promovido por perito contador N.B.\", Expte. N° 7422/C, 15/12/2021).",
      "Que, en otro orden, precisó que el principio de igualdad puede ser compatible con normas específicas para determinadas situaciones que exijan una regulación diferenciada. Sin embargo -aclaró- resolver en el sentido interesado crearía una manifiesta desigualdad con los demás profesionales que se desempeñen como peritos. En virtud de ello, resolvió rechazar el recurso e imponer las costas a la vencida.",
      "4.- Que la parte ejecutante interpuso recurso de inaplicabilidad de ley (28/7/2023). En la ocasión y luego de referir al cumplimiento de los recaudos de admisibilidad formal, funda su planteo. Denuncia: a) errónea aplicación de la ley y b) violación de la doctrina legal.",
      "a) Como primer argumento, cuestiona que el fallo atacado fue exclusivamente votado por una sola magistrada. Entiende que fue reducido a la motivación exclusiva de la Dra. Ceballos quien motivó la sentencia en soledad, dejando plasmada una opinión personal.",
      "Que el segundo voto no consta en la sentencia, ni su adhesión al primer voto (art. 263 CPCC) y que el tercer voto, no existió. Entiende que ello vulnera el ejercicio del derecho de defensa art. 18 CN.",
      "b) En segundo lugar, señala que los argumentos dados son contradictorios y resultan violatorios de la doctrina legal.",
      "Postula que el fallo cita jurisprudencia del Máximo Tribunal \"GONZALEZ JOSE MARIA C/ CENTRO MEDICO CRESPO S.R.L. S/ EJECUCION DE HONORARIOS\" - Expte. Nº 8949 Nacional según el cual la ley general posterior no deroga ni modifica la ley especial anterior (CSJN, Flores, Fallos 340:765); que, sin embargo, de manera arbitraria se aparta de esa regla y formula una posición personal relativa a los criterios de interpretación de las normas.",
      "Indica que es de absoluta relevancia la tarea que cumplen los peritos como auxiliares de la justicia para la resolución de las causas judiciales.",
      "Que, en función de ello, la finalidad de la norma es proteger el honorario, que tiene carácter alimentario.",
      "Que la valoración que puso en eje la ausencia de protección legal de la retribución de los demás peritos -que habilite su cobro a cualquiera de las partes-, no puede traducirse en la voluntad del legislador de una presunta derogación normativa fundada en la igualdad.",
      "Resalta que ninguna interpretación posible -que no sea contradictoria- puede admitir que la finalidad del legislador sea cercenar el derecho al cobro íntegro de sus honorarios como perito. Que ese derecho está consagrado por una ley especial, no derogada ni expresa ni tácitamente.",
      "c) Expresa que el derecho de los peritos al cobro del 100% del honorario regulado por su labor, de cualquiera de las partes, es el criterio sostenido por la CSJN.",
      "Que el Máximo Tribunal sostiene que el perito designado, con prescindencia de la condena en costas, puede perseguir el cobro de sus honorarios contra cualquiera de las partes, sin perjuicio del derecho de repetición que pudiera corresponder (Fallos: 321:532; 323:2916). Que este criterio es receptado en el art.",
      "59 inc. h) de la Ley 27423.",
      "d) Plantea la inconstitucionalidad del art. 74 de la Ley 9776.",
      "Indica que la pretensión que los peritos no tengan derecho a percibir el 50% de los honorarios, cuando la parte condenada en costas litigue con beneficio de litigar sin gastos es inconstitucional. La detracción del 50% afecta el derecho de propiedad del honorario (art. 17 CN) y es confiscatorio. Finalmente, hace reserva del caso federal y peticiona.",
      "6.- Que la contraria replicó el memorial recursivo y, en síntesis, solicita su rechazo (23/8/2023).",
      "7.- Que el tribunal de la anterior instancia concedió el recurso de inaplicabilidad de ley con efecto suspensivo (5/10/2023).",
      "8.- Que se le dio intervención al Ministerio Público Fiscal, organismo que dictaminó a través de su procurador adjunto interino, Dr. César Ariel Cesario (27/10/23).",
      "El funcionario sostuvo que el derecho al cobro de los emolumentos profesionales respecto de aquel que no ha sido condenado en costas tiene un límite, cual es el cincuenta por ciento; que en tal caso, conserva el derecho \"GONZALEZ JOSE MARIA C/ CENTRO MEDICO CRESPO S.R.L. S/ EJECUCION DE HONORARIOS\" - Expte. Nº 8949 de repetición contra los demás sujetos que no fueron parte en el proceso principal.",
      "Que este es el criterio adoptado por esta Sala Civil STJER, en la causa: \"Solari Gustavo Rafael c/ All Angel José s/ Ejecución de honorarios s/ Queja [interpuesta por el Dr. Enzo R. Cabrera]\", Expte. N° 6874, sentencia del 12/8/14. Que similares conclusiones se adoptaron en la causa \"Asociación Protección Consumidores del Mercado Común del Sur -PROCONSUMER- c/ DILFER S.A. s/ Ordinario s/ Ejecución de honorarios [promovido perito informática María Virginia Nazzar], Expte. N° 8595, sentencia del 28/12/22, voto en disidencia de la Dra. Schumacher.",
      "Agrega que la declaración de inconstitucionalidad de una norma es un acto de gravedad institucional y que debe ser considerada como la \"ultima ratio\" del orden jurídico. Entiende que, por los argumentos expuestos, corresponde rechazar el pedido de inconstitucionalidad.",
      "Concluye que la decisión adoptada respeta las garantías constitucionales y el derecho vigente aplicable al caso, por lo que propicia se rechace el recurso deducido en su contra.",
      "9.- Que, efectuado el relato que antecede:",
      "a) Recuerdo que el análisis preliminar de admisibilidad en nuestro ordenamiento procesal es llevado a cabo en dos oportunidades, la primera por el tribunal de origen, que analiza el cumplimiento de los requisitos formales de admisibilidad y de fundabilidad del planteo recursivo (arts. 276, 280 y 281 del CPCC) y, el segundo, por esta Sala.",
      "Conforme las exigencias técnicas del recurso, se debe efectuar el directo cuestionamiento de la sentencia definitiva de segunda instancia, del cual derive una crítica y un ataque pertinente a su fundamentación que demuestre la errónea aplicación de la ley y/o doctrina legal de este tribunal. Que no obstante la literalidad del art. 276, se admite por vía de creación jurisprudencial el análisis de cuestiones de hecho y prueba reservadas en principio a los jueces de grado, cuando se alegue y demuestre absurdidad. Finalmente, el cuestionamiento por arbitrariedad reviste en el orden local carácter excepcional requiriéndose cabal demostración de su configuración, así de manera restrictiva se ha aludido a las sentencias que se apartan flagrantemente de los hechos probados en la causa, sentencias carentes de fundamentos y/o con fundamentos claramente insostenibles, absurdos o autocontradictorios.",
      "b) En este estado, advierto que si bien la resolución cuestionada fue dictada en el marco de un proceso de ejecución de honorarios, la sentencia recurrida es definitiva en tanto la cuestión resuelta -extensión de responsabilidad de la parte no condenada en costas- por sus efectos, revela el carácter conclusivo que exige la normativa ritual como condición que habilita la instancia revisora.",
      "10.- Que, sentado lo expuesto, corresponde ingresar al examen del \"GONZALEZ JOSE MARIA C/ CENTRO MEDICO CRESPO S.R.L. S/ EJECUCION DE HONORARIOS\" - Expte. Nº 8949 asunto y determinar si efectivamente existió errónea aplicación de la ley y/o violación de la doctrina legal.",
      "Aclaro que, si bien la recurrente formula diversas y muy variadas críticas al fallo en revisión, solo abordaré aquellas que ofrecen trascendencia para la solución del conflicto; conforme el criterio mantenido por el Máximo Tribunal Nacional que señala que la magistratura no está obligada a analizar todas y cada una de las argumentaciones de las partes, sino las que sean conducentes y posean relevancia para decidir el caso (Fallos: 258:304; 262:222; 265:301; 272:225, entre otros).",
      "11.- El primer punto que considero necesario aclarar es que la resolución en revisión -a contrario de lo que expresa la parte recurrente- recepta el voto conjunto de quienes, por entonces, tomaron intervención como vocales de la cámara de apelaciones local, Dra. Norma V. Ceballos y Rodolfo G. Jáuregui.",
      "Tratándose de un recurso de apelación concedido en relación, el código de procedimiento habilita -en forma expresa- a que la sentencia se redacte en forma impersonal y con la firma de dos de sus miembros (art. 267, tercer párrafo del CPCC).",
      "En virtud de ello, cabe descartar la crítica vertida por el recurrente contra la validez formal del fallo.",
      "12.- Que, establecido lo anterior, corresponde analizar si la solución al caso, por la cual se dio primacía al art. 74 del CPCC resulta razonable y es una derivación lógica del sistema de normas o, en su defecto, es arbitraria como postula el recurrente.",
      "a) En relación a este punto, como vocal de cámara tuve ocasión de expedirme en una causa en la que también se debatía la materia aquí controvertida.",
      "En efecto, allí luego de advertir la discordancia existente entre dos normas, esto es, por un lado el art. 29 de la Ley 4878 (dictada en mayo de 1970) y, por otro, el art. 74 del CPCC (de julio de 2007, Ley 9776, BO 2/1/2008), me incliné por dar preponderancia a este último.",
      "En particular consideré que \"frente al dilema expuesto, que surge de la discordancia de las leyes, me inclino por otorgarle preponderancia al art. 74 del CPCC, ya que, pese a ser genérico, es muy posterior en el tiempo, responde a la voluntad actual del legislador y su aplicación no ha generado controversias.\" (Cfrse. actuaciones: \"Asociación Protección Consumidores del Mercado Común del Sur -PROCONSUMER- c/ DILFER S.A. s/ ordinario s/ Ejecución de honorarios (promovido Perito Contador N. B.)\" - Expte. Nº 7422/C, sentencia del 15/12/2021).",
      "La previsión contenida en el último párrafo del art. 74 del CPCC sigue la misma línea adoptada en el art. 77 del CPCC. Esta norma fue reformada con el dictado de la Ley 24432, que modificó el principio tradicional por el cual las \"GONZALEZ JOSE MARIA C/ CENTRO MEDICO CRESPO S.R.L. S/ EJECUCION DE HONORARIOS\" - Expte. Nº 8949 personas que intervenían en un proceso en calidad de peritos podían ejecutar sus honorarios contra cualquiera de las partes, sea o no condenada en costas.",
      "De tal modo -al igual que la norma local-, incorporó un límite a tal derecho y su reclamo a la parte no condenada en costas debe limitarse al cincuenta por ciento de los honorarios regulados.",
      "Con ello, entiendo que la validez del art. 77, última parte del CPCC no merece ser atacada porque no conculca ningún derecho patrimonial. No significa una disminución del honorario regulado -como erróneamente manifiesta el recurrente-, sino que establece una restricción al derecho de cobro cuando la acción se dirija contra una persona que no fue condenada en costas, cuyo patrimonio también es digno de tutela.",
      "Quienes comentan la reforma entienden que esta limitación al 50% \"resulta equitativa cuando el condenado en costas es insolvente, a fin de que el vencedor no deba soportar la totalidad de los honorarios del perito\". (ARAZI, Roland - ROJAS Jorge A., Código Procesal Civil y Comercial de la Nación - comentado y anotado, 2ª edición, tomo I, Santa Fe, Rubinzal- Culzoni. 2022, pág.",
      "115).",
      "b) La parte recurrente insiste en que se debe dar preeminencia al art. 29 de la Ley 4878 por sobre el art. 74, último párrafo del CPCC.",
      "Sin embargo, no rebate las consideraciones vertidas en el fallo precedente que informa cómo debe ser interpretado el derecho, al decir que es un sistema de normas que deben ser analizadas de manera coordinada y armónica.",
      "En especial allí también se precisó que la pretensión del experto en ciencias económicas crearía una manifiesta desigualdad injustificada, frente al resto de los profesionales que se desempeñan como peritos.",
      "Que en este sentido, eventualmente, la norma inconstitucional sería el art. 29 de la ley 4878 porque genera una desigualdad injustificada entre profesionales.",
      "Que el Máximo Tribunal Nacional recientemente se expidió en un caso en el que describió cómo debe ser interpretada la ley. En este sentido, sostuvo:",
      "\"que los jueces deben atenerse, al momento de interpretar una norma, a su vinculación con el resto del ordenamiento jurídico (Fallos: 314:1445; 321:730;",
      "324:4349); como así también que '[c]uando la inteligencia de un precepto, basada exclusivamente en la literalidad de uno de sus textos conduzca a resultados concretos que no armonicen con los principios axiológicos enunciados en otro de rango superior y produzca consecuencias notoriamente disvaliosas, resulta necesario dar preeminencia al espíritu de la ley, a sus fines, al conjunto armonioso del ordenamiento jurídico y a los preceptos fundamentales del derecho en el grado y jerarquía en que éstos son valorados por el ordenamiento normativo' (Fallos:",
      "319:1840)\" (CSJN, Fallos: 346:1339).",
      "\"GONZALEZ JOSE MARIA C/ CENTRO MEDICO CRESPO S.R.L. S/ EJECUCION DE HONORARIOS\" - Expte. Nº 8949 En virtud de las consideraciones vertidas precedentemente, entiendo que la decisión adoptada por el tribunal de apelaciones se ajusta al sistema de fuentes que conforman la Constitución, los tratados internacionales, el Código Civil y Comercial, las leyes procesales y arancelarias locales, y -en definitiva- arriba a una conclusión lógica y coherente con el ordenamiento jurídico.",
      "c) Finalmente, como sostiene de manera inveterada la Corte Suprema de Justicia de la Nación, la declaración de inconstitucionalidad de una norma es un recurso extremo que debe evitarse si hay otra manera de resolver el conflicto (Fallos 345:730, del voto del Dr. Lorenzetti). Ello porque, de alguna manera, implica anular la actividad, hasta ese momento y, en general, válida, de uno de los poderes del Estado.",
      "En efecto, ha dicho el Máximo Tribunal Nacional que: \"...la declaración de inconstitucionalidad de una disposición legal es un acto de suma gravedad institucional que debe ser considerado como ultima ratio del orden jurídico, por lo que no cabe efectuarla sino cuando la repugnancia del precepto con la cláusula constitucional invocada sea manifiesta, y requiere de manera inexcusable un sólido desarrollo argumental y la demostración de un agravio en el caso concreto (Fallos: 324:3345; 327:831; 333:447)\" (del dictamen de la Procuración General de la Nación al que remite la CSJN in re: \"Standard Bank Argentina SA y otros c/ CNV - resol. 17034/13 (ex 709/09) s/ recurso directo\", sentencia del 21 de noviembre de 2018, entre muchos otros). Agravio que en estas actuaciones no fue debidamente invocado y menos aún acreditado.",
      "13.- Que, en consecuencia, siendo que las críticas endilgadas al fallo resultan insuficientes, propongo al acuerdo rechazar el recurso de inaplicabilidad de ley interpuesto y declarar su improcedencia. Costas a la vencida (art. 65 y 544 del CPCC). ASÍ VOTO.",
      "A LA CUESTIÓN PROPUESTA LA SRA. VOCAL DRA."
    ],
    "GISELA N. SCHUMACHER DIJO": [
      "Adhiero por ser en idéntico sentido al que sostuve en autos \" \"Asociación Protección Consumidores del Mercado Común del Sur -PROCONSUMER- c/ DILFER S.A. s ordinario s/ ejecución de honorarios (promovido perito informática María Virginia Nazzar)\" - Expte. Nº 8595, sentencia del 28/12/2022. ASÍ VOTO.",
      "POR ÚLTIMO, LA SRA. VOCAL DRA. LAURA MARIANA"
    ],
    "SOAGE DIJO": [
      "Por existir la mayoría necesaria para arribar a la decisión que antecede, me abstengo de votar. ASÍ VOTO.",
      "Con lo que no siendo para más se da por finalizado el acto quedando acordada la siguiente sentencia:",
      "Paraná, 13 de marzo de 2024.",
      "\"GONZALEZ JOSE MARIA C/ CENTRO MEDICO CRESPO S.R.L. S/ EJECUCION DE HONORARIOS\" - Expte. Nº 8949"
    ],
    "Y VISTO": [
      "Por los fundamentos del acuerdo que antecede se,"
    ],
    "RESUELVE": [
      "DECLARAR IMPROCEDENTE el recurso de inaplicabilidad de ley deducido en fecha 28/7/2023, respecto de la resolución de la Sala Segunda de la Cámara Segunda de Apelaciones de Paraná dictada en fecha 30/6/2023.",
      "IMPONER costas a la vencida (art. 65 y 544 del CPCC).",
      "REGULAR los honorarios profesionales al Dr. Juan Martín Pita y a la Dra. Cristina Maccio de Artacho en las respectivas sumas de pesos treinta y nueve mil doscientos ($ 39.200) y pesos veintisiete mil cuatrocientos cuarenta ($ 27.440) -arts. 3, 58, 63, 64 y 94 de la ley 7046-.",
      "Tener presente la reserva del caso federal.",
      "Notifíquese conforme arts. 1º y 4º Ac. Gral. 15/18 SNE, regístrese y oportunamente devuélvase.",
      "Ante mí. En igual fecha se registró. Asimismo, se deja constancia que la presente se suscribe mediante firma digital -Acuerdo Gral. 11/20 del 23-6-2020, Punto 4°) prescindiéndose de su impresión en formato papel.",
      "Existiendo regulación de honorarios a abogados y/o procuradores, cumpliendo con lo dispuesto por la ley 7046, se transcriben los siguientes los artículos:",
      "Art. 28: NOTIFICACIÓN DE TODA REGULACIÓN. Toda regulación de honorarios deberá notificarse personalmente o por cédula. Para el ejercicio del derecho al cobro del honorario al mandante o patrocinado, la notificación deberá hacerse en su domicilio real. En todos los casos la cédula deberá ser suscripta por el Secretario del Juzgado o Tribunal con transcripción de este Artículo y del art. 114 bajo pena de nulidad. No será necesaria la notificación personal o por cédula de los autos que resuelvan los reajustes posteriores que se practiquen por aplicación del art.114\".",
      "Art. 114: PAGO DE HONORARIOS. Los honorarios regulados judicialmente deberán abonarse dentro de los diez días de requerido su pago en forma fehaciente. Operada la mora, el profesional podrá reclamar el honorario actualizado con aplicación del índice, previsto en el art. 29 desde la regulación y hasta el pago, con más un interés del 8% anual. En caso de tratarse de honorarios que han sido materia de apelación, sobre el monto que quede fijado definitivamente su instancia superior, se aplicará la corrección monetaria a partir de la regulación de la instancia inferior. No será menester justificar en juicios los índices que se aplicarán de oficio por los Sres. Jueces y Tribunales”."
    ]
  }
}