{
  "METADATOS": {
    "ID_FALLO": "8953",
    "MES": "03",
    "ARTICULOS_CITADOS": {
      "citations": [
        {
          "main_source": "Código Procesal Civil y Comercial (CPCC)",
          "cited_articles": [
            342,
            263,
            342,
            147,
            342
          ],
          "extra": "inc. 1º"
        },
        {
          "main_source": "Código Civil y Comercial (CCC)",
          "cited_articles": [
            263,
            3,
            33,
            53,
            69,
            263,
            264,
            265,
            573,
            588,
            570,
            571,
            12,
            579,
            710,
            69,
            3,
            69,
            13
          ],
          "extra": "inc. a) y ccs."
        },
        {
          "main_source": "Código Procesal Penal (CPP)",
          "cited_articles": [
            74,
            310
          ],
          "extra": null
        },
        {
          "main_source": "Constitución Nacional (CN)",
          "cited_articles": [
            14,
            18,
            18
          ],
          "extra": "inc. 22"
        },
        {
          "main_source": "Ley 23.737",
          "cited_articles": [
            4
          ],
          "extra": null
        },
        {
          "main_source": "Ley 24.449",
          "cited_articles": [
            1
          ],
          "extra": null
        },
        {
          "main_source": "Ley 19.550",
          "cited_articles": [
            325
          ],
          "extra": null
        },
        {
          "main_source": "Ley 7046",
          "cited_articles": [
            3,
            58,
            63,
            94
          ],
          "extra": null
        },
        {
          "main_source": "Acuerdo General 11/20",
          "cited_articles": [
            29
          ],
          "extra": "del 23-6-2020"
        },
        {
          "main_source": "Acuerdo General 15/18 SNE",
          "cited_articles": [
            1,
            4
          ],
          "extra": null
        }
      ]
    }
  },
  "MATERIA_PRELIMINAR": "ORDINARIO ACCION DE NULIDAD (",
  "IDEA_CENTRAL": "### IDEA CENTRAL DEL FALLO\n\n**Decisión Judicial Principal:**\nEl tribunal declaró parcialmente procedente el recurso de inaplicabilidad de ley interpuesto por las codemandadas, anulando el reconocimiento de paternidad de Domingo Pedro Astorga respecto de Ana Luz Astorga, pero permitiendo que esta última mantenga el apellido \"Astorga\".\n\n**Fundamento Legal:**\nLa decisión se basa en la existencia de un vicio en la voluntad del actor, específicamente un error esencial de hecho, que afectó la validez del acto de reconocimiento de paternidad. Se invocan los artículos 265, 271, 582 y 588 del Código Civil y Comercial (CCC), que permiten la nulidad de actos jurídicos viciados.\n\n**Aspectos Legales Relevantes:**\n1. **Error de Hecho Esencial:** Se argumenta que el reconocimiento fue otorgado bajo un error que afectó la voluntad del actor, quien creía que Ana Luz era su hija biológica.\n2. **Silencio Procesal:** La falta de respuesta de las demandadas fue interpretada como una manifestación de voluntad que favorece la posición del actor, conforme a los artículos 263 y 342 del Código Procesal Civil y Comercial (CPCC).\n3. **Derecho a la Identidad:** Se enfatiza la importancia del derecho a la identidad y la verdad biológica, considerando que la paternidad debe corresponder a la realidad genética.\n\n**Razonamiento del Tribunal:**\nEl tribunal argumentó que el reconocimiento de paternidad es un acto jurídico que puede ser anulado si se demuestra un error esencial. La falta de contestación de las demandadas y su ausencia en las audiencias fueron interpretadas como indicios de aceptación de los hechos alegados por el actor. Además, se destacó que el derecho a la identidad de Ana Luz debe ser considerado, permitiendo que mantenga su apellido a pesar de la nulidad del reconocimiento.\n\n**Conclusión:**\nEl fallo resalta la necesidad de equilibrar el derecho a la identidad con la verdad biológica, permitiendo que Ana Luz conserve su apellido mientras se corrige el estado filiatorio que no se ajusta a la realidad.",
  "CONTENIDO": {
    "INICIO": [
      "\"ASTORGA, DOMINGO PEDRO C/ MARTINEZ, JULIA EDITH Y OTRA S/ ORDINARIO ACCION DE NULIDAD (- TPRO: ORDINARIO ACCION DE NULIDAD)\" - Expte. Nº 8953"
    ],
    "ACUERDO": [
      "En la ciudad de Paraná, capital de la provincia de Entre Ríos, a los veinticinco días del mes de marzo de dos mil veinticuatro, reunidos los integrantes de este Tribunal asistidos por el Secretario autorizante, para conocer el recurso de inaplicabilidad de ley deducido en fecha 4/8/2023 en las actuaciones: \"ASTORGA DOMINGO PEDRO C/ MARTINEZ JULIA EDITH Y OTRA S/ ORDINARIO ACCION DE NULIDAD\" - Expte. N° 8953 respecto de la resolución de la Sala Civil y Comercial de la Cámara de Apelaciones de Gualeguaychú dictada en fecha 5/7/2023. Que la votación debe tener lugar en el siguiente orden: Sr. vocal Dr. Leonardo Portela; Sra. vocal Dra. Gisela N.",
      "Schumacher y Sr. vocal Dr. Germán R. F. Carlomagno.",
      "Estudiados los autos, la sala se planteó la siguiente cuestión:",
      "¿qué corresponde resolver respecto del recurso de inaplicabilidad de ley interpuesto?",
      "A LA CUESTIÓN PROPUESTA EL SR. VOCAL DR.",
      "LEONARDO PORTELA, LA SRA. VOCAL DRA. GISELA SCHUMACHER Y EL SR. VOCAL DR. GERMÁN R. F. CARLOMAGNO DIJERON:",
      "1.- Que las codemandadas, Ana Luz Astorga y Julia Edith Martínez, interpusieron recurso de inaplicabilidad de ley (4/8/2023) contra la resolución dictada por la Sala Primera en lo Civil y Comercial de la Cámara de Apelaciones de Gualeguaychú (5/7/2023) que admitió el recurso de apelación deducido por el accionante, Domingo Pedro Astorga contra la sentencia dictada el 14 de junio de 2022, que revocó. En consecuencia, hizo lugar al pedido de nulidad del reconocimiento instado respecto de Ana Luz Astorga y ordenó se oficie al Registro del Estado Civil y Capacidad de las Personas, anote el desplazamiento filiatorio y la supresión del apellido.",
      "2.- a) El accionante, Domingo Pedro Astorga, promovió demanda de nulidad del reconocimiento de paternidad extramatrimonial con relación a la codemandada, Ana Luz Astorga. Dirigió la acción contra ella y contra su ex cónyuge, Julia Edith Martínez.",
      "Relató que conoció a Julia E. Martínez en 1996 y que mantuvieron una relación de noviazgo hasta 1997. Que tras conocer que estaba embarazada, decidieron mantener una unión convivencial hasta el 2006, año en el que contrajeron matrimonio y tuvieron otro hijo, este sí, de ambos. Que él creyó que la niña era suya y, en virtud de ello, la inscribió como tal; que durante toda su vida proveyó lo necesario para su subsistencia.",
      "Relató que, luego de una discusión, Ana Luz Astorga (a los 19 años) le dijo que él no era su padre y que eso lo sabía porque su madre se lo había dicho. Que se practicaron un análisis de ADN en un laboratorio privado y de \"ASTORGA, DOMINGO PEDRO C/ MARTINEZ, JULIA EDITH Y OTRA S/ ORDINARIO ACCION DE NULIDAD (- TPRO: ORDINARIO ACCION DE NULIDAD)\" - Expte. Nº 8953 allí surge la exclusión de vínculo de paternidad entre ambos.",
      "Peticionó se excluya su paternidad en relación a la joven Ana Luz, porque el acto jurídico de reconocimiento es nulo por contener un vicio que afecta su validez, en tanto fue otorgado por error.",
      "b) La sentencia dictada en primera instancia (14/6/2023) rechazó la demanda e impuso las costas al actor.",
      "El magistrado relacionó los antecedentes de la causa y describió que las demandadas no se presentaron a contestar la demanda y que, abierto el juicio a prueba, la accionada Ana Luz Astorga, no se sometió a la prueba de ADN ordenada.",
      "Destacó que el silencio guardado no puede implicar tener por ciertos los hechos invocados por el actor, fundantes de su pretensión de declaración de nulidad del acto jurídico. Indicó que el art. 342.1 CPR no solo no resulta aplicable a los procesos de familia (art. 325 LPF) sino que sólo está referido a la admisión de hechos lícitos, no como el ilícito que se imputa a la progenitora demandada.",
      "Añadió que en el caso están comprometidos no solo intereses privados, sino también un interés público, como es que responde al estado de las personas; que ello impide considerar el silencio como una admisión suficiente para el desplazamiento filial pretendido que exige la prueba de la existencia del vicio de la voluntad. Que como el accionante no cumplió con dicha carga corresponde rechazar la demanda. Esta resolución fue apelada por el accionante.",
      "3.- Que la Cámara de apelaciones, luego de relacionar los antecedentes de la causa, ingresó al análisis del asunto propuesto.",
      "Describió que una vez que las actuaciones estuvieron en el tribunal, se dispusieron medidas para mejor proveer. En particular, se programó una audiencia para escuchar a las demandadas y que, pese a haber sido citadas, no concurrieron. Además se comprobó la autenticidad del informe privado, oportunamente presentado con la promoción de la demanda.",
      "Cumplido ello, concluyó que asistía razón al peticionario, quien sostuvo que la conducta de las demandadas deben ser juzgadas en su condición de mayores de edad, y que el ordenamiento jurídico contempla la necesidad de que las personas se expresen cuando son requeridas fehacientemente (art. 263 del CPCC).",
      "Valoró que la demandada, Ana Luz Astorga, nació el 26 de noviembre de 1997 y que ya había alcanzado la mayoría de edad al iniciarse el proceso y cuando se practicó el estudio privado de ADN agregado a la causa. Que el silencio es considerado una manifestación de la voluntad, en aquellos casos en donde hay un deber legal de expedirse (art. 263 CCC y art. 342 del CPCC).",
      "Advirtió que el art. 342, inc. 1º del CPCC -a contrario de lo dicho \"ASTORGA, DOMINGO PEDRO C/ MARTINEZ, JULIA EDITH Y OTRA S/ ORDINARIO ACCION DE NULIDAD (- TPRO: ORDINARIO ACCION DE NULIDAD)\" - Expte. Nº 8953 en la anterior instancia- es considerada subsidiaria en el Código Procesal de Familia y no es descartada por norma de otra índole (art. 325 CPF). Que desde antaño el silencio de la demandada frente a la pretensión actoral determina como consecuencia una presunción favorable a los derechos invocados en la demanda, salvo prueba en contrario (CSJN, Fallos: 155:39). Que en nuestra provincia, los jueces tienen el deber de interpretar el silencio en favor de los dichos vertidos en la demanda. Que el silencio y la falta de contestación de la demanda, tiene por efecto tener por reconocidos los hechos lícitos afirmados en la demanda. Que además, existen otros hechos de manifestación tácita de voluntad (art. 264 CCC).",
      "Encuadró como tales: la ausencia de las demandadas en la audiencia preliminar, la omisión de presentar o brindar muestras para un nuevo estudio genético, la ausencia de toda explicación respecto a tales ausencias.",
      "Indicó que si la justicia citó a las demandadas en muchas oportunidades y nunca concurrieron, tales omisiones son manifestaciones tácitas de voluntad que no pueden resultarles favorables.",
      "En función de lo expuesto, consideró cierto que Julia Martínez hizo creer al actor que estaba embarazada y esperando una hija común a ambos.",
      "Que el error es uno de los vicios de la voluntad (art. 265 CCC) y el error de hecho esencial vicia la voluntad y causa la nulidad del acto. Que el error es el falso conocimiento o la falsa representación que se tiene de la realidad de las cosas. Que no fue un error reconocible, porque el actor no lo pudo conocer, por la naturaleza del acto, las circunstancias de persona, tiempo y lugar. Que no se desmintió que el actor mantenía una relación de pareja con Julia Martínez y que es lógico pensar que, habitualmente, se considera que los hijos en una pareja lo son de quienes están unidos y no de otra persona. Que no hay error más patente que el que se demuestra luego científicamente, al no tener correlato con la realidad; y no cabe en tal caso pedir pruebas heroicas sino que surge a partir del análisis biológico realizado, no impugnado y ratificado por sus emisores. Que es posible pensar que en muchas situaciones de la vida, en las relaciones de pareja, quien reconoce un hijo desconoce en forma fehaciente la inexistencia del nexo biológico. Impera -como en toda relación- un vínculo de confianza que impide formalizar averiguaciones como respuesta a la noticia de la llegada de un descendiente.",
      "Señala que no es normal que, como respuesta a la noticia de la existencia de un embarazo se peticione un estudio pericial para acreditar la paternidad. Que la confianza y la relación íntima subyace como base del error en el que se puede incurrir.",
      "Expuso que si la hija sabía que el actor no era su padre -lo que se comprobó al menos con el estudio privado y no fue desmentido por declaración alguna- ese conocimiento debió provenir de su madre. De allí puede presumirse \"ASTORGA, DOMINGO PEDRO C/ MARTINEZ, JULIA EDITH Y OTRA S/ ORDINARIO ACCION DE NULIDAD (- TPRO: ORDINARIO ACCION DE NULIDAD)\" - Expte. Nº 8953 que, a sabiendas, siempre ocultó esta situación.",
      "En cualquier caso, ante error o dolo, se admite la acción de nulidad del acto jurídico, diferente a la acción de impugnación del art. 590 del CCC.",
      "La irrevocabilidad del reconocimiento no impide que pueda ser anulado, en cuyo caso éste no habría existido jurídicamente y la deliberación estaría viciada por dolo, error o violencia.",
      "Entendió que quienes postulan que no es posible plantear el desconocimiento del hijo reconocido o lo dificultan, no reflexionan respecto a que el derecho a la identidad debe verse desde todas sus perspectivas.",
      "Sostuvo que, por un lado, es importante para cualquier persona conocer sus orígenes y, por el otro, que mantiene igual valor convencional que no se atribuya a una persona una relación de padre-hija que no posee. Máxime cuando, como en el caso, se trata de dos personas mayores de edad.",
      "Con cita de jurisprudencia, determinó que no cabe sostener la ficción del reconocimiento que no guardaba relación con la realidad, en desmedro al derecho a preservar la identidad, tanto en su faz estática como dinámica y las relaciones familiares.",
      "El fallo concluyó que, al estar involucrado el derecho a la identidad, las decisiones judiciales deben tomarse con un criterio de actualidad; en particular, teniendo en cuenta el derecho a la realidad biológica frente a la prueba excluyente existente en el caso.",
      "4.- Que las codemandadas se presentaron e interpusieron recurso de inaplicabilidad de ley (4/8/2023). En la ocasión y luego de referir al cumplimiento de los recaudos de admisibilidad formal de la vía, fundan su planteo.",
      "Denuncian violación y/o errónea aplicación de la ley, en particular de los arts. 3, 33, 53, 69, 263 y 264 del CCC, art. 342 del CPCC, arts. 74 y 310 del CPF, arts. 14 bis, 17, 18 y 75 inc. 22 de la CN y a la CEDAW, a la Convención de Belém do Para, art. 13, inc. 22.",
      "a) Denuncian que se aplicaron erróneamente los arts. 263 del CCC y 342 del CPCC. Que la falta de contestación de la demanda no debió ser considerada como una admisión de los hechos alegados por el actor.",
      "Destacan que el art. 263 del CCC no se aplica a la falta de contestación de la demanda; que su ámbito de acción está circunscripto a los actos regidos por el derecho sustancial.",
      "Agregan que existe una norma que dispone lo contrario que sí debió aplicarse. Así es que el art. 147 del CPCC establece: \"la falta de contestación del traslado no importa consentimiento a las pretensiones de la contraria\".",
      "Aclaran que para que sea de aplicación el art. 263 del CCC se \"ASTORGA, DOMINGO PEDRO C/ MARTINEZ, JULIA EDITH Y OTRA S/ ORDINARIO ACCION DE NULIDAD (- TPRO: ORDINARIO ACCION DE NULIDAD)\" - Expte. Nº 8953 requiere que exista un deber de expedirse y que la contestación de la demanda representa una carga procesal, no una obligación.",
      "Postulan que es errónea la interpretación que el fallo hizo del art.",
      "342 del CPCC. Sostiene que esta norma no puede aplicarse, ya que está dirigida al proceso ordinario civil y comercial, no a los asuntos de familia.",
      "Advierten que en los casos en que el CPF estimó necesario establecer una sanción frente al incumplimiento de una carga procesal, así lo hizo;",
      "de allí que no hay motivo para estimar la existencia de un vacío o laguna que habilite la aplicación supletoria del art. 342, inc. 1º del CPCC.",
      "Consideran que el pronunciamiento no solo aplicó el art. 342 del CPCC en un asunto que no corresponde sino que también lo efectuó erróneamente.",
      "Aseveran que no pudo tenerse por admitido el vicio de error, desde que se trata de un vicio de la voluntad que provoca la nulidad del acto jurídico y por ello, resulta un ilícito.",
      "Agregan que el objeto del proceso es indisponible para las partes (art. 12 CCC) y que, como sostuvo el juez de primera instancia, la falta de contestación de la demanda no es suficiente para admitir la pretensión y declarar la nulidad del acto jurídico de reconocimiento. Que se requieren pruebas sobre el vicio de la voluntad, que no se han producido.",
      "b) En segundo término, postulan la violación de los arts. 264 del CCC y 74, último párrafo del CPF. Que la valoración de la inasistencia a las audiencias, la falta de colaboración, no puede implicar tener por admitidos ciertos hechos fundantes de la acción de nulidad.",
      "Que el art. 74 del CPF establece una posible consecuencia por la inasistencia injustificada de la parte a la audiencia preliminar: \"permite tener por ciertos los hechos afirmados por el actor en todo lo que no exista prueba en contrario, excepto que esté comprometido el orden público o se trate de derechos indisponibles\". Que en el caso está comprometido el orden público y son derechos indisponibles. Por lo cual, denuncia también la violación del art. 74, último párrafo del CPF.",
      "c) En tercer lugar, refieren a la violación del art. 18 CN.",
      "Sostienen que el fallo incurrió en una vulneración al principio de contradictorio y debido proceso, más precisamente a la inviolabilidad del derecho de defensa. Que ello se materializó al otorgar plena eficacia probatoria al dictamen pericial genético presentado; sin tener en cuenta el consentimiento de Ana Luz para ser agregado.",
      "Que la supuesta pericia privada presentada por el actor, no siguió el procedimiento que establece el art. 60 de la LPF, que detalla las condiciones para otorgarle fuerza probatoria. Que en este tipo de juicios -en los que \"ASTORGA, DOMINGO PEDRO C/ MARTINEZ, JULIA EDITH Y OTRA S/ ORDINARIO ACCION DE NULIDAD (- TPRO: ORDINARIO ACCION DE NULIDAD)\" - Expte. Nº 8953 se busca impugnar la validez de un acto jurídico como el reconocimiento de la paternidad-, la prueba relevante y dirimente es la relacionada con la existencia y magnitud del vicio de la voluntad del reconociente, no la que versa sobre el origen biológico.",
      "Señalan que el examen de ADN lo único que podría hacer es establecer que el demandante no es el padre biológico de Ana Luz, pero no que al reconocerla desconocía ese hecho.",
      "Consideran que la prueba agregada, luego de ser dispuesta la medida para mejor proveer, no se ajusta al art. 60 del CPF, era innecesaria y violentó el derecho a la intimidad de los datos genéticos. Que jamás se le pudo acordar fuerza probatoria a la pericia privada acompañada por el actor.",
      "Entendieron que en el trámite impreso no se tuvo en cuenta que la acción deducida no es de filiación, que el actor jamás pudo interponerla en razón de la irrevocabilidad del reconocimiento consagrada en el art. 573 del CCC, conforme al cual quien reconoce no puede luego impugnar. Que la acción interpuesta es de nulidad ya que ataca la validez del acto de reconocimiento y debe probarse fehacientemente el vicio.",
      "d) En otro orden de ideas, sostienen que el pronunciamiento fue adoptado sin la mayoría necesaria y adolece de falta de fundamentación.",
      "Resalta que el primer voto carece de un análisis razonado sobre la cuestión (art. 3 CCC) y el segundo se enfoca únicamente en el principio de la verdad biológica, desatendiendo otros principios y valores relevantes para el caso.",
      "Que en virtud de ello, no existió mayoría, lo que resulta violatorio del debido proceso legal y del derecho de defensa (art. 18 CN).",
      "e) En otro punto afirman que la sentencia viola los arts. 3 CCC, 310 del CPF y el art. 69 CCC, al condenar a la supresión del apellido. Que para llegar a esa decisión no se esgrimió ningún fundamento que la justifique. Señalan que es razonable que el principio de inmutabilidad del nombre haga aconsejable que el nuevo estado de familia no implique el cambio de apellido de la persona.",
      "f) Postulan que el fallo viola a la CEDAW, a la Convención de Belém do Pará (art. 13 inc. 22 y ccs.), en cuanto refleja perjuicios sexistas o discriminación de género. Que se vertieron prejuicios mediante inferencias personales, sin asidero lógico ni pruebas. Finalmente, hacen reserva del caso federal y peticionan.",
      "6.- Que el accionante replicó el memorial recursivo y, en síntesis, solicita su rechazo (27/8/2023).",
      "7.- Que el tribunal de la anterior instancia concedió el recurso de inaplicabilidad de ley, con efecto suspensivo (3/10/2023).",
      "8.- Que se le dio intervención al Ministerio Público Fiscal, \"ASTORGA, DOMINGO PEDRO C/ MARTINEZ, JULIA EDITH Y OTRA S/ ORDINARIO ACCION DE NULIDAD (- TPRO: ORDINARIO ACCION DE NULIDAD)\" - Expte. Nº 8953 organismo que dictaminó a través de su procurador adjunto interino, Dr. César Ariel Cesario (27/11/23).",
      "9.- a) Efectuado el relato que antecede, recordamos que el análisis preliminar de admisibilidad en nuestro ordenamiento procesal es llevado a cabo en dos oportunidades, la primera por el tribunal de origen, que analiza el cumplimiento de los requisitos formales de admisibilidad y de fundabilidad del planteo recursivo (arts. 276, 280 y 281 del CPCC) y, el segundo, por esta Sala.",
      "En ejercicio de dicho control advertimos que el recurso reúne mínimamente los requisitos exigidos por el tercer párrafo del art. 280 del CPCC.",
      "b) Adelantamos que si bien quienes recurren formulan diversas y muy variadas críticas al fallo en revisión, solo se abordarán aquellas que ofrecen trascendencia para la solución del conflicto; conforme el criterio mantenido por el Máximo Tribunal Nacional que señala que la magistratura no está obligada a analizar todas y cada una de las argumentaciones de las partes, sino las que sean conducentes y posean relevancia para decidir el caso (Fallos: 258:304; 262:222;",
      "265:301; 272:225, entre otros).",
      "10.- a) Ingresando al análisis sustancial del asunto que nos convoca, resulta evidente que en este caso se encuentran en conflicto derechos reconocidos constitucional y convencionalmente. En efecto, el derecho a la identidad y a la dignidad de la persona como ejes de este debate y de los cuales son titulares tanto quien demanda como quien repele la acción.",
      "La Constitución provincial también, de modo expreso, protege a la familia como núcleo central y fundamental de la sociedad (art.18 CP).",
      "Domingo Pedro Astorga reclama que se declare la nulidad del reconocimiento extramatrimonial que informa y se ordene la anotación del desplazamiento filiatorio de Ana Luz Astorga. Funda su acción en los arts. 265, 271, 582, 588 y concordantes del CCC.",
      "b) Aclarado lo cual, en lo que es materia de análisis, resulta útil relacionar que no llega controvertido a esta instancia que:",
      "- Ana Luz Astorga nació el 26 de noviembre de 1997 y es hija de Julia Edith Martínez.",
      "- Domingo Pedro Astorga se encontraba en una relación de noviazgo con Julia Edith Martínez a la época del nacimiento de Ana Luz.",
      "- Domingo Pedro Astorga reconoció a Ana Luz a través de la filiación extramatrimonial.",
      "- Ana Luz le dijo al actor que él no era su padre y que lo sabía porque su madre se lo había dicho (art. 74 LPC). Aclaramos que, este punto, refiere exclusivamente a la expresión y modo en que el actor toma conocimiento de la falta de nexo biológico entre ambos que, a la postre, queda confirmada con el \"ASTORGA, DOMINGO PEDRO C/ MARTINEZ, JULIA EDITH Y OTRA S/ ORDINARIO ACCION DE NULIDAD (- TPRO: ORDINARIO ACCION DE NULIDAD)\" - Expte. Nº 8953 estudio de ADN.",
      "c) Destacamos que las demandadas no se presentaron a contestar la demanda y tampoco asistieron a la audiencia preliminar. En esa ocasión se ordenó practicar prueba pericial de ADN entre el actor y las demandadas para determinar si Ana Luz Astorga es hija biológica de Domingo Pedro Astorga. La demandada no asistió al turno asignado y, habiéndosele corrido traslado para que ofrezca las razones de su conducta, no contestó el requerimiento.",
      "Ya fue relacionado el contenido del fallo dictado en primera instancia.",
      "También remarcamos el trámite desarrollado ante la Cámara de apelaciones; allí se habilitó una nueva convocatoria para que las partes sean escuchadas. Las demandadas tampoco tomaron intervención. Es recién ante el fallo adverso a sus intereses que se presentan y manifiestan su disconformidad.",
      "Reiteramos, su disconformidad.",
      "En los fundamentos del escrito recursivo abundan críticas y se enaltecen derechos de un modo absoluto, pero se soslaya poner en eje la búsqueda de la verdad. Aquí cobra dimensión la omisión de brindar algún tipo de relato que permita acercar a las partes -y al tribunal- a una realidad diferente a la expresada en el escrito promocional. No hay un solo párrafo dedicado a ello, como tampoco lo hay destinado a controvertir los dichos del actor, ni a ofrecer las razones por las cuales dejaron transcurrir el proceso sin tomar intervención, sin asistir a las audiencias, sin procurar justificar los motivos por los cuales no se facilitó la producción de la prueba pericial.",
      "En estas actuaciones predominaron las oportunidades para expresarse y -por motivos que aún se desconocen- fue el actor la única persona que brindó su versión de los hechos. Fue él quien dijo haber creído durante casi veinte años que la niña que reconoció como hija era propia. Nadie dijo lo contrario.",
      "11.- Que, descriptas las circunstancias precedentes, consideramos oportuno avanzar en el análisis del derecho aplicable al caso:",
      "a) Filiación.",
      "El Código Civil y Comercial define a las diversas fuentes de la filiación. Enuncia tres posibilidades; \"[l]a filiación puede tener lugar por naturaleza, mediante técnicas de reproducción humana asistida, o por adopción.\" (art. 588, primer párrafo CCC).",
      "En particular y en materia de filiación extramatrimonial, el art. 570 CCC refiere al reconocimiento como un sistema voluntario de emplazamiento.",
      "Lo define como \"el acto jurídico familiar por el cual una persona declara que otra es su hijo. El acto de reconocimiento tiene como efecto jurídico emplazar al reconocido en el estado de hijo del reconociente, y el de éste en el de \"ASTORGA, DOMINGO PEDRO C/ MARTINEZ, JULIA EDITH Y OTRA S/ ORDINARIO ACCION DE NULIDAD (- TPRO: ORDINARIO ACCION DE NULIDAD)\" - Expte. Nº 8953 su padre\" (Lorenzetti, Ricardo Luis - director, \"Código Civil y comercial de la Nación comentado\", 1º ed. Santa Fe, Rubinzal -Culzoni, 2015, Tomo III, pág. 551).",
      "En materia de filiación extramatrimonial prima el elemento voluntarista, en tanto no existe elemento objetivo que permita atribuir el hijo a una persona determinada sobre la base de una presunción legal.",
      "En el caso la paternidad por reconocimiento resultó de la declaración que formuló el demandante ante el oficial del Registro del Estado Civil y Capacidad de las Personas en oportunidad de inscribirse el nacimiento (art. 571, inc. a) del CCC).",
      "A partir de entonces se emplazó a Ana Luz en un especial vínculo filiatorio que se alcanzó con la sola voluntad del reconociente, sin necesidad de la conformidad de la madre. Voluntad que -en su génesis- estuvo viciada en sus elementos, por haber incurrido en un error de hecho esencial y, por ende, dicho acto jurídico resulta susceptible de ser declarado nulo (arg. arts. 265, 267, 270 del CCC).",
      "Como se resalta en los Fundamentos del Código, la normativa recepta la obligación del Registro Civil de notificar el reconocimiento, a fin de hacer efectiva la satisfacción del derecho a la identidad, en consonancia con la legislación nacional especial (art. 11 de la ley 26.061) y los principios receptados en tratados internacionales de derechos humanos.",
      "Además del derecho a la identidad -en lo que aquí respecta- se mencionan: el derecho a obtener un emplazamiento que se corresponda con la realidad biológica y el derecho a conocer los orígenes.",
      "El acto de reconocimiento entonces es: unilateral, declarativo, puro y simple, formal, individual, irrevocable, personal y constitutivo del estado filial hijo-progenitor (arg. art. 573 CCC).",
      "La irrevocabilidad tiene consecuencias en materia de acciones filiales y aquí cobró especial vigor; ya que el actor recurrió, con buen criterio, a la acción de nulidad para evitar un despacho desfavorable fundado en la falta de legitimación activa.",
      "b) Acciones de filiación. Impugnación y nulidad.",
      "El art. 593 CCC dispone que \"el reconocimiento de los hijos nacidos fuera del matrimonio puede ser impugnado por los propios hijos o por los terceros que invoquen un interés legítimo\".",
      "La norma no enuncia -de manera expresa- que el reconociente sea uno de los legitimados para accionar. Esto -a diferencia de lo que sucede cuando los hijos son nacidos durante la vigencia del matrimonio (arts. 589/590 CCC)- genera debates en la doctrina y jurisprudencia, acerca de si efectivamente quien reconoce tiene la facultad de instar esta acción o, en su defecto, si puede solicitar la \"ASTORGA, DOMINGO PEDRO C/ MARTINEZ, JULIA EDITH Y OTRA S/ ORDINARIO ACCION DE NULIDAD (- TPRO: ORDINARIO ACCION DE NULIDAD)\" - Expte. Nº 8953 nulidad del reconocimiento invocando el vicio del error.",
      "Las diferencias entre estas dos acciones estriba en que la acción de impugnación del reconocimiento es aquella por la cual se niega que quien reconoció sea el progenitor del reconocido; en cuanto tal, desplaza el título de estado anterior; por su parte, la acción de nulidad es invocable cuando se configure alguna de las causas de nulidad del acto jurídico del reconocimiento.",
      "Más allá de estas distinciones, en nuestro ordenamiento la falta de nexo genético proyecta sus alcances sobre las causales de nulidad. En virtud de ello, en ambos casos, ante la prueba de inexistencia de nexo genético corresponde disponer el desplazamiento del estado filial que no coincide con la realidad.",
      "La acción de nulidad del reconocimiento cobra mayor vigencia cuando debe ser instada -como ocurre en este caso- por el propio reconociente, teniendo en cuenta que podría ser atacada su legitimación activa para promover la acción de impugnación (art. 593 CCC).",
      "Entendemos que promovida una demanda de nulidad del reconocimiento extramatrimonial, corresponde analizar en el caso concreto, el interés de mantener un vínculo filial que no resulta acorde con la realidad genética;",
      "máxime cuando la prueba indiscutible de aquel error pueda resultar muy dificultosa y hasta diabólica.",
      "Hoy nos remontamos a un hecho que sucedió en noviembre de 1997. De aquel entonces nos separan más de 25 años. Como ya dijeramos, sólo tenemos la versión del actor que, no sólo no fue controvertida por las demandadas, sino que ellas guardaron silencio antes y durante todo el proceso demostrando una absoluta falta de interés en el asunto.",
      "El accionante promovió la nulidad del reconocimiento de la paternidad y sostuvo que el acto jurídico otorgado estaba viciado en su elemento volitivo; esto es, por haber incurrido en un error esencial de hecho al creer que la demandada era su hija. Error que se fundó en el vínculo amoroso que mantenía con su madre, que se consolidó con la posterior celebración del matrimonio entre ambos; engaño que se prolongó en el tiempo debido a la conducta deliberada de aquella, que raya con el dolo.",
      "Esto fue lo que destacó el fallo dictado en la anterior instancia al calificar la notoriedad de ese vicio que -en definitiva- se demuestra científicamente con la ausencia de correlato de ese hecho con la realidad biológica.",
      "El actor solicitó se disponga el desplazamiento filiatorio de la demandada y se suprima su apellido. También peticionó se priorice el derecho a la identidad y a la realidad biológica por sobre cualquier otra índole de cuestión procesal y se excluya la paternidad con la joven demandada. Resulta insoslayable que la pretensión perseguida es el desplazamiento filial por falta de \"ASTORGA, DOMINGO PEDRO C/ MARTINEZ, JULIA EDITH Y OTRA S/ ORDINARIO ACCION DE NULIDAD (- TPRO: ORDINARIO ACCION DE NULIDAD)\" - Expte. Nº 8953 correspondencia con el dato genético y el vicio que afectó intrínsecamente la validez del reconocimiento.",
      "c) La prueba. Prueba genética y conducta procesal.",
      "Según la ley, \"En la acciones de filiación se admiten toda clase de pruebas, incluidas las genéticas, que pueden ser decretadas de oficio o a petición de parte ... el juez valora la negativa como indicio grave contrario a la posición del renuente\", (art. 579 CCC).",
      "De la lectura de la norma antes transcripta se verifica la vigencia e importancia que tiene el acceso a la prueba genética, entendiéndola como el modo más útil de alcanzar la verdad biológica.",
      "Ahora bien, las accionadas cuestionan la interpretación que se ha dado a su conducta, pero lo cierto es que la norma no distingue, de allí que la palabra “renuente” aplica para todas las partes implicadas en un vínculo filial. El estado, como tal, es recíproco y estamos frente a dos personas adultas; de modo tal que la negativa de la demandada en las acciones de desplazamiento filial tiene idéntico efecto que aquel que se asigna a quien adopta tal conducta en una acción de emplazamiento El indicio grave en contra de la posición de quienes se rehusaron a practicar la prueba biológica ordenada en sede judicial no solo surge de la norma en análisis, sino también de la ponderación de la conducta procesal asumida a lo largo de todo el proceso. Es el sentido que corresponde asignarle a quien -injustamente- impide dar certeza a un controvertido vínculo filiatorio (arg. art. 710 del CCC).",
      "Las recurrentes omiten controvertir la ponderación disvaliosa que se hizo respecto a las conductas que asumieran a lo largo del proceso; proceder que da cuenta de una verdadera falta de colaboración procesal que, necesariamente, condujo el sentido de la interpretación de los hechos denunciados.",
      "En el escrito recursivo no hay un solo ataque pertinente ni serio que controvierta la definición sentencial que consideró vulnerado dicho principio de cooperación, a partir del desarrollo (por omisión) de conductas que no son expresión de destrezas defensivas, sino que perjudican el desarrollo normal del proceso y, en definitiva, operan en desmedro del accionar de la jurisdicción.",
      "Se plantea que el criterio de valoración probatoria que hizo el tribunal apelado es arbitrario y, analizando lo actuado, la respuesta negativa se impone. Informamos las razones:",
      "- Presentada por el actor no fue oportunamente controvertida por las demandadas.",
      "- El análisis genético fue reconocido por el bioquímico Dr.",
      "Gustavo Penacino el 24/05/2023 (registro 31/05/2023).",
      "\"ASTORGA, DOMINGO PEDRO C/ MARTINEZ, JULIA EDITH Y OTRA S/ ORDINARIO ACCION DE NULIDAD (- TPRO: ORDINARIO ACCION DE NULIDAD)\" - Expte. Nº 8953 - Se ordenó practicar una nueva pericial que permita el control judicial y las demandadas no asistieron.",
      "Destacamos que la demandada impugna el fallo dictado en la anterior instancia y lo tacha de arbitrario. Sin embargo, omite poner en valor que el tribunal propició un nuevo análisis genético y se negó a practicarlo.",
      "Es por ello que cobra especial relevancia aquel examen que se produjo extrajudicialmente y cuyo informe fue reconocido auténtico por su emisor.",
      "La conducta procesal de la requerida resultó vital para apreciar el valor de la prueba genética obtenida antes de la promoción de las presentes.",
      "Jueces y juezas no solo tienen la facultad sino deben disponer la producción de la prueba a los fines de dictar una sentencia que se ajuste a los parámetros de justicia y garantice el derecho a la identidad de las personas involucradas, máxime cuando entra en juego el derecho a la verdad que tiene como contrapartida el interés del Estado en la identificación del estado civil de las personas. Este deber es irrenunciable (art. 4 Ley 23.511; art. 579 CCC).",
      "La aparente fundamentación en la que pretende ampararse la recurrente desconoce lo establecido por la doctrina sentada por la CSJN en la causa \"Colalillo\". En efecto, en el precedente señalado el máximo Tribunal Nacional sostuvo que: \"…la condición necesaria de que las circunstancias de hecho sean objeto de comprobación ante los jueces, no excusa la indiferencia de éstos respecto de su objetiva verdad. Es en efecto exacto que, por lo regular, a fin de juzgar sobre un hecho, no cabe prescindir de la comprobación del modo de su existencia, que en materia civil incumbe a los interesados. (...) Que, sin embargo, el proceso civil no puede ser conducido en términos estrictamente formales. No se trata ciertamente del cumplimiento de ritos caprichosos, sino del desarrollo de procedimientos destinados al establecimiento de la verdad jurídica objetiva, que es su norte. (...) En caso contrario la sentencia no sería aplicación de la ley a los hechos del caso, sino precisamente la frustración ritual de la aplicación del derecho. (...) Pero ni una ni otra consideración son bastantes para excluir de la solución a dar al caso, su visible fundamento de hecho, porque la renuncia consciente a la verdad es incompatible con el servicio de la justicia\", (Fallos:",
      "238:550).",
      "Y más aún en los procesos de filiación en los que se habla de una publicización del proceso, no importando que por aplicación del art. 579 del Código se supla o no la negligencia de las partes (Lorenzetti, Ricardo Luis, ob. cit., pág. 598).",
      "El código sustancial también contiene una norma sobre la dinámica de la carga probatoria para los procesos de familia. En efecto, la carga recae en quien está en mejores condiciones de probar y rigen los principios de \"ASTORGA, DOMINGO PEDRO C/ MARTINEZ, JULIA EDITH Y OTRA S/ ORDINARIO ACCION DE NULIDAD (- TPRO: ORDINARIO ACCION DE NULIDAD)\" - Expte. Nº 8953 libertad, amplitud y flexibilidad (art. 710 CCC). Los deberes de colaboración, lealtad y buena fe son ejes del proceso.",
      "En este punto y frente al riesgo de que la conducta negativa de las demandadas conviertan en ilusoria la posibilidad de acreditar la verdadera filiación biológica, debe valorarse negativamente la actitud obstruccionista que impide llegar a la determinación de la verdad.",
      "Estos principios se replican en la LPC. El art. 1º de dicho cuerpo normativo enuncia los principios procesales que deben observarse en la tramitación de los procesos de familia. En lo que aquí interesa, se destacan: la flexibilidad de las formas, la veracidad y la colaboración procesal y la tutela judicial efectiva.",
      "Este último se traduce en la eficacia de los procedimientos y la materialización oportuna de los derechos reconocidos. De allí que la finalidad de este proceso no puede soslayar el interés jurídico de quien acciona por alcanzar el desplazamiento del estado filial que se funda en el error esencial de hecho como vicio de la voluntad y en la falta de concordancia con el dato genético.",
      "d) Derecho a la verdad En asuntos como el que nos convoca, presenta especial relevancia la verdad objetiva y su estrecho ligamen con el acceso a justicia y a la tutela judicial efectiva.",
      "Sin lugar a dudas el derecho a la verdad (reconocido implícitamente en el art. 33 de la CN) tiene máxima importancia en el proceso de filiación y en las acciones de desplazamiento del estado filiatorio (vía nulidad o impugnación). Y es aquí también donde existe un interés público en la correcta identificación y determinación del estado de las personas, en tanto constituye una de las bases de la organización estatal.",
      "El estado como atributo de la personalidad es recíproco, esto significa que el estado de hijo o hija se corresponde con el de progenitor y, viceversa. Con lo cual su violación puede generar perjuicios no solo a las personas involucradas sino también a terceros, todos merecedores de tutela.",
      "e) La pretensión de la demandada de mantener el apellido.",
      "La verdad biológica es un aspecto del derecho a la identidad que debe armonizarse frente a otros propios de su faz dinámica. Y aquí cobra fuerza el interés expresado por la demandada -aún recién en sede extraordinaria- de mantener el uso del apellido Astorga.",
      "El derecho a la identidad se proyecta con la identificación que en la familia y en la sociedad reciben las personas a través del nombre. Aquí conviven el interés privado y el interés estatal.",
      "El nombre es un atributo fundamental y se desarrolla tanto en la faz estática como dinámica del derecho a la identidad. Identidad que se nutre no \"ASTORGA, DOMINGO PEDRO C/ MARTINEZ, JULIA EDITH Y OTRA S/ ORDINARIO ACCION DE NULIDAD (- TPRO: ORDINARIO ACCION DE NULIDAD)\" - Expte. Nº 8953 sólo en el ámbito familiar sino también que se expande en los espacios educativos, sociales, deportivos, profesionales, financieros, culturales, entre muchos otros.",
      "La importancia del nombre de una persona -y el interés que expresó la demandada a través del recurso de inaplicabilidad de ley que nos ocupa- indica que corresponda distinguir entre el derecho invocado y su emplazamiento o desplazamiento filial.",
      "A dicho interés se suma que Ana Luz es una persona adulta y socialmente conocida -durante más de veinticinco años- con el apellido Astorga.",
      "En virtud de ello y sin perjuicio del desplazamiento filial, corresponde admitir parcialmente el recurso de inaplicabilidad deducido a fin de que la demandada Ana Luz mantenga el apellido paterno consignado en su partida de nacimiento.",
      "En sentido concordante se expidió la Suprema Corte de Mendoza en un asunto que guarda semejanza con el presente. Al analizar los derechos en conflicto definió que: \"el derecho protege de manera diferenciada la filiación y el nombre por cuanto éste, mucho más que la fría asignación documental de la inscripción ante el Estado, es atributo de la persona humana, provocando su sola invocación la representación total de lo que ese ser es, con sus virtudes y defectos, facultades e incapacidades, eficacia e ineptitudes, lo que ha hecho y dejado de hacer, su honradez o su deshonestidad, etc. Luego, después de veinte años de uso de un nombre, no pueden caber dudas que la persona y su nombre ya son inescindibles, ni hay derecho a separarlos. Cuanto menos, en la causa no se han siquiera invocado los \"justos motivos\" requeridos por la ley.\" (SCJ Mendoza, Sala 1ª, 12/5/2010, \"A. C. c/ C. M. N.\" RDF, 2011-VI-245, con nota de Grosman, Cecilia P., \"La faz dinámica del derecho a la identidad. La conservación del nombre sin el sustento del nexo filial\").",
      "Aquí el accionante se limita a solicitar la supresión del apellido de la demandada, como una consecuencia necesaria del desplazamiento filial. Sin embargo, no expresa un solo motivo que justifique dicha modificación, no se acredita agravio frente a la pretensión de la demandada que sí alega un interés digno de tutela.",
      "12.- Que en relación a las costas corresponde imponerlas a la demandada vencida (art. 65 del CPCC). Ello porque si bien prospera parcialmente el recurso de inaplicabilidad de ley instado, la decisión sustancial, en cuanto resolvió hacer lugar al desplazamiento filiatorio, no resulta conmovida.",
      "13.- Que, en consecuencia proponemos casar parcialmente la sentencia dictada el 5 julio de 2023 y ordenar que el Registro del Estado Civil y Capacidad de las Personas anote el desplazamiento filiatorio allí dispuesto, sin perjuicio de que la demandada Ana Luz mantenga el apellido paterno consignado \"ASTORGA, DOMINGO PEDRO C/ MARTINEZ, JULIA EDITH Y OTRA S/ ORDINARIO ACCION DE NULIDAD (- TPRO: ORDINARIO ACCION DE NULIDAD)\" - Expte. Nº 8953 en su partida de nacimiento. Costas a la demandada vencida (art. 65 del CPCC). ASÍ VOTAMOS.",
      "Con lo que no siendo para más se da por finalizado el acto quedando acordada la siguiente sentencia:",
      "Paraná, 25 de marzo de 2024."
    ],
    "Y VISTO": [
      "Por los fundamentos del acuerdo que antecede se,"
    ],
    "RESUELVE": [
      "DECLARAR PARCIALMENTE PROCEDENTE el recurso de inaplicabilidad de ley deducido en fecha 4/8/2023, CASAR PARCIALMENTE la resolución de la Sala Primera Civil y Comercial de la Cámara de Apelaciones de Gualeguaychú dictada en fecha 5/7/2023 y, en consecuencia, ORDENAR que el Registro del Estado Civil y Capacidad de las Personas anote el desplazamiento filiatorio allí dispuesto, sin perjuicio de que la demandada Ana Luz mantenga el apellido paterno consignado en su partida de nacimiento.",
      "IMPONER costas a la vencida (art. 65 del CPCC).",
      "REGULAR los honorarios profesionales a la Dra. Norma Beatriz Duarte en la suma de pesos cuatrocientos noventa mil ($ 490.000) -arts. 3, 58, 63 y 94 de la ley 7046-.",
      "Tener presente la reserva del caso federal.",
      "Notifíquese conforme arts. 1º y 4º Ac. Gral. 15/18 SNE, regístrese y oportunamente devuélvase.",
      "Ante mí. En igual fecha se registró. Asimismo, se deja constancia que la presente se suscribe mediante firma digital -Acuerdo Gral. 11/20 del 23-6-2020, Punto 4°) prescindiéndose de su impresión en formato papel.",
      "Existiendo regulación de honorarios a abogados y/o procuradores, cumpliendo con lo dispuesto por la ley 7046, se transcriben los siguientes los artículos:",
      "Art. 28: NOTIFICACIÓN DE TODA REGULACIÓN. Toda regulación de honorarios deberá notificarse personalmente o por cédula. Para el ejercicio del derecho al cobro del honorario al mandante o patrocinado, la notificación deberá hacerse en su domicilio real. En todos los casos la cédula deberá ser suscripta por el Secretario del Juzgado o Tribunal con transcripción de este Artículo y del art. 114 bajo pena de nulidad. No será necesaria la notificación personal o por cédula de los autos que resuelvan los reajustes \"ASTORGA, DOMINGO PEDRO C/ MARTINEZ, JULIA EDITH Y OTRA S/ ORDINARIO ACCION DE NULIDAD (- TPRO: ORDINARIO ACCION DE NULIDAD)\" - Expte. Nº 8953 posteriores que se practiquen por aplicación del art.114\".",
      "Art. 114: PAGO DE HONORARIOS. Los honorarios regulados judicialmente deberán abonarse dentro de los diez días de requerido su pago en forma fehaciente. Operada la mora, el profesional podrá reclamar el honorario actualizado con aplicación del índice, previsto en el art. 29 desde la regulación y hasta el pago, con más un interés del 8% anual. En caso de tratarse de honorarios que han sido materia de apelación, sobre el monto que quede fijado definitivamente su instancia superior, se aplicará la corrección monetaria a partir de la regulación de la instancia inferior. No será menester justificar en juicios los índices que se aplicarán de oficio por los Sres. Jueces y Tribunales”."
    ]
  }
}