{
  "METADATOS": {
    "ID_FALLO": "8959",
    "MES": "03",
    "ARTICULOS_CITADOS": {
      "citations": [
        {
          "main_source": "Acuerdo General 15/18 SNE",
          "cited_articles": [
            1,
            4
          ],
          "extra": null
        },
        {
          "main_source": "Acuerdo General 11/20",
          "cited_articles": [],
          "extra": "del 23-6-2020"
        }
      ]
    }
  },
  "MATERIA_PRELIMINAR": "MONITORIO APREMIO",
  "IDEA_CENTRAL": "**IDEA CENTRAL DEL FALLO**\n\nLa decisión judicial principal consiste en corregir un error material en la sentencia emitida el 27 de diciembre de 2023, donde se había consignado incorrectamente la Sala Tercera de la Cámara Segunda de Apelaciones de Paraná, debiendo leerse en su lugar \"Sala Primera de la Cámara Segunda de Apelaciones de Paraná\".\n\n**Fundamento Legal y Aspectos Relevantes**\n\nEl tribunal se basa en la necesidad de rectificar errores materiales en las sentencias, lo cual está contemplado en el marco normativo que regula la actividad judicial. En este caso, se hace referencia a los artículos 1º y 4º del Acuerdo General 15/18 del Sistema Nacional de Expedientes Electrónicos (SNE), que permiten la corrección de errores en las resoluciones judiciales.\n\n**Razonamiento del Tribunal**\n\nEl tribunal, al advertir el error en la identificación de la sala, considera que es fundamental para la claridad y la correcta interpretación de la sentencia. La corrección no altera el contenido sustancial de la decisión, sino que asegura la precisión en la referencia a la autoridad judicial que emitió la resolución. La vocal Dra. Susana Medina se abstiene de votar, indicando que existe la mayoría necesaria para la decisión de corrección.\n\n**Conclusión**\n\nLa resolución se limita a la corrección de un error material, reafirmando la importancia de la precisión en la identificación de las instancias judiciales, lo que contribuye a la transparencia y la confianza en el sistema judicial.",
  "CONTENIDO": {
    "INICIO": [
      "\"ADMINISTRADORA TRIBUTARIA DE ENTRE RIOS C/ LEDESMA LEOPOLDO JOSE S/ MONITORIO APREMIO\" - Expte. Nº 8959 PARANÁ, 13 de marzo de 2024."
    ],
    "VISTO": [
      "La sentencia de esta Sala de fecha 27/12/2023 en los autos \"ADMINISTRADORA TRIBUTARIA DE ENTRE RIOS C/ LEDESMA LEOPOLDO JOSE S/ MONITORIO APREMIO\" - Expte. Nº 8959 y;"
    ],
    "CONSIDERANDO": [
      "Que se advierte que en el primer párrafo y en la parte resolutiva de la sentencia se ha consignado erróneamente la Sala Tercera de la Cámara Segunda de Apelaciones de Paraná, cuando se trataba de la Sala Primera de la Cámara Segunda de Apelaciones de Paraná.",
      "En consecuencia, corresponde corregir el error material producido en la sentencia del 27/12/2023, debiéndose leerse en el primer párrafo y en la parte resolutiva \"Sala Primera de la Cámara Segunda de Apelaciones de Paraná\".",
      "Por último la Sra. vocal Dra. Susana Medina manifiesta que al existir la mayoría necesaria para arribar a la decisión que antecede, se abstiene de votar.",
      "Por ello, se"
    ],
    "RESUELVE": [
      "CORREGIR el error material producido en la sentencia del 27/12/2023, debiéndose leerse en el primer párrafo y en la parte resolutiva \"Sala Primera de la Cámara Segunda de Apelaciones de Paraná\".",
      "Notifíquese conforme arts. 1º y 4º Ac. Gral. 15/18 SNE, regístrese como parte integrativa de la sentencia y oportunamente devuélvase.",
      "Ante mí. En igual fecha se registró. Asimismo, se deja constancia que la presente se suscribe mediante firma digital -Acuerdo Gral. 11/20 del 23-6-2020, Punto 4°) prescindiéndose de su impresión en formato papel."
    ]
  }
}