{
  "METADATOS": {
    "ID_FALLO": "8996",
    "MES": "03",
    "ARTICULOS_CITADOS": {
      "citations": [
        {
          "main_source": "Código Procesal Civil y Comercial (CPCC)",
          "cited_articles": [
            280,
            65,
            65
          ],
          "extra": "Expte. Nº 8996"
        },
        {
          "main_source": "Otro",
          "cited_articles": [
            138
          ],
          "extra": "Ley Procesal de Familia"
        },
        {
          "main_source": "Ley 7046",
          "cited_articles": [
            3,
            50,
            63,
            64,
            94
          ],
          "extra": ""
        },
        {
          "main_source": "Acuerdo General 15/18 SNE",
          "cited_articles": [
            1,
            4
          ],
          "extra": ""
        },
        {
          "main_source": "Acuerdo General 11/20",
          "cited_articles": [],
          "extra": "del 23-6-2020"
        },
        {
          "main_source": "Otro",
          "cited_articles": [
            28,
            114,
            29
          ],
          "extra": ""
        }
      ]
    }
  },
  "MATERIA_PRELIMINAR": "MEDIDA CAUTELAR (FAMILIA) (CESE DE CUOTA ALIMENTARIA)",
  "IDEA_CENTRAL": "**IDEA CENTRAL DEL FALLO**\n\nEl tribunal declaró inadmisible el recurso de inaplicabilidad de ley interpuesto por Marcelo Claudio Fabián Velázquez, quien impugnaba la decisión de la Cámara Segunda de Apelaciones de Paraná que había reducido su cuota alimentaria a favor de sus hijos. La decisión se fundamentó en que no se evidenció arbitrariedad ni error en la valoración de los hechos, y que la obligación alimentaria se mantiene hasta los 21 años del alimentado, independientemente de su mayoría de edad.\n\n**Decisión Judicial Principal y Fundamento Legal**\n\nLa decisión principal fue la inadmisibilidad del recurso de inaplicabilidad de ley, sustentada en la falta de fundamentación suficiente por parte del recurrente y en la correcta aplicación del derecho por parte de la Cámara. Se citan los artículos 65 del Código Procesal Civil y Comercial (CPCC) y 138 de la Ley Procesal de Familia, que regulan las costas y la obligación alimentaria.\n\n**Aspectos Legales Relevantes**\n\n1. **Obligación Alimentaria**: Se reafirma que el padre debe seguir cumpliendo con la obligación alimentaria hasta que el alimentado cumpla 21 años, según la normativa vigente.\n2. **Modificación de Cuota Alimentaria**: La Cámara consideró que, dado el cambio en la residencia de uno de los hijos, correspondía una disminución de la cuota y no su cese.\n3. **Error de Tipeo**: Se reconoció un error de tipeo en la resolución anterior, pero se determinó que no afectaba la validez del fallo.\n\n**Razonamiento del Tribunal**\n\nEl tribunal concluyó que el recurrente no logró demostrar la arbitrariedad alegada ni la incorrecta valoración de la prueba. Se enfatizó que la modificación de la cuota alimentaria se basó en cambios fácticos relevantes y que la decisión de la Cámara fue coherente con el interés superior del menor. La falta de crítica efectiva a los fundamentos de la Cámara por parte del recurrente llevó a la inadmisibilidad del recurso.",
  "CONTENIDO": {
    "INICIO": [
      "\"VELAZQUEZ MARCELO CLAUDIO FABIAN C/ L´HOMME MARIA EUGENIA S/ MEDIDA CAUTELAR (FAMILIA) (CESE DE CUOTA ALIMENTARIA)\" - Expte. Nº 8996"
    ],
    "ACUERDO": [
      "En la ciudad de Paraná, capital de la provincia de Entre Ríos, a los veintisiete días del mes de marzo del año dos mil veinticuatro reunidos los integrantes de este Tribunal asistidos por el Secretario autorizante, para conocer el recurso de inaplicabilidad de ley deducido en fecha 11/9/2023 en las actuaciones:",
      "\"VELAZQUEZ MARCELO CLAUDIO FABIAN C/ L´HOMME MARIA EUGENIA S/ MEDIDA CAUTELAR (FAMILIA) (CESE DE CUOTA ALIMENTARIA)\" - Expte. Nº 8996, respecto de la resolución de la Sala Segunda de la Cámara Segunda de Apelaciones de Paraná dictada en fecha 24/8/2024. Que la votación debe tener lugar en el siguiente orden: Sr. Vocal Dr. Leonardo Portela;",
      "Sra. Vocal Dra. Gisela N. Schumacher y Sra. Vocal Dra. Laura Mariana Soage.",
      "Estudiados los autos, la Sala se planteó la siguiente cuestión: ¿qué corresponde resolver respecto del recurso de inaplicabilidad de ley interpuesto?",
      "A LA CUESTIÓN PROPUESTA EL SR. VOCAL DR.",
      "LEONARDO PORTELA Y LA SRA. VOCAL DRA. GISELA N."
    ],
    "SCHUMACHER DIJERON": [
      "1.- Que el incidentante, Marcelo Claudio Fabián Velázquez, interpuso recurso de inaplicabilidad de ley contra la sentencia dictada el 24 de agosto de 2023 por la Sala II de la Cámara Segunda de Apelaciones de Paraná, por cuanto hizo lugar al recurso de apelación deducido por la parte incidentada contra la resolución de primera instancia del 3 de marzo de 2023 y, en consecuencia, redujo la cuota alimentaria fijada a cargo de Marcelo Claudio Fabián Velázquez a la suma equivalente a un (1) salario mínimo, vital y móvil (SMVM).",
      "2.- Que el tribunal de la instancia anterior, luego de relacionar los antecedentes de la causa y delimitar los agravios, así como de plasmar la opinión vertida por el representante del Ministerio Público de la Defensa -quien fundamentó en favor de la admisión del recurso de apelación-, ingresó en el análisis de las cuestiones fácticas que no se encontraban debatidas en autos.",
      "Las circunscribió a: 1) el cambio en la residencia de los alimentados -uno con la madre y otro con el padre-; y 2) al acuerdo de partes respecto de la necesidad de modificar la cuota alimentaria fijada y a cargo del Sr.",
      "Velázquez.",
      "Luego señaló que la divergencia entre las partes radicaba en si corresponde disponer un cese de la cuota alimentaria o una disminución de la cuota alimentaria.",
      "En tal sentido, analizó que las circunstancias fácticas que determinaron la fijación de la cuota alimentaria sólo han sido modificadas respecto de uno de los alimentados, con lo que concluye que la misma debe mantenerse, pero disminuida debido al cambio operado.",
      "\"VELAZQUEZ MARCELO CLAUDIO FABIAN C/ L´HOMME MARIA EUGENIA S/ MEDIDA CAUTELAR (FAMILIA) (CESE DE CUOTA ALIMENTARIA)\" - Expte. Nº 8996 Agregó que no encontrándose establecida la proporción que correspondía a cada alimentado en la cuota fijada en conjunto y, tomando en cuenta que la mayoría de los gastos comunes son abonados por la progenitora, redujo ella al equivalente a un (1) salario mínimo, vital y móvil.",
      "Procedió luego a acoger el dictamen del representante del Ministerio Público de la Defensa.",
      "3.- Que contra dicho pronunciamiento, el incidentante, Marcelo Claudio Fabián Velázquez, interpuso ante la Sala Segunda de la Cámara Segunda de Apelaciones de Paraná, el 31 de agosto de 2023, recurso de revocatoria in extremis. Éste le fue resuelto desfavorablemente el 18 de diciembre de 2023. En sus fundamentos el tribunal de alzada reconoció la existencia de un error de tipeo en la resolución cuestionada. Expresó que se consignó equivocadamente la palabra \"menor\" en lugar de \"alimentado\" pero que ello no puso en evidencia que existiera un error en el análisis de la plataforma fáctica, por cuanto, aunque uno de los alimentados haya adquirido la mayoría de edad, el incidentante sigue obligado al pago de alimentos hasta la edad de 21 años.",
      "4.- Que el 11 de septiembre de 2023 Velázquez se alzó contra la resolución del 24 de agosto de 2023, mediante la interposición de recurso de inaplicabilidad de ley, invocando la causal de violación y errónea aplicación de la ley, la doctrina, la jurisprudencia y por arbitrariedad.",
      "Principió su recurso enunciando que se encontraban cumplidos los recaudos de admisibilidad formal del recurso, para luego relacionar los antecedentes del caso y fundar su planteo.",
      "Postuló que la sentencia de cámara resulta arbitraria, contradictoria y que no se encuentra basada en derecho vigente. Sostuvo que se ha fundado la decisión en la protección del interés superior del menor, malinterpretando que el mismo se encontraba residiendo con la progenitora, siendo dicha circunstancia la razón por la cual se decidió reinstaurar la prestación alimentaria a su cargo.",
      "Expresó que la afirmación de la Cámara referida a que el menor de edad habita con la progenitora es la que evidencia el error incurrido en el análisis de la plataforma fáctica, que conlleva a un error en la argumentación. Reiteró que quien ha mudado la residencia a su domicilio es el hijo menor mientras que el que continúa residiendo con la madre es el hijo mayor, quien está pronto a cumplir los 19 años.",
      "Concluyó que el error en el análisis de la plataforma fáctica transformó al decisorio recurrido en arbitrario lo que habilita la procedencia del recurso.",
      "En base a todo ello peticionó la revocación de la sentencia impugnada dictándose un nuevo pronunciamiento conforme a derecho.",
      "\"VELAZQUEZ MARCELO CLAUDIO FABIAN C/ L´HOMME MARIA EUGENIA S/ MEDIDA CAUTELAR (FAMILIA) (CESE DE CUOTA ALIMENTARIA)\" - Expte. Nº 8996 5.- Que, corrido el traslado del recurso de inaplicabilidad de ley, fue replicado por la parte incidentada (25/09/2023) quien, en síntesis, solicita se rechace el recurso articulado.",
      "6.- Que la Cámara concedió el RIL (18/12/2023).",
      "7.- Arribados los autos ante esta Sala, se dispuso, el 21 de febrero de 2024, correr vista al Sr. Defensor General de la Provincia, Dr. Benítez, quien dictaminó el 27 de febrero de 2024. Sugirió rechazar la vía recursiva entablada por no advertirse la presencia de los vicios habilitantes.",
      "8.- Que, reseñados los antecedentes del juicio, sin perjuicio de lo resuelto por la Cámara, adelantamos que el recurso no reúne los requisitos exigidos por el tercer párrafo del art. 280 del CPCC, lo cual obsta a su declaración de admisibilidad.",
      "Este análisis preliminar, previsto expresamente en nuestro ordenamiento procesal, indica que cuando el medio impugnaticio se interpone ante el mismo organismo jurisdiccional que dictó la resolución recurrida, sea llevado a cabo en dos oportunidades, la primera por el tribunal de la anterior instancia y la segunda por el superior.",
      "En ejercicio de dicho control, advertimos que la decisión controvertida no resulta conmovida por los desaciertos jurídicos que se le atribuyen. La arbitrariedad invocada como fundamento, en particular la errónea valoración de la plataforma fáctica, más allá de no evidenciarse configurada, desconocen el verdadero sentido del razonamiento sentencial.",
      "Es sabido que la posible apertura de la instancia, por la causal de arbitrariedad o absurdidad resulta excepcional y solo es procedente frente a pronunciamientos que por la gravedad de sus vicios no pueden reputarse como actos judiciales válidos y siempre que el recurrente haya logrado demostrar de forma cabal que el razonamiento que apuntala el fallo se revele absolutamente inconciliable con las constancias de la causa y no cuente con la debida fundamentación en derecho, nada de lo cual ha invocado ni ha logrado acreditar el recurrente.",
      "En el caso, si bien la Cámara cometió un error de tipeo en la resolución recurrida -lo que fue rectificado el 18 de diciembre de 2023, consignando la palabra \"menor\" en lugar de \"alimentado\"-, ello no reviste la gravedad suficiente como para tener por configurada arbitrariedad alguna, ni se evidencia de ello que la Cámara haya efectuado una incorrecta valoración de las probanzas arrimadas a la causa, y en particular, que lo relevante a los fines de la decisión adoptada, sea cual de los dos hijos es el que continúa viviendo con la progenitora.",
      "De este modo, las alegaciones del recurrente al respecto no poseen \"VELAZQUEZ MARCELO CLAUDIO FABIAN C/ L´HOMME MARIA EUGENIA S/ MEDIDA CAUTELAR (FAMILIA) (CESE DE CUOTA ALIMENTARIA)\" - Expte. Nº 8996 entidad suficiente para desvirtuar lo que consideramos un correcto encuadre y valoración de la prueba con una consecuente correcta aplicación del derecho.",
      "Resulta necesario señalar que el motivo determinante del acogimiento del recurso de apelación fue el cambio de las circunstancias fácticas que determinaron oportunamente el establecimiento de la cuota alimentaria a favor de ambos hijos, las que sólo se modificaron respecto de uno de ellos, que optó por convivir con su progenitor. De allí que la Cámara concluyó que no habiéndose modificado las circunstancias tenidas en cuenta respecto del otro alimentado -mayor de edad, pero menor de 21 años- que convive con la progenitora, correspondía disponer la disminución de la cuota alimentaria y no su cese como lo había dispuesto la jueza de primera instancia. Finalmente adicionó que no encontrándose establecida la proporción que correspondía a cada alimentado y que la progenitora abonaba la mayoría de los gastos comunes, correspondía disminuirla al equivalente a un (1) salario mínimo, vital y móvil.",
      "A esto cabe agregar que al emitir la resolución del 18 de diciembre de 2023, la Cámara señaló que, aún cuando el hijo que viva con la progenitora haya adquirido la mayoría de edad, su padre -hoy incidentante- sigue obligado al pago hasta que el alimentado cumpla los 21 años.",
      "Estos argumentos dados por la Cámara no fueron rebatidos adecuadamente por el recurrente, adoleciendo así su recurso de un requisito fundamental que es la fundamentación suficiente.",
      "En consecuencia, siendo estas las razones determinantes del acogimiento del recurso de apelación y habiendo el recurrente omitido toda crítica hacia ello, su queja deviene inadmisible.",
      "Por lo expuesto corresponde declarar inadmisible el recurso de inaplicabilidad de ley interpuesto, con costas cargo del recurrente vencido -art. 65 del CPCC y art. 138 de la Ley Procesal de Familia. ASÍ VOTAMOS.",
      "POR ÚLTIMO, LA SRA. VOCAL DRA. LAURA MARIANA"
    ],
    "SOAGE": [
      "Al existir la mayoría necesaria para arribar a la decisión que antecede, me abstengo de votar. ASI VOTO.",
      "Con lo que no siendo para más se da por finalizado el acto quedando acordada la siguiente sentencia.",
      "Paraná, 27 de marzo de 2024."
    ],
    "Y VISTO": [
      "Por los fundamentos del acuerdo que antecede se,"
    ],
    "RESUELVE": [
      "DECLARAR INADMISIBLE el recurso de inaplicabilidad de ley deducido en fecha 11/9/2023, respecto de la resolución de la Sala Segunda de la \"VELAZQUEZ MARCELO CLAUDIO FABIAN C/ L´HOMME MARIA EUGENIA S/ MEDIDA CAUTELAR (FAMILIA) (CESE DE CUOTA ALIMENTARIA)\" - Expte. Nº 8996 Cámara Segunda de Apelaciones de Paraná dictada en fecha 24/8/2024.",
      "IMPONER costas a la vencida (art. 65 del CPCC y art. 138 de la Ley Procesal de Familia).",
      "REGULAR los honorarios profesionales al Dr. Gustavo Vicentini y a la Dra. Lucrecia María Di Liscia en las respectivas sumas de pesos cuarenta y nueve mil ($ 49.000) y pesos treinta y cuatro mil trescientos ($ 34.300) -arts. 3, 50, 63, 64 y 94 de la ley 7046-.",
      "Notifíquese conforme arts. 1º y 4º Ac. Gral. 15/18 SNE, regístrese y oportunamente devuélvase.",
      "Ante mí. En igual fecha se registró. Asimismo, se deja constancia que la presente se suscribe mediante firma digital -Acuerdo Gral. 11/20 del 23-6-2020, Punto 4°) prescindiéndose de su impresión en formato papel.",
      "Existiendo regulación de honorarios a abogados y/o procuradores, cumpliendo con lo dispuesto por la ley 7046, se transcriben los siguientes los artículos:",
      "Art. 28: NOTIFICACIÓN DE TODA REGULACIÓN. Toda regulación de honorarios deberá notificarse personalmente o por cédula. Para el ejercicio del derecho al cobro del honorario al mandante o patrocinado, la notificación deberá hacerse en su domicilio real. En todos los casos la cédula deberá ser suscripta por el Secretario del Juzgado o Tribunal con transcripción de este Artículo y del art. 114 bajo pena de nulidad. No será necesaria la notificación personal o por cédula de los autos que resuelvan los reajustes posteriores que se practiquen por aplicación del art.114\".",
      "Art. 114: PAGO DE HONORARIOS. Los honorarios regulados judicialmente deberán abonarse dentro de los diez días de requerido su pago en forma fehaciente. Operada la mora, el profesional podrá reclamar el honorario actualizado con aplicación del índice, previsto en el art. 29 desde la regulación y hasta el pago, con más un interés del 8% anual. En caso de tratarse de honorarios que han sido materia de apelación, sobre el monto que quede fijado definitivamente su instancia superior, se aplicará la corrección monetaria a partir de la regulación de la instancia inferior. No será menester justificar en juicios los índices que se aplicarán de oficio por los Sres. Jueces y Tribunales”."
    ]
  }
}