{
  "METADATOS": {
    "ID_FALLO": "9025",
    "MES": "03",
    "ARTICULOS_CITADOS": {
      "citations": [
        {
          "main_source": "Código Procesal Penal (CPP)",
          "cited_articles": [
            38
          ],
          "extra": "inc. a)"
        },
        {
          "main_source": "Código Procesal Civil y Comercial (CPCC)",
          "cited_articles": [
            5,
            6,
            3
          ],
          "extra": null
        },
        {
          "main_source": "Ley 4878",
          "cited_articles": [
            75
          ],
          "extra": "LOPJ"
        },
        {
          "main_source": "Constitución Provincial de Entre Ríos",
          "cited_articles": [
            205
          ],
          "extra": "inciso 1 i)"
        },
        {
          "main_source": "Acuerdo General 15/18 SNE",
          "cited_articles": [
            1,
            4
          ],
          "extra": null
        },
        {
          "main_source": "Acuerdo General 11/20",
          "cited_articles": [],
          "extra": "del 23-6-2020"
        }
      ]
    }
  },
  "MATERIA_PRELIMINAR": "INCIDENTE COMPETENCIA",
  "IDEA_CENTRAL": "**IDEA CENTRAL DEL FALLO**\n\nEl fallo judicial resuelve un conflicto de competencia entre un Juzgado Civil, Comercial y Laboral y un Juzgado de Garantías en el contexto de un caso de tenencia de estupefacientes con fines de comercialización. La decisión principal es devolver las actuaciones al Juez de Garantías, Dr. Omar Javier Ovando, para que continúe con el tratamiento del caso, fundamentándose en la falta de competencia material del Juzgado Civil para conocer de causas penales.\n\n**Fundamento Legal y Aspectos Relevantes**\n\n1. **Competencia Material**: Se establece que el Juzgado Civil no tiene competencia para tramitar causas penales, conforme a los artículos 61, 62 y 63 de la Ley Orgánica del Poder Judicial (LOPJ) y los artículos 5 y 6 del Código Procesal Civil y Comercial (CPCC).\n\n2. **Subrogancia**: La excusación de la Jueza de Garantías se basa en el artículo 38 del Código Procesal Penal (CPP), que permite la remisión de la causa a su subrogante, pero no implica que el Juzgado Civil asuma la competencia penal.\n\n3. **Principios Procesales**: Se menciona la violación del principio de especialidad y el de indelegabilidad de la competencia, lo que afecta el derecho al juez natural y la eficiencia del proceso penal.\n\n**Razonamiento del Tribunal**\n\nEl tribunal concluye que el Juez Civil, al declarar su incompetencia, crea un falso conflicto de competencia. La remisión de causas penales a un juzgado civil no solo es inapropiada, sino que también genera consecuencias negativas para el servicio de justicia. Se enfatiza que la subrogancia no implica que el juzgado civil deba tramitar causas penales, y se señala que existen procedimientos administrativos para resolver estas situaciones.\n\n**Decisión Final**\n\nSe ordena devolver las actuaciones al Juez de Garantías para que continúe con el proceso, reafirmando la necesidad de respetar las competencias establecidas por la ley.",
  "CONTENIDO": {
    "INICIO": [
      "\"LEDESMA, SUSANA y OTROS = TENENCIA DE ESTUPEFACIENTES CON FINES DE COMERCIALIZACION - Legajo Fiscal nro. 10065 - Legajo OGA N° 921 S/ INCIDENTE COMPETENCIA\" - Expte. Nº 9025 PARANÁ, 26 de marzo de 2024."
    ],
    "VISTO": [
      "El planteo formulado por el Sr. Juez Civil, Comercial y Laboral de Federal, Dr. Omar Javier Ovando en las actuaciones \"LEDESMA, SUSANA y OTROS = TENENCIA DE ESTUPEFACIENTES CON FINES DE COMERCIALIZACION - Legajo Fiscal nro. 10065 - Legajo OGA N° 921 S/ INCIDENTE COMPETENCIA\" - Expte. Nº 9025, y,"
    ],
    "CONSIDERANDO": [
      "1.- Que la Sra. Jueza de Garantías Interina de Federal, Dra. Susana Griselda Irurzun, con fundamento en el art. 38 inc. a) del CPP, se excusó en el presente proceso debido a que tuvo intervención efectiva como agente fiscal y, en consecuencia, dispuso remitir la causa a su subrogante legal, Dr. Omar Javier Ovando (fecha, 19/12/2023).",
      "2.- Posteriormente, de las constancias de la causa surge que el Sr.",
      "Juez Civil, Comercial y Laboral, resolvió declarar de oficio la incompetencia material de su juzgado para entender en este proceso penal, devolver las actuaciones a la jueza que previno para que continúe con el proceso y adopte las medidas \"LEDESMA, SUSANA y OTROS = TENENCIA DE ESTUPEFACIENTES CON FINES DE COMERCIALIZACION - Legajo Fiscal nro. 10065 - Legajo OGA N° 921 S/ INCIDENTE COMPETENCIA\" - Expte. Nº 9025 pertinentes, y remitir a esta Sala Civil y Comercial del STJER para que resuelva sobre el conflicto negativo de competencia suscitado (fecha, 26/2/2024).",
      "Para así decidir, explicó que debido al traspaso de varios expedientes del fuero penal al juzgado civil, con fundamento en la figura de la \"subrogancia legal\", no deben continuar tramitándose en ese juzgado debido a que el organismo a su cargo no es competente para intervenir en los juicios penales porque carece de competencia material.",
      "Recordó que en la Ley Orgánica del Poder Judicial (LOPJ) se menciona en el artículo 61, que existirá un Juez Civil con asiento en la ciudad de Federal y que ejercerá su competencia territorial en el departamento del mismo nombre. En el siguiente artículo 62 se determina la competencia material y en el 63 el orden de reemplazos.",
      "Dijo que según la LOPJ, el Juzgado Civil y Comercial de Federal no tiene competencia material en los juicios penales y que la competencia material está determinada por los artículos 5 y 6 del CPCC, y en ninguno de sus incisos se establece que el juzgado a su cargo también deba tramitar causas penales.",
      "Manifestó que la remisión de numerosos y complejos expedientes \"LEDESMA, SUSANA y OTROS = TENENCIA DE ESTUPEFACIENTES CON FINES DE COMERCIALIZACION - Legajo Fiscal nro. 10065 - Legajo OGA N° 921 S/ INCIDENTE COMPETENCIA\" - Expte. Nº 9025 penales viola el principio de especialidad y el de indelegabilidad de la competencia prevista en el artículo 3 del CPCC, desde el momento en que todos los procesos penales son remitidos por vía de la sustitución prevista en el artículo 75 de la LOPJ, para que tramiten íntegramente en el Juzgado Civil y Comercial que carece de competencia en materia penal.",
      "Enunció que el artículo 75 establece que en caso de ausencia o impedimento, los jueces de instrucción -hoy el de garantías- serán sustituidos por los otros jueces de instrucción, por los jueces del trabajo y por los jueces en lo civil y comercial -en orden numérico- por los defensores de pobres y menores y por los abogados de la lista respectiva y que como se remiten varios expedientes por semana, por la misma razón entendió que las decisiones de la jueza de garantías están alterando la competencia material del Juzgado Civil, Comercial y Laboral.",
      "Afirmó, que la utilización desmedida del citado artículo 75 de la LOPJ provoca la alteración de facto de los artículos 5 y 6 del CPCC, dejándolos sin efecto, y que el traspaso de numerosos procesos penales al juzgado civil, en lo cotidiano, provoca diversas consecuencias disvaliosas como la afectación del juez natural; la falta de conocimientos específicos sobre la materia; una disminución en la \"LEDESMA, SUSANA y OTROS = TENENCIA DE ESTUPEFACIENTES CON FINES DE COMERCIALIZACION - Legajo Fiscal nro. 10065 - Legajo OGA N° 921 S/ INCIDENTE COMPETENCIA\" - Expte. Nº 9025 velocidad de la tramitación del proceso penal; una notable y evidente sobrecarga laboral; y un resentimiento del trabajo del juzgado civil.",
      "3.- Recepcionados los autos por este Tribunal, se dio intervención a la Sra. Procuradora Adjunta del Ministerio Público Fiscal, Dra. Mónica Elizabeth Carmona (fecha, 13/3/2024).",
      "En su dictamen, consideró que la excusación realizada por la magistrada a cargo del Juzgado de Garantías de Federal, era acertada.",
      "Por otro lado, opinó que teniendo en cuenta que la cuestión de competencia suscitada tiene lugar entre un Juzgado de Garantías y un Juzgado con competencia Civil, Comercial y Laboral, debe resolver el STJER, único superior común a quienes originaron la cuestión de competencia.",
      "4.- Reseñados brevemente los antecedentes del caso, como primera cuestión corresponde decir que, en efecto, si se trata de analizar un conflicto negativo de competencia entre juez y jueza que no tienen superior común (tal el caso del juez civil y comercial con competencia laboral de la ciudad de Federal y la jueza de garantías de la misma localidad) la decisión correspondería al Superior Tribunal de Justicia en pleno y no a esta Sala, por lo que la remisión a esta Sala Civil y \"LEDESMA, SUSANA y OTROS = TENENCIA DE ESTUPEFACIENTES CON FINES DE COMERCIALIZACION - Legajo Fiscal nro. 10065 - Legajo OGA N° 921 S/ INCIDENTE COMPETENCIA\" - Expte. Nº 9025 Comercial carece de sustento y así debería declararse por resultar, la Sala, incompetente para resolver, tal y como postula la señora procuradora adjunta en su dictamen.",
      "Sin embargo, se advierte claramente que no se está en presencia de un conflicto negativo de competencia, a pesar de los términos utilizados por la decisión remitida por el Juez.",
      "Este supuesto conflicto de competencia es solo una creación voluntarista teniendo en consideración que en los conflictos de competencia, conforme el código procesal civil y comercial, éstos seguirán tramitando por la magistratura que previno (en el caso, sería la señora jueza interina del de Garantías de Federal).",
      "Ciertamente, si bien se enuncian diversas consecuencias disvaliosas que pueden resentir el servicio de justicia y un gran cúmulo de trabajo que tiene el Juzgado Civil, Comercial y Laboral de Federal, lo que, en su caso, es un asunto de la superintedencia que ejerce el Superior Tribunal de Justicia por imperio del artículo 205 inciso 1 i) de la Constitución Provincial, se advierte que el juez, disconforme con esa realidad fáctica, generó un falso conflicto de competencia cuando de lo que \"LEDESMA, SUSANA y OTROS = TENENCIA DE ESTUPEFACIENTES CON FINES DE COMERCIALIZACION - Legajo Fiscal nro. 10065 - Legajo OGA N° 921 S/ INCIDENTE COMPETENCIA\" - Expte. Nº 9025 se trata es un asunto de excusación que tiene otros canales legales para su trámite.",
      "En efecto, la resolución dictada por el magistrado que declara la incompetencia material del Juzgado Civil, Comercial y Laboral no tiene sustento legal alguno, ya que la subrogancia dispuesta por el art. 75 de la LOPJ, es un deber que recae personalmente sobre quienes ejercen -en este caso- la magistratura.",
      "Dicha subrogancia, en el caso, recae sobre la persona en razón del cargo que ostenta, y no implica que el juzgado del que es titular deba tramitar los expedientes penales en los cuales tiene que intervenir como subrogante, puesto que el organismo interviniente sigue siendo la Oficina de Gestión de Audiencias (OGA) de la jurisdicción.",
      "Decisiones como la que se trae a conocimiento de esta Sala, solo ocasionan consecuencias disvaliosas para las personas justiciables y violentan el servicio de justicia, cuando, en su caso, existen procedimientos administrativos que pueden ser canalizados a través de áreas administrativas a los fines de que estos asuntos puedan ser resueltos por el Superior Tribunal de Justica en ejercicio de sus facultades de dirección y gobierno, conforme las previsiones constitucional y legalmente establecidas.",
      "\"LEDESMA, SUSANA y OTROS = TENENCIA DE ESTUPEFACIENTES CON FINES DE COMERCIALIZACION - Legajo Fiscal nro. 10065 - Legajo OGA N° 921 S/ INCIDENTE COMPETENCIA\" - Expte. Nº 9025 En consecuencia, por los argumentos dados, corresponde devolver las actuaciones al Sr. Juez, Dr. Omar Javier Ovando, para que se avoque al tratamiento de las presentes actuaciones conforme lo dispuesto por el art. 75 de la LOPJ, sin más dilaciones.",
      "Por último, la Sra. Vocal Dra. Laura Mariana Soage manifiesta que al existir la mayoría necesaria para arribar a la decisión que antecede, se abstiene de votar.",
      "Por ello, se"
    ],
    "RESUELVE": [
      "DEVOLVER las actuaciones al Sr. Juez, Dr. Omar Javier Ovando, para que se avoque al tratamiento de las presentes actuaciones conforme lo dispuesto por el art. 75 de la LOPJ.",
      "Notifíquese conforme arts. 1º y 4º Ac. Gral. 15/18 SNE, regístrese y remítase.",
      "\"LEDESMA, SUSANA y OTROS = TENENCIA DE ESTUPEFACIENTES CON FINES DE COMERCIALIZACION - Legajo Fiscal nro. 10065 - Legajo OGA N° 921 S/ INCIDENTE COMPETENCIA\" - Expte. Nº 9025 Ante mí. En igual fecha se registró. Asimismo, se deja constancia que la presente se suscribe mediante firma digital -Acuerdo Gral. 11/20 del 23-6-2020, Punto 4°) prescindiéndose de su impresión en formato papel."
    ]
  }
}