{
  "METADATOS": {
    "ID_FALLO": "8359",
    "MES": "05",
    "ARTICULOS_CITADOS": {
      "citations": [
        {
          "main_source": "Código Procesal Civil y Comercial (CPCC)",
          "cited_articles": [
            65
          ],
          "extra": "art. 65, CPCC"
        },
        {
          "main_source": "Código Procesal Civil y Comercial (CPCC)",
          "cited_articles": [
            65
          ],
          "extra": "art. 65 del CPCC"
        },
        {
          "main_source": "Acuerdo General 15/18 SNE",
          "cited_articles": [
            1,
            4
          ],
          "extra": "conforme arts. 1º y 4º Ac. Gral. 15/18 SNE"
        },
        {
          "main_source": "Acuerdo General 11/20",
          "cited_articles": [],
          "extra": "Acuerdo Gral. 11/20 del 23-6-2020"
        }
      ]
    }
  },
  "MATERIA_PRELIMINAR": "APREMIO",
  "IDEA_CENTRAL": "**IDEA CENTRAL DEL FALLO:**\n\nEl Tribunal resolvió declarar procedente el recurso de inaplicabilidad de ley interpuesto por Pepsico de Argentina S.R.L., revocando la ejecución promovida por la Municipalidad de San José de Gualeguaychú. La decisión se fundamenta en la falta de publicación de la Ordenanza Municipal que establece la tasa cuyo pago se reclamaba, lo que impide su exigibilidad.\n\n**Aspectos Legales Relevantes:**\n\n1. **Falta de Publicación de la Ordenanza:** El Tribunal determinó que la Ordenanza que establece la tasa no fue debidamente publicada, lo que constituye un incumplimiento de los requisitos constitucionales y legales necesarios para su exigibilidad.\n   \n2. **Inexistencia de Deuda:** Se concluyó que, debido a la falta de conocimiento de la Ordenanza por parte de la demandada, se configura una \"inexistencia manifiesta de deuda\", lo que justifica la revocación de la ejecución.\n\n3. **Costas:** Se impusieron las costas al ejecutante, conforme al artículo 65 del Código Procesal Civil y Comercial (CPCC).\n\n**Leyes y Artículos Clave:**\n\n- **Código Procesal Civil y Comercial (CPCC)**: Artículo 65, que regula la imposición de costas en función de la parte que resulta vencida en el proceso.\n\n**Razonamiento del Tribunal:**\n\nEl Tribunal, al analizar el recurso, se basó en la sentencia de la Corte Suprema de Justicia de la Nación, que había señalado la falta de publicación de la Ordenanza como un impedimento para su exigibilidad. Este aspecto fue considerado fundamental para concluir que no existía una deuda exigible por parte de la Municipalidad, lo que llevó a la decisión de rechazar la ejecución y a la imposición de costas al ejecutante. La unanimidad en los votos de los vocales refuerza la solidez del razonamiento adoptado.",
  "CONTENIDO": {
    "INICIO": [
      "\"MUNICIPALIDAD DE SAN JOSÉ DE GUALEGUAYCHÚ C/ PEPSICO DE ARGENTINA S.R.L. S/ APREMIO\" - Expte. Nº 8359"
    ],
    "ACUERDO": [
      "En la ciudad de Paraná, capital de la provincia de Entre Ríos, a los seis días del mes de mayo del año dos mil veinticuatro reunidos los integrantes de este Tribunal asistidos por el Secretario autorizante, para conocer el recurso de inaplicabilidad de ley deducido en fecha 13/10/2021 en las actuaciones:",
      "\"MUNICIPALIDAD DE SAN JOSÉ DE GUALEGUAYCHÚ C/ PEPSICO DE ARGENTINA S.R.L. S/ APREMIO\" - Expte. Nº 8359, respecto de la resolución de la Sala Primera Civil y Comercial de la Cámara de Apelaciones de Gualeguaychú dictada en fecha 22/9/2021. Que la votación debe tener lugar en el siguiente orden: Sr. Vocal Carlos Federico Tepsich, Sra. Vocal Susana Medina, Sr.",
      "Vocal Miguel A. Giorgio.",
      "Estudiados los autos, la Sala se planteó la siguiente cuestión: ¿qué corresponde resolver respecto del recurso de inaplicabilidad de ley interpuesto?",
      "A LA CUESTION PROPUESTA EL SR. VOCAL CARLOS"
    ],
    "FEDERICO TEPSICH DIJO": [
      "1.- Las presentes actuaciones son puestas a despacho con motivo de la sentencia dictada por la Corte Suprema de Justicia de la Nación en fecha 14 de noviembre de 2023.",
      "En dicho fallo, el Máximo Tribunal hizo lugar al recurso de queja interpuesto por la parte demandada y revocó la sentencia impugnada, remitiendo las actuaciones a este Tribunal para el dictado de un nuevo pronunciamiento con arreglo a los fundamentos expuestos.",
      "2.- En esa tarea advierto que el Alto Tribunal Federal dejó sentado que la Ordenanza Municipal que establece la tasa cuyo pago se persigue en este proceso no fue publicada para que se pueda reputar conocida y por tanto exigible (ver considerandos 6º y 7º).",
      "Entonces, fijado que está el incumplimiento de ese recaudo constitucional y legal es forzoso concluir que se configura el supuesto de inexistencia manifiesta de deuda que planteó la sociedad ejecutada en su defensa por lo que corresponde atender el recurso de inaplicabilidad de ley interpuesto por la ejecutada y casar la sentencia dictada por la Sala Primera en lo Civil y Comercial de Gualeguaychú (22/09/2021), rechazándose la presente ejecución promovida con costas en todas las instancias al municipio parte ejecutante (art. 65, CPCC). ASÍ VOTO.",
      "A LA CUESTION PROPUESTA LA SRA. VOCAL SUSANA"
    ],
    "MEDINA DIJO": [
      "Adhiero al voto del Señor Vocal preopinante. ASI VOTO.",
      "A LA CUESTION PROPUESTA EL SR. VOCAL MIGUEL"
    ],
    "A. GIORGIO DIJO": [
      "Adhiero al voto del Señor Vocal Tepsich. ASÍ VOTO.",
      "\"MUNICIPALIDAD DE SAN JOSÉ DE GUALEGUAYCHÚ C/ PEPSICO DE ARGENTINA S.R.L. S/ APREMIO\" - Expte. Nº 8359 Con lo que no siendo para más se da por finalizado el acto quedando acordada la siguiente sentencia:",
      "Paraná, 6 de mayo de 2024."
    ],
    "Y VISTO": [
      "Por los fundamentos del acuerdo que antecede se,"
    ],
    "RESUELVE": [
      "DECLARAR PROCEDENTE el recurso de inaplicabilidad de ley deducido en fecha 13/10/2021, respecto de la resolución de la Sala Primera Civil y Comercial de la Cámara de Apelaciones de Gualeguaychú dictada en fecha 22/9/2021 y, en consecuencia, RECHAZAR la presente ejecución promovida.",
      "IMPONER costas al ejecutante (art. 65 del CPCC).",
      "DIFERIR la regulación de honorarios para la oportunidad en que se determinen los correspondientes a las instancias inferiores.",
      "Tener presente la reserva del caso federal.",
      "Notifíquese conforme arts. 1º y 4º Ac. Gral. 15/18 SNE, regístrese y oportunamente devuélvase.",
      "Ante mí. En igual fecha se registró. Asimismo, se deja constancia que la presente se suscribe mediante firma digital -Acuerdo Gral. 11/20 del 23-6-2020, Punto 4°) prescindiéndose de su impresión en formato papel."
    ]
  }
}