{
  "METADATOS": {
    "ID_FALLO": "8836",
    "MES": "05",
    "ARTICULOS_CITADOS": {
      "citations": [
        {
          "main_source": "Código Civil y Comercial (CCC)",
          "cited_articles": [
            772
          ],
          "extra": null
        },
        {
          "main_source": "Código Procesal Civil y Comercial (CPCC)",
          "cited_articles": [
            280
          ],
          "extra": null
        },
        {
          "main_source": "Constitución Nacional (CN)",
          "cited_articles": [
            17,
            18,
            19
          ],
          "extra": null
        },
        {
          "main_source": "Ley 48",
          "cited_articles": [
            14
          ],
          "extra": null
        },
        {
          "main_source": "Código Procesal Civil y Comercial de Entre Ríos (CPCCER)",
          "cited_articles": [
            285
          ],
          "extra": null
        },
        {
          "main_source": "Código Procesal Civil y Comercial de Entre Ríos (CPCCER)",
          "cited_articles": [
            276,
            280
          ],
          "extra": "concs."
        },
        {
          "main_source": "Acuerdo General 15/18 SNE",
          "cited_articles": [
            1,
            4
          ],
          "extra": "conforme"
        },
        {
          "main_source": "Acuerdo General 11/20",
          "cited_articles": [],
          "extra": "del 23-6-2020"
        }
      ]
    }
  },
  "MATERIA_PRELIMINAR": "ORDINARIO ACCION DE PETICION DE HERENCIA",
  "IDEA_CENTRAL": "**IDEA CENTRAL DEL FALLO**\n\nEl tribunal denegó el recurso extraordinario federal interpuesto por Estela Susana Zurdo y Alberto Manuel Zurdo, confirmando la decisión de la Cámara de Apelaciones que había admitido parcialmente el recurso de apelación en el contexto de una acción de petición de herencia. La decisión se fundamenta en la inadmisibilidad del recurso por no cumplir con los requisitos de fundamentación exigidos por el Código Procesal Civil y Comercial.\n\n**Aspectos Legales Relevantes:**\n1. **Acción de Petición de Herencia:** Se reconoció la calidad de heredero del actor, Raúl Gerardo Zurdo, y se determinó que los demandados actuaron de mala fe al disponer de los bienes hereditarios, a pesar de conocer la existencia de un reclamante legítimo.\n2. **Código Civil y Comercial (CCC):** Se aplicó el art. 772 del CCC, que establece la regla de aplicación inmediata de la nueva ley a situaciones jurídicas existentes.\n3. **Constitución Nacional (CN):** Se alegó violación de los artículos 17 (derecho de propiedad), 18 (debido proceso) y 19 (principio de reserva), pero el tribunal consideró que no se cumplió con la carga de demostrar la conexión entre estos derechos y la resolución impugnada.\n\n**Razonamiento del Tribunal:**\nEl tribunal concluyó que los recurrentes no lograron demostrar la arbitrariedad de la sentencia ni la violación de derechos constitucionales. Además, se enfatizó que la mala fe de los herederos aparentes modificaba su responsabilidad, y que la cuestión de la buena fe es de hecho, excluida del ámbito del recurso extraordinario. La inadmisibilidad del recurso se sustentó en la falta de fundamentación adecuada y en el carácter excepcional de la vía extraordinaria.\n\n**Conclusión:**\nSe resolvió denegar el recurso extraordinario, manteniendo la decisión de la Cámara de Apelaciones y reafirmando la legitimidad de la acción de petición de herencia del actor.",
  "CONTENIDO": {
    "INICIO": [
      "\"SUCESION DE ZURDO RAUL GERARDO C/ ZURDO ALBERTO MANUEL Y ZURDO ESTELA SUSANA S/ ORDINARIO ACCION DE PETICION DE HERENCIA\" Expte. Nº 8836 PARANÁ, 7 de mayo de 2024."
    ],
    "VISTO": [
      "El recurso extraordinario federal deducido en fecha 26/10/2023 por Estela Susana Zurdo y Alberto Manuel Zurdo, por derecho propio, y con el patrocinio letrado de los Dres. Jorge Guerscovich y Alberto Spota en los autos:",
      "\"SUCESION DE ZURDO RAUL GERARDO C/ ZURDO ALBERTO MANUEL Y ZURDO ESTELA SUSANA S/ ORDINARIO ACCION DE PETICION DE HERENCIA\" Expte. Nº 8836, contra la sentencia de esta Sala dictada en fecha 9/10/2023, y;"
    ],
    "CONSIDERANDO": [
      "1.- La decisión impugnada declaró inadmisibles los recursos de inaplicabilidad de ley deducidos en fecha 20/12/2022 y 22/12/2022 respecto de la resolución de la Sala Civil y Comercial de la Cámara de Apelaciones de Gualeguaychú de fecha 2/12/2022 que, por un lado, admitió parcialmente el recurso de apelación interpuesto por el actor en cuanto a los valores de restitución en los términos y con el alcance establecido; y por el otro, admitió parcialmente el recurso de apelación de los demandados Alberto Manuel Zurdo y Estela Susana Zurdo, en relación al inicio del cómputo de los intereses del monto asignado para la indemnización por daños y perjuicios.",
      "2.- Para así decidir, se señaló que esta Sala ha tenido ocasión de decidir que, en lo que a la aplicación temporal de la ley refiere, la regla general es la aplicación inmediata de la nueva ley.",
      "Se destacó que el tribunal de alzada ponderó que la determinación cuantitativa de la reparación integral debida al actor debía regirse por la disposición contenida en el art. 772 del CCC, al entenderla como una consecuencia no agotada.",
      "Se aseveró que no existe colisión entre el ordenamiento jurídico vigente y el derogado, siempre que el efecto inmediato del primero rija los hechos aún no acaecidos de una relación o situación jurídica constituida bajo el imperio de la ley antigua. Por lo que el CCC rige a las relaciones y situaciones jurídicas futuras, a las existentes a la fecha de su entrada en vigencia (tomándolas en el estado en que se encuentren) y también, a las consecuencias no agotadas de relaciones y situaciones jurídicas constituidas bajo el amparo de la antigua ley.",
      "Se indicó que los agravios esbozados en los memoriales recursivos no lograron superar el examen de admisibilidad que exige el art. 280 del CPCC en cuanto a la suficiente fundamentación como presupuesto habilitante de esta instancia casatoria.",
      "Se tuvo por acreditado: la calidad de heredero de Raúl Gerardo Zurdo; que no estaba controvertida la composición del acervo hereditario del \"SUCESION DE ZURDO RAUL GERARDO C/ ZURDO ALBERTO MANUEL Y ZURDO ESTELA SUSANA S/ ORDINARIO ACCION DE PETICION DE HERENCIA\" Expte. Nº 8836 causante; que en posesión de los bienes relictos los herederos aparentes dispusieron de ellos a título oneroso; que la acción de petición de herencia resultaba procedente; que asistía razón a la actora para peticionar y obtener la porción hereditaria que en derecho le corresponde; que los herederos aparentes al disponer a título oneroso de los bienes que componían el acervo hereditario actuaron de mala fe por haber incurrido en un error de derecho inexcusable ya que, más allá de la declaratoria de herederos dictada en su favor, conocían que había una persona que durante décadas reclamó su estado filiatorio, su identidad, su condición de hijo del causante; y que la mala fe del heredero aparente no afectaba la legalidad del acto, pero sí modificaba la extensión de su responsabilidad frente al heredero excluido.",
      "Se sostuvo que la calificación y apreciación de la buena fe es tarea propia de los tribunales de grado, y en cuanto tal se trata de una cuestión de hecho que involucra un análisis que se encuentra excluido del ámbito de conocimiento de este recurso.",
      "Se entendió que las expresiones vertidas eran parciales y subjetivas, y como tales no alcanzaron para controvertir de manera idónea el razonamiento lógico de quienes juzgaron la causa.",
      "Se concluyó que, en tanto los accionados no obraron de buena fe, les correspondía reparar el perjuicio real padecido por el heredero a quien se despojó -desde su nacimiento- del derecho a la identidad y luego de la herencia.",
      "Se resaltó que el tribunal de alzada ponderó, a la luz del art. 3428 del CC, que el heredero desplazado instó su participación en el proceso sucesorio y le fue negada; y que los herederos aparentes, al disponer onerosamente de los bienes incurrieron en error de derecho inexcusable, ya que no podían ampararse en la convicción razonable de tener un título que los legitimara a disponer de todos los bienes sin ninguna restricción.",
      "Se explicó que no se verificó violación al principio de congruencia, ya que de las actuaciones surgió que el tribunal de alzada atendió a las pretensiones reclamadas, les dio debido tratamiento y una respuesta integral al conflicto.",
      "3.- Luego de enunciar los requisitos de admisibilidad del recurso que entienden cumplimentados, los recurrentes alegan violación de los artículos 17, 18 y 19 de la Constitución Nacional (CN).",
      "Sostienen que se omitió considerar que los activos fueron realizados en ejercicio de los derechos que les habían sido acordados por dos decisorios judiciales; y que la sentencia atacada liquidó las garantías que hacen a la defensa en juicio y al derecho de propiedad que titularizan (arts. 17 y 18 de la CN).",
      "Afirman que, en oportunidad de desprenderse de los bienes, no \"SUCESION DE ZURDO RAUL GERARDO C/ ZURDO ALBERTO MANUEL Y ZURDO ESTELA SUSANA S/ ORDINARIO ACCION DE PETICION DE HERENCIA\" Expte. Nº 8836 estaban obligados a hacer lo que la ley no manda ni privados de lo que ella no prohíbe (art. 19 CN).",
      "Aseveran que lo recurrido comporta agravio federal en tanto las operaciones de compraventa fueron realizadas en ejercicio de los derechos emergentes de dos pronunciamientos judiciales, en los cuales se los declaró únicos herederos y se rechazó la acción de filiación promovida por el actor, y por lo tanto se violaron los derechos de propiedad y al debido proceso.",
      "Expresan que el acervo se agotó en su integridad hace más de 30 años y en ejercicio de derechos adquiridos al amparo de sentencias firmes con entidad de cosa juzgada.",
      "Entienden que hay arbitrariedad porque la sentencia recurrida se funda en argumentos dogmáticos y desvinculados de las constancias de las causas y de los planteos efectuados por las partes.",
      "Insisten en que la resolución recurrida, al imputarles mala fe, se aparta de las constancias de la causa.",
      "Reiteran que el ejercicio legítimo de un derecho no puede acarrearles responsabilidad, y que sostener lo contrario supone la aniquilación de los derechos de propiedad emergentes de la sentencia que los reconoció como únicos herederos del Sr. Manuel Zurdo, lo que agrede las garantías al debido proceso y defensa en juicio.",
      "Manifiestan que las afirmaciones formuladas en la sentencia atacada, son contrarias a las garantías federales mentadas con el sólo fundamento de la subjetividad de quien la emitió y a espaldas del cuadro jurídico vigente al momento de la disposición de los bienes.",
      "Alegan que la buena fe del poseedor de la herencia debe presumirse, más aún cuando se respalda en pronunciamientos judiciales firmes que habían adquirido la entidad de cosa juzgada.",
      "Critican que el fallo cuestionado se sustenta en la aplicación retroactiva de normas convencionales que fueron incorporadas en nuestra Constitución Nacional a partir de la reforma del 1994.",
      "Entienden que la sentencia atacada confunde derechos de cuño distinto, por cuanto asevera que la imprescriptibilidad del derecho a la identidad acarrea el derecho a revisar actos de disposición de índole patrimonial.",
      "Finalmente, peticionan se conceda el recurso extraordinario federal interpuesto.",
      "4.- Corrido el traslado del recurso (fecha 30/11/2023), fue contestado por el actor solicitando su rechazo (fecha 14/12/2023).",
      "5.- Seguidamente, la Sra. Procuradora Adjunta del Ministerio Público Fiscal, dictamina que el recurso extraordinario federal no debe ser \"SUCESION DE ZURDO RAUL GERARDO C/ ZURDO ALBERTO MANUEL Y ZURDO ESTELA SUSANA S/ ORDINARIO ACCION DE PETICION DE HERENCIA\" Expte. Nº 8836 concedido (fecha 5/2/2024) por no advertirse en el caso de autos arbitrariedad en la sentencia, ni los demás supuestos del artículo 14 de la ley 48 que habilitan la vía extraordinaria federal.",
      "6.- Sintetizados los aspectos relevantes del caso, es preciso definir si la instancia extraordinaria intentada debe o no ser habilitada, debiéndose liminarmente verificar si la recurrente ha dado cumplimiento a la Acordada 4/2007 de la CSJN y, en relación a ello, cabe referenciar que se han cumplido los recaudos allí previstos.",
      "Asimismo, este Tribunal debe efectuar un fundado juicio sobre la admisibilidad del recurso interpuesto, conforme lo normado por la ley 48 y en el orden local en el art. 285 bis del Código Procesal Civil y Comercial de Entre Ríos que si bien refiere fundamentalmente al aspecto formal implica también toda una declaración de agotamiento de la jurisdicción provincial, habida cuenta que precisamente esta decisión constituye una emanación jurisdiccional que solidifica la previsión federalista según la cual los conflictos y controversias deben fenecer en el orden local.",
      "Sentado ello, se debe destacar como bien se ha expresado que \"las condiciones sustanciales de la impugnación o condiciones de procedencia, referidas a la fundabilidad del recurso extraordinario federal y la existencia de motivos legalmente autorizados, son de exclusiva competencia de la Corte Suprema de Justicia de la Nación, sin perjuicio de lo cual se debe en esta instancia fundar la denegatoria o concesión del recurso extraordinario federal.\" (STJER en Pleno in re \"Miño Juan Alberto c/ Estado Provincial - Contencioso Administrativo s/ Recurso de Inaplicabilidad de ley\", Expte Nº 3594, sentencia del 30/11/2015).",
      "En dicha tarea, corresponde afirmar que la vía extraordinaria no puede ser concedida, toda vez que \"[e]l planteamiento correcto de la cuestión federal, base del recurso extraordinario, requiere no solo la mención concreta de las cláusulas constitucionales que se estiman desconocidas sino también la demostración de su conexión con la materia del pleito, exigencia que no se satisface con enunciaciones genéricas\" (Fallos 287:130; 293:323; 321;2131).",
      "En este aspecto, se puede observar que si bien se denuncia la violación de derechos constitucionales, tales como el derecho de propiedad (art. 17 CN), la garantía del debido proceso (art. 18 CN) y el principio de reserva (art. 19 C.N.), no se advierte que en el presente caso haya una cuestión federal conforme las exigencias enunciadas y relacionada de modo directo con la resolución que se pretende impugnar.",
      "En efecto, no está de más recordar que la vía elegida por el recurrente es de naturaleza excepcional, de aplicación restringida y circunscripta a la existencia de \"cuestión federal\", y que la interpretación de las normas de derecho \"SUCESION DE ZURDO RAUL GERARDO C/ ZURDO ALBERTO MANUEL Y ZURDO ESTELA SUSANA S/ ORDINARIO ACCION DE PETICION DE HERENCIA\" Expte. Nº 8836 común o de fondo es una cuestión ajena a la instancia extraordinaria.",
      "En esta línea de razonamiento, tampoco se vislumbra la existencia de alguna causal típica de excepción que permita la concesión del presente recurso extraordinario, pues la arbitrariedad alegada y sustentada en que la sentencia se fundó en argumentos dogmáticos y desvinculados de la causa, así como también la conculcación de los derechos y garantías constitucionales que se denuncian, no aparece, en principio, debidamente acreditada conforme las exigencias técnicas del recurso y atento a que el fallo donde se resolvió el recurso de inaplicabilidad de ley se declaró inadmisible con argumentos suficientes y estricto apego a la normativa procesal aplicable.",
      "Resulta oportuno afirmar que la naturaleza excepcional de la causal de arbitrariedad para habilitar la instancia extraordinaria, no puede tener por objeto el abrir una nueva instancia ordinaria en la que puedan discutirse decisiones que se estimen equivocadas (Fallos 295:420; 304:268).",
      "Finalmente, no resulta ocioso señalar que la vía extraordinaria tampoco puede ser concedida, toda vez que los recursos de inaplicabilidad de ley se declararon inadmisibles atento a que no han cumplimentado con los requisitos exigidos por los arts. 276, 280 y concs. del CPCCER, cuestión esta que como regla no resulta revisable por la Corte Suprema de Justicia de la Nación, en tanto al resolver esta Sala ha ejercitado facultades otorgadas por la ley procesal local.",
      "En tal sentido, el más Alto Tribunal del país ha expresado que las decisiones que declaran la inadmisibilidad de los recursos locales deducidos por ante los tribunales de la causa no justifican, en principio, el otorgamiento de la apelación extraordinaria, en virtud del carácter fáctico y procesal de las cuestiones que suscitan (Fallos 299:268; 300:436).",
      "En razón a los argumentos dados, corresponde denegar el recurso extraordinario federal interpuesto, con costas a la vencida.",
      "Por último, la Sra. Vocal Dra. Claudia M. Mizawak manifiesta que al existir la mayoría necesaria para arribar a la decisión que antecede, se abstiene de votar.",
      "En consecuencia, se"
    ],
    "RESUELVE": [
      "DENEGAR el recurso extraordinario federal interpuesto en fecha 26/10/2023 contra la sentencia de esta Sala dictada en fecha 9/10/2023, con costas a la vencida.",
      "HONORARIOS oportunamente.",
      "Notifíquese conforme arts. 1º y 4º Ac. Gral. 15/18 SNE, regístrese y oportunamente devuélvase.",
      "\"SUCESION DE ZURDO RAUL GERARDO C/ ZURDO ALBERTO MANUEL Y ZURDO ESTELA SUSANA S/ ORDINARIO ACCION DE PETICION DE HERENCIA\" Expte. Nº 8836 Ante mí. En igual fecha se registró. Asimismo, se deja constancia que la presente se suscribe mediante firma digital -Acuerdo Gral. 11/20 del 23-6-2020, Punto 4°) prescindiéndose de su impresión en formato papel."
    ]
  }
}