{
  "METADATOS": {
    "ID_FALLO": "8956",
    "MES": "05",
    "ARTICULOS_CITADOS": {
      "citations": [
        {
          "main_source": "Código Procesal Civil y Comercial (CPCC)",
          "cited_articles": [
            14
          ],
          "extra": "inc. 7"
        },
        {
          "main_source": "Otro",
          "cited_articles": [
            33
          ],
          "extra": "de la LOPJ"
        },
        {
          "main_source": "Ley 10.704",
          "cited_articles": [],
          "extra": ""
        },
        {
          "main_source": "Otro",
          "cited_articles": [
            33
          ],
          "extra": "LOPJ"
        },
        {
          "main_source": "Acuerdo General 15/18 SNE",
          "cited_articles": [
            1,
            4
          ],
          "extra": ""
        },
        {
          "main_source": "Acuerdo General 11/20",
          "cited_articles": [],
          "extra": "del 23-6-2020, Punto 4°"
        }
      ]
    }
  },
  "MATERIA_PRELIMINAR": "SUMARISIMO",
  "IDEA_CENTRAL": "**IDEA CENTRAL DEL FALLO:**\n\nEl fallo judicial en el caso \"SARLI GISELA N. C/ BANCO PATAGONIA S.A. S/ SUMARISIMO\" se centra en la aceptación de la excusación del Dr. Carlos Federico Tepsich, quien se aparta del proceso debido a una causal de recusación establecida en el artículo 14, inciso 7 del Código Procesal Civil y Comercial (CPCC). \n\n**Decisión Judicial Principal y Fundamento:**\n\nLa decisión principal es la aceptación de la excusación del Dr. Tepsich, lo que permite que la Sala continúe funcionando con los demás vocales. Este acto se fundamenta en la normativa que regula la recusación de jueces, garantizando así la imparcialidad del tribunal.\n\n**Aspectos Legales Relevantes:**\n\n1. **Código Procesal Civil y Comercial (CPCC)**: Artículo 14, inciso 7, que establece las causales de excusación de los jueces.\n2. **Ley Orgánica del Poder Judicial (LOPJ)**: Artículo 33, que regula la abstención de los jueces en caso de conflicto de interés.\n\n**Razonamiento del Tribunal:**\n\nEl tribunal, al aceptar la excusación, actúa conforme a la normativa que busca preservar la integridad del proceso judicial. La causal de recusación fue configurada debido a que el Dr. Tepsich había emitido opinión en resoluciones anteriores del caso, lo que podría comprometer su imparcialidad. La decisión de abstenerse de votar y firmar por parte del Dr. Portela también se alinea con la normativa de la LOPJ, asegurando que la composición del tribunal sea adecuada y libre de conflictos.\n\n**Conclusión:**\n\nLa resolución garantiza el respeto a los principios de imparcialidad y justicia en el proceso judicial, permitiendo que el caso continúe con un tribunal debidamente constituido.",
  "CONTENIDO": {
    "INICIO": [
      "\"SARLI GISELA N. C/ BANCO PATAGONIA S.A. S/ SUMARISIMO\"Expte. N° 8956 PARANÁ, 14 de mayo de 2024."
    ],
    "VISTO Y CONSIDERANDO": [
      "La excusación del Dr. Carlos Federico Tepsich de fecha 10/4/20244 en las actuaciones \"SARLI GISELA N. C/ BANCO PATAGONIA S.A. S/ SUMARISIMO\" - Expte. Nº 8956, y atento a que ha quedado configurada la causal dispuesta por el art. 14 inc. 7 del CPCC, puesto que emitió opinión en las resoluciones de fecha 2/8/2024 y 4/10/2023, corresponde aceptarla.",
      "Asimismo, habiendo mayoría absoluta, el Sr. Vocal en ejercicio de la presidencia del STJ, Dr. Leonardo Portela, se abstiene de votar y firmar la presente resolución con arreglo a lo dispuesto por el art. 33 de la LOPJ, texto según ley 10.704.",
      "En consecuencia, se"
    ],
    "RESUELVE": [
      "Aceptar la excusación del Dr. Carlos Federico Tepsich, quedando integrada esta Sala por la Sra. Vocal Gisela N. Schumacher; Sr. Vocal Daniel O. Carubia y Sr. Vocal Leonardo Portela (art. 33, LOPJ).",
      "Regístrese y notifíquese conforme arts. 1 y 4 Acordada 15/18 SNE.",
      "Ante mí:",
      "En igual fecha se registró. Conste. Asimismo, se deja constancia que la presente se suscribe mediante firma digital -Acuerdo Gral. 11/20 del 23-6-2020, Punto 4°) prescindiéndose de su impresión en formato papel."
    ]
  }
}