{
  "METADATOS": {
    "ID_FALLO": "8967",
    "MES": "05",
    "ARTICULOS_CITADOS": {
      "citations": [
        {
          "main_source": "Ley 24.522 (LCQ - Ley de Concursos y Quiebras)",
          "cited_articles": [
            288,
            19,
            273
          ],
          "extra": "art. 288 LCQ, art. 19 de la LCQ, art. 273 inc. 3) de la ley 24.522, art. 273 inc. 3 de la LCQ, art. 288 LCQ, art. 288 LCQ"
        },
        {
          "main_source": "Código Procesal Civil y Comercial (CPCC)",
          "cited_articles": [
            280
          ],
          "extra": "art. 280 del CPCC, art. 280 del CPCC"
        },
        {
          "main_source": "Ley 10.704",
          "cited_articles": [],
          "extra": "ley 10.704"
        },
        {
          "main_source": "Acuerdo General 15/18 SNE",
          "cited_articles": [
            1,
            4
          ],
          "extra": "conforme arts. 1º y 4º Ac. Gral. 15/18 SNE"
        },
        {
          "main_source": "Acuerdo General 11/20",
          "cited_articles": [],
          "extra": "Acuerdo Gral. 11/20 del 23-6-2020"
        },
        {
          "main_source": "Otro",
          "cited_articles": [
            33
          ],
          "extra": "art. 33 de la LOPJ"
        }
      ]
    }
  },
  "MATERIA_PRELIMINAR": "RECURSO DE QUEJA",
  "IDEA_CENTRAL": "**IDEA CENTRAL DEL FALLO**\n\nEl Tribunal declara **inadmisible** el recurso de inaplicabilidad de ley interpuesto por los acreedores Agustín Adrián Marcolini y Juan José Marcolini, en relación con la resolución de la Cámara de Apelaciones que rechazó su recurso de queja. La decisión se fundamenta en la falta de cumplimiento de los requisitos de fundamentación exigidos por el artículo 280 del Código Procesal Civil y Comercial (CPCC).\n\n**Aspectos Legales Relevantes:**\n1. **Inadmisibilidad del recurso**: El Tribunal sostiene que el recurso no cumple con los requisitos de fundamentación suficiente, lo que impide su admisibilidad.\n2. **Inapelabilidad en procesos falenciales**: Se reafirma que la inapelabilidad es la regla general en estos procesos, salvo excepciones que no se configuraron en el caso.\n3. **Inconstitucionalidad del art. 273 inc. 3 de la LCQ**: El Tribunal considera que la declaración de inconstitucionalidad es una medida excepcional y no se acreditó que su aplicación vulnerara derechos constitucionales.\n\n**Fundamento Legal:**\n- **Art. 280 del CPCC**: Establece los requisitos de fundamentación para la admisibilidad de recursos.\n- **Art. 273 inc. 3 de la Ley de Concursos y Quiebras (LCQ)**: Se discute su aplicación y la posibilidad de su inconstitucionalidad.\n\n**Razonamiento del Tribunal:**\nEl Tribunal argumenta que los recurrentes no lograron demostrar los vicios alegados en la resolución impugnada, reiterando argumentos ya expuestos en instancias anteriores. Se enfatiza que la revisión de fallos no debe convertirse en una tercera instancia, y que la crítica debe ser concreta y razonada. La falta de un análisis adecuado por parte de los recurrentes sobre la decisión de la Cámara impide la apertura de la instancia extraordinaria.\n\nEn conclusión, el Tribunal reafirma la firmeza de la resolución de la Cámara y la inadmisibilidad del recurso, con costas a los recurrentes.",
  "CONTENIDO": {
    "INICIO": [
      "\"SEPOLD GRACIELA BEATRIZ S / PEDIDO DE CONCURSO PREVENTIVO S / CONCURSO PREVENTIVO art. 288 LCQ Expte. 4401 S/ RECURSO DE QUEJA\" - Expte. Nº 8967"
    ],
    "ACUERDO": [
      "En la ciudad de Paraná, capital de la provincia de Entre Ríos, a los tres días del mes de mayo del año dos mil veinticuatro reunidos los integrantes de este Tribunal asistidos por el Secretario autorizante, para conocer el recurso de inaplicabilidad de ley deducido en fecha 6/9/2023 en las actuaciones: \"SEPOLD GRACIELA BEATRIZ S / PEDIDO DE CONCURSO PREVENTIVO S / CONCURSO PREVENTIVO art. 288 LCQ Expte. 4401 S/ RECURSO DE QUEJA\" - Expte. Nº 8967, respecto de la resolución de la Sala Primera de la Cámara Segunda de Apelaciones de Paraná dictada en fecha 23/8/2023. Que la votación debe tener lugar en el siguiente orden: Sr. Vocal Carlos Federico Tepsich, Sra. Vocal Gisela N. Schumacher y Sr. Vocal Leonardo Portela.",
      "Estudiados los autos, la Sala se planteó la siguiente cuestión: ¿qué corresponde resolver respecto del recurso de inaplicabilidad de ley interpuesto?",
      "A LA CUESTIÓN PROPUESTA EL SR. VOCAL CARLOS"
    ],
    "FEDERICO TEPSICH DIJO": [
      "1.- Que los acreedores Dres. Agustín Adrián Marcolini y Juan José Marcolini, por derecho propio, interpusieron recurso de inaplicabilidad de ley -6/9/2023- contra la sentencia dictada por la Sala I de la Cámara Segunda de Apelaciones de Paraná de fecha 23 de agosto de 2023, que rechazó el recurso de queja, por ellos deducido, contra la resolución de primera instancia del 23 de mayo de 2023 en la cual se dispuso no hacer lugar al recurso de reposición por cuanto resultaba inadmisible la reclamada actualización de los créditos por aplicación del art. 19 de la LCQ y en virtud de que en autos se ordenó la extinción del proceso falencial mediante una causal atípica mixta que conjuga pagos con fondos de la concursada y de tercero. Denegando asimismo el recurso de apelación interpuesto en subsidio con fundamento en lo dispuesto en el art. 273 inc. 3) de la ley 24.522.",
      "Lo que trajo, en consecuencia, aparejado la firmeza de la resolución de fecha 14 de abril de 2023 -2do. párrafo-.",
      "2.- Que el tribunal de la anterior instancia, luego de relacionar los antecedentes de la causa y delimitar el agravio de los acreedores, en el que se circunscribía al pedido de inconstitucionalidad del art. 273 inc. 3 de la LCQ, ingresó, en el análisis de la configuración o no del mismo.",
      "En tal sentido sostuvo que la declaración de inconstitucionalidad de un precepto de jerarquía constitucional es una de las delicadas funciones encomendada a un tribunal de justicia. Siendo su declaración la última ratio del orden jurídico. Sin perjuicio de ello indico que, si bien la inapelabilidad es la regla que rige en los procesos falenciales, la doctrina y jurisprudencia han admitido supuestos de excepción, empero no se advirtieron que en el caso se configurara arbitrariedad o anomalía procesal que justifique no aplicar la regla.",
      "\"SEPOLD GRACIELA BEATRIZ S / PEDIDO DE CONCURSO PREVENTIVO S / CONCURSO PREVENTIVO art. 288 LCQ Expte. 4401 S/ RECURSO DE QUEJA\" - Expte. Nº 8967 3.- Que contra dicho pronunciamiento se alzan los acreedores, Dres. Agustín Adrián Marcolini y Juan José Marcolini y, tras enunciar que se encuentran cumplidos los recaudos de admisibilidad formal del recurso y efectuar un relato de los antecedentes del caso, fundan su planteo.",
      "Postulan que el fallo efectuó un incorrecto análisis del recurso de queja interpuesto por cuanto consideran que debió en primer término verificar si se encontraba debidamente fundado el error jurídico que se le atribuía al Dr. Moia al denegar la apelación y luego una vez superado dicho análisis debía establecer su eventual procedencia, es decir si la aplicación del art. 273 inc. 3 de la LCQ era ajustada a derecho. Imputan por ello a la sentencia de carecer de fundamentos.",
      "Conforme ello sostienen que omitió la Cámara realizar el primer examen formal, con lo cual no se encontraba habilitada a incursionar en el examen fondal, lo que transforma en su entender en arbitraria a la sentencia. Reiteran luego los fundamentos dados en las instancias de origen -recurso de revocatoria- en los que señala el error que considera incurrido por el juez concursal, al dar trámite a la actualización de los créditos y correr traslado para luego rechazar la pretensión con fundamento en la suspensión de los intereses conforme el art. 19 LCQ. Todo ello lo consideran violatorio del principio de debido proceso y no contradicción, afirmando que dicho error debió ser atendido por la alzada para dar trámite a la concesión del recurso producto de la queja.",
      "Expresan que la Cámara falló en contra de la garantía constitucional del derecho de propiedad e igualdad resultando una sentencia arbitraria por excesivo rigor formal y por carencia de fundamento legal al no decir en base a que disposición legal se debe hacer reserva de intereses, generando así una arbitrariedad normativa al fallar en contra de la ley.",
      "Seguidamente aducen autocontradicción interna del fallo debido a dos afirmaciones, que lo hacen ininteligible: a) que los intereses son válidos a los fines de conformar las mayorías y, b) que solo deben intereses si hay reserva;",
      "precisando en esta última afirmación que no se dice cuándo hay que hacerla, cómo, dónde, ni cual es la disposición legal que lo establece.",
      "Por último, hacen reserva del caso federal y peticionan se deje sin efecto la sentencia recurrida y se dicte nuevo pronunciamiento acogiéndose el RIL.",
      "4.- Que la Cámara concedió el RIL (24/10/2023).",
      "5.- Que, reseñados los antecedentes del juicio, sin perjuicio de lo resuelto por la Cámara, adelanto que el recurso no reúne los requisitos exigidos por el tercer párrafo del art. 280 del CPCC, en particular el que se regla en su párrafo segundo, lo cual obsta a su declaración de admisibilidad.",
      "En este sentido advierto que el recaudo de fundamentación suficiente se ve neutralizado en función de la intercadencia en la que incurre el \"SEPOLD GRACIELA BEATRIZ S / PEDIDO DE CONCURSO PREVENTIVO S / CONCURSO PREVENTIVO art. 288 LCQ Expte. 4401 S/ RECURSO DE QUEJA\" - Expte. Nº 8967 recurrente para sostener la pretensión impugnativa extraordinaria. Ello así, puesto que no se puede dejar de reparar que si el objetivo que se perseguía con el recurso de queja que dedujo ante el tribunal ad quem era revertir la denegación del recurso de apelación subsidiaria deducida 21/04/23, es contradictorio sostener ahora como agravio en esta instancia que la resolución que lo rechazó es arbitraria porque para decidir así ingresó a tratar los motivos de fondo; máxime cuando fue el propio recurrente quien expuso en oportunidad de fundar la queja esos motivos que recibieron tratamiento.",
      "6.- En virtud de lo expuesto, propongo al acuerdo declarar la inadmisibilidad del recurso de inaplicabilidad de ley incoado. Con costas. ASÍ VOTO.",
      "A LA CUESTIÓN PROPUESTA LA SEÑORA VOCAL"
    ],
    "GISELA SCHUMACHER DIJO": [
      "1.- Adhiero a la declaración de inadmisibilidad del recurso de inaplicabilidad interpuesto por los acreedores Agustín Adrián Marcolini y Juan José Marcolini propuesta por el doctor Tepsich, sin perjuicio considero necesario efectuar una serie de consideraciones adicionales en relación con el motivo por el cual propicio dicha solución.",
      "2.- El fundamento principal por cual resulta inadmisible el medio impugnaticio interpuesto radica en que el mismo no reúne los requisitos exigidos por el tercer párrafo del art. 280 del CPCC. En particular no satisface adecuadamente con el recaudo de fundamentación suficiente.",
      "Es sabido que el análisis preliminar de admisibilidad, previsto expresamente en nuestro ordenamiento procesal, indica que cuando el medio impugnaticio se interpone ante el mismo organismo jurisdiccional que dictó la resolución recurrida, sea llevado a cabo en dos oportunidades, la primera por el tribunal de apelación y la segunda por el superior.",
      "En ejercicio de dicho control, advierto que la decisión controvertida no resulta conmovida por los desaciertos jurídicos que se le atribuyen. En tal sentido entiendo que los recurrentes no vienen asistidos de razón ya que, la sentencia dictada en la anterior instancia adoptó una decisión compatible con las constancias del caso y por tanto ajustada a derecho.",
      "Resulta importante señalar que, si bien los acreedores recurrentes formulan diversas y muy variadas críticas al fallo en revisión, solo abordaré aquellas que ofrecen trascendencia para la solución del conflicto conforme el criterio mantenido por el Máximo Tribunal Nacional, que señala que la magistratura no está obligada a analizar todas y cada una de las argumentaciones de las partes, sino las que sean conducentes y posean relevancia para decidir el caso (Fallos: 258:304; 262:222; 265:301; 272:225, entre otros).",
      "\"SEPOLD GRACIELA BEATRIZ S / PEDIDO DE CONCURSO PREVENTIVO S / CONCURSO PREVENTIVO art. 288 LCQ Expte. 4401 S/ RECURSO DE QUEJA\" - Expte. Nº 8967 Se evidencia a poco que se avanza en la lectura del escrito recursivo, que las expresiones vertidas no refieren al fundamento medular por el cual la Cámara dispuso no hacer lugar al recurso de queja interpuesto, el que giró en torno al único agravio en el que los quejosos fundaron su pretensión recursiva -inconstitucionalidad del art. 273 inc. 3 de la LCQ-.",
      "Por el contrario, las mismas se muestran como una mera defensa de la singular posición asumida por los acreedores; que se asienta, en mantener su posición en juicio respecto de que corresponde adicionar intereses a la liquidación oportunamente presentada y abonada por la concursada, y que fuera base del acuerdo preventivo aprobado, por el período que transcurrió desde su última liquidación y hasta el efectivo pago.",
      "En función de lo expuesto, cabe mencionar que los argumentos expuestos por los recurrentes constituyen una reiteración de los manifestados ante el juez concursal como fundamento del recurso de reposición que fuera rechazado -resolución del 23/05/23- y de los planteados ante la Cámara de Apelaciones para el caso de que se hiciera lugar a la queja interpuesta, pero no resultan ellos hábiles para revisar, por los vicios que se le atribuyen, la construcción jurídica en que se asienta el fallo cuestionado relativo a no hacer lugar al recurso de queja interpuesto.",
      "De este modo las críticas que se exponen en el escrito recursivo no logran rebatir los argumentos medulares que dan entidad a la sentencia.",
      "En ese sentido, no existe un solo reproche consistente en contra de los argumentos expresados en el fallo, y que refieren todos, al único fundamento alegado por los recurrentes para fundar su recurso de apelación, y que dan cuenta de que: i) no resulta procedente la declaración de inconstitucionalidad del art. 273 inc. 3 de la LCQ por ser esta la última ratio del orden jurídico resultando procedente solamente cuando del acabado examen de la cuestión conduzca a la convicción cierta de que su aplicación conculca un derecho o garantía constitucional, lo que no se encuentra acreditado; ii) que la regla de la inapelabilidad en el proceso falencial, admite supuestos de excepción reconocidos por la doctrina y jurisprudencia, por lo cual tampoco resultaría procedente la declaración de inconstitucional; y finalmente iii) que no se encuentra demostrado en el caso de autos que se den alguna de las situaciones de excepción a la regla de la inapelabilidad de las resoluciones del proceso falencial.",
      "Ninguno de estos argumentos de hecho y derecho fueron rebatidos por los acreedores, quienes se han limitado a reiterar argumentos esbozados en las anteriores instancias, tal como lo anticipara.",
      "Esta Sala tiene dicho que la revisión del fallo vía casación exige puntual y suficiente acreditación de la violación o errónea aplicación legal que se \"SEPOLD GRACIELA BEATRIZ S / PEDIDO DE CONCURSO PREVENTIVO S / CONCURSO PREVENTIVO art. 288 LCQ Expte. 4401 S/ RECURSO DE QUEJA\" - Expte. Nº 8967 le atribuye, con indicación precisa de la norma que se considera aplicable y demostración fehaciente del desacierto jurídico denunciado, a través de una crítica integral del fallo que se remita a su estructura lógica, habida cuenta que el reproche parcial de sus fundamentos no puede provocar la apertura de esta instancia extraordinaria. Ello puesto que la intervención que le cabe a este Tribunal no puede extenderse de modo tal que se traduzca en una tercera instancia.1 Finalmente cabe recordar que es posición inveterada de esta Sala que para abrir la instancia extraordinaria se deben poner en tela de juicio las partes del fallo que se consideren equivocadas, determinando con claridad cual o cuales son las normas o la doctrina legal violada. No basta disentir con la sentencia en crisis, es requisito fundamental la crítica concreta, razonada, puntual.2 3.- En virtud de lo expuesto es que adhiero a la solución de inadmisibilidad del recurso de inaplicabilidad de ley incoado propuesta por el vocal Tepsich. ASÍ VOTO.",
      "Por último, habiendo mayoría absoluta, EL SR. VOCAL EN EJERCICIO DE LA PRESIDENCIA DEL STJ, DR. LEONARDO 1\"Buttazzoni\", Mabel Teresita s. pedido de concurso preventivo s. concurso preventivo -art. 288 lcq s. quiebra s/ recurso de queja\" - Expte. Nº 8582, sentencia del 12/10/2022 2Bank Boston N.A. c/ Olmos, Florencia del C. y otro s/Ejecución Hipotecaria (incidente de liquidación de deuda) Expte. N° 4747, sentencia 27/06/2006, entre otros.",
      "PORTELA, se abstiene de votar y firmar la presente resolución con arreglo a lo dispuesto por el art. 33 de la LOPJ, texto según ley 10.704.",
      "Con lo que no siendo para más se da por finalizado el acto quedando acordada la siguiente sentencia:",
      "Paraná, 3 de mayo de 2024."
    ],
    "Y VISTO": [
      "Por los fundamentos del acuerdo que antecede se,"
    ],
    "RESUELVE": [
      "DECLARAR INADMISIBLE el recurso de inaplicabilidad de ley deducido en fecha 6/9/2023, respecto de la resolución de la Sala Primera de la Cámara Segunda de Apelaciones de Paraná dictada en fecha 23/8/2023, con costas.",
      "Tener presente la reserva del caso federal.",
      "Notifíquese conforme arts. 1º y 4º Ac. Gral. 15/18 SNE, regístrese y oportunamente devuélvase.",
      "Ante mí. En igual fecha se registró. Asimismo, se deja constancia que la presente se suscribe mediante firma digital -Acuerdo Gral. 11/20 del 23-6-2020, Punto 4°) prescindiéndose de su impresión en formato papel.",
      "\"SEPOLD GRACIELA BEATRIZ S / PEDIDO DE CONCURSO PREVENTIVO S / CONCURSO PREVENTIVO art. 288 LCQ Expte. 4401 S/ RECURSO DE QUEJA\" - Expte. Nº 8967"
    ]
  }
}