{
  "METADATOS": {
    "ID_FALLO": "8980",
    "MES": "05",
    "ARTICULOS_CITADOS": {
      "citations": [
        {
          "main_source": "Código Procesal Civil y Comercial (CPCC)",
          "cited_articles": [
            14
          ],
          "extra": "inc. 7º"
        },
        {
          "main_source": "Código Procesal Civil y Comercial (CPCC)",
          "cited_articles": [
            14,
            27
          ],
          "extra": "inc. 2º"
        },
        {
          "main_source": "Otro",
          "cited_articles": [
            33
          ],
          "extra": "LOPJ"
        },
        {
          "main_source": "Ley 10.704",
          "cited_articles": [],
          "extra": "texto según ley"
        },
        {
          "main_source": "Otro",
          "cited_articles": [
            33
          ],
          "extra": "LOPJ"
        },
        {
          "main_source": "Acuerdo General 15/18 SNE",
          "cited_articles": [
            1,
            4
          ],
          "extra": "conforme"
        },
        {
          "main_source": "Acuerdo General 11/20",
          "cited_articles": [],
          "extra": "del 23-6-2020, Punto 4°"
        }
      ]
    }
  },
  "MATERIA_PRELIMINAR": "USUCAPION",
  "IDEA_CENTRAL": "**IDEA CENTRAL DEL FALLO**\n\nEn el caso \"BURGARTD JORGE LINO C/ BURGARTD JUAN PEDRO Y/O SUCESORES Y/O HEREDEROS Y/O QUIEN O QUIENES SE CONSIDEREN CON DERECHO S/ USUCAPION\", el tribunal resolvió aceptar la excusación del Dr. Carlos Federico Tepsich, quien se apartó del caso debido a su participación previa en resoluciones relacionadas, conforme a los artículos 14 inc. 2º y 27 del Código Procesal Civil y Comercial (CPCC).\n\n**Decisión Judicial Principal y Fundamento Legal**\n\nLa decisión principal fue aceptar la excusación del Dr. Tepsich, lo que implica que no se trató la recusación planteada por el actor. Esta decisión se fundamenta en la necesidad de garantizar la imparcialidad del juez, evitando conflictos de interés que pudieran afectar la integridad del proceso.\n\n**Aspectos Legales Relevantes**\n\n1. **Código Procesal Civil y Comercial (CPCC)**:\n   - Artículo 14 inc. 2º: Establece las causales de excusación de los jueces.\n   - Artículo 14 inc. 7º: Relativo a la recusación por haber emitido opinión en casos previos.\n   - Artículo 27: Disposiciones sobre el procedimiento de excusación.\n\n2. **Ley Orgánica del Poder Judicial (LOPJ)**:\n   - Artículo 33: Regula la abstención de los jueces en casos de conflicto de interés.\n\n**Razonamiento del Tribunal**\n\nEl tribunal consideró que la excusación del Dr. Tepsich era procedente, dado que su participación anterior en decisiones relacionadas con el caso podría comprometer su imparcialidad. Al aceptar la excusación, se asegura que la sala continúe su labor con un juez que no tenga vínculos previos con el caso, preservando así la confianza en el sistema judicial.\n\nEn conclusión, el fallo se centra en la importancia de la imparcialidad judicial y el correcto manejo de las recusaciones y excusaciones en el proceso de usucapión.",
  "CONTENIDO": {
    "INICIO": [
      "\"BURGARTD JORGE LINO C/ BURGARTD JUAN PEDRO Y/O SUCESORES Y/O HEREDEROS Y/O QUIEN O QUIENES SE CONSIDEREN CON DERECHO S/ USUCAPION\"Expte. N° 8980 PARANÁ, 14 de mayo de 2024."
    ],
    "VISTO": [
      "La recusación efectuada en fecha 4/4/2024, y la excusación del Dr.",
      "Carlos Federico Tepsich del 9/4/2024 en los autos \"BURGARTD JORGE LINO C/ BURGARTD JUAN PEDRO Y/O SUCESORES Y/O HEREDEROS Y/O QUIEN O QUIENES SE CONSIDEREN CON DERECHO S/ USUCAPION\" - Expte. N° 8980 y,"
    ],
    "CONSIDERANDO": [
      "Que el actor, Sr. Jorge Lino Burgardt, por derecho propio y con patrocinio letrado del Dr. Ángel Manuel Cabral, plantea recusación contra el Dr.",
      "Tepsich en razón del art. 14 inc. 7º del CPCC, por haber emitido opinión como integrante de la Sala Civil y Comercial de la Cámara de Apelaciones de Concepción del Uruguay en las resoluciones dictadas en fecha 12/5/2023, 4/10/2023 y 22/11/2023.",
      "Que notificado el Dr. Tepsich, manifiesta siendo esta la primera oportunidad que tiene para expedirse, considera que debe ser excusado en los términos de los arts. 14 inc. 2º y 27 del CPCC, por encontrarse comprendido en la causal de apartamiento.",
      "Asimismo, acepta la motivación del pedido excusatorio solicitando que se atienda con preferencia su excusación.",
      "Por ello, corresponde aceptar la excusación del Dr. Carlos Federico Tepsich, razón por la cual no resulta necesario el tratamiento de la recusación planteada.",
      "Asimismo, habiendo mayoría absoluta, el Sr. Vocal en ejercicio de la presidencia del STJ, Dr. Leonardo Portela, se abstiene de votar y firmar la presente resolución con arreglo a lo dispuesto por el art. 33 de la LOPJ, texto según ley 10.704.",
      "En consecuencia, se"
    ],
    "RESUELVE": [
      "Aceptar la excusación del Dr. Carlos Federico Tepsich, quedando integrada esta Sala por la Sra. Vocal Gisela N Schumacher, la Sra. Vocal Laura Mariana Soage y el Sr. Vocal Leonardo Portela (art. 33, LOPJ).",
      "Regístrese y notifíquese conforme arts. 1° y 4° Ac. Gral. 15/18 SNE.",
      "Ante mí:",
      "En igual fecha se registró. Conste. Asimismo, se deja constancia que la presente se suscribe mediante firma digital -Acuerdo Gral. 11/20 del 23-6-2020, Punto 4°) prescindiéndose de su impresión en formato papel."
    ]
  }
}