{
  "METADATOS": {
    "ID_FALLO": "9010",
    "MES": "05",
    "ARTICULOS_CITADOS": {
      "citations": [
        {
          "main_source": "Código Procesal Civil y Comercial (CPCC)",
          "cited_articles": [
            14
          ],
          "extra": "inc. 7"
        },
        {
          "main_source": "Otro",
          "cited_articles": [
            33
          ],
          "extra": "de la LOPJ"
        },
        {
          "main_source": "Ley 10.704",
          "cited_articles": [],
          "extra": ""
        },
        {
          "main_source": "Otro",
          "cited_articles": [
            33
          ],
          "extra": "LOPJ"
        },
        {
          "main_source": "Acuerdo General 15/18 SNE",
          "cited_articles": [
            1,
            4
          ],
          "extra": ""
        },
        {
          "main_source": "Acuerdo General 11/20",
          "cited_articles": [],
          "extra": "del 23-6-2020, Punto 4°"
        }
      ]
    }
  },
  "MATERIA_PRELIMINAR": "RECURSO DE QUEJA (QUEJA INTERPUESTA POR EL DR. JUAN PABLO EMILIO FEDERIK)",
  "IDEA_CENTRAL": "**IDEA CENTRAL DEL FALLO**\n\nEl fallo judicial resuelve la aceptación de la excusación del Dr. Carlos Federico Tepsich en el caso \"Guy Edith E. c/ Cardozo Jorge R. y otros\", en virtud de la causal prevista en el artículo 14, inciso 7 del Código Procesal Civil y Comercial (CPCC). La decisión se fundamenta en la necesidad de asegurar la imparcialidad del tribunal, dado que el Dr. Tepsich había emitido opinión en resoluciones anteriores del mismo expediente.\n\n**Aspectos Legales Relevantes**\n\n1. **Causal de Excusación**: Se invoca el artículo 14, inciso 7 del CPCC, que establece las causales por las cuales un juez puede excusarse de intervenir en un proceso.\n2. **Composición del Tribunal**: La resolución también menciona el artículo 33 de la Ley Orgánica del Poder Judicial (LOPJ), que regula la abstención de los jueces en casos de conflicto de interés.\n\n**Leyes y Artículos Clave**\n\n- **Código Procesal Civil y Comercial (CPCC)**: Art. 14, inc. 7.\n- **Ley Orgánica del Poder Judicial (LOPJ)**: Art. 33.\n\n**Razonamiento del Tribunal**\n\nEl tribunal, al aceptar la excusación del Dr. Tepsich, asegura la integridad y la imparcialidad del proceso judicial. La mayoría absoluta de los vocales permite la integración de la sala con los restantes miembros, garantizando así la continuidad del procedimiento sin la influencia de un juez que ya ha participado en decisiones previas. La decisión se toma en cumplimiento de las normativas que rigen la conducta de los magistrados, enfatizando la importancia de la transparencia y la justicia en el proceso judicial.\n\nEn conclusión, el fallo reafirma el compromiso del sistema judicial con la imparcialidad y la correcta administración de justicia, evitando cualquier posible sesgo en la resolución del caso.",
  "CONTENIDO": {
    "INICIO": [
      "\"GUY EDITH E. C/ CARDOZO JORGE R. Y OTROS S. INTERDICTO DE RECOBRAR S/ RECURSO DE QUEJA (QUEJA INTERPUESTA POR EL DR. JUAN PABLO EMILIO FEDERIK)\" - Expte. N° 9010 PARANÁ, 21 de mayo de 2024."
    ],
    "VISTO Y CONSIDERANDO": [
      "La excusación del Dr. Carlos Federico Tepsich de fecha 9/4/2024 en las actuaciones \"GUY EDITH E. C/ CARDOZO JORGE R. Y OTROS S.",
      "INTERDICTO DE RECOBRAR S/ RECURSO DE QUEJA (QUEJA INTERPUESTA POR EL DR. JUAN PABLO EMILIO FEDERIK)\" - Expte.",
      "N° 9010 y atento a que ha quedado configurada la causal dispuesta por el art. 14 inc. 7 del CPCC, puesto que emitió opinión en las resoluciones de fecha 28/11/2023 y 8/2/2024, corresponde aceptarla.",
      "Asimismo, habiendo mayoría absoluta, el Sr. Vocal en ejercicio de la presidencia del STJ, Leonardo Portela, se abstiene de votar y firmar la presente resolución con arreglo a lo dispuesto por el art. 33 de la LOPJ, texto según ley 10.704.",
      "En consecuencia, se"
    ],
    "RESUELVE": [
      "Aceptar la excusación de Carlos Federico Tepsich, quedando integrada esta Sala por Gisela N. Schumacher; Miguel A. Giorgio y Leonardo Portela (art. 33, LOPJ).",
      "Regístrese y notifíquese conforme arts. 1 y 4 Acordada 15/18 SNE.",
      "Ante mí:",
      "En igual fecha se registró. Conste. Asimismo, se deja constancia que la presente se suscribe mediante firma digital -Acuerdo Gral. 11/20 del 23-6-2020, Punto 4°) prescindiéndose de su impresión en formato papel."
    ]
  }
}