{
  "METADATOS": {
    "ID_FALLO": "9011",
    "MES": "05",
    "ARTICULOS_CITADOS": {
      "citations": [
        {
          "main_source": "Ley 24.522 (LCQ - Ley de Concursos y Quiebras)",
          "cited_articles": [
            288
          ],
          "extra": null
        },
        {
          "main_source": "Código Procesal Civil y Comercial (CPCC)",
          "cited_articles": [
            14
          ],
          "extra": null
        },
        {
          "main_source": "Otro",
          "cited_articles": [
            33
          ],
          "extra": "art. 33 de la LOPJ"
        },
        {
          "main_source": "Ley 10.704",
          "cited_articles": [],
          "extra": null
        },
        {
          "main_source": "Otro",
          "cited_articles": [
            33
          ],
          "extra": "art. 33, LOPJ"
        },
        {
          "main_source": "Acuerdo General 15/18 SNE",
          "cited_articles": [
            1,
            4
          ],
          "extra": "conforme arts."
        },
        {
          "main_source": "Acuerdo General 11/20",
          "cited_articles": [],
          "extra": "del 23-6-2020, Punto 4°"
        }
      ]
    }
  },
  "MATERIA_PRELIMINAR": "",
  "IDEA_CENTRAL": "**IDEA CENTRAL DEL FALLO**\n\nEl fallo judicial se centra en la aceptación de la excusación presentada por la Sra. Vocal Gisela N. Schumacher, quien alegó razones de decoro y violencia moral que le impedían participar en el caso \"BUTTAZZONI MABEL TERESITA S. PEDIDO DE CONCURSO PREVENTIVO\". La decisión se fundamenta en la necesidad de garantizar la imparcialidad y objetividad en la administración de justicia.\n\n**Decisión Judicial Principal y Fundamento**\n\nEl tribunal resolvió aceptar la excusación de la Sra. Vocal Schumacher, permitiendo su apartamiento del caso. Esta decisión se basa en el reconocimiento de que la conmoción del ánimo y la violencia moral son motivos válidos para la excusación, más allá de los supuestos taxativos establecidos en el artículo 14 del Código Procesal Civil y Comercial (CPCC).\n\n**Aspectos Legales Relevantes**\n\n1. **Código Procesal Civil y Comercial (CPCC)**: Artículo 14, que regula la recusación y excusación de magistrados.\n2. **Ley Orgánica del Poder Judicial (LOPJ)**: Artículo 33, que establece las normas sobre la integración de las salas judiciales.\n\n**Razonamiento del Tribunal**\n\nEl tribunal argumenta que la excusación no debe limitarse a las causas expresamente previstas en la ley, sino que debe considerar también motivos de decoro y violencia moral que afectan la capacidad del magistrado para juzgar con imparcialidad. Se resalta que la subjetividad de la conmoción del ánimo es un aspecto que no puede ser desestimado, y que la aceptación de la excusación es esencial para mantener la integridad del proceso judicial.\n\nEn conclusión, el tribunal prioriza la imparcialidad en la administración de justicia al aceptar la excusación de la magistrada, asegurando así la correcta resolución del caso.",
  "CONTENIDO": {
    "INICIO": [
      "\"BUTTAZZONI MABEL TERESITA S. PEDIDO DE CONCURSO PREVENTIVO S. CONCURSO PREVENTIVO - art. 288 L.C.Q. - S.",
      "QUIEBRA S/ INCIDENTE NULIDAD (Incidente de nulidad del incidente de liquidación Nº 3927)\"Expte. N° 9011 PARANÁ, 15 de mayo de 2024."
    ],
    "VISTO": [
      "La excusación invocada por la Sra. Vocal, Gisela N. Schumacher, en los autos \"BUTTAZZONI MABEL TERESITA S. PEDIDO DE CONCURSO PREVENTIVO S. CONCURSO PREVENTIVO - art. 288 L.C.Q. - S. QUIEBRA S/ INCIDENTE NULIDAD (Incidente de nulidad del incidente de liquidación Nº 3927)\"Expte. N° 9011, y,"
    ],
    "CONSIDERANDO": [
      "1.- La Sra. Vocal, Gisela N. Schumacher manifiesta que cuando se desempeñaba como Vocal de la Cámara en lo Contencioso Administrativo N° 1 de Paraná, la actora realizó afirmaciones de contenido agraviante e injuriante contra su persona lo que derivó en que se excusara en las actuaciones \"Micheloud Marcelo c/ Estado Provincial s/ contencioso administrativo\" - Expte Nº 550.",
      "Ello así, pues consideró que las expresiones efectuadas a título personal y funcional la colocaban en una situación de imposibilidad de resolver por razones graves de decoro y violencia moral.",
      "2.- En tal sentido, resulta sabido que \"...no corresponde aplicar estrictamente las normas que regulan la recusación con causa a los supuestos de excusación, los que deben ser apreciados con mayor amplitud de criterio a fin de hacer honor al escrúpulo siempre respetable de los magistrados, que es de presumir sincero.\" (Arazi Roland, Rojas Jorge A. \"Código Procesal Civil y Comercial de la Nación; Comentado, Anotado y Concordado con los Códigos Provinciales\", 2da.",
      "Ed. Tomo I, pág. 102 Ed. Rubinzal Culzoni, Santa Fe, 2007).",
      "Asimismo, cabe afirmar que la conmoción del ánimo precisamente es una cuestión del fuero íntimo de la persona que por estar en el ámbito de su subjetividad resulta impropio pretender desentrañarlo.",
      "Y es que la excusación no está limitada a los supuestos taxativamente establecidos por el art. 14 del CPCC, sino que además se puede efectivizar cuando existan otras causas sustentadas en motivos de decoro o violencia moral, que impliquen para el juzgador tener que abstenerse de resolver el pleito.",
      "En tal sentido, no cabe duda que cuando un integrante de la magistratura alega conmoción de su ánimo o violencia moral, tal invocación debe aceptarse precisamente para garantizar la necesaria imparcialidad y objetividad que debe tener para administrar justicia.",
      "En consecuencia, teniendo en cuenta que la Sra. abogada, Mabel T. Buttazoni, interviene en autos por derecho propio y como parte, sin dudas corresponde aceptar el apartamiento solicitado.",
      "Por último, habiendo mayoría absoluta, el Sr. Vocal en ejercicio de la presidencia del STJ, Dr. Leonardo Portela, se abstiene de votar y firmar la presente resolución con arreglo a lo dispuesto por el art. 33 de la LOPJ, texto según ley 10.704.",
      "Por ello, se"
    ],
    "RESUELVE": [
      "ACEPTAR la excusación formulada por la Sra. Vocal, Gisela N.",
      "Schumacher y, en consecuencia, integrar esta Sala con los Sres. Vocales Carlos Federico Tepsich, Miguel A. Giorgio y Leonardo Portela (art. 33, LOPJ).",
      "Regístrese, notifíquese conforme arts. 1 y 4 Acordada 15/18 SNE y oportunamente pasen los autos a despacho.",
      "Ante mí. En igual fecha se registró. Conste. Asimismo, se deja constancia que la presente se suscribe mediante firma digital -Acuerdo Gral. 11/20 del 23-6-2020, Punto 4°) prescindiéndose de su impresión en formato papel."
    ]
  }
}