{
  "METADATOS": {
    "ID_FALLO": "9013",
    "MES": "05",
    "ARTICULOS_CITADOS": {
      "citations": [
        {
          "main_source": "Código Procesal Civil y Comercial (CPCC)",
          "cited_articles": [
            6,
            119,
            485,
            485
          ],
          "extra": "arts. 13 del CPCC y 41 inc. 3 de la LOPJ"
        },
        {
          "main_source": "Ley 7046",
          "cited_articles": [
            119
          ],
          "extra": "art. 64° (texto s/Ley N° 10.704)"
        },
        {
          "main_source": "Acuerdo General 15/18 SNE",
          "cited_articles": [
            0
          ],
          "extra": "conforme Ac. Gral. 15/18 SNE"
        },
        {
          "main_source": "Acuerdo General 11/20",
          "cited_articles": [
            0
          ],
          "extra": "Acuerdo Gral. 11/20 del 23-6-2020"
        }
      ]
    }
  },
  "MATERIA_PRELIMINAR": "EJECUCION DE HONORARIOS (RECIBIDO POR INCOMPETENCIA)",
  "IDEA_CENTRAL": "**IDEA CENTRAL DEL FALLO**\n\nEn el caso \"BONAZZOLA CONSTANZA AGOSTINA C/ MINISTERIO DE EDUCACION DE LA PROVINCIA DE SANTA FE S/ EJECUCION DE HONORARIOS (RECIBIDO POR INCOMPETENCIA)\", el tribunal resolvió declarar competente al Juzgado de Paz de Seguí para conocer en la ejecución de honorarios regulados en un proceso de hábeas data, remitiendo las actuaciones desde el Juzgado de Primera Instancia Civil y Comercial N° 10 de Paraná.\n\n**Decisión Judicial Principal y Fundamento Legal**\n\nLa decisión se fundamenta en el artículo 119 de la Ley 7046, que establece que el juez que reguló los honorarios es competente para su cobro, independientemente del monto. El tribunal interpretó que, dado que los honorarios fueron regulados en un proceso de hábeas data, corresponde al Juzgado de Paz de Seguí, quien actuó en el proceso principal.\n\n**Aspectos Legales Relevantes**\n\n1. **Código Procesal Civil y Comercial (CPCC)**: Artículo 6 inciso 1, que establece la competencia del tribunal que intervino en el proceso principal para juicios de ejecución de honorarios.\n2. **Ley 7046**: Artículo 119, que determina la competencia del juez que reguló los honorarios.\n3. **Acordada del STJ**: Interpretación armónica que excluye las ejecuciones de honorarios de los juzgados especializados.\n\n**Razonamiento del Tribunal**\n\nEl tribunal argumentó que la ejecución de honorarios debe ser gestionada por el juez que dictó la sentencia original, en este caso, el juez del amparo. Al no optar la actora por el proceso común de ejecución, se concluyó que el Juzgado de Paz de Seguí es el competente para llevar a cabo la ejecución de los honorarios regulados.\n\nEn consecuencia, se resolvió remitir las actuaciones al Juzgado de Paz de Seguí, asegurando así la correcta aplicación de la normativa y evitando la multiplicidad de procesos.",
  "CONTENIDO": {
    "INICIO": [
      "\"BONAZZOLA CONSTANZA AGOSTINA C/ MINISTERIO DE EDUCACION DE LA PROVINCIA DE SANTA FE S/ EJECUCION DE HONORARIOS (RECIBIDO POR INCOMPETENCIA)\" - Expte. Nº 9013 PARANÁ, 8 de mayo de 2024."
    ],
    "VISTO": [
      "El conflicto negativo de competencia suscitado entre el Juzgado de Primera Instancia Civil y Comercial N° 10 de Paraná y el Juzgado de Paz de de Seguí, en los autos \"BONAZZOLA CONSTANZA AGOSTINA C/ MINISTERIO DE EDUCACION DE LA PROVINCIA DE SANTA FE S/ EJECUCION DE HONORARIOS (RECIBIDO POR INCOMPETENCIA)\" - Expte. Nº 9013, y;"
    ],
    "CONSIDERANDO": [
      "1.- La letrada Constanza Agostina Bonazzola promovió juicio de ejecución de honorarios contra el Ministerio de Educación de la Provincia de Santa Fe, que le fueran regulados en las actuaciones \"Ciarrocca María Isabel c/ Ministerio de Educación de la Provincia de Santa Fe s/ acción de hábeas data\", Expte. N° 5436.",
      "2.- El Sr. Juez de Primera Instancia Civil y Comercial N° 10, Ignacio M. Basaldúa, apartándose del dictamen emitido por el Ministerio Público Fiscal, resolvió declarar la incompetencia de ese juzgado y remitir las actuaciones al Juzgado de Paz de Seguí (fecha, 21/12/2023).",
      "Para así resolver, concluyó que el art. 6 inc. 1º del CPCC establece que el tribunal que intervino en el proceso principal resulta competente en los juicios de ejecución de honorarios y costas devengadas en el proceso, y acciones accesorias en general.",
      "Por otra parte, dijo que el art. 119 de la ley 7046 establece que:",
      "\"En el cobro de honorarios será competente, cualquiera sea su monto, el Juez que hubiera regulado los mismos. Para los honorarios regulados en el fuero penal, Tribunales de Alzada o Superior Tribunal de Justicia, el Juez de Primera Instancia en lo Civil y Comercial con competencia en el lugar donde se realizó el trámite o el del domicilio del demandado a elección del actor...\".",
      "Asimismo, explicó que en Acuerdo Especial del 8 de julio de 2008 del STJER, se ha resuelto que una interpretación armónica de la Acordada del STJ, lleva a tener en cuenta que entre los procesos enumerados en la adjudicación de competencias a los juzgados especializados, no se ha establecido las ejecuciones de sentencia. Sabido es, que en la mayoría de los casos, cuando el condenado en costas es el demandado contra quien se admite la demanda, los honorarios se ejecutan como accesorios y junto con la condena principal. Y es así que aparece entonces la posibilidad de multiplicidad de procesos con el mismo fin, de sentencias contradictorias e incluso, de provocar el desgaste de llegar a la subasta de distintos bienes o cuestiones al respecto, si se sostiene que para las ejecuciones de honorarios debe entender el juzgado de ejecuciones, en tanto la ejecución de la \"BONAZZOLA CONSTANZA AGOSTINA C/ MINISTERIO DE EDUCACION DE LA PROVINCIA DE SANTA FE S/ EJECUCION DE HONORARIOS (RECIBIDO POR INCOMPETENCIA)\" - Expte. Nº 9013 sentencia se mantiene ante el juez del proceso de conocimiento principal como lo determina la normativa procesal -art. 6 inc. 1 del CPCC-.",
      "En síntesis, entendió que la competencia del juzgado en procesos de ejecución, refiere a las ejecuciones que, con anterioridad a la creación de ese juzgado, eran presentadas a través de la Mesa Unica Informatizada, previo sorteo, conforme lo establecido en el Reglamento de la misma y en los anexos I, II y V.",
      "Esto es las ejecuciones de honorarios regulados en juicios tramitados en sede penal, administrativa o en los tribunales de alzada.",
      "3.- Recepcionados los autos por el Juzgado de Paz de Seguí, la Sra.",
      "Jueza, Lorena G. Solaro, declaró la incompetencia del juzgado y dispuso la remisión de las actuaciones a esta Sala Civil y Comercial del Superior Tribunal de Justicia, en virtud de lo establecido por los arts. 13 del CPCC y 41 inc. 3 de la LOPJ (fecha, 19/2/2024).",
      "Para así decidir, consideró que se está ante un expediente tramitado conforme las disposiciones de la Ley Provincial N° 8369 de Procedimientos Constitucionales, por tratarse de un supuesto de amparo especial (hábeas data) regulado en el art. 64° (texto s/Ley N° 10.704) y que dicha normativa no contiene un procedimiento de ejecución de sentencias.",
      "Recordó que la postura mayoritaria del STJ que se aplica en estos casos, implica que respecto a la efectivización del derecho que se pretende reparar por vías del amparo es inescindible de la sentencia y corresponde que sea efectivizada, en principio, por el juez que la dictó.",
      "En esta línea de razonamiento, observó que la demanda presentada por la Sra. Bonazzola pretende ejecutar los honorarios regulados en el proceso de origen y, citando precedentes de la Cámara Segunda de Apelaciones de Paraná, refirió que la competencia corresponde que sea dirimida a favor del fuero civil y comercial sólo cuando la parte acude libre y voluntariamente al proceso común de ejecución de sentencias previsto en el Código Procesal Civil y Comercial de la Provincia, más no cuando opta por tramitar la ejecución de la sentencia de la acción de amparo ante el juez de dicho procedimiento. En este último supuesto, la competencia corresponde al juez del amparo, con independencia del fuero al que corresponda, quien además es su juez natural. Es decir: si la parte accionante no acude a la vía de la ejecución de la sentencia del art. 485 del CPCC es el juez del amparo quien debe intervenir en todos los actos tendientes a la concreción del resultado perseguido en la demanda. Y, a estos fines, es indiferente la rama del Derecho en la que sea competente. En cambio, si se opta por aquella vía, la ejecución le corresponde al juez con competencia para aplicar las reglas de los arts.",
      "485 y concs. del CPCC.",
      "En consecuencia, reseñó que en estos supuestos la regla es la \"BONAZZOLA CONSTANZA AGOSTINA C/ MINISTERIO DE EDUCACION DE LA PROVINCIA DE SANTA FE S/ EJECUCION DE HONORARIOS (RECIBIDO POR INCOMPETENCIA)\" - Expte. Nº 9013 competencia del juez que tramitó la acción, salvo los casos en que la parte actora opta voluntariamente por el proceso común de ejecución de sentencias.",
      "Por ello, concluyó que de las constancias de autos surgía claramente que la actora en este caso ejerció la opción del proceso común, mediante la presentación de la acción en la MUI y posterior remisión al Juzgado Civil y Comercial N° 10 de la ciudad de Paraná.",
      "4.- Recibidas las actuaciones por esta Sala, se corrió vista a la Sra.",
      "Fiscal General del STJ, quien propicia que el proceso continúe su trámite por ante el Juzgado de Primera Instancia Civil y Comercial N° 10 de Paraná, debido a que la actora promovió demanda por ejecución de sentencia -art. 485 del CPCC- (fecha, 1/3/2024).",
      "5.- Relatados los antecedentes del caso, liminarmente se debe destacar que el art. 119 de la ley 7046 establece que: \"[e]n el cobro de honorarios será competente, cualquiera sea su monto, el Juez que hubiera regulado los mismos. Para los honorarios regulados en el fuero penal, Tribunales de Alzada o con competencia en el lugar donde se realizó el trámite o el del domicilio del demandado a elección del actor...\"(la negrita nos pertenece).",
      "Sentado ello cuadra señalar que \"[l]a primera fuente de exégesis de la ley es su letra y, cuando ésta es clara y no exige mayor esfuerzo interpretativo, no cabe sino su directa aplicación, con prescindencia de consideraciones que excedan las circunstancias del caso expresamente contempladas por la norma\".",
      "(Fallos: 347:116; 345:938; entre otros).",
      "En tal sentido y sin perjuicio del trámite procedimental que corresponda imprimir en la presentes actuaciones, se puede advertir que en este expediente se pretenden ejecutar los honorarios que fueran regulados a la actora por la Sra. Jueza de Paz de Seguí en una acción de hábeas data. Por lo tanto, conforme lo establecido legalmente, resulta competente para intervenir en su cobro, ya que la regulación de honorarios realizada quedó subsumida en el supuesto expresamente descripto por el primer párrafo de la norma arancelaria citada.",
      "Por ello, en razón de lo expresado precedentemente, corresponde declarar la competencia del Juzgado de Paz de Seguí al que se le remitirán las presentes actuaciones, y comunicar lo resuelto al Juzgado Civil y Comercial Nº 10 de esta ciudad.",
      "Por último, habiendo mayoría absoluta, EL SR. VOCAL EN EJERCICIO DE LA PRESIDENCIA DEL STJ, DR. LEONARDO PORTELA, se abstiene de votar y firmar la presente resolución con arreglo a lo dispuesto por el art. 33 de la LOPJ, texto según ley 10.704.",
      "\"BONAZZOLA CONSTANZA AGOSTINA C/ MINISTERIO DE EDUCACION DE LA PROVINCIA DE SANTA FE S/ EJECUCION DE HONORARIOS (RECIBIDO POR INCOMPETENCIA)\" - Expte. Nº 9013 En consecuencia, se"
    ],
    "RESUELVE": [
      "DECLARAR competente al Juzgado de Paz de Seguí al que se le remitirán las presentes actuaciones, y comunicar lo resuelto al Juzgado Civil y Comercial Nº 10 de esta ciudad.",
      "Regístrese, notifíquese conforme Ac. Gral. 15/18 SNE y oportunamente bajen.",
      "Ante mí. En igual fecha se registró. Asimismo, se deja constancia que la presente se suscribe mediante firma digital -Acuerdo Gral. 11/20 del 23-6-2020, Punto 4°) prescindiéndose de su impresión en formato papel."
    ]
  }
}