{
  "METADATOS": {
    "ID_FALLO": "9017",
    "MES": "05",
    "ARTICULOS_CITADOS": {
      "citations": [
        {
          "main_source": "Ley 10.704",
          "cited_articles": [
            33
          ],
          "extra": "texto según ley"
        },
        {
          "main_source": "Código Procesal Civil y Comercial (CPCC)",
          "cited_articles": [
            280
          ],
          "extra": "segundo párrafo"
        },
        {
          "main_source": "Código Civil y Comercial (CCC)",
          "cited_articles": [
            1255
          ],
          "extra": null
        },
        {
          "main_source": "Constitución Nacional (CN)",
          "cited_articles": [
            31
          ],
          "extra": null
        },
        {
          "main_source": "Acuerdo General 15/18 SNE",
          "cited_articles": [
            1,
            4
          ],
          "extra": "conforme"
        },
        {
          "main_source": "Acuerdo General 11/20",
          "cited_articles": [
            0
          ],
          "extra": "del 23-6-2020"
        },
        {
          "main_source": "Otro",
          "cited_articles": [
            16,
            19
          ],
          "extra": "ss. y cc. de la ley de honorarios profesionales"
        }
      ]
    }
  },
  "MATERIA_PRELIMINAR": "MONITORIO APREMIO",
  "IDEA_CENTRAL": "**IDEA CENTRAL DEL FALLO**\n\nEl Tribunal de Justicia de Entre Ríos declaró **inadmisible** el recurso de inaplicabilidad de ley interpuesto por el accionante en el caso \"ADMINISTRADORA TRIBUTARIA DE ENTRE RIOS C/ SANCHEZ ISLA MARIA LAURA S/ MONITORIO APREMIO\". La decisión se fundamenta en la falta de cumplimiento de los requisitos formales y sustantivos necesarios para habilitar esta vía extraordinaria, conforme a lo establecido en el artículo 280 del Código Procesal Civil y Comercial (CPCC).\n\n**Aspectos Legales Relevantes:**\n1. **Inaplicabilidad de Ley**: El recurso es una vía extraordinaria que no permite una nueva valoración de hechos y pruebas, sino que busca un control legal del veredicto.\n2. **Honorarios Profesionales**: Se cuestionó la aplicación de los artículos 16 y 19 de la ley de honorarios profesionales, así como la relación de proporcionalidad conforme al artículo 1255 del Código Civil y Comercial (CCC).\n3. **Derechos del Profesional**: Se alegó vulneración del derecho alimentario y del prestigio profesional del recurrente.\n\n**Fundamento Legal:**\n- **Art. 280 CPCC**: Establece los requisitos para la admisibilidad del recurso de inaplicabilidad de ley.\n- **Art. 31 Constitución Nacional**: Relaciona la jerarquía de las leyes y su aplicación.\n\n**Razonamiento del Tribunal:**\nEl Tribunal concluyó que el recurrente no presentó argumentos que evidenciaran un error de derecho o una violación concreta a las normas invocadas. Su disconformidad se basaba en una apreciación subjetiva de su labor profesional, sin aportar pruebas de un absurdo en la decisión del tribunal inferior. Además, se destacó que la Cámara de Apelaciones había evaluado adecuadamente la proporcionalidad de los honorarios, cumpliendo con los estándares legales pertinentes. \n\nEn consecuencia, se resolvió la inadmisibilidad del recurso, reafirmando la autoridad del tribunal de apelación en la regulación de honorarios.",
  "CONTENIDO": {
    "INICIO": [
      "\"ADMINISTRADORA TRIBUTARIA DE ENTRE RIOS C/ SANCHEZ ISLA MARIA LAURA S/ MONITORIO APREMIO\" - Expte. Nº 9017"
    ],
    "ACUERDO": [
      "En la ciudad de Paraná, capital de la provincia de Entre Ríos, a los catorce días del mes de mayo del año dos mil veinticuatro reunidos los integrantes de este Tribunal asistidos por el Secretario autorizante, para conocer el recurso de inaplicabilidad de ley deducido en fecha 26/12/2024 en las actuaciones:",
      "\"ADMINISTRADORA TRIBUTARIA DE ENTRE RIOS C/ SANCHEZ ISLA MARIA LAURA S/ MONITORIO APREMIO\" - Expte. Nº 9017, respecto de la resolución de la Sala Primera Civil y Comercial de la Cámara de Apelaciones de Concordia dictada en fecha 13/12/2023. Se practicó el sorteo de ley resultando que la votación debía tener lugar en el siguiente orden: Sr. Vocal Carlos Federico Tepsich; Sra. Vocal Gisela N. Schumacher y Sr. Vocal Leonardo Portela.",
      "Estudiados los autos, la Sala se planteó la siguiente cuestión: ¿qué corresponde resolver respecto del recurso de inaplicabilidad de ley interpuesto?",
      "A LA CUESTIÓN PROPUESTA EL SR. VOCAL CARLOS FEDERICO TEPSICH Y LA SRA. VOCAL GISELA N. SCHUMACHER"
    ],
    "DIJERON": [
      "1.- Contra la sentencia de fecha 13 de diciembre de 2023 que hace lugar al recurso de apelación articulado por la Sra. Procuradora Fiscal interviniente por el Fisco Provincial y, en consecuencia, reduce los honorarios regulados en primera instancia -interpuso el accionante recurso de inaplicabilidad de ley, cuya concesión motiva la intervención de este Tribunal.",
      "2.- El recurrente invocó errónea aplicación de lo dispuesto en los arts. 16, 19 ss. y cc. de la ley de honorarios profesionales, como así también la violación a los intereses de su parte y la consecuente vulneración de su derecho alimentario y del prestigio profesional.",
      "Refiere que no hubo una real consideración a las tareas profesionales por él realizadas, limitándose el tribunal a considerar la cantidad de escritos presentados pero no su relevancia y el resultado obtenido con ellos.",
      "3.- Como hemos sostenido en pronunciamientos anteriores el recurso de inaplicabilidad de ley es una vía extraordinaria cuya habilitación exige el cumplimiento de determinados recaudos en orden, precisamente, a la estructura e impronta de la impugnación articulada, desde que no constituye una tercera instancia de apreciación de los hechos y las pruebas del juicio siendo su finalidad obtener un control legal del veredicto dictado.",
      "A tal fin, conviene recordar que el recurso que nos ocupa, es una vía extraordinaria que posee una serie de exigencias técnico formales propias, que deben cumplirse con toda idoneidad por el impugnante a fin de habilitar la vía de casación. Entre ellas que las críticas que se formulen en él, se refieran directa y concretamente a la motivación esencial que el pronunciamiento contiene, pues si en esa réplica se sustraen todos o una parte de los argumentos que estructuran la \"ADMINISTRADORA TRIBUTARIA DE ENTRE RIOS C/ SANCHEZ ISLA MARIA LAURA S/ MONITORIO APREMIO\" - Expte. Nº 9017 sentencia, no se encuentran debidamente satisfechos los recaudos de aquél y también que en el escrito en que se deduzca el recurso se señale en términos claros y precisos, cuál es la ley o doctrina violada o erróneamente aplicada y en qué consiste la violación o el error -art. 280, segundo párrafo del CPCC-.",
      "4.- Analizando la pieza recursiva a tenor de las pautas supra señaladas, encontramos que el planteo del aquí recurrente sólo exterioriza una mera discrepancia subjetiva tendiente a descalificar aspectos de la decisión que son privativos de la labor de los jueces de grado, como lo es evaluar, en el caso, la tarifación de los honorarios de la parte.",
      "Simplemente sus agravios se apoyan en una particular versión sobre los hechos y de cómo debió apreciarse su labor profesional, sin aportar evidencia sobre la existencia de absurdo ni la violación concreta a la norma. Por lo demás, el razonamiento impugnativo soslaya por completo que el tribunal ad quem estableció al juzgar el recurso de apelación arancelario una necesaria relación de proporcionalidad en función de lo dispuesto en el artículo 1255 del CCC, cuya aplicación deriva de su jerarquía de ley superior (art. 31, Const. Nac.).",
      "5.- En base a las consideraciones efectuadas precedentemente, propiciamos el rechazo del recurso de inaplicabilidad de ley deducido por inadmisible. ASÍ VOTAMOS.",
      "Por último, habiendo mayoría absoluta, EL SR. VOCAL EN EJERCICIO DE LA PRESIDENCIA DEL STJ, DR. LEONARDO PORTELA, se abstiene de votar y firmar la presente resolución con arreglo a lo dispuesto por el art. 33 de la LOPJ, texto según ley 10.704.",
      "Con lo que no siendo para más se da por finalizado el acto quedando acordada la siguiente sentencia:",
      "Paraná, 14 de mayo de 2024."
    ],
    "Y VISTO": [
      "Por los fundamentos del acuerdo que antecede se,"
    ],
    "RESUELVE": [
      "DECLARAR INADMISIBLE el recurso de inaplicabilidad de ley deducido en fecha 26/12/2024, respecto de la resolución de la Sala Primera Civil y Comercial de la Cámara de Apelaciones de Concordia dictada en fecha 13/12/2023.",
      "Tener presente la reserva del caso federal.",
      "Notifíquese conforme arts. 1º y 4º Ac. Gral. 15/18 SNE, regístrese y oportunamente devuélvase.",
      "\"ADMINISTRADORA TRIBUTARIA DE ENTRE RIOS C/ SANCHEZ ISLA MARIA LAURA S/ MONITORIO APREMIO\" - Expte. Nº 9017 Ante mí. En igual fecha se registró. Asimismo, se deja constancia que la presente se suscribe mediante firma digital -Acuerdo Gral. 11/20 del 23-6-2020, Punto 4°) prescindiéndose de su impresión en formato papel."
    ]
  }
}