{
  "METADATOS": {
    "ID_FALLO": "9038",
    "MES": "05",
    "ARTICULOS_CITADOS": {
      "citations": [
        {
          "main_source": "Ley 10.956",
          "cited_articles": [
            36
          ],
          "extra": null
        },
        {
          "main_source": "Ley 6902",
          "cited_articles": [
            58
          ],
          "extra": null
        },
        {
          "main_source": "Ley 10.407",
          "cited_articles": [
            26
          ],
          "extra": "inc. a)"
        },
        {
          "main_source": "Ley 26.485",
          "cited_articles": [
            6
          ],
          "extra": "inciso c)"
        },
        {
          "main_source": "Ley 26.485",
          "cited_articles": [],
          "extra": null
        },
        {
          "main_source": "Constitución Nacional (CN)",
          "cited_articles": [
            75
          ],
          "extra": "inc. 22, 18, 31, 16"
        },
        {
          "main_source": "Otro",
          "cited_articles": [
            37
          ],
          "extra": "inc. 11 de la Ley Orgánica"
        },
        {
          "main_source": "Ley 10.704",
          "cited_articles": [
            33
          ],
          "extra": "texto según ley"
        },
        {
          "main_source": "Resolución Tribunal Superior 340/2023 DGA",
          "cited_articles": [],
          "extra": "del 28/12/2023"
        },
        {
          "main_source": "Otro",
          "cited_articles": [],
          "extra": "in re: Sala N° 3 del Trabajo del STJER, 11/9/2023, “Zapata, Edgardo Javier y Otros c/ Rectora Escuela Secundaria N° 2 Juan H.Vieytes – Violencia Laboral – Expte. N° 287/2023 – Conflicto de Competencia, Expte. N° 6434)"
        },
        {
          "main_source": "Acuerdo General 15/18 SNE",
          "cited_articles": [
            1,
            4
          ],
          "extra": null
        },
        {
          "main_source": "Acuerdo General 11/20",
          "cited_articles": [],
          "extra": "del 23-6-2020"
        }
      ]
    }
  },
  "MATERIA_PRELIMINAR": "SU DENUNCIA",
  "IDEA_CENTRAL": "### IDEA CENTRAL DEL FALLO\n\n**Decisión Judicial Principal:**\nEl tribunal declara la incompetencia de la Sala Nº 2 en lo Civil y Comercial para resolver el conflicto negativo de competencia entre el Juzgado Civil, Comercial y Laboral de Federal y el Juzgado de Paz de la misma localidad, remitiendo el caso al Superior Tribunal de Justicia en pleno para su resolución.\n\n**Fundamento Legal:**\nLa decisión se basa en la interpretación de la Ley 10.956 y la Ley 26.485, que regulan la competencia en casos de violencia laboral y de género. Se establece que los hechos denunciados no encuadran en violencia de género, sino en un conflicto personal laboral entre pares, lo que excluye la intervención del Juzgado de Paz.\n\n**Aspectos Legales Relevantes:**\n1. **Ley 10.956**: Establece la competencia de los juzgados en materia de violencia laboral.\n2. **Ley 26.485**: Define la violencia de género y establece que debe haber una relación de poder desigual para que se aplique.\n3. **Art. 58 de la Ley 6902**: Regula la competencia de los juzgados en materia laboral.\n\n**Razonamiento del Tribunal:**\nEl tribunal concluye que la denuncia de la Sra. Petit se refiere a hostigamiento y maltrato en el ámbito laboral, pero no a conductas que afecten sus derechos laborales de manera negativa. Se argumenta que la violencia laboral debe implicar consecuencias laborales específicas, las cuales no se evidencian en este caso. Por lo tanto, corresponde que el asunto sea tratado por un juez especializado en derecho laboral, dado que los hechos no constituyen violencia de género según la normativa aplicable.\n\n**Conclusión:**\nEl tribunal resuelve que, ante la falta de competencia de ambos juzgados, se debe formar un incidente de competencia y continuar con el trámite de la causa principal, asegurando la protección de los derechos de las partes involucradas.",
  "CONTENIDO": {
    "INICIO": [
      "\"PETIT, Carla Margarita S/ SU DENUNCIA\" - Expte. N° 9038 PARANA, 13 de mayo de 2024."
    ],
    "VISTO": [
      "El conflicto negativo de competencia suscitado entre el Juzgado Civil, Comercial y Laboral de Federal y el Juzgado de Paz de esa misma localidad en las actuaciones \"PETIT, Carla Margarita S/ SU DENUNCIA\" - Expte. N° 9038, y;"
    ],
    "CONSIDERANDO": [
      "1.- Que la Sra. Carla Margarita Petit se presentó en la comisaría de la ciudad de Federal para denunciar a la Sra. Carolina Elena Dragun, con quien trabaja hace 7 años en el Registro del Automotor y manifestó que siempre ha sufrido violencia y humillación de su parte (fecha, 16/2/2024).",
      "Tomó intervención el Agente Fiscal de la ciudad de Federal, Dr.",
      "Tomás Tscherning quien remitió las actuaciones al Juzgado Civil, Comercial y Laboral de la jurisdicción.",
      "2.- El magistrado a cargo de el Juzgado de Primera Instancia, Dr.",
      "Omar Javier Ovando, declaró la incompetencia de ese organismo para entender en la presente causa, atento a lo dispuesto en la Resol. Trib. Sup. 340/2023 DGA del 28/12/2023 invocando lo allí establecido, y ordenó su remisión al Juzgado de Paz de Federal (fecha 20/2/2024).",
      "3.- Recibidas las actuaciones por el Sr. Juez a cargo del Juzgado de Paz de Federal, Dr. Luis María Quiroz, resolvió no aceptar la competencia, dispuso devolverlas al organismo que previno, Juzgado Civil, Comercial y Laboral de la jurisdicción e invitó al Sr. Juez, Dr. Omar Javier Ovando, que para el caso de mantener su criterio, proceda a elevar la presente causa al Superior Tribunal de Justicia por ser el superior común, para que dirima la cuestión de competencia trabada (fecha 20/2/2024).",
      "Para así decidir, dijo que en mérito a lo dispuesto por el art. 36 de la ley 10.956, no surge la asignación de competencia de violencia en el ámbito laboral a los Juzgados de Paz, por lo que entiende que la presente causa debe tramitar por ante el Juzgado de Primera Instancia Civil, Comercial y Laboral de la Jurisdicción de Federal, -art. 58 de la ley 6902-.",
      "Asimismo expresó que del contenido de la denuncia formulada por la señora Petit surgía con claridad que la situación encuadraría en violencia de tipo laboral, excluyendo la aplicación de toda la normativa que regula la violencia de género, ya que se trataría de maltrato y/u hostigamiento ejercida por una mujer, la denunciada Sra. Carolina Elena Dragun y la denunciante también mujer, Sra. Carla Margarita Petit.",
      "Expuso que tampoco podía pasar inadvertido que el que remitió la denuncia al Juzgado Civil, Comercial y Laboral de la jurisdicción es el Sr. Agente Fiscal Auxiliar Dr. Tomás Tscherning, dato no irrelevante en función que una de las atribuciones y deberes que impone la Ley Orgánica de Ministerios Públicos a los señores Fiscales es velar por el control irrestricto de las normas sobre competencia de los distintos organismos jurisdiccionales, ley 10.407, art. 26 inc.",
      "a).",
      "Sostuvo que no se puede soslayar que en la jurisdicción de Federal, no existen juzgados específicos en materia laboral y que el magistrado que previno en la presente causa tiene competencia laboral de opción conforme lo dispone el artículo 58 de la LOPJ - 6902.",
      "4.- Recepcionadas las actuaciones por el Sr. Juez a cargo del Juzgado de Civil, Comercial y Laboral de Federal, Dr. Omar Javier Ovando, resolvió declarar la incompetencia del Juzgado Civil y Comercial con competencia en materia Laboral, para intervenir en las presentes actuaciones por no configurarse ninguna de las conductas específicas que describe el artículo 6 inciso c) de la ley 26.485 y frente al conflicto negativo de competencia, ordenó remitir el expediente a esta Sala Civil del STJER para que diriman la contienda (fecha 4/3/2024).",
      "Para así decidir, concluyó que del análisis de la denuncia formulada por la Sra. Petit surgía que ella se refiere a situaciones de hostigamiento y maltrato por parte de la Sra. Dragun, con quien trabaja en el Registro del Automotor; y que si bien los hechos ocurren en el ámbito laboral las personas involucradas son dos compañeras de trabajo de similar jerarquía.",
      "Consideró que las agresiones responden a cuestiones personales y no a acciones de la empleadora para afectar derechos laborales de la denunciante o perjudicarla profesionalmente, y que de la denuncia no existen consecuencias laborales negativas para la Sra. Petit (despido, suspensión, sanciones, poner en riesgo su permanencia, etc.) derivadas de esta situación, que requieran la adopción de medidas de protección laboral específicas.",
      "Continuó diciendo que conforme la ley 26.485, para que exista violencia laboral debe haber conductas que obstaculicen o anulen los derechos laborales de las mujeres, lo que no se advierte en el presente caso por tratarse de un conflicto personal entre pares y no con un superior o con el empleador.",
      "Seguidamente, refirió que la ley Provincial 10.956 establece que el juez puede hacer cesar la medida laboral que directa o indirectamente promueva, reproduzca o genere la violencia hacia las mujeres. Como se puede ver, para que la situación pueda ser valorada como violencia de género en el ámbito laboral, debe tener contenido laboral o debe estar, necesariamente vinculada a la relación de trabajo o a situaciones que generen consecuencias negativas en la relación laboral.",
      "Concluyó que en este caso no se verificaba esa situación porque solo se hace referencia a problemas personales entre dos mujeres en el lugar de trabajo y reiteró que no se evidencian perjuicios laborales concretos que ameriten esa clase de medidas ni la intervención del Juzgado Civil y Comercial con competencia en material laboral.",
      "5.- Arribados los autos a este Tribunal, se dió intervención a la Sra. la Procuradora Adjunta del Ministerio Público Fiscal, Dra. Mónica Elizabeth Carmona (fecha, 8/3/2024).",
      "En su dictamen, aclaró que según surgía del contenido de la denuncia, los hechos no encuadran en una situación de violencia de género por tanto no corresponde en el presente aplicar la normativa específica sobre esa materia -ley 26.485- ya que, como ha definido la mencionada ley, la violencia de género es toda violencia que sufre una mujer de parte de un varón en una relación desigual de poder, por el sólo hecho de pertenecer al género femenino, sometiéndola y menoscabando sus derechos de distintas formas (art. 5).",
      "Opinó que de los dichos ventilados en la denuncia se concluye que los hechos son de naturaleza laboral, debiendo aplicar, por tanto, el bloque normativo que atañe a la protección del trabajador o trabajadora ante situaciones de violencia laboral, todo lo cual determina la competencia específica de ese fuero.",
      "Seguidamente dijo que resultaba oportuno recordar que en materia laboral, se ha definido el derecho de acceso a la tutela judicial efectiva como el derecho de todo trabajador, frente al desconocimiento o controversia de un derecho relativo a su condición, a ser oído y atendido sin condicionamientos ni trabas económicas o de otro orden y a que su caso sea resuelto de modo sencillo, rápido o dentro de un plazo razonable, ante un tribunal competente, independiente, imparcial y especializado, mediante el pleno ejercicio del derecho de defensa y de acuerdo con la naturaleza del derecho sustancial, en igualdad de condiciones procesales y mediante una resolución suficientemente motivada en derecho.",
      "Entendió que frente a la denuncia de violencia laboral y en pos del acatamiento de la garantía de tutela judicial efectiva que importa el respeto por la dignidad humana, el debido proceso legal, defensa en juicio, entre otros, y los Pactos y Tratados internacionales que así lo declaran (art. 75 inc. 22, 18, 31, 16 de la CN), resultaba esencial la intervención de un juez especializado, sin dilación alguna.",
      "Aludió a que en una causa de similar plataforma fáctica -hechos de violencia laboral que no encuadraban en una situación de violencia de género- y donde había una contienda negativa de competencia entre un Juzgado de Paz y un Juzgado de Primera Instancia en lo Civil, Comercial y Laboral, en la que ese MPF dictaminó en este mismo sentido, la Vocal de la Sala del Trabajo del STJER, Dra.",
      "Laura M. Soage, expuso: “…La denuncia que dio motivo al presente conflicto de competencia negativo involucra hechos encuadrables en el concepto de violencia laboral y que tuvieron lugar en el ámbito de trabajo en el que cumplen funciones las personas denunciantes y la denunciada. La resolución de un caso de violencia laboral exige la aplicación de una normativa internacional laboral (dictada en el seno de la Organización Internacional del Trabajo) y, por ende, son los jueces y las juezas del Trabajo, por su especialidad en la materia, quienes deben interpretarla y aplicarla y dirigir el proceso de acuerdo a los postulados propios del Derecho Procesal laboral, todo lo cual viene impuesto por el derecho a la tutela jurisdiccional efectiva” (in re: Sala N° 3 del Trabajo del STJER, 11/9/2023, “Zapata, Edgardo Javier y Otros c/ Rectora Escuela Secundaria N° 2 Juan H.Vieytes – Violencia Laboral – Expte. N° 287/2023 – Conflicto de Competencia, Expte. N° 6434) .",
      "Finalmente sostuvo que de acuerdo al principio del juez natural, el marco que fijan las leyes del proceso, la materia sobre la cual versa la controversia y el fuero específico que requiere la resolución de estas controversias -laboral- correspondía que la presente causa sea resuelta por la justicia del trabajo, correspondiendo que este proceso tramite por ante el Juzgado Civil, Comercial y Laboral de la ciudad de Federal (fecha, 20/3/2024).",
      "6.- Reseñados brevemente los antecedentes del caso y atento a que el conflicto planteado que debe ser resuelto se circunscribe a la determinación de la competencia entre los fueros de paz y del trabajo, esta Sala no resulta competente para dirimir la cuestión, ya que conforme el art. 37 inc. 11 de la Ley Orgánica del las cuestiones de competencia que se susciten entre sus Salas, Cámaras y Jueces de distintos fueros, o que no tuvieren un superior común.",
      "En consecuencia, corresponde declarar la incompetencia de esta Sala Nº 2 en lo Civil y Comercial para entender en el conflicto negativo de competencia suscitado entre el Juzgado Civil, Comercial y Laboral de Federal y el Juzgado de Paz de esa misma ciudad, y remitir las actuaciones al Superior Tribunal de Justicia en pleno, a sus efectos.",
      "Sin perjuicio de ello, no se puede dejar de ponderar una situación que se advierte configurada a lo largo del expediente donde dos juzgados, por diferentes motivos, se entienden incompetentes para atender la causa.",
      "En este tipo de procesos, dado los principios en juego y las personas en situación de vulnerabilidad, se han de extremar los recaudos al intentar desprenderse de la competencia en caso de que la judicatura actuante advierta una posible cuestión de competencia.",
      "Es por ello que la decisión de remitir las actuaciones de un juzgado a otro, en el supuesto de requerirse la intervención de un superior común a fin de que resuelva el aspecto competencial del conflicto, se debe adoptar sin que se paralice el proceso y evitando cualquier dilación.",
      "Por tanto, en lugar de elevarse el expediente para que el órgano superior defina la cuestión, corresponde que se recurra a la formación de un incidente por separado con las actuaciones necesarias, para que aquel órgano dirima el asunto de competencia suscitado en su faz negativa y al mismo tiempo la causa continúe el trámite ya que, aún en caso de incompetencia, la magistratura que previno debe disponer las medidas preventivas urgentes que correspondan.",
      "Por último, habiendo mayoría absoluta, EL SR. VOCAL EN EJERCICIO DE LA PRESIDENCIA DEL STJ, DR. LEONARDO PORTELA, se abstiene de votar y firmar la presente resolución con arreglo a lo dispuesto por el art. 33 de la LOPJ, texto según ley 10.704.",
      "Por ello, se"
    ],
    "RESUELVE": [
      "DECLARAR INCOMPETENTE a esta Sala Nº 2 en lo Civil y Comercial para entender en el conflicto negativo de competencia suscitado entre el Juzgado Civil, Comercial y Laboral de Federal y el Juzgado de Paz de esa misma localidad, FORMAR incidente de competencia de las presentes actuaciones y REMITIRLO al Superior Tribunal de Justicia en pleno a sus efectos.",
      "HACER SABER a la magistratura interviniente que en los conflictos negativos de competencia corresponde formar un incidente por separado para que el órgano superior dirima el asunto de competencia suscitado y al mismo tiempo la causa principal continúe con su trámite regular.",
      "DEVOLVER las presentes actuaciones al Juzgado Civil, Comercial y Laboral de Federal y DISPONER que en estos supuestos la magistratura que previno debe ordenar las medidas preventivas urgentes que correspondan.",
      "Notifíquese conforme arts. 1º y 4º Ac. Gral. 15/18 SNE, regístrese y remítase.",
      "Ante mí. En igual fecha se registró. Asimismo, se deja constancia que la presente se suscribe mediante firma digital -Acuerdo Gral. 11/20 del 23-6-2020, Punto 4°) prescindiéndose de su impresión en formato papel."
    ]
  }
}