{
  "METADATOS": {
    "ID_FALLO": "8487",
    "MES": "08",
    "ARTICULOS_CITADOS": {
      "citations": [
        {
          "main_source": "Ley 7046",
          "cited_articles": [
            70,
            12
          ],
          "extra": "art. 30 de la ley arancelaria, ley 7046"
        },
        {
          "main_source": "Acuerdo General 15/18 SNE",
          "cited_articles": [
            1,
            4
          ],
          "extra": "Notifíquese conforme arts. 1º y 4º Ac. Gral. 15/18 SNE"
        },
        {
          "main_source": "Otro",
          "cited_articles": [
            33
          ],
          "extra": "art. 33 de la LOPJ"
        },
        {
          "main_source": "Otro",
          "cited_articles": [
            28
          ],
          "extra": "Art. 28"
        },
        {
          "main_source": "Otro",
          "cited_articles": [
            114
          ],
          "extra": "art. 114"
        },
        {
          "main_source": "Otro",
          "cited_articles": [
            29
          ],
          "extra": "art. 29"
        }
      ]
    }
  },
  "MATERIA_PRELIMINAR": "INCIDENTE DE NULIDAD",
  "IDEA_CENTRAL": "**IDEA CENTRAL DEL FALLO**\n\nEl fallo judicial en el caso \"MUNICIPALIDAD DE NOGOYA C/ DIRECTV ARGENTINA SA S/ INCIDENTE DE NULIDAD\" se centra en la regulación de honorarios profesionales por la actuación en recursos de inaplicabilidad de ley y extraordinarios. El tribunal determina los montos a abonar a los abogados de las partes, aplicando la ley arancelaria correspondiente.\n\n**Decisión Judicial Principal y Fundamento**\n\nEl tribunal resuelve regular los honorarios de los abogados intervinientes, estableciendo montos específicos basados en la escala general del artículo 30 de la ley 7046. Se considera la labor profesional y el valor económico del juicio principal para determinar los honorarios.\n\n**Aspectos Legales Relevantes**\n\n1. **Ley 7046**: Regula los honorarios de abogados y procuradores.\n   - **Art. 30**: Establece la escala para la regulación de honorarios.\n   - **Art. 28**: Dispone sobre la notificación de la regulación de honorarios.\n   - **Art. 114**: Regula el pago de honorarios y las consecuencias de la mora.\n\n**Razonamiento del Tribunal**\n\nEl tribunal, al regular los honorarios, toma en cuenta la liquidación aprobada y el monto correspondiente a los \"juristas\". Se aplica un porcentaje de la base económica del juicio para determinar los honorarios a los letrados de la parte vencedora y vencida. Además, se menciona la intervención plural de los abogados, lo que justifica la distribución de los honorarios entre ellos.\n\nFinalmente, se destaca que el vocal en ejercicio de la presidencia se abstiene de votar, conforme a lo dispuesto por la ley, lo que no afecta la mayoría absoluta necesaria para la resolución. \n\nEn conclusión, el fallo establece un marco claro para la regulación de honorarios, asegurando el cumplimiento de las normativas vigentes y la equidad en la compensación de los profesionales intervinientes.",
  "CONTENIDO": {
    "INICIO": [
      "\"MUNICIPALIDAD DE NOGOYA C/ DIRECTV ARGENTINA SA S/ INCIDENTE DE NULIDAD\" - Expte. Nº 8487.",
      "PARANÁ, 19 de agosto de 2024."
    ],
    "VISTO Y CONSIDERANDO": [
      "Que los autos \"MUNICIPALIDAD DE NOGOYA C/ DIRECTV ARGENTINA SA S/ INCIDENTE DE NULIDAD\" - Expte. Nº 8487, vienen a consideración de este Tribunal a los fines de regular honorarios por la actuación profesional en el recurso de inaplicabilidad de ley resuelto en fecha 1/11/2021 y en el recurso extraordinario cuya sentencia fue dictada en fecha 29/12/2021.",
      "En dicha tarea, considerando la base económica del juicio principal según la liquidación aprobada en fecha 13/12/2022 más sus intereses y el monto del jurista al día de la fecha ($51.823,67), el valor a considerar a los fines regulatorios asciende a 179,72 juristas.",
      "Por aplicación de la escala general del art. 30 de la ley arancelaria y valorando la labor profesional desarrollada, el 24% de 179,72 juristas son 43,13 juristas, que es el monto que correspondería regular a la parte vencedora en primera instancia por el juicio principal; por lo cual conforme lo dispone el art. 70 de la ley 7046, se considera prudente determianr el 20% de 43,13, esto es, 8,62 juristas.",
      "De esta manera, por la labor en esta instancia extraordinaria amerita regular el 50% de 8,62 juristas al letrado de la parte vencedora y el 70% de esa suma a los letrados de la parte vencida, teniendo en cuenta la intervención plural y con patrocinio de los profesionales actuantes (art. 12 de la ley 7046).",
      "Por último, habiendo mayoría absoluta, EL SR. VOCAL EN EJERCICIO DE LA PRESIDENCIA DEL STJ, DR. LEONARDO PORTELA, se abstiene de votar y firmar la presente resolución con arreglo a lo dispuesto por el art. 33 de la LOPJ, texto según ley 10.704.",
      "En consecuencia, se"
    ],
    "RESUELVE": [
      "REGULAR los honorarios profesionales al Dr. Roberto A.",
      "Cosundino y a la Dra. Nidia Alejandra Cipriani por el recurso de inaplicabilidad de ley resuelto en las respectivas sumas de pesos doscientos veintitrés mil trescientos sesenta con un centavo ($ 223.360,01), equivalentes a 4,31 juristas, y pesos ciento cincuenta y cinco mil novecientos ochenta y nueve con veinticuatro centavos ($ 155.989,24), equivalentes a 3,01 juristas; más IVA si correspondiere.",
      "REGULAR los honorarios profesionales a los Dres. Roberto A.",
      "Cosundino, Juan Martín Jovanovich y Gonzalo Antonio Buiatti por el recurso de extraordinario federal resuelto en las respectivas sumas de pesos doscientos veintitrés mil trescientos sesenta con un centavo ($ 223.360,01), equivalentes a 4,31 juristas, y pesos ochenta y cinco mil setecientos noventa y cuatro con ocho centavos ($ 85.794,08), equivalentes a 1,65 juristas, y pesos setenta mil cuatrocientos ochenta con diecinueve centavos ($ 70.480,19), equivalentes a 1,36 juristas; más IVA si correspondiere.",
      "Notifíquese conforme arts. 1º y 4º Ac. Gral. 15/18 SNE, regístrese y oportunamente devuélvase.",
      "Ante mí. En igual fecha se registró. Asimismo, se deja constancia que la presente se suscribe mediante firma digital -Acuerdo Gral. 11/20 del 23-6-2020, Punto 4°) prescindiéndose de su impresión en formato papel.",
      "Existiendo regulación de honorarios a abogados y/o procuradores, cumpliendo con lo dispuesto por la ley 7046, se transcriben los siguientes los artículos:",
      "Art. 28: NOTIFICACIÓN DE TODA REGULACIÓN. Toda regulación de honorarios deberá notificarse personalmente o por cédula. Para el ejercicio del derecho al cobro del honorario al mandante o patrocinado, la notificación deberá hacerse en su domicilio real.",
      "En todos los casos la cédula deberá ser suscripta por el Secretario del Juzgado o Tribunal con transcripción de este Artículo y del art. 114 bajo pena de nulidad. No será necesaria la notificación personal o por cédula de los autos que resuelvan los reajustes posteriores que se practiquen por aplicación del art.114\".",
      "Art. 114: PAGO DE HONORARIOS. Los honorarios regulados judicialmente deberán abonarse dentro de los diez días de requerido su pago en forma fehaciente. Operada la mora, el profesional podrá reclamar el honorario actualizado con aplicación del índice, previsto en el art. 29 desde la regulación y hasta el pago, con más un interés del 8% anual.",
      "En caso de tratarse de honorarios que han sido materia de apelación, sobre el monto que quede fijado definitivamente su instancia superior, se aplicará la corrección monetaria a partir de la regulación de la instancia inferior. No será menester justificar en juicios los índices que se aplicarán de oficio por los Sres. Jueces y Tribunales”."
    ]
  }
}