{
  "METADATOS": {
    "ID_FALLO": "8677",
    "MES": "08",
    "ARTICULOS_CITADOS": {
      "citations": [
        {
          "main_source": "Ley 10.704",
          "cited_articles": [
            30
          ],
          "extra": null
        },
        {
          "main_source": "Acuerdo General 15/18 SNE",
          "cited_articles": [
            1,
            4
          ],
          "extra": "conforme"
        },
        {
          "main_source": "Ley 7046",
          "cited_articles": [],
          "extra": null
        },
        {
          "main_source": "Otro",
          "cited_articles": [
            33,
            28,
            114,
            29
          ],
          "extra": "art."
        }
      ]
    }
  },
  "MATERIA_PRELIMINAR": "ORDINARIO ACCION REIVINDICATORIA",
  "IDEA_CENTRAL": "**IDEA CENTRAL DEL FALLO**\n\nEn el caso \"BRUNO, Mauricio Daniel C/ BRUNO, Lucas Matias S/ ORDINARIO ACCION REIVINDICATORIA\", el Tribunal resolvió regular los honorarios profesionales de los abogados intervinientes en el recurso de inaplicabilidad de ley, estableciendo montos específicos para cada uno de ellos, conforme a la ley arancelaria aplicable.\n\n**Decisión Judicial Principal y Fundamento**\n\nEl Tribunal determinó que los honorarios a regular para los abogados de la parte vencedora serían de $80,326.68 (1.55 juristas) para cada uno de los Dres. Juan Ignacio Elgart y Gabriel Enguelberg Embon, y de $55,969.56 (1.08 juristas) para la Dra. Sofía Gómez y el Dr. Walter Noir. Esta decisión se fundamenta en la aplicación del artículo 30 de la ley arancelaria, que establece criterios para la regulación de honorarios en función de la labor profesional y la trascendencia económica del juicio.\n\n**Aspectos Legales Relevantes**\n\n1. **Ley Arancelaria**: Artículo 30, que regula la escala de honorarios.\n2. **Ley 7046**: Establece el procedimiento para la notificación y pago de honorarios.\n3. **Artículos 28 y 114**: Detallan la notificación de la regulación de honorarios y el procedimiento de pago, incluyendo las consecuencias de la mora.\n\n**Razonamiento del Tribunal**\n\nEl Tribunal, tras evaluar la base económica del juicio y la labor profesional realizada, concluyó que los montos propuestos para los honorarios no eran irrazonables ni desproporcionados. Además, se consideró la intervención plural de los abogados, lo que justificó la regulación diferenciada de honorarios. La decisión se tomó con mayoría absoluta, y se dejó constancia de la abstención de un vocal en ejercicio de la presidencia, conforme a la normativa vigente.\n\nEn resumen, el fallo establece una regulación clara y fundamentada de honorarios, garantizando el cumplimiento de las disposiciones legales aplicables.",
  "CONTENIDO": {
    "INICIO": [
      "\"BRUNO, Mauricio Daniel C/ BRUNO, Lucas Matias S/ ORDINARIO ACCION REIVINDICATORIA\" Expte. Nº 8677.",
      "PARANÁ, 19 de agosto de 2024."
    ],
    "VISTO Y CONSIDERANDO": [
      "Que los autos \"BRUNO, Mauricio Daniel C/ BRUNO, Lucas Matias S/ ORDINARIO ACCION REIVINDICATORIA\" - Expte. Nº 8677, vienen a consideración de este Tribunal a los fines de regular honorarios por la actuación profesional en el recurso de inaplicabilidad de ley resuelto en fecha 24/11/2022.",
      "En dicha tarea, considerando la base económica del juicio aprobada en fecha 16/4/2024 y el monto del jurista al día de la fecha ($51.823,67), el valor a considerar a los fines regulatorios asciende a 31,11 juristas.",
      "Por aplicación de la escala general del art. 30 de la ley arancelaria y valorando la labor desarrollada en esta instancia, el 20% 31,11 juristas son 6,22 juristas, que es el monto que correspondería regular a la parte vencedora en primera instancia, el que no resulta irrazonable ni desproporcionado en razón de la trascendencia económica del juicio y la tarea profesional cumplida.",
      "De esta manera, por la labor en esta instancia extraordinaria amerita regular el 50% de 6,22 juristas a los letrados de la parte vencedora y el 70% de esa suma a los letrados de la parte vencida, teniendo en cuenta asimismo la intervención plural de los profesionales actuantes.",
      "Por último, habiendo mayoría absoluta, EL SR. VOCAL EN EJERCICIO DE LA PRESIDENCIA DEL STJ, DR. LEONARDO PORTELA, se abstiene de votar y firmar la presente resolución con arreglo a lo dispuesto por el art. 33 de la LOPJ, texto según ley 10.704.",
      "En consecuencia, se"
    ],
    "RESUELVE": [
      "REGULAR los honorarios profesionales a los Dres. Juan Ignacio Elgart y Gabriel Enguelberg Embon en las sumas de pesos ochenta mil trescientos veintiséis con sesenta y ocho centavos ($ 80.326,68), equivalentes a 1,55 juristas, para cada uno; y a la Dra. Sofía Gómez y al Dr. Walter Noir en la suma de pesos cincuenta y cinco mil novecientos sesenta y nueve con cincuenta y seis centavos ($ 55.969,56), equivalentes a 1,08 juristas, para cada uno; más IVA si correspondiere.",
      "Notifíquese conforme arts. 1º y 4º Ac. Gral. 15/18 SNE, regístrese y oportunamente devuélvase.",
      "Ante mí. En igual fecha se registró. Asimismo, se deja constancia que la presente se suscribe mediante firma digital -Acuerdo Gral. 11/20 del 23-6-2020, Punto 4°) prescindiéndose de su impresión en formato papel.",
      "Existiendo regulación de honorarios a abogados y/o procuradores, cumpliendo con lo dispuesto por la ley 7046, se transcriben los siguientes los artículos:",
      "Art. 28: NOTIFICACIÓN DE TODA REGULACIÓN. Toda regulación de honorarios deberá notificarse personalmente o por cédula. Para el ejercicio del derecho al cobro del honorario al mandante o patrocinado, la notificación deberá hacerse en su domicilio real.",
      "En todos los casos la cédula deberá ser suscripta por el Secretario del Juzgado o Tribunal con transcripción de este Artículo y del art. 114 bajo pena de nulidad. No será necesaria la notificación personal o por cédula de los autos que resuelvan los reajustes posteriores que se practiquen por aplicación del art.114\".",
      "Art. 114: PAGO DE HONORARIOS. Los honorarios regulados judicialmente deberán abonarse dentro de los diez días de requerido su pago en forma fehaciente. Operada la mora, el profesional podrá reclamar el honorario actualizado con aplicación del índice, previsto en el art. 29 desde la regulación y hasta el pago, con más un interés del 8% anual.",
      "En caso de tratarse de honorarios que han sido materia de apelación, sobre el monto que quede fijado definitivamente su instancia superior, se aplicará la corrección monetaria a partir de la regulación de la instancia inferior. No será menester justificar en juicios los índices que se aplicarán de oficio por los Sres. Jueces y Tribunales”."
    ]
  }
}