{
  "METADATOS": {
    "ID_FALLO": "8691",
    "MES": "08",
    "ARTICULOS_CITADOS": {
      "citations": [
        {
          "main_source": "Ley 10.704",
          "cited_articles": [
            71
          ],
          "extra": "ley arancelaria"
        },
        {
          "main_source": "Otro",
          "cited_articles": [
            30,
            33
          ],
          "extra": "LOPJ"
        },
        {
          "main_source": "Acuerdo General 15/18 SNE",
          "cited_articles": [
            1,
            4
          ],
          "extra": "conforme"
        },
        {
          "main_source": "Ley 7046",
          "cited_articles": [],
          "extra": ""
        },
        {
          "main_source": "Otro",
          "cited_articles": [
            28,
            114,
            29
          ],
          "extra": ""
        }
      ]
    }
  },
  "MATERIA_PRELIMINAR": "ORDINARIO CUMPLIMIENTO DE CONTRATO",
  "IDEA_CENTRAL": "**IDEA CENTRAL DEL FALLO:**\n\nEl fallo judicial en el caso \"SANCHEZ SERGIO J. C/ AYALA ROBLEDO LUDMILA A. Y OTROS S/ ORDINARIO CUMPLIMIENTO DE CONTRATO\" se centra en la regulación de honorarios profesionales por la actuación en un recurso de inaplicabilidad de ley. El tribunal decide regular los honorarios a favor de los abogados de la parte vencedora en la suma de $181,382.84, equivalentes a 3.5 juristas para cada uno, más IVA si corresponde.\n\n**Decisión Judicial Principal y Fundamento:**\nLa decisión principal es la regulación de honorarios profesionales, fundamentada en el artículo 71 de la ley arancelaria y en la escala general establecida en el artículo 30. Se considera el monto del juicio, los intereses y la labor realizada por los abogados en la instancia extraordinaria.\n\n**Aspectos Legales Relevantes:**\n1. **Ley Arancelaria**: Art. 71 y Art. 30, que establecen la base para la regulación de honorarios.\n2. **Ley 7046**: Regula la notificación y el pago de honorarios, incluyendo los plazos y las consecuencias de la mora (Art. 28 y Art. 114).\n\n**Razonamiento del Tribunal:**\nEl tribunal, al regular los honorarios, aplica un cálculo basado en el valor económico del juicio y la intervención de los letrados. Se determina que, por el éxito obtenido en la instancia extraordinaria, corresponde un porcentaje adicional sobre el monto regulado. La decisión se toma con mayoría absoluta, y se menciona la abstención de un vocal conforme a la Ley Orgánica del Poder Judicial.\n\nEn conclusión, el fallo establece un marco claro para la regulación de honorarios en función de la actuación profesional y el éxito en el litigio, garantizando así la compensación adecuada a los abogados intervinientes.",
  "CONTENIDO": {
    "INICIO": [
      "\"SANCHEZ SERGIO J. C/ AYALA ROBLEDO LUDMILA A. Y OTROS S/ ORDINARIO CUMPLIMIENTO DE CONTRATO\" Expte. Nº 8691.",
      "PARANÁ, 19 de agosto de 2024."
    ],
    "VISTO Y CONSIDERANDO": [
      "Que los autos \"SANCHEZ SERGIO J. C/ AYALA ROBLEDO LUDMILA A. Y OTROS S/ ORDINARIO CUMPLIMIENTO DE CONTRATO\" - Expte. Nº 8691, vienen a consideración de este Tribunal a los fines de regular honorarios por la actuación profesional en el recurso de inaplicabilidad de ley resuelto en fecha 5/12/2022.",
      "En dicha tarea, considerando la base económica del juicio, los intereses y el monto del jurista al día de la fecha ($51.823,67), el valor a considerar a los fines regulatorios asciende a 256,81 juristas.",
      "Por aplicación del art. 71 de la ley arancelaria cabe tener en cuenta el 20% de la escala general del art. 30.",
      "Por lo tanto, el 5 % de 200 juristas son 10 juristas (máximo del grado anterior precedente) sumado al 4,6% de 56,81 juristas, arrojan 12,61 juristas que es el monto que correspondería regular a la parte vencedora en primera instancia.",
      "De esta manera, por la labor en esta instancia extraordinaria y en virtud del éxito obtenido amerita regular el 56% de 12,61 juristas a los letrados de la parte vencedora, y teniendo en cuenta asimismo la intervención plural de los profesionales actuantes.",
      "Por último, habiendo mayoría absoluta, EL SR. VOCAL EN EJERCICIO DE LA PRESIDENCIA DEL STJ, DR. LEONARDO PORTELA, se abstiene de votar y firmar la presente resolución con arreglo a lo dispuesto por el art. 33 de la LOPJ, texto según ley 10.704.",
      "En consecuencia, se"
    ],
    "RESUELVE": [
      "REGULAR los honorarios profesionales a los Dres. Brian Alfonso León y Sebastián Guido Marizza por el recurso de inaplicabilidad de ley resuelto en la suma de pesos ciento ochenta y un mil trescientos ochenta y dos con ochenta y cuatro centavos ($ 181.382,84) equivalentes a 3,5 juristas, para cada uno; más IVA si correspondiere.",
      "Notifíquese conforme arts. 1º y 4º Ac. Gral. 15/18 SNE, regístrese y oportunamente devuélvase.",
      "Ante mí. En igual fecha se registró. Asimismo, se deja constancia que la presente se suscribe mediante firma digital -Acuerdo Gral. 11/20 del 23-6-2020, Punto 4°) prescindiéndose de su impresión en formato papel.",
      "Existiendo regulación de honorarios a abogados y/o procuradores, cumpliendo con lo dispuesto por la ley 7046, se transcriben los siguientes los artículos:",
      "Art. 28: NOTIFICACIÓN DE TODA REGULACIÓN. Toda regulación de honorarios deberá notificarse personalmente o por cédula. Para el ejercicio del derecho al cobro del honorario al mandante o patrocinado, la notificación deberá hacerse en su domicilio real.",
      "En todos los casos la cédula deberá ser suscripta por el Secretario del Juzgado o Tribunal con transcripción de este Artículo y del art. 114 bajo pena de nulidad. No será necesaria la notificación personal o por cédula de los autos que resuelvan los reajustes posteriores que se practiquen por aplicación del art.114\".",
      "Art. 114: PAGO DE HONORARIOS. Los honorarios regulados judicialmente deberán abonarse dentro de los diez días de requerido su pago en forma fehaciente. Operada la mora, el profesional podrá reclamar el honorario actualizado con aplicación del índice, previsto en el art. 29 desde la regulación y hasta el pago, con más un interés del 8% anual.",
      "En caso de tratarse de honorarios que han sido materia de apelación, sobre el monto que quede fijado definitivamente su instancia superior, se aplicará la corrección monetaria a partir de la regulación de la instancia inferior. No será menester justificar en juicios los índices que se aplicarán de oficio por los Sres. Jueces y Tribunales”."
    ]
  }
}