{
  "METADATOS": {
    "ID_FALLO": "8791",
    "MES": "08",
    "ARTICULOS_CITADOS": {
      "citations": [
        {
          "main_source": "Código Procesal Civil y Comercial (CPCC)",
          "cited_articles": [
            6,
            280,
            269,
            257,
            65
          ],
          "extra": null
        },
        {
          "main_source": "Código Civil y Comercial (CCC)",
          "cited_articles": [
            75,
            959,
            960,
            959,
            963,
            1717,
            1724,
            961,
            10,
            1092,
            1094,
            1095
          ],
          "extra": null
        },
        {
          "main_source": "Ley 24.449",
          "cited_articles": [
            46
          ],
          "extra": null
        },
        {
          "main_source": "Ley 24.449",
          "cited_articles": [
            56
          ],
          "extra": null
        },
        {
          "main_source": "Ley 24.449",
          "cited_articles": [
            118
          ],
          "extra": null
        },
        {
          "main_source": "Ley 7046",
          "cited_articles": [
            3,
            64,
            94
          ],
          "extra": "modif. por ley 11.141"
        },
        {
          "main_source": "Ley 10.704",
          "cited_articles": [
            33
          ],
          "extra": "texto según ley 10.704"
        },
        {
          "main_source": "Acuerdo General 15/18 SNE",
          "cited_articles": [
            1,
            4
          ],
          "extra": "conforme"
        },
        {
          "main_source": "Acuerdo General 11/20",
          "cited_articles": [
            4
          ],
          "extra": "del 23-6-2020, Punto 4°"
        },
        {
          "main_source": "Corte Suprema de Justicia de la Nación (CSJN)",
          "cited_articles": [
            252323
          ],
          "extra": null
        }
      ]
    }
  },
  "MATERIA_PRELIMINAR": "ORDINARIO DAÑOS Y PERJUICIOS",
  "IDEA_CENTRAL": "### IDEA CENTRAL DEL FALLO\n\n**Decisión Judicial Principal:** El Tribunal Superior de Justicia de Entre Ríos declara inadmisibles los recursos de inaplicabilidad de ley interpuestos por las partes demandada y actora, confirmando la decisión de la Cámara de Apelaciones de Concordia que revocó la sentencia de primera instancia y admitió la declinación de cobertura de la aseguradora por falta de pago de la prima del seguro.\n\n**Fundamento Legal:** La decisión se basa en la interpretación de la Ley de Seguros (Ley 17.418) y el Código Civil y Comercial (CCC), específicamente en los artículos que regulan la obligación de pago de primas y la comunicación de la declinación de cobertura. Se destaca que la aseguradora cumplió con su obligación de notificar la falta de pago, a pesar de que el destinatario no recibió la carta documento por su propia omisión.\n\n**Aspectos Legales Relevantes:**\n1. **Art. 56 de la Ley de Seguros:** Establece la obligación de la aseguradora de pronunciarse sobre la declinación de cobertura.\n2. **Art. 118 de la Ley de Seguros:** Permite a la aseguradora invocar la falta de pago de la prima como defensa.\n3. **Art. 961 del CCC:** Principio de buena fe en las relaciones contractuales.\n4. **Art. 1724 del CCC:** Efectos del domicilio especial en la comunicación de actos.\n\n**Razonamiento del Tribunal:** El Tribunal argumenta que la falta de recepción de la carta documento no afecta la eficacia de la notificación, dado que la omisión fue atribuible al asegurado. Se resalta que el contrato de seguro permite la suspensión de cobertura por falta de pago, y que la aseguradora actuó conforme a lo pactado. Además, se concluye que los recursos interpuestos no cumplen con los requisitos formales necesarios para su admisión, siendo meras discrepancias con la interpretación de los hechos y la ley por parte de la Cámara.\n\n**Conclusión:** La sentencia reafirma la validez de la declinación de cobertura por parte de la aseguradora y la responsabilidad del asegurado en el cumplimiento de sus obligaciones contractuales.",
  "CONTENIDO": {
    "INICIO": [
      "\"LENCINA PAEZ, Ludmila Antonella C/ PIACENZA, Raúl Rubén y Otros S/ ORDINARIO DAÑOS Y PERJUICIOS\" - Expte. Nº 8791"
    ],
    "ACUERDO": [
      "En la ciudad de Paraná, capital de la provincia de Entre Ríos, a los cinco días del mes de agosto del año dos mil veinticuatro reunidos los integrantes de este Tribunal asistidos por el Secretario autorizante, para conocer los recursos de inaplicabilidad de ley deducidos ambos en fecha 8/2/2024 a las 19:51 hs. y 19:58 hs. en las actuaciones: \"LENCINA PAEZ, Ludmila Antonella C/ PIACENZA, Raúl Rubén y Otros S/ ORDINARIO DAÑOS Y PERJUICIOS\" - Expte. Nº 8791, respecto de la resolución de la Sala Segunda Civil y Comercial de la Cámara de Apelaciones de Concordia dictada en fecha 22/12/2023. Se practicó el sorteo de ley resultando que la votación debía tener lugar en el siguiente orden: Sr. Vocal Carlos Federico Tepsich; Sra. Vocal Gisela N. Schumacher y Sr.",
      "Vocal Leonardo Portela.",
      "Estudiados los autos, la Sala se planteó la siguiente cuestión: ¿qué corresponde resolver respecto de los recursos de inaplicabilidad de ley interpuestos?",
      "A LA CUESTIÓN PROPUESTA EL SR. VOCAL CARLOS FEDERICO TEPSICH Y LA SRA. VOCAL GISELA N. SCHUMACHER"
    ],
    "DIJERON": [
      "1.- La sentencia dictada por la Cámara de Apelaciones de Concordia (22/12/2023), en lo que para la definición del presente resulta relevante destacar, revocó la sentencia de origen (28/06/2023), admitiendo la declinación de cobertura opuesta por la aseguradora citada en garantía por falta de pago de la prima del seguro contratado.",
      "2.- Para así resolver, el tribunal ad quem, precisó que existía acuerdo procesal en que a la época en que ocurrió el accidente (29/11/2019) que originó el juicio, asegurado y asegurador estaban vinculados por un contrato de seguro de responsabilidad civil que cubría -dentro de los límites indicados por la póliza glosada a la causa- los daños que pudiera provocar la PicK Up conducida en la oportunidad por el codemandado Piacenza y que a partir de la hora 24 del día 28/11/2019 (art. 6, CPCC) el asegurado debía una de las cuotas de la prima que vencía en esa fecha.",
      "Continuó detallando que el 13/12/2019 la empresa de seguros remitió a su garantido la carta documento anexada a los procesos -civil y penal- por la que se expidió sobre el derecho del asegurado a que la aseguradora lo mantenga indemne en el evento dañoso y agregó que el asegurado denunció en tiempo y forma el accidente como lo prescribe el art. 46 LS.",
      "Sobre esa plataforma fáctica y procesal, estableció que la aseguradora había cumplido con la carga que le impone el art. 56 de la LS de pronunciarse sobre el derecho del asegurado, la que es aplicable también al supuesto de caducidad o suspensión de la cobertura asegurativa por falta de pago \"LENCINA PAEZ, Ludmila Antonella C/ PIACENZA, Raúl Rubén y Otros S/ ORDINARIO DAÑOS Y PERJUICIOS\" - Expte. Nº 8791 de la prima contratada, cuya naturaleza particular detalló, con cita jurisprudencial, diferenciándola de los supuestos de exclusión de cobertura.",
      "Consideró que la carta documento agregada a fs. 28/29 de la documental que informa el REC de fecha 13/12/2019 remitida al domicilio contractual acordado satisfizo la determinación que ordena el art. 56 LS, aun cuando dicha misiva -de acuerdo a las constancias que detalló- no fue recibida por su destinatario inicialmente por no responder a los llamados de la empresa de correo. En este sentido sostuvo que el pronunciamiento sea eficaz no resulta menester la recepción de la carta por su destinatario de acuerdo a una interpretación lógica, común y gramatical del vocablo -arts. 75, 959 y 960, CCC y art. 16, párrafo 2do, Ley 17.418-; máxime, -agregó- cuando la no recepción obedece a un obrar antijurídico contrario a lo pactado con su cocontratante (arts, 959, 963 inc. b) y 1717 del CCC) que configura una situación ajena al remitente e imputable al asegurado por impedir que el domicilio especial surtiera sus efectos propios (art. 1724, CCC).",
      "Con cita de lo resuelto por la Corte Suprema de Justicia de la Nación (Fallos: 344:3547), valoró que el destinatario debió diligentemente arbitrar las medidas necesarias para que la compañía de seguros tomase conocimiento de un eventual domicilio alternativo para la práctica de su derecho, lo cual, incumplido en el caso, significó la inobservancia de las cargas de información, cooperación y lealtad que emanan de las normas del Código Civil y Comercial y la Ley de Seguros que detalló.",
      "Expuso que la conclusión anterior se basaba además, en el principio de buena fe (art. 961 CCC) y la prohibición explícita del ejercicio no funcional de los derechos (art. 10 CCC).",
      "Detalló que la citada en garantía suspendió la cobertura asegurativa el 29/11/2019, cuando ocurrió el siniestro, por falta de pago de la prima que había vencido el 28/11/2019 de lo que se deriva que se trata de una defensa de la proveedora del servicio de seguro nacida con anterioridad al siniestro y por ende invocable por la aseguradora (art. 118, LS) que en el caso, juzgó tempestivamente pronunciada.",
      "Afirmó que el contrato de seguro, vinculante para las partes, en la Cláusula CA-CO-6.1., en su artículo 2 facultaba a la aseguradora a suspender automáticamente los efectos normales del contrato de seguro desde la 0 hora del día 29/11/2019 (fecha del siniestro acaecido) hasta su rehabilitación a partir de la hora 0 del día 30 del mismo mes y año. Con cita jurisprudencial, puntualizó que la denegación de cobertura surte efectos asimismo hacia los terceros damnificados que no están habilitados para pedir y obtener válidamente resarcimiento por fuera de lo contratado oportunamente por su victimario asegurado.",
      "Finalmente, impuso las costas de la primera instancia al asegurado \"LENCINA PAEZ, Ludmila Antonella C/ PIACENZA, Raúl Rubén y Otros S/ ORDINARIO DAÑOS Y PERJUICIOS\" - Expte. Nº 8791 demandado que sin éxito trajo a la aseguradora al proceso y causó su omisión de cumplimiento oportuno de la prima.",
      "3.- Disconforme con el fallo, las partes demandada y actora interponen sendos recursos de inaplicabilidad de ley.",
      "3.1.- La demandada invoca arbitrariedad; sostiene que no existió incumplimiento de su parte y de haber existido debió ser constituido en mora previo a interrumpir el vínculo contractual.",
      "Considera insuficiente a los fines del cumplimiento de la carga del art. 56 de Ley 17.418 la carta documento que se le envió sin recepción de la declinatoria de la asegurada lesiona la seguridad jurídica y desconoce su condición de persona vulnerable en la relación de consumo contractual.",
      "Sostiene que los pagos efectuados a la aseguradora el mismo día del accidente eliminan la mora y que la rehabilitación de la cobertura al día siguiente a las 00:00 hs. es un abuso de la posición contractual. Expone que la defensa de supuesta falta de pago de la prima es posterior al accidente y por tanto inoponible a tercero y que el seguro aceptó sin condiciones ni reservas los pagos realizados en esa fecha. Invoca violación del art. 118 de la LS y postula una interpretación favorable al consumidor asegurado conforme al principio de buena fe.",
      "Alega que la falta de pago fuera del término convenido era habitual y que la aseguradora no rechazó formalmente el siniestro en plazo legal que establece el art. 56 de la Ley 17.418.",
      "3.2.- En similares términos la accionante alega arbitrariedad y violación de los arts. 56 de la Ley de Seguros, 1, 3, 4, y cc. de la Ley de Defensa al Consumidor y arts. 1092, 1094 y 1095 y cc. del CCC.",
      "Expone que la sentencia al considerar cumplida la carga que impone el art. 56 de L.S. lesiona el principio de congruencia en razón de que la aseguradora al contestar demanda destacó que intentó comunicar la declinación de cobertura pero no lo logró y así la interpretación de la sentencia afecta -dice- el principio de defensa.",
      "Alega que la sentencia formula una errónea interpretación del término \"pronunciarse\" al reducirlo a una mera expresión del obligado -aseguradora- sin tener en cuenta la efectiva comunicación al destinatario del mismo convirtiendo en estéril la obligación legal.",
      "Denuncia errónea valoración de la prueba, reiterando de acuerdo a su postura, que existían dos fechas de vencimiento y que en el período en que ocurrió el siniestro, la prima fue pagada en término (2do. vencimiento). En ese contexto, sostiene que no existe disposición contractual que indique que el solo transcurso de la fecha pactada como primer vencimiento provoque la suspensión de la cobertura contratada y en su caso ello debió ser debidamente notificado.",
      "\"LENCINA PAEZ, Ludmila Antonella C/ PIACENZA, Raúl Rubén y Otros S/ ORDINARIO DAÑOS Y PERJUICIOS\" - Expte. Nº 8791 Expresa que no se valoró correctamente el vínculo contractual que unió al tomador con la aseguradora teniendo en cuenta la relación de consumo que los unió y que determina la aplicación prioritaria de la LDC, más allá de la ley específica de seguros. Finalmente peticiona.",
      "4.- La citada en garantía contesta el traslado oportunamente dispuesto, solicitando el rechazo de los recursos articulados.",
      "5.- El recurso de inaplicabilidad de ley es una vía extraordinaria cuya habilitación exige el cumplimiento de determinados recaudos en orden, precisamente, a la estructura e impronta de la impugnación articulada, desde que no constituye una tercera instancia de apreciación de los hechos y las pruebas del juicio siendo su finalidad obtener un control legal del veredicto dictado.",
      "En este sentido, conviene recordar que el recurso que nos ocupa posee una serie de exigencias técnico formales propias, que deben cumplirse con toda idoneidad por el impugnante a fin de habilitar la vía de casación. Entre ellas que las críticas que se formulen en él, se refieran directa y concretamente a la motivación esencial que el pronunciamiento contiene, pues si en esa réplica se sustraen todos o una parte de los argumentos que estructuran la sentencia, no se encuentran debidamente satisfechos los recaudos de aquél y también que en el escrito en que se deduzca el recurso se señale en términos claros y precisos, cuál es la ley o doctrina violada o erróneamente aplicada y en qué consiste la violación o el error -art. 280, segundo párrafo del CPCC-.",
      "6.- En función de la similitud de los términos impugnativos daremos un tratamiento conjunto a los agravios que se expresan en esta instancia, abordando en primer lugar la infracción al principio de congruencia que viene alegado en el recurso de la actora por su relevancia en orden a su eventual efecto sobre los restantes planteados.",
      "7.- Denuncia la parte recurrente infracción al principio de congruencia por parte de la Cámara en tanto en su tesis la cuestión referida a la comunicación de la declinación de la cobertura opuesta por la aseguradora no integró la litis contestatio del presente juicio.",
      "Al respecto, reparamos que ciertamente por mandato del artículo 269 del CPCC el tribunal de segunda instancia tiene la jurisdicción que resulta de los recursos deducidos y respecto de los puntos de la sentencia o resolución que son cuestionados; no hay más efecto devolutivo -tantum devolutum quantum appellatum- que el que cabe dentro del agravio y del recurso (CSJN, Fallos:",
      "252:323), empero sucede que en la especie no advertimos que hubiese sucedido el desborde que se denuncia.",
      "8.- La sentencia luce acotada a la materia y cuestiones que suscitaban los agravios expuestos, en la temática puntual referida a la comunicación de la declinatoria de cobertura asegurativa y su eficacia, por la \"LENCINA PAEZ, Ludmila Antonella C/ PIACENZA, Raúl Rubén y Otros S/ ORDINARIO DAÑOS Y PERJUICIOS\" - Expte. Nº 8791 aseguradora que fuera replicado en su respectivo memorial por la actora; tampoco ingresa peticiones o hechos diferentes a aquellas que introdujeron éstas en oportunidad de trabarse la litis (ver presentación de la aseguradora de fecha 3/12/2020 y contestación de la actora de fecha 15/12/2020).",
      "9.- El examen de las piezas recursivas confrontadas con los fundamentos del fallo puesto a revisión a tenor de las pautas supra señaladas, nos lleva a la convicción de que los planteo de los recurrentes sólo exteriorizan una mera discrepancia.",
      "No advertimos que los recurrentes indiquen y, menos aún, desarrollen alguna de las causales que autoriza el ordenamiento procesal aplicable para acceder a esta instancia extraordinaria. Las circunstancias fácticas particulares y el marco legal que vincula a las partes del contrato de seguro para evidenciar el error in iudicando que habría incurrido la Cámara en la admisión de la declinatoria opuesta por suspensión de la cobertura asegurativa por falta de pago de la prima al momento del siniestro que da causa a este juicio, es manifiestamente insuficiente en tanto no supera el umbral de la noción del agravio propio de una impugnación ordinaria (art. 257, CPCC), lo que lógicamente por sí solo no es suficiente para que este tribunal superior ingrese a analizar cómo los jueces de mérito interpretaron los hechos de la litis, o apreciaron las pruebas.",
      "10.- Igual suerte cabe asumir con relación a la invocada incorrecta aplicación de lo dispuesto en el art. 118 de la Ley 17.418.",
      "El tribunal ad quem es claro y preciso al exponer su postura de asignar prioridad a la aplicación de la ley especial de seguros por sobre las disposiciones de la ley de defensa al consumidor, en lo que se relaciona a la dinámica del contrato particular y sus efectos. Sin embargo la pretensión recursiva avanza en un temperamento de total desatención a la motivación que exhibe el fallo en este punto, lo que conspira al éxito de esta causal; máxime cuando en ella se señaló de modo puntual la doctrina sentada en antecedentes de esta Sala.",
      "11.- En definitiva, proponemos al acuerdo el rechazo de los recursos de inaplicabilidad de ley deducidos por inadmisibles, con costas (arts. 65, CPCC). ASI VOTAMOS."
    ],
    "HONORARIOS PROFESIONALES": [
      "Considerando la actividad desarrollada para abrir la instancia extraordinaria, la complejidad de las cuestiones planteadas y la probable dedicación temporal en el desempeño profesional del servicio, corresponde fijar los honorarios profesionales en el 50 % de los honorarios que se establezcan por la labor en primera instancia (arts. 3, 64 y 94 de la ley 7046 modif. por ley 11.141).",
      "Por último, habiendo mayoría absoluta, EL SR. VOCAL EN EJERCICIO DE LA PRESIDENCIA DEL STJ, DR. LEONARDO PORTELA, se abstiene de votar y firmar la presente resolución con arreglo a lo \"LENCINA PAEZ, Ludmila Antonella C/ PIACENZA, Raúl Rubén y Otros S/ ORDINARIO DAÑOS Y PERJUICIOS\" - Expte. Nº 8791 dispuesto por el art. 33 de la LOPJ, texto según ley 10.704.",
      "Con lo que no siendo para más se da por finalizado el acto quedando acordada la siguiente sentencia:",
      "Paraná, 5 de agosto de 2024."
    ],
    "Y VISTO": [
      "Por los fundamentos del acuerdo que antecede se,"
    ],
    "RESUELVE": [
      "DECLARAR INADMISIBLES los recursos de inaplicabilidad de ley deducidos en fecha 8/2/2024 a las 19:51 hs. y 19:58 hs. , respecto de la resolución de la Sala Segunda Civil y Comercial de la Cámara de Apelaciones de Concordia dictada en fecha 22/12/2023.",
      "IMPONER costas a la vencida (art. 65 del CPCC).",
      "FIJAR los honorarios profesionales correspondientes a esta instancia extraordinaria, en el 50 % de los honorarios que se establezcan por la labor en primera instancia instancia (arts. 3, 64 y 94 de la ley 7046 modif. por ley 11.141).",
      "Notifíquese conforme arts. 1º y 4º Ac. Gral. 15/18 SNE, regístrese y oportunamente devuélvase.",
      "Ante mí. En igual fecha se registró. Asimismo, se deja constancia que la presente se suscribe mediante firma digital -Acuerdo Gral. 11/20 del 23-6-2020, Punto 4°) prescindiéndose de su impresión en formato papel."
    ]
  }
}