{
  "METADATOS": {
    "ID_FALLO": "8926",
    "MES": "08",
    "ARTICULOS_CITADOS": {
      "citations": [
        {
          "main_source": "Ley 10.704",
          "cited_articles": [
            30
          ],
          "extra": null
        },
        {
          "main_source": "Ley 7046",
          "cited_articles": [
            3,
            14,
            30,
            63,
            64,
            94
          ],
          "extra": "modif. por ley 11.141"
        },
        {
          "main_source": "Acuerdo General 15/18 SNE",
          "cited_articles": [
            1,
            4
          ],
          "extra": "conforme"
        },
        {
          "main_source": "Acuerdo General 11/20",
          "cited_articles": [
            23
          ],
          "extra": null
        },
        {
          "main_source": "Otro",
          "cited_articles": [
            28,
            114,
            29
          ],
          "extra": null
        }
      ]
    }
  },
  "MATERIA_PRELIMINAR": "ORDINARIO",
  "IDEA_CENTRAL": "**IDEA CENTRAL DEL FALLO**\n\nEl fallo judicial resuelve la regulación de honorarios profesionales en el caso \"Guzmán, Héctor Hilario c/ Ledesma, Lucas Demian y otros\", determinando las sumas a abonar a los abogados de las partes en función de la labor realizada y conforme a la ley arancelaria aplicable.\n\n**Decisión Judicial Principal y Fundamento**\n\nEl tribunal decide regular los honorarios de la Dra. Analía Cardoso en $308,350.83 (5.95 juristas) y de los Dres. Walter Noir y Sofía Gómez en $107,793.23 (2.08 juristas cada uno). Esta decisión se fundamenta en la aplicación de la escala general del artículo 30 de la ley 7046, que regula los honorarios de abogados y procuradores.\n\n**Aspectos Legales Relevantes**\n\n1. **Ley 7046**: Regula los honorarios de abogados y procuradores.\n   - **Art. 30**: Establece la escala para la regulación de honorarios.\n   - **Art. 28**: Dispone sobre la notificación de la regulación de honorarios.\n   - **Art. 114**: Regula el pago de honorarios y las consecuencias de la mora.\n\n**Razonamiento del Tribunal**\n\nEl tribunal, tras evaluar la base económica del juicio y la labor profesional realizada, aplica la escala arancelaria correspondiente. Se considera el monto total de honorarios y se determina que la parte vencedora recibirá el 50% de la suma calculada, mientras que los letrados de la parte vencida recibirán el 70% de esa misma suma. La decisión se toma con mayoría absoluta, y se menciona la abstención de un vocal conforme a la Ley Orgánica del Poder Judicial.\n\nEn conclusión, el fallo establece un marco claro para la regulación de honorarios, garantizando el cumplimiento de las disposiciones legales pertinentes y asegurando la compensación adecuada a los profesionales involucrados en el proceso.",
  "CONTENIDO": {
    "INICIO": [
      "\"GUZMAN, HÉCTOR HILARIO C/ LEDESMA, LUCAS DEMIAN Y OTROS S/ ORDINARIO\" Expte. Nº 10591 Expte. Nº 8926.",
      "PARANÁ, 19 de agosto de 2024."
    ],
    "VISTO Y CONSIDERANDO": [
      "Que los autos \"GUZMAN, HÉCTOR HILARIO C/ LEDESMA, LUCAS DEMIAN Y OTROS S/ ORDINARIO\" - Expte. Nº 8926, vienen a consideración de este Tribunal a los fines de regular honorarios por la actuación profesional en el recurso de inaplicabilidad de ley resuelto en fecha 2/2/2024.",
      "En dicha tarea, considerando la base económica del juicio según la liquidación aprobada en fecha 23/4/2024, los intereses y el monto del jurista al día de la fecha ($51.823,67), el valor a considerar a los fines regulatorios asciende a 59,59 juristas.",
      "Por aplicación de la escala general del art. 30 de la ley arancelaria y valorando la labor desarrollada en esta instancia, el 20% de 59,59 juristas son 11,91 juristas, que es el monto que correspondería regular a la parte vencedora en primera instancia.",
      "De esta manera, por la labor en esta instancia extraordinaria amerita regular el 50% de 11,91 juristas a la letrada de la parte vencedora y el 70% de esa suma a los letrados de la parte vencida, teniendo en cuenta la intervención plural de los profesionales actuantes.",
      "Por último, habiendo mayoría absoluta, EL SR. VOCAL EN EJERCICIO DE LA PRESIDENCIA DEL STJ, DR. LEONARDO PORTELA, se abstiene de votar y firmar la presente resolución con arreglo a lo dispuesto por el art. 33 de la LOPJ, texto según ley 10.704.",
      "En consecuencia, se"
    ],
    "RESUELVE": [
      "REGULAR los honorarios profesionales a la Dra. Analía Cardoso en la suma de pesos trescientos ocho mil trescientos cincuenta con ochenta y tres centavos ($ 308.350,83), equivalentes a 5,95 juristas; y al Dr. Walter Noir y a la Dra. Sofía Gómez en la suma de pesos ciento siete mil setecientos noventa y tres con veintitrés centavos ($ 107.793,23), equivalentes a 2,08 juristas, para cada uno -arts. 3, 14, 30, 63, 64 y 94 de la ley 7046 modif. por ley 11.141); más IVA si correspondiere.",
      "Notifíquese conforme arts. 1º y 4º Ac. Gral. 15/18 SNE, regístrese y oportunamente devuélvase.",
      "Ante mí. En igual fecha se registró. Asimismo, se deja constancia que la presente se suscribe mediante firma digital -Acuerdo Gral. 11/20 del 23-6-2020, Punto 4°) prescindiéndose de su impresión en formato papel.",
      "Existiendo regulación de honorarios a abogados y/o procuradores, cumpliendo con lo dispuesto por la ley 7046, se transcriben los siguientes los artículos:",
      "Art. 28: NOTIFICACIÓN DE TODA REGULACIÓN. Toda regulación de honorarios deberá notificarse personalmente o por cédula. Para el ejercicio del derecho al cobro del honorario al mandante o patrocinado, la notificación deberá hacerse en su domicilio real.",
      "En todos los casos la cédula deberá ser suscripta por el Secretario del Juzgado o Tribunal con transcripción de este Artículo y del art. 114 bajo pena de nulidad. No será necesaria la notificación personal o por cédula de los autos que resuelvan los reajustes posteriores que se practiquen por aplicación del art.114\".",
      "Art. 114: PAGO DE HONORARIOS. Los honorarios regulados judicialmente deberán abonarse dentro de los diez días de requerido su pago en forma fehaciente. Operada la mora, el profesional podrá reclamar el honorario actualizado con aplicación del índice, previsto en el art. 29 desde la regulación y hasta el pago, con más un interés del 8% anual.",
      "En caso de tratarse de honorarios que han sido materia de apelación, sobre el monto que quede fijado definitivamente su instancia superior, se aplicará la corrección monetaria a partir de la regulación de la instancia inferior. No será menester justificar en juicios los índices que se aplicarán de oficio por los Sres. Jueces y Tribunales”."
    ]
  }
}