{
  "METADATOS": {
    "ID_FALLO": "8951",
    "MES": "08",
    "ARTICULOS_CITADOS": {
      "citations": [
        {
          "main_source": "Código Procesal Civil y Comercial (CPCC)",
          "cited_articles": [
            163
          ],
          "extra": "inc. 2"
        },
        {
          "main_source": "Otro",
          "cited_articles": [
            33
          ],
          "extra": "LOPJ"
        },
        {
          "main_source": "Ley 10.704",
          "cited_articles": [],
          "extra": "texto según ley 10.704"
        },
        {
          "main_source": "Acuerdo General 15/18 SNE",
          "cited_articles": [
            1,
            4
          ],
          "extra": "arts. 1º y 4º"
        },
        {
          "main_source": "Acuerdo General 11/20",
          "cited_articles": [],
          "extra": "del 23-6-2020"
        }
      ]
    }
  },
  "MATERIA_PRELIMINAR": "ORDINARIO SIMULACION",
  "IDEA_CENTRAL": "**IDEA CENTRAL DEL FALLO**\n\nEn el caso \"Badaracco García Leonela Miguelina c/ Badaracco Luciano Miguel s/ Ordinario Simulación\", la Sala judicial resolvió no hacer lugar a la aclaratoria interpuesta por el demandado, Luciano Miguel Badaracco, respecto a la sentencia anterior que confirmaba la condena a devolver un bien inmueble o su equivalente en dinero a favor de la actora, Leonela Miguelina Badaracco, por un monto de U$S 21.750, más intereses.\n\n**Decisión Judicial Principal y Fundamento Legal**\n\nLa decisión principal fue la confirmación de la condena y la improcedencia de la aclaratoria solicitada por el demandado. El fundamento legal se basa en la inadmisibilidad del recurso de inaplicabilidad de ley presentado, conforme al artículo 163, inciso 2 del Código Procesal Civil y Comercial (CPCC), que establece que no se puede subsanar una omisión o error si no existe tal en la resolución original.\n\n**Aspectos Legales Relevantes**\n\n1. **Condición de la Legítima**: La sentencia delimita la afectación de la legítima de la actora, asegurando su derecho sobre el bien o su equivalente monetario.\n2. **Intereses**: Se discute la tasa de interés aplicable, donde el demandado argumenta que debería ser del 6% anual si se condena en dólares, o la cotización en pesos a la fecha de la demanda, con intereses según TABA.\n\n**Razonamiento del Tribunal**\n\nEl tribunal argumentó que la aclaratoria no tenía fundamento, ya que la parte demandada había planteado cuestiones que ya habían sido consideradas y resueltas en la sentencia anterior. La Sala reafirmó que no existía error u omisión que requiriera corrección, y por lo tanto, se desestimó la solicitud del demandado.\n\nEn conclusión, el fallo reafirma la protección de los derechos de la actora en el contexto de la simulación y la legítima, manteniendo la condena establecida en la sentencia previa.",
  "CONTENIDO": {
    "INICIO": [
      "\"BADARACCO GARCIA LEONELA MIGUELINA C/ BADARACCO LUCIANO MIGUEL S/ ORDINARIO SIMULACION\" - Expte. Nº 8951 PARANÁ, 8 de agosto de 2024."
    ],
    "VISTO": [
      "La aclaratoria interpuesta por el demandado, Sr. Luciano M.",
      "Badaracco, en fecha 13/6/2024, en los autos \"BADARACCO GARCIA LEONELA MIGUELINA C/ BADARACCO LUCIANO MIGUEL S/ ORDINARIO SIMULACION\" - Expte. Nº 8951 respecto de la resolución de esta Sala dictada en fecha 12/6/2024, y;"
    ],
    "CONSIDERANDO": [
      "1.- La sentencia de esta Sala resolvió declarar improcedente el recurso de inaplicabilidad de ley deducido por el demandado y, en consecuencia, confirmó la sentencia que adecuó la condena delimitando la afectación de la legítima correspondiente a la actora Leonela Miguelina Badaracco, a la suma de dólares estadounidenses veintiún mil setecientos cincuenta (U$S 21.750), y condenó al accionado Luciano Miguel Badaracco a devolver el bien inmueble que motivó el juicio al sucesorio de su progenitor Miguel Antonio Badaracco o pagarle a la actora el importe equivalente, con más intereses desde el inicio de la demanda.",
      "2.- El peticionante solicita que se emita pronunciamiento -por haberse omitido- respecto de lo interesado en el recurso de inaplicabilidad de ley interpuesto acerca de la suma condenada que se debe abonar a la contraria, esto es, \"el importe equivalente a U$S 21.750 con más intereses según TABA desde la promoción de la demanda\".",
      "Expresa que en el escrito alegó que si la condena es en dólares estadounidenses, la tasa para los intereses en esa moneda debería ser del 6% anual aproximadamente; y si el equivalente es en pesos, la equivalencia debería establecerse a la cotización en pesos de esa moneda a la fecha de promoción de la demanda -4/2/2021- con más los intereses TABA.",
      "3.- Ingresando al examen de la aclaratoria deducida respecto de los montos de condena reconocidos a la actora y los intereses que corresponden aplicar, cabe afirmar que esta Sala consideró expresamente inadmisible aquella porción del recurso de inaplicabilidad de ley -ver Cons. 7.c) del voto que comandó el acuerdo-, por lo cual no existe omisión, error o concepto oscuro a subsanar por esta vía (art. 163 inc. 2 del CPCC).",
      "En consecuencia, no corresponde hacer lugar a la aclaratoria interpuesta.",
      "Por último, habiendo mayoría absoluta, EL SR. VOCAL EN EJERCICIO DE LA PRESIDENCIA DEL STJ, DR. LEONARDO PORTELA, se abstiene de votar y firmar la presente resolución con arreglo a lo dispuesto por el art. 33 de la LOPJ, texto según ley 10.704.",
      "Por ello, se"
    ],
    "RESUELVE": [
      "NO HACER LUGAR a la aclaratoria planteada en fecha 13/6/2024 contra la resolución de esta Sala dictada en fecha 12/6/2024.",
      "\"BADARACCO GARCIA LEONELA MIGUELINA C/ BADARACCO LUCIANO MIGUEL S/ ORDINARIO SIMULACION\" - Expte. Nº 8951 Notifíquese conforme arts. 1º y 4º Ac. Gral. 15/18 SNE, regístrese y oportunamente devuélvase.",
      "Ante mí. En igual fecha se registró. Asimismo, se deja constancia que la presente se suscribe mediante firma digital -Acuerdo Gral. 11/20 del 23-6-2020, Punto 4°) prescindiéndose de su impresión en formato papel."
    ]
  }
}