{
  "METADATOS": {
    "ID_FALLO": "8956",
    "MES": "08",
    "ARTICULOS_CITADOS": {
      "citations": [
        {
          "main_source": "Ley 26.061",
          "cited_articles": [
            52
          ],
          "extra": "incorporado por Ley 26.361"
        },
        {
          "main_source": "Código Civil y Comercial (CCC)",
          "cited_articles": [
            1067,
            1092,
            1094,
            1098
          ],
          "extra": "arts. 10, 1092, 1094, 1384 CCC"
        },
        {
          "main_source": "Ley 24.449",
          "cited_articles": [
            8
          ],
          "extra": "bis de la ley 24.240"
        },
        {
          "main_source": "Ley 25.529",
          "cited_articles": [
            6
          ],
          "extra": "inc. m) de la ley 25.065"
        },
        {
          "main_source": "Constitución Nacional (CN)",
          "cited_articles": [
            42
          ],
          "extra": null
        },
        {
          "main_source": "Ley 24.522 (LCQ - Ley de Concursos y Quiebras)",
          "cited_articles": [
            53
          ],
          "extra": "LDC"
        },
        {
          "main_source": "Código Procesal Civil y Comercial (CPCC)",
          "cited_articles": [
            65
          ],
          "extra": null
        },
        {
          "main_source": "Ley 7046",
          "cited_articles": [
            3,
            64,
            94
          ],
          "extra": "modif. por ley 11.141"
        },
        {
          "main_source": "Ley 10.704",
          "cited_articles": [
            33
          ],
          "extra": "texto según ley 10.704"
        },
        {
          "main_source": "Acuerdo General 15/18 SNE",
          "cited_articles": [
            1,
            4
          ],
          "extra": "conforme arts. 1º y 4º"
        },
        {
          "main_source": "Acuerdo General 11/20",
          "cited_articles": [],
          "extra": "del 23-6-2020, Punto 4°"
        }
      ]
    }
  },
  "MATERIA_PRELIMINAR": "SUMARISIMO",
  "IDEA_CENTRAL": "### IDEA CENTRAL DEL FALLO\n\n**Decisión Judicial Principal:**\nEl Tribunal declaró **inadmisible** el recurso de inaplicabilidad de ley interpuesto por Gisela Noemí Sarli contra la resolución de la Cámara de Apelaciones que revocó la sentencia de primera instancia, la cual había condenado al Banco Patagonia S.A. a pagar daños y perjuicios por la inhabilitación de su tarjeta de crédito.\n\n**Fundamento Legal:**\nLa decisión se basa en el **incumplimiento sistemático** de la actora en el pago de los montos mínimos de su tarjeta de crédito, lo que justificó la inhabilitación por parte del banco. Se invocaron artículos del Código Civil y Comercial (CCC), especialmente el **art. 1067**, que establece la buena fe en las relaciones contractuales, y el **art. 8 bis de la Ley 24.240** sobre Defensa del Consumidor.\n\n**Aspectos Legales Relevantes:**\n1. **Código Civil y Comercial (CCC)**:\n   - Art. 1067: Principio de buena fe en la interpretación de contratos.\n   - Art. 1092 y 1094: Obligaciones de las partes en contratos de adhesión.\n   - Art. 1384: Responsabilidad por daños.\n\n2. **Ley 24.240**: Protección al consumidor, especialmente en relación con el trato digno y la información.\n\n**Razonamiento del Tribunal:**\nEl Tribunal argumentó que la actora había incurrido en mora automática por no cumplir con los pagos mínimos, lo que rompía el equilibrio contractual. La inhabilitación de la tarjeta fue considerada una medida legítima del banco, dado el contexto de incumplimiento. Además, se desestimaron las alegaciones de acoso y hostigamiento, al no encontrarse pruebas suficientes que justificaran la responsabilidad del banco.\n\nEn conclusión, el Tribunal reafirmó que la conducta de la actora, caracterizada por el incumplimiento, no justificaba la imputación de responsabilidad al banco por la inhabilitación de la tarjeta de crédito durante su viaje al exterior.",
  "CONTENIDO": {
    "INICIO": [
      "\"SARLI GISELA N. C/ BANCO PATAGONIA S.A. S/ SUMARISIMO\" - Expte. Nº 8956"
    ],
    "ACUERDO": [
      "En la ciudad de Paraná, capital de la provincia de Entre Ríos, a los veintisiete días del mes de agosto del año dos mil veinticuatro reunidos los integrantes de este Tribunal asistidos por el Secretario autorizante, para conocer el recurso de inaplicabilidad de ley deducido en fecha 17/8/2023 en las actuaciones: \"SARLI GISELA N. C/ BANCO PATAGONIA S.A. S/ SUMARISIMO\" - Expte. Nº 8956, respecto de la resolución de la Sala Civil y Comercial de la Cámara de Apelaciones de Concepción del Uruguay dictada en fecha 2/8/2023. Que la votación debe tener lugar en el siguiente orden: Sra.",
      "Vocal Gisela N. Schumacher; Sr. Vocal Daniel O. Carubia y Sr. Vocal Leonardo Portela.",
      "Estudiados los autos, la Sala se planteó la siguiente cuestión:",
      "¿qué corresponde resolver respecto del recurso de inaplicabilidad de ley interpuesto?",
      "A LA CUESTIÓN PLANTEADA LA SRA. VOCAL"
    ],
    "GISELA N. SCHUMACHER DIJO": [
      "1.- Gisela Noemí Sarli, por intermedio de apoderados, interpuso demanda sumarísima de consumo por daños y perjuicios contra el Banco Patagonia S.A. con el objeto de que se lo condene a abonar la suma de $ 150.000 en concepto de daño moral, con más el daño punitivo a su favor (art.",
      "52 bis incorporado por Ley 26.361) por entender que debe sancionarse el accionar de la demandada, con más sus intereses y costas.",
      "Motivó su reclamo en la inhabilitación de su tarjeta de crédito MasterCard de la cual es titular, a partir del día 30 o 31 de enero del año 2019, momento en el cual se encontraba de viaje en el exterior. Dijo que se vio privada de su uso y no pudo efectuar los gastos y consumos que tenía previstos durante el mismo, por lo que estuvo forzada a continuarlo de manera austera y diferente a lo originariamente pensado al no poder realizar las erogaciones contempladas para el recorrido.",
      "También justificó su acción en el posterior trato recibido por la entidad y la situación de acoso y hostigamiento que sufrió a partir de las reiteradas e insistentes intimaciones por correos electrónicos, llamados telefónicos y de mensajería instantánea que tuvo que soportar por parte de un estudio de cobranzas -durante los meses de marzo, mayo, junio, octubre, noviembre y diciembre de 2019- por presuntas deudas mantenidas con el banco, sin brindarle información clara y detallada de la suma y conceptos del reclamo.",
      "2.- La sentencia de primera instancia hizo lugar a la demanda y condenó a la entidad financiera a abonar en favor de la actora la suma de pesos ciento cincuenta mil ($150.000) en concepto de daño moral y la suma de pesos novecientos cincuenta mil ($950.000) en concepto de multa por daño punitivo, con más los intereses para ambos rubros. Impuso las costas a la demandada vencida y difirió los honorarios.",
      "Señaló que, conforme la prueba producida en autos y el \"SARLI GISELA N. C/ BANCO PATAGONIA S.A. S/ SUMARISIMO\" - Expte. Nº 8956 derecho aplicable, ninguna de las partes aportó prueba sobre el aspecto crediticio propiamente dicho y que, en relación con la deuda y los pagos, sólo se cuenta con los resúmenes bancarios (resúmenes de tarjeta de crédito MasterCard de la actora desde 06/2018 a 07/2020) como así también con el informe del Veraz.",
      "Consideró que la cancelación o suspensión de la tarjeta de crédito en ocasión en que la actora se encontraba de viaje en un país europeo, sin ningún aviso previo por parte de la operadora MasterCard ni del Banco Patagonia S.A. emisor, habiendo pagado la actora casi la totalidad del resumen anterior, constituía un acto que vulneraba la dignidad de la accionante y generaba un estado de \"indefensión económica\" en que se la colocó en forma absolutamente intempestiva e inoportuna.",
      "Analizó el deber de información como una de las obligaciones principales en los contratos de adhesión y advirtió que el caso evidencia su incumplimiento por parte de la entidad bancaria al no consignar los límites de crédito en el resumen y no informar oportunamente a la actora la cancelación o suspensión de la tarjeta de crédito.",
      "En la misma línea valoró el informe del Veraz, la tercerización del cobro, sus consecuencias y la limitación crediticia que ello ocasionó en la actora tanto en ese momento como a futuro.",
      "3.- Que contra dicho pronunciamiento se alzó la parte demandada (escrito del 07/12/2022 y expresión de agravios del 28/12/2022).",
      "4.- En tarea de decidir la apelación, la Sala Civil y Comercial de la Cámara de Apelaciones de Concepción del Uruguay, por mayoría, hizo lugar al recurso interpuesto y revocó la sentencia de primera instancia rechazando la demanda interpuesta.",
      "Para así decidir, en lo que en el presente interesa, ponderó que de la prueba obrante en autos surge que la actora, desde el resumen de su tarjeta que venció el 8/06/2018 hasta los depósitos efectuados por cajero el 16/01/2019, incumplió sistemáticamente con el pago de los montos mínimos emergentes de los resúmenes emitidos por el Banco Patagonia S.A. De ello, concluyó que dicha mora justificó la inhabilitación de la tarjeta de crédito para su uso en su viaje al exterior.",
      "Valoró que el pago en tiempo y forma de las obligaciones asumidas constituye la principal obligación de la titular de la tarjeta de crédito para con el sistema. Que la actora exteriorizaba reiteradamente el incumplimiento tempestivo del pago mínimo conllevando una ruptura del correcto sinalagma de la vinculación entre las partes, siendo que la regla más importante en materia contractual indica que los compromisos deben cumplirse de buena fe, en tiempo y forma. Que por este motivo no le era exigible a la demandada que intimase previamente a la titular de la tarjeta a abonar lo adeudado antes de inhabilitar la misma, al entender que la falta de pago en el tiempo pactado, implica -lisa y llanamente- la mora automática de la actora.",
      "\"SARLI GISELA N. C/ BANCO PATAGONIA S.A. S/ SUMARISIMO\" - Expte. Nº 8956 En consecuencia, entendió que no se verificaba conducta reprochable que le genere responsabilidad a la entidad bancaria por la inhabilitación de la tarjeta de crédito durante su viaje al exterior.",
      "Ponderó luego la situación en mora de la accionante y concluyó que no cabe atribuir responsabilidad al banco demandado por dicha circunstancia, por cuanto la misma se encontró en tal situación como consecuencia de su incumplimiento de pago en término, desde julio del 2019, de los mínimos correspondientes a los resúmenes de su tarjeta de crédito.",
      "En relación a las costas, trajo a colación precedentes de este 5.- Contra la sentencia de Cámara interpuso recurso de inaplicabilidad de ley la parte actora (escrito de fecha 17/08/2023).",
      "En lo medular, denunció absurdidad y arbitrariedad en la valoración probatoria así como violación e incorrecta aplicación de la ley (art.",
      "1067 del CCC en su juego armónico con los art. 1092, 1094 y 1384 del mismo cuerpo legal, art. 8 bis de la ley 24.240 y 1098 del CCC).",
      "Sostuvo que se evidencia una falta grave en el fallo al aplicar erróneamente el art. 1067 del CCC, en juego armónico con los arts. 1092, 1094, 1098 y 1384 del CCC y art. 8 bis de la ley 24.240. Afirmó que se descontextualizó la relación de consumo, poniendo en foco los pagos parciales y atrasados de los resúmenes de la tarjeta de crédito y al no verificar la reprochable conducta del Banco Patagonia S.A. al inhabilitar su tarjeta de crédito durante un viaje al exterior, para con ello exonerarlo de responsabilidad.",
      "Indicó que la conducta precedente del banco, por su dilación en el tiempo, sin que hubiera tornado operativa la cláusula contractual sobre las consecuencias de la mora -art. 6 inc. m) de la ley 25.065- tornó, a la inhabilitación intempestiva de la tarjeta de crédito, en antijurídica por ser contraria a lo dispuesto en el citado art. 1067 de la norma de fondo.",
      "Asimismo, enfatizó que de la prueba obrante en autos surge que desde junio 2018 a enero 2019 el banco demandado no registró ninguna reacción frente a los pagos mínimos y luego de su vencimiento que realizara por el servicio de tarjeta. Indicó que ello, fuera de la aplicación de los pertinentes intereses moratorios, es un extremo de hecho importante en tanto hace que la inhabilitación decidida por la entidad bancaria accionada los últimos días del mes de enero de 2019 en la oportunidad de encontrarse de viaje en el extranjero, resulte incompatible con su comportamiento contractual anterior.",
      "Manifestó que la presunta prerrogativa que tendría la entidad bancaria para cancelarle o inhabilitarle unilateralmente el uso de la tarjeta de crédito sin un razonable preaviso, lesiona la confianza y la buena fe, mostrando un abuso de la posición dominante de la entidad bancaria -arts. 10, 1092, 1094, 1384 CCC-.",
      "Destacó que el voto mayoritario de la Cámara yerra al interpretar el derecho aplicable en autos en tanto indicó que el art. 1067 del \"SARLI GISELA N. C/ BANCO PATAGONIA S.A. S/ SUMARISIMO\" - Expte. Nº 8956 CCC impone que, al interpretar, se deben orientar sus valoraciones en el sentido de proteger la confianza y la lealtad que las partes se deben recíprocamente.",
      "Expuso que la vulneración del principio de confianza desencadena una responsabilidad con factor objetivo, que tiene una operatividad y autonomía propia, que determina el nacimiento de la obligación de resarcir los daños causados por tal antijuridicidad.",
      "Indicó que, exonerar a la entidad bancaria de la responsabilidad que le cabe en el marco de la relación de consumo, es desnaturalizar las obligaciones propias del rol asumido por el banco en estos supuestos.",
      "Se agravió también respecto a la violación y errónea aplicación del art. 8 bis de la ley 24.240 y del art. 1098 del CCC en relación con la alegada falta de ponderación de su reclamo por la realización de actos que importaron un trato indigno hacia su persona por parte de la accionada. Reiteró que al demandar expresó que padeció una situación de acoso y hostigamiento generada a partir de reiterados e insistentes correos electrónicos, llamados telefónicos y de mensajería instantánea recibidos durante los meses de marzo a diciembre de 2019 por parte del estudio de cobranzas \"Besser Weiss\" por los cuales se le reclamaba el pago extrajudicial y regularización de una deuda que ya había refinanciado -cuotificado- con el banco demandado; colocándola en una situación de persecución que configura una práctica abusiva y causa un daño a su personalidad, dignidad y un grave menosprecio hacia sus derechos -art. 42 CN, arts. 4 y 8 bis de la LDC, art. 1097 CCC-.",
      "En relación a la imposición de costas a su parte, postuló violación y errónea aplicación de la doctrina legal emanada del STJER -art. 65 del CPCC- en los autos: \"Sosa Marta Isabel Antonia c/Círculo de Inversores SA de Ahorro para Fines Determinados de Autoplan Sevel s/ Ordinario\", sentencia de fecha 6/12/2017; \"Morales Andrés Daniel c/Instituto Autárquico de Planeamiento y Vivienda de la Provincia de Entre Ríos s/Sumarísimo - Acción Meramente Declarativa, sentencia del 5/7/2018; entre otros, en tanto la presente acción se dedujo en ejercicio de derechos individuales con fundamentos en la ley 24.240, la cual se encuentra amparada por la justicia gratuita prevista en su art. 53.",
      "Finalmente hizo reserva de caso federal y peticionó.",
      "6.- Se corrió traslado del recurso a la demandada, quien -al replicarlo-, instó a que se rechace.",
      "En fecha 4/10/2023 el tribunal concedió el recurso de inaplicabilidad de ley con efecto suspensivo, al considerar cumplidos los requisitos formales de admisibilidad.",
      "7.- Dictaminó la Sra. Procuradora Adjunta -interina- Dra.",
      "Mónica Elizabeth Carmona, propiciando se rechace el recurso deducido en tanto las quejas vertidas no logran enervar los fundamentos jurídicos que cimentan el fallo en crisis.",
      "8.- Reseñados de esta forma los antecedentes relevantes, como \"SARLI GISELA N. C/ BANCO PATAGONIA S.A. S/ SUMARISIMO\" - Expte. Nº 8956 previo, entiendo pertinente recordar que el análisis preliminar de admisibilidad, previsto expresamente en nuestro ordenamiento procesal, indica que cuando el medio de impugnación se interpuso ante el mismo organismo jurisdiccional que dictó la resolución recurrida aquél sea llevado a cabo en dos oportunidades, la primera por la Cámara que analiza el cumplimiento de los requisitos formales de admisibilidad y de fundabilidad del planteo recursivo (artículos 276, 280 y 281 del código procesal civil y comercial) y la segunda por esta Sala.",
      "Conforme a las exigencias técnicas del recurso se debe efectuar el directo cuestionamiento de la sentencia definitiva de segunda instancia del cual derive una crítica y un ataque pertinentes a su fundamentación, que demuestren la errónea aplicación de la ley y/o doctrina legal emanada de este tribunal.",
      "No obstante la literalidad de la norma, se admite por vía pretoriana el análisis de cuestiones de hecho y prueba reservadas en principio a la magistratura de las instancias ordinarias, cuando se alegue y demuestre absurdidad o arbitrariedad en su valoración.",
      "9.- Bajo estos parámetros se aborda el análisis de las críticas reproducidas en el memorial impugnativo de la parte actora.",
      "En la función encomendada, adelanto un desenlace desfavorable a la pretensión de la querella, por cuanto los planteos introducidos resultan insuficientes para la habilitación de esta instancia casatoria.",
      "10.- Es que los motivos que justifican el disenso de la recurrente soslayan el eje medular sobre el que se asienta el veredicto enjuiciado: esto es, el acreditado incumplimiento sistemático de la actora con el pago en término de los montos emergentes de los resúmenes de la tarjeta de crédito y la consecuente posibilidad del banco para disponer la inhabilitación de la tarjeta.",
      "En efecto, la sentencia en crisis efectuó un razonado análisis de los hechos y la prueba; contempló la conducta asumida por la actora seis meses antes del período en el que se realizó el viaje que denuncia y la suspensión de su crédito. En él, puso en evidencia los reiterados pagos parciales e insuficientes que aquella realizó respecto de los resúmenes emitidos por el banco demandado, para luego señalar que la situación bajo estudio debía ser ponderada desde la perspectiva de una clienta que exteriorizaba en forma sistemática incumplimientos del pago mínimo, más allá de que ulteriormente -en algunos resúmenes- fueran tardíamente ingresados sin afrontar la totalidad de los intereses e I.V.A. sobre éstos.",
      "Así concluyó que no era exigible que el banco intime previamente a la titular de la tarjeta antes de inhabilitarla, pues su falta de pago en tiempo y forma pactado implicaba la mora automática y traducía el incumplimiento de la principal obligación asumida por la titular de la tarjeta, lo que evidenció una ruptura del correcto sinalagma de la vinculación entre las partes.",
      "\"SARLI GISELA N. C/ BANCO PATAGONIA S.A. S/ SUMARISIMO\" - Expte. Nº 8956 Estos argumentos que constituyeron el razonamiento central de la decisión no fueron rebatidos por la recurrente y tampoco resultan conmovidos por los desaciertos jurídicos que se le atribuyen, los que aparecen como una simple discrepancia con la valoración efectuada en aquella.",
      "Es decir, aunque la pieza recursiva contiene la denuncia de violación o errónea aplicación de numerosas normas, cierto es que los vicios endilgados al decisorio no se sustentan en un embate al razonamiento de la magistratura sino en una visión particular de la parte actora respecto del marco fáctico y jurídico del caso, que no termina de evidenciar cuál es el error de derecho en lo resuelto, básicamente porque desatiende los motivos basales en que se apoyó la sentencia reprochada.",
      "La actora dice que la Cámara no aplicó -o aplicó erróneamente- el art. 1067 del CCC en tanto, en el período anterior al viaje (entre los meses de junio de 2018 a enero del 2019), la entidad bancaria no registró reacción frente a los pagos (parciales) realizados, por la que la inhabilitación operada los últimos días del mes de enero del 2019 traduce un intempestivo viraje que resulta incompatible con ese comportamiento contractual anterior y, por ende, también susceptible de responsabilizar al banco por los daños ocasionados.",
      "Al invocar esta expectativa contractual en la cual sustenta su recurso, omite contrarrestar que, para valorar tal situación, la sentencia tuvo especialmente en cuenta los sucesivos estados de mora e incumplimientos en que venía incurriendo e incluso incurrió en el mes que realizó el viaje. Así es que la lealtad y confianza que las partes se deben recíprocamente, como lo apunta el referido artículo, no emerge de la conducta asumida por ella.",
      "En esa inteligencia, para apreciar la entidad del cumplimiento de las obligaciones asumidas por las partes contratantes, es inevitable referir a la buena fe como regla de interpretación, lo que apunta a observar aquellas conductas legales y correctas. La promotora exige coherencia con la posición adoptada por el banco meses anteriores en los cuales no suspendió su uso, pero nada dice respecto de su comportamiento crediticio y el estado de mora en que sistemáticamente incurría, parámetro que no puede ser irrelevante en la coyuntura del caso y que justificadamente la Cámara entendió que fue lo que dio pie para que el banco demandado suspenda el uso del crédito que los unía.",
      "Así, la crítica revela una posición en la litis que desconoce la motivación sentencial planteando una propia interpretación de la normativa aplicada y exponiendo un disenso respecto a las disposiciones legales que genéricamente considera inaplicadas, pero esa argumentación soslaya el encuadre integral que en el fallo se realiza y la completa valoración de la situación fáctica y legal que llevaron a la Cámara a determinar la falta de ilegitimidad del hecho atribuido a la entidad bancaria accionada.",
      "Es dable recordar que el recurso de inaplicabilidad de ley es una vía extraordinaria cuya habilitación exige el cumplimiento de determinados recaudos en orden, precisamente, a la estructura e impronta de la impugnación \"SARLI GISELA N. C/ BANCO PATAGONIA S.A. S/ SUMARISIMO\" - Expte. Nº 8956 articulada. Entre ellas, la crítica que a la decisión se formule debe dirigirse directa y concretamente a la motivación sentencial, sin parcializarse dicho reproche, el cual debe comprender a toda la argumentación del fallo considerado en su integralidad. Ello, en el caso, no se da.",
      "Por otro lado, al referir que el decisorio no contempló la existencia de la antijuridicidad que deriva del trato recibido por el banco hacia su persona a raíz de los sucesivos reclamos, tampoco formuló embate alguno respecto de la situación de morosidad que apuntó la sentencia desde el mes de julio en adelante tomando en cuenta el informe Veraz obrante en la causa como consecuencia de su incumplimiento de pago en término de los mínimos correspondientes a cada resumen allí detallado.",
      "Ello evidencia otro desacuerdo subjetivo que no se hace cargo de la razón que tuvo en cuenta el tribunal de grado para disponer que no corresponde responsabilizar al demandado por la conducta adoptada en la especie.",
      "Por otro lado, si bien ha sido alegada la causal de arbitrariedad, no se evidencia una incorrecta valoración de las probanzas por parte de la Cámara, pudiendo constituir las alegaciones del recurrente una distinta interpretación de éstas, pero sin entidad suficiente para desvirtuar el encuadre y ponderación probatoria que derivó en el veredicto, impidiendo su descalificación como acto judicial.",
      "Recuerdo que la doctrina de la arbitrariedad es de carácter excepcional y no tiene por objeto corregir fallos meramente equivocados sino aquellos en los que las deficiencias lógicas del razonamiento o la total ausencia de fundamento normativo impiden considerar el decisorio como sentencia fundada en ley, a la que aluden los artículos 17 y 18 de la Constitución Nacional (CSJN, \"Davila, Luis Cesar c/ Arcángel, Maggio SA y otro s/ accidente - acción civil, sentencia del 16 de diciembre de 2021).",
      "Por eso, la arbitrariedad que se invoque como vicio sentencial, debe fundarse en la incompatibilidad lógica del razonamiento que sustenta el fallo con las constancias de la causa, pero no puede considerarse configurada por la discrepancia o una mera confrontación de opiniones que ponga de manifiesto el recurrente con la solución jurídica adoptada que -aunque opinable a juicio del quejoso- sea legalmente posible\" (cfr. \"Pedroza Hugo Daniel c/Municipalidad de Larroque y Otro s/Ordinario Daños y Perjuicios\", Expte. Nº 6540, sentencia del 20/9/2013; \"Trecco Ileana en representación de sus hijas menores c/Vairetti Enrique - Alimentos- s/Incidente Aumento Cuota Alimentaria\" - Expte. Nº 6836, sentencia del 20/10/2014; \"Ferrutti Juan Alberto c/ Maidana Brian Jonathan y otros s/ Ordinario\" Expte. Nº 7648, sentencia del 23/5/2018, \"Larrea Juan C. c/ Schumacher Carlos y otra s/ Ordinario Filiación\", Expte. Nº 7886, sentencia del 5/8/2019, entre otros).",
      "11.- Además de lo expuesto, y sin que ello implique contradicción alguna con la solución de inadmisibilidad que propicio para este \"SARLI GISELA N. C/ BANCO PATAGONIA S.A. S/ SUMARISIMO\" - Expte. Nº 8956 recurso, a mayor abundamiento remarco que tampoco aparece evidente que la actora encuadre dentro del concepto de consumidora hipervulnerable1.",
      "Categoría que se configura cuando más allá de la vulnerabilidad propia de la persona consumidora concurren otras condiciones intrínsecas (edad, discapacidad, condición de género), o bien circunstancias extrínsecas a ella (sociales, culturales, económicas), identificadas en grado importante con situaciones de desigualdad estructural, que la sitúan ante riesgos de afectación de sus derechos fundamentales o le generan un estado de indefensión en un caso concreto2 3.",
      "No se ha alegado ni demostrado ninguna circunstancia que permita tenerla por configurada.",
      "La actora no invocó ninguna imposibilidad familiar, económica, sanitaria o social que justifique los reiterados incumplimientos que apunta la sentencia de cámara. Por el contrario, en los períodos allí detallados previos al viaje que realizó al exterior, pivoteó entre incumplimientos y cumplimientos parciales de los pagos mínimos que debía efectuar e incluso lo hizo con el resumen de saldo inmediatamente anterior al viaje sin brindar 1(Categorización recogida por la resolución Nº 139/2020 de la entonces Secretaría de Comercio Interior, que fue recientemente sustituida por la de \"consumidor vulnerable y en situación de desventaja\" mediante la disposición 137/2024 de la Secretaría de Defensa del Consumidor y Lealtad Comercial, pero cuya naturaleza que encierra el instituto, en el análisis de supuestos como éste, no se ve alterada) 2Frustagli, Sandra A.; \"La hipervulnerabilidad del consumidor por factores socioeconómicos en la jurisprudencia\"; Rubinzal Online, cita: 744:2021 3En tal sentido, mi voto en \"Roballo, Roque Manuel c/ Nuevo Banco de Entre Ríos S.A. s/ ordinario\", Nº 8594, sentencia del 7/11/2022.",
      "ningún tipo de motivo que justifique tal incumplimiento contractual.",
      "En ese contexto de reiterada morosidad, carece de razonabilidad que se achaque al banco haber asumido una posición distinta a los comportamientos anteriores. La suspensión del uso de su tarjeta era algo que se podía prever frente a la reiterada omisión de pago en tiempo y forma de las sumas debidas por los consumos realizados, obligación principal ésta que pesa sobre la titular de la tarjeta de crédito.",
      "En suma, no observo que la estructura lógica y valorativa del fallo sea rebatida en los agravios expuestos en esta instancia, por lo que la apertura de esta vía es inadmisible.",
      "12.- Finalmente y en cuanto al agravio vinculado a la imposición de las costas, es dable recordar que es doctrina reiterada de esta Sala, la que comparto, que el recurso de inaplicabilidad de ley interpuesto contra la imposición de costas que efectúan los tribunales inferiores resulta en principio improcedente por involucrar el análisis de cuestiones de hecho ajenas a la casación. Pudiendo excepcionarse dicho principio en los casos de que se invoque y pruebe la calidad de parte vencida o vencedora o cuando las mismas hayan sido impuestas con inequidad.",
      "En la especie, la recurrente ha alegado la aplicación de las normas de la Ley de Defensa del Consumidor que establecen la gratuidad de los procesos, señalando que la norma no se encuentra condicionada por el resultado final del pleito, con lo que la interpretación efectuada por la Cámara \"SARLI GISELA N. C/ BANCO PATAGONIA S.A. S/ SUMARISIMO\" - Expte. Nº 8956 distinguiendo donde la ley no distingue conspira contra las garantías constitucionales, generando la imposición de las costas por su orden una inequidad en la distribución.",
      "Al respecto corresponde decir que el fallo de cámara no viola doctrina legal alguna fijada por esta Sala Civil y Comercial en los términos del art. 285 del CPCC. Por el contrario, la alzada subsumió correctamente el carácter perdidoso de la actora con la aplicación de la normativa protectoria (artículo 53 de la Ley de Defensa del Consumidor) y los lineamientos sentados por esta Sala del Superior Tribunal, lo que avala la imposición de costas por su orden tal como ha sido concretada.",
      "13.- Que, en virtud de las consideraciones precedentes, corresponde declarar la inadmisibilidad del recurso de inaplicabilidad de ley articulado por la parte actora, con costas en esta instancia en el orden causado (art. 53, LDC). ASÍ VOTO.",
      "A LA CUESTIÓN PROPUESTA EL SR. VOCAL DANIEL"
    ],
    "O. CARUBIA DIJO": [
      "Adhiero al voto emitido por la Sra. Vocal preopinante. ASÍ VOTO."
    ],
    "HONORARIOS PROFESIONALES": [
      "Considerando la actividad desarrollada para abrir la instancia extraordinaria, la complejidad de las cuestiones planteadas y la probable dedicación temporal en el desempeño profesional del servicio, corresponde fijar los honorarios profesionales en el 50 % de los honorarios que se establezcan por la labor en primera instancia (arts. 3, 64 y 94 de la ley 7046 modif. por ley 11.141).",
      "Por último, habiendo mayoría absoluta, EL SR. VOCAL EN EJERCICIO DE LA PRESIDENCIA DEL STJ, DR. LEONARDO PORTELA, se abstiene de votar y firmar la presente resolución con arreglo a lo dispuesto por el art. 33 de la LOPJ, texto según ley 10.704.",
      "Con lo que no siendo para más se da por finalizado el acto quedando acordada la siguiente sentencia:",
      "Paraná, de de 2024."
    ],
    "Y VISTO": [
      "Por los fundamentos del acuerdo que antecede se,"
    ],
    "RESUELVE": [
      "DECLARAR INADMISIBLE el recurso de inaplicabilidad de ley deducido en fecha 17/8/2023, respecto de la resolución de la Sala Civil y Comercial de la Cámara de Apelaciones de Concepción del Uruguay dictada en fecha 2/8/2023.",
      "IMPONER costas en el orden causado (art. 53 LDC).",
      "FIJAR los honorarios profesionales correspondientes a esta instancia extraordinaria, en el 50 % de los honorarios que se establezcan por la \"SARLI GISELA N. C/ BANCO PATAGONIA S.A. S/ SUMARISIMO\" - Expte. Nº 8956 labor en primera instancia instancia (arts. 3, 64 y 94 de la ley 7046 modif. por ley 11.141).",
      "Tener presente la reserva del caso federal.",
      "Notifíquese conforme arts. 1º y 4º Ac. Gral. 15/18 SNE, regístrese y oportunamente devuélvase.",
      "Ante mí. En igual fecha se registró. Asimismo, se deja constancia que la presente se suscribe mediante firma digital -Acuerdo Gral. 11/20 del 23-6-2020, Punto 4°) prescindiéndose de su impresión en formato papel."
    ]
  }
}