{
  "METADATOS": {
    "ID_FALLO": "9040",
    "MES": "08",
    "ARTICULOS_CITADOS": {
      "citations": [
        {
          "main_source": "Código Civil y Comercial (CCC)",
          "cited_articles": [
            2532,
            2560
          ],
          "extra": "arts. 2532 y 2560"
        },
        {
          "main_source": "Constitución Nacional (CN)",
          "cited_articles": [
            28,
            75
          ],
          "extra": "art. 75, inc. 30 y 121; art. 75, inc. 12, primera parte"
        },
        {
          "main_source": "Código Procesal Civil y Comercial (CPCC)",
          "cited_articles": [
            280
          ],
          "extra": "art. 280"
        },
        {
          "main_source": "Ley 7046",
          "cited_articles": [
            71,
            3,
            14,
            30,
            63,
            64,
            94
          ],
          "extra": "art. 71 de la ley 7046; arts. 3, 14, 30, 71, 63, 64 y 94 de la ley 7046 modif. por ley 11.141"
        },
        {
          "main_source": "Otro",
          "cited_articles": [
            77,
            80,
            2562,
            56
          ],
          "extra": "art. 77 del Código Fiscal de la Provincia; art. 80 del mismo cuerpo legal; ARTÍCULO 57 - Comenzará a correr el término de prescripción del poder fiscal para determinar el impuesto y facultades accesorias del mismo, así como la acción para exigir el pago, desde el 1º de enero siguiente al año en que se produzca el vencimiento de los plazos generales para la presentación de declaraciones juradas e ingreso del gravamen; art. 33 de la LOPJ, texto según ley 10.704"
        },
        {
          "main_source": "Código Procesal Civil y Comercial (CPCC)",
          "cited_articles": [
            65,
            66
          ],
          "extra": "arts. 65 y 66 del CPCC"
        },
        {
          "main_source": "Acuerdo General 11/20",
          "cited_articles": [],
          "extra": "Acuerdo Gral. 11/20 del 23-6-2020"
        },
        {
          "main_source": "Acuerdo General 15/18 SNE",
          "cited_articles": [],
          "extra": "conforme arts. 1º y 4º Ac. Gral. 15/18 SNE"
        }
      ]
    }
  },
  "MATERIA_PRELIMINAR": "MONITORIO APREMIO",
  "IDEA_CENTRAL": "**IDEA CENTRAL DEL FALLO**\n\nEn el caso \"Administradora Tributaria de Entre Ríos c/ El Nuevo Solar SRL s/ Monitorio Apremio\", el Tribunal resolvió declarar improcedente el recurso de inaplicabilidad de ley interpuesto por la parte ejecutada, confirmando la sentencia de la Cámara de Apelaciones que había rechazado la defensa de prescripción opuesta por la ejecutada respecto a la deuda tributaria por Ingresos Brutos.\n\n**Decisión Judicial Principal y Fundamento Legal:**\nEl Tribunal sostuvo que la prescripción de la acción tributaria no se inicia con cada anticipo, sino que corresponde a una única deuda anual. Se aplicó el artículo 80 del Código Fiscal de Entre Ríos, que establece que el término de prescripción comienza el 1° de enero del año siguiente al vencimiento del último anticipo, lo que justifica la continuidad de la acción tributaria.\n\n**Aspectos Legales Relevantes:**\n1. **Código Civil y Comercial de la Nación (CCC)**: Artículos 2532 y 2560, que permiten a las legislaciones locales regular los plazos de prescripción en materia tributaria.\n2. **Código Fiscal de Entre Ríos**: Artículos 77 y 80, que regulan el inicio del cómputo de la prescripción tributaria.\n3. **Constitución Nacional**: Artículo 28, que permite el control de razonabilidad de las normas tributarias locales.\n\n**Razonamiento del Tribunal:**\nEl Tribunal argumentó que la interpretación de la parte ejecutada sobre la naturaleza de los anticipos como obligaciones independientes no se sostiene, dado que se trata de cuotas de una única deuda anual. Además, se desestimó la aplicación de la doctrina del fallo \"Alpha Shipping\", argumentando que no es vinculante en este contexto. Se reafirmó la autonomía provincial en materia tributaria, permitiendo a la provincia establecer su propio régimen de prescripción.\n\n**Conclusión:**\nEl fallo reafirma la potestad de las provincias para regular la prescripción de las deudas tributarias, confirmando que el plazo de prescripción se inicia al finalizar el período fiscal correspondiente y no con cada anticipo, lo que garantiza la estabilidad del régimen tributario provincial.",
  "CONTENIDO": {
    "INICIO": [
      "\"ADMINISTRADORA TRIBUTARIA DE ENTRE RIOS C/ EL NUEVO SOLAR SRL S/ MONITORIO APREMIO\" - Expte. Nº 9040"
    ],
    "ACUERDO": [
      "En la ciudad de Paraná, capital de la provincia de Entre Ríos, a los siete días del mes de agosto del año dos mil veinticuatro reunidos los integrantes de este Tribunal asistidos por el Secretario autorizante, para conocer el recurso de inaplicabilidad de ley deducido en fecha 1/12/2023 en las actuaciones:",
      "\"ADMINISTRADORA TRIBUTARIA DE ENTRE RIOS C/ EL NUEVO SOLAR SRL S/ MONITORIO APREMIO\" - Expte. Nº 9040, respecto de la resolución de la Sala Primera de la Cámara Segunda de Apelaciones de Paraná dictada en fecha 15/11/2024 y su aclaratoria de fecha 28/11/2023. Se practicó el sorteo de ley resultando que la votación debía tener lugar en el siguiente orden: Sr.",
      "Vocal Carlos Federico Tepsich; Sra. Vocal Gisela N. Schumacher y Sr. Vocal Leonardo Portela.",
      "Estudiados los autos, la Sala se planteó la siguiente cuestión: ¿qué corresponde resolver respecto del recurso de inaplicabilidad de ley interpuesto?",
      "A LA CUESTIÓN PROPUESTA EL SR. VOCAL CARLOS"
    ],
    "FEDERICO TEPSICH DIJO": [
      "1. La sentencia dictada por la Sala I de la Cámara Segunda de Apelaciones de esta ciudad (15/09/2023) confirmó la sentencia de origen en cuanto rechazó la defensa de prescripción opuesta por la ejecutada -Nuevo Solar SRL- y manda estar a la sentencia monitoria de fecha 22/12/2022. En el presente juicio monitorio de apremio promovido por ATER se reclamó a la ejecutada deuda tributaria en concepto de Ingresos Brutos conforme las planillas acompañadas.",
      "Para así resolver, expuso las distintas posiciones jurisprudenciales del Máximo Tribunal en relación a la regulación local de los plazos de prescripción en materia tributaria anteriores a agosto de 2015, para luego recordar que el Código Civil y Comercial de la Nación, -en adelante CCC- estableció en su art. 2532 que la legislación civil es aplicable en ausencia de disposiciones tributarias específicas sobre prescripción, dado que las legislaciones locales podrán regular esta última en cuanto al plazo de tributos.",
      "En ese contexto normativo, concluyó que la doctrina sentada en los fallos de la CSJN anteriores a la entrada en vigencia del Código unificado no pueden seguir sosteniéndose porque el legislador nacional avaló la tesis publicista al consagrar las facultades del legislador local para establecer los plazos de prescripción en materia tributaria en los arts. 2532 y 2560 CCC, lo que por lógica -juzgó- ha de extenderse al cómputo de los mismos y las causales de interrupción y suspensión puesto que si puede lo más también puede lo menos, sin perjuicio del control de razonabilidad que pudiera efectuarse de la norma tributaria local relativa a la prescripción por imperio del art. 28 de la Constitución Nacional.",
      "Indicó que el plazo prescriptivo local coincide con el normado en el CCC, difiriendo la forma para su cómputo atendiendo a la especial \"ADMINISTRADORA TRIBUTARIA DE ENTRE RIOS C/ EL NUEVO SOLAR SRL S/ MONITORIO APREMIO\" - Expte. Nº 9040 consideración de la legislación provincial de permitir al contribuyente que un impuesto que se liquida y determina anualmente pueda ser abonado periódicamente mediante anticipos e importes ya previstos, aclarando que la acción para el Estado no nace periódicamente con el anticipo sino luego de su agotamiento anual conforme lo prevé el art. 77 del Código Fiscal de la Provincia. Explicó que en esta última disposición local se establece una postergación de la fecha inicial del plazo prescriptivo, solo hasta el primer día del año siguiente a la fecha de vencimiento del impuesto, por lo que el aplazamiento no resulta absurdo imprudente ni degenera en una indeseada imprescriptibilidad y se justifica en la anualidad de los tributos. Asimismo, aclaró que si bien la Corte Nacional se pronunció sobre el tema con posterioridad a la entrada en vigencia del CCC en los autos \"Volkswagen\" (Fallos 342:1903) \"First Data Cono Sur SRL” (Fallos 346:217) y en igual sentido que el precedente “Filcrosa”, en esos casos el reclamo tributario se refería a deuda generada con anterioridad al año 2015.",
      "Finalmente, por igual circunstancia, determinó la inaplicabilidad al caso de la doctrina fijada por la Corte Federal en “Alpha Shipping” sentencia del 07/03/2023.",
      "2. Disconforme con el fallo, la parte ejecutada interpuso recurso de inaplicabilidad de ley.",
      "Denuncia arbitrariedad, errónea aplicación del art. 173 del Código Fiscal de Entre Ríos y violación del CCC y del Código Penal en la aplicación de un criterio de prescripción de tributos y multas que no se compadece con sus disposiciones.",
      "Reiterando su postura en juicio, y en relación al capital reclamado e intereses, sostiene que el plazo de prescripción establecido en el art. 77 del CF corre desde el vencimiento de los anticipos respectivos, puesto que cada uno de ellos son obligaciones independientes y no existe posibilidad de pagar el impuesto anualmente. Indica que la declaración jurada anual es solo informativa y no tiene saldo de impuesto alguno.",
      "Sostiene, de acuerdo a su posición y en base a la doctrina y fallos del Máximo Tribunal que la materia relativa a la prescripción, aun referida a las obligaciones que pueden tener causa fuente en atribuciones de orden local -como los tributos- no pueden apartarse de las disposiciones del Código de Fondo y en el caso si bien conforme los arts. 2532 y 2560 del CCC se estableció un plazo de cinco años, la potestad local, de acuerdo a la interpretación restrictiva de las disposiciones que conforme cita autoral propone, no se extiende al modo de computar dicho plazo ni a las causales de suspensión o interrupción.",
      "En relación a las multas por omisión de pago en término, insiste en la necesidad que se observe la doctrina del citado fallo \"Alpha Shipping\", expresa que dada su naturaleza penal, la prescripción se rige por Código Penal y el debe \"ADMINISTRADORA TRIBUTARIA DE ENTRE RIOS C/ EL NUEVO SOLAR SRL S/ MONITORIO APREMIO\" - Expte. Nº 9040 decretarse de oficio. En este sentido, postula que las autonomías provinciales no pueden ser entendidas sin correlacionarse con las facultades delegadas en la Constitución nacional y que por ello es que debe aplicarse lo dispuesto por el art.",
      "65 del Código Penal a las sanciones administrativas, siempre que la solución no esté prevista en el ordenamiento jurídico específico y en tanto resulten compatibles con el régimen jurídico estructurado por las normas especiales de que se trate.",
      "Mantiene reserva del caso Federal y peticiona.",
      "3. A su turno, la parte ejecutante contesta el traslado oportunamente dispuesto, propiciando el rechazo del recurso interpuesto al considerar que la sentencia realizó una correcta aplicación del derecho y la doctrina legal a la cuestión debatida.",
      "4. Puesto a decidir la cuestión propuesta a juzgamiento, a criterio del dicente, el recurso no tendrá favorable recepción en esta instancia.",
      "Paso a exponer mis razones.",
      "5. Es cierto que el art. 173 del Código Fiscal marca que el contribuyente anualmente deberá presentar una declaración jurada informativa correspondiente al período anual, empero luego agrega que “La cancelación del impuesto se efectuará mediante anticipos, que deberán ser cumplimentados a través de la presentación de Declaraciones Juradas en los plazos y formas que establezca la Administradora...”; además, el art. 80 del mismo cuerpo legal establece que “El curso de los términos de prescripción comenzará el 1° de enero del año siguiente a aquel en que se produjo el hecho imponible, se cometió la infracción, debió efectuarse o se efectuó el pago, según el tipo de acción que se prescriba. Cuando el impuesto se abone mediante anticipo, el curso de los términos de prescripción comenzará el 1º de enero del año siguiente al de vencimiento para el pago del último anticipo”.",
      "Se trata de una disposición que integra una constante en los distintos ordenamientos tributarios del país. Así, por ejemplo, la Ley 11.683 que reglamenta el procedimiento tributario nacional, -que el Congreso no dictó en ejercicio de la denominada cláusula de los Códigos del inciso 12 del art. 75, sino la del inciso 30 de la Constitución Nacional-, contiene una disposición sustancialmente idéntica al transliterado art. 80 del Código Fiscal local -“ARTÍCULO 57 - Comenzará a correr el término de prescripción del poder fiscal para determinar el impuesto y facultades accesorias del mismo, así como la acción para exigir el pago, desde el 1º de enero siguiente al año en que se produzca el vencimiento de los plazos generales para la presentación de declaraciones juradas e ingreso del gravamen”-.",
      "Además, cabe descartar por incorrecta la pretensión de aplicar el plazo quinquenal del art. 77 del Código Fiscal desde el vencimiento de cada uno de esos anticipos, dado que no son obligaciones independientes o de prestaciones \"ADMINISTRADORA TRIBUTARIA DE ENTRE RIOS C/ EL NUEVO SOLAR SRL S/ MONITORIO APREMIO\" - Expte. Nº 9040 periódicas sino que se trata de cuotas o fracción de una única deuda: la correspondiente al período anual determinado. Es por ello, que aunque nos ubiquemos en la posición del actor de regir la prescripción de la acción emergente de una relación tributaria conforme las normas del derecho privado común, igualmente no sería el plazo de dos años que postula por expresa exclusión que hace el art. 2562 en la última parte del inciso c).",
      "6. Igual suerte entiendo que deben correr los agravios que se expresan en torno a la defensa de prescripción opuesta con relación a las multas que se ejecutan en este proceso, en tanto la mera circunstancia que el pronunciamiento impugnado no se ajuste a la doctrina que se extrae del antecedente de la Corte Suprema de la Nación \"Alpha Shipping\" no configura la causal que exige el art. 280 del CPCC.",
      "6. a. La Constitución Nacional Argentina no dispone expresamente la obligatoriedad de la doctrina emanada de la Corte Suprema, sin embargo, se ha generado jurisprudencia -tanto de tribunales inferiores como de la propia Corte Suprema- postulando su obligatoriedad, ya sea considerando un deber de acatamiento liso y llano de la jurisprudencia de la Corte o un deber de sometimiento condicionado, que le permitiría a los jueces inferiores no seguir la jurisprudencia del Máximo Tribunal cuando circunstancias debidamente fundadas lo justifiquen (Fallos 307:1094; 311:1644; 312:2007; 316:221; 320:1660, entre otros).",
      "A su vez, como la Constitución Nacional no declara obligatorias las resoluciones de la Corte Suprema para las demás instancias ni resulta aplicable el sistema stare decisis -estar a lo ya decidido-, entiendo que un pronunciamiento del Alto Tribunal Federal asume un \"valor moral, retórico o de ejemplaridad\" cuando de él surge una doctrina clara y precisa que, por resultar unánime o emergente de una mayoría consolidada, es razonable extraer un deber de seguimiento que justifique limitar la libertad e independencia de los jueces en la decisión de los casos sometidos a su consideración.",
      "6 b. Bajo estas coordenadas el antecedente “Alpha Shipping” entiendo que no resulta vinculante en tanto deriva de un tribunal que no está totalmente integrado y existe una disidencia por lo que no es posible extraer un deber de seguimiento para los tribunales superiores. Además, cabe exponer nuevas razones que justifican un apartamiento.",
      "7. Como lo hace notar el ministro Rosatti en su voto en disidencia, luego de exponer los lineamientos de nuestro sistema federal de gobierno y la delegación de competencias de las Provincias a la Nación, destacó que entre las atribuciones de aquellas que hacen a la autonomía de las jurisdicciones está la de imponer contribuciones y percibirlas sin intervención de autoridad extraña.",
      "En base a ello, concluyó su razonamiento agregando que: “...las \"ADMINISTRADORA TRIBUTARIA DE ENTRE RIOS C/ EL NUEVO SOLAR SRL S/ MONITORIO APREMIO\" - Expte. Nº 9040 jurisdicciones locales también conservan su poder de policía ( arg. arts 5º, 75 inc.",
      "30 y 121 Constitución Nacional). Por ello la delegación de las provincias a la Nación para dictar el Código Penal que surge del art. 75 inc. 12 no les impide retener una potestad punitiva propia justificada en el ejercicio de ese poder; esto es, la prerrogativa exclusiva de establecer contravenciones e infracciones, fijar las correlativas sanciones y aplicarlas en asuntos de interés local….resulta incuestionable su competencia para estatuir un régimen sancionatorio no penal…y dentro de ese régimen infraccional son aquellas, naturalmente, las encargadas de definir concreta y puntualmente las conductas punibles, las sanciones y sus modos de extinción\" (consid. 10, párrafos segundo y tercero).",
      "En este sentido, cabe insistir que las sanciones y multas establecidas en materia tributaria participan de esa misma naturaleza, y siendo eso allí asumir un temperamento diferente nos ubica en un escenario contrario a lo que consagra nuestra Constitución en su art. 8 al reivindicar “…la potestad provincial en materia tributaria vedando la delegación de atribuciones locales a la Nación”.",
      "8. En cuanto a los argumentos que también cabe considerar y que no han sido ponderados en el pronunciamiento de la Corte, retomo aquí la línea argumental expuesta en el pto. 5 de este voto.",
      "Dentro de la clasificación usual de las leyes que dicta el Congreso de la Nación, la ley 11.683 es una ley nacional local, es decir no es derecho común (art. 75, inc. 12, primera parte, Const. Nac.), y en su Capítulo VIII del Título I consagra una exhaustiva regulación respecto de la prescripción en el ámbito tributario nacional que, en lo que aquí interesa, en su art. 56 prevé plazos de prescripción diferentes a los establecidos en la legislación común, lo que confirma que el sistema responde a la tesis autonómica del Derecho Tributario y que como tal fue conservado por las provincias (art. 121, Const. Nac.). De allí, que la potestad normativa de los estados provinciales de dictar su propio régimen tributario abarque todo lo referente al hecho imponible, los sujetos obligados, el cálculo del monto del tributo, la prescripción de los impuestos y de las multas aplicables por infracciones a disposiciones fiscales.",
      "9. Por otro lado, de aceptarse el temperamento propuesto por la recurrente se debería por razones de coherencia del sistema normativo aplicar los plazos de prescripción establecidos en el Código Penal a todas las sanciones no penales previstas en el resto del ordenamiento legal; lo que nos ubicaría en un escenario no deseable tal como se evidencia su traslado en concreto a institutos análogos sancionatorios que están regidos por otros ordenamientos de fondo -las obligaciones con cláusula penal (arts. 790 y ss., CCC) y los intereses punitorios (art. 769, CCC); a las sanciones administrativas aplicadas a los proveedores (que tienen plazos propios, arts. 49 y 50) o los denominados “daños punitivos” (art. 52 bis), en el marco de la Ley 24.240 de Defensa del Consumidor-.",
      "\"ADMINISTRADORA TRIBUTARIA DE ENTRE RIOS C/ EL NUEVO SOLAR SRL S/ MONITORIO APREMIO\" - Expte. Nº 9040 10. Por lo expuesto, propongo al acuerdo se declare improcedente el recurso interpuesto, con costas (arts. 65 y 66, CPCC). ASÍ VOTO.",
      "A LA CUESTIÓN PROPUESTA LA SRA. VOCAL GISELA"
    ],
    "N. SCHUMACHER DIJO": [
      "1.- Resumidos los antecedentes del caso por el colega del primer voto, por razones de brevedad exponencial, ingreso directamente al tratamiento de las cuestiones discutidas.",
      "2.- En tal cometido, adhiero a la solución propiciada por el doctor Tepsich por cuanto coincido en lo sustancial con los argumentos en que fundó la propuesta desestimatoria del recurso de inaplicabilidad incoado.",
      "Ello en tanto la esencia de lo explicitado en el anterior sufragio, con relación al objeto de la controversia suscitado en la oportunidad, coincide con la postura por mí asumida en ocasión de expedirme en la causa \"Municipalidad de Paraná c/ Genneia S.A. s/ monitorio apremio\", expte. Nº 8667, sentencia del 29/12/2022.",
      "3.- Conforme el resultado arribado, comparto la imposición de costas a la vencida. ASÍ VOTO."
    ],
    "HONORARIOS PROFESIONALES": [
      "Considerando la base económica del juicio (monto condenado más intereses) y el valor jurista al día de la fecha ($51.823,67), el valor a considerar a los fines regulatorios asciende al 80% de 596,74 juristas en razón de lo dispuesto por el art. 71 de la ley 7046, esto es, 477,39 juristas.",
      "Que por aplicación de la escala general del art. 30 de la ley arancelaria, el máximo del grado inmediato anterior al monto a computar son 96 juristas (24% de 400 juristas). Por lo tanto, 96 juristas sumado a 11,60 juristas (15% de 77,39 juristas) arrojan como resultado 107,60 juristas, que es el monto que correspondería regular a la parte vencedora en primera instancia.",
      "De esta manera, por la labor en esta instancia extraordinaria amerita regular el 50% de 53,8 juristas a la letrada de la parte vencedora y el 70% de esa suma a los letrados de la parte vencida, teniendo en cuenta la intervención plural de los profesionales actuantes.",
      "Por ello, corresponde regular los honorarios profesionales a la Dra.",
      "Mara E. Quinodoz en la suma de pesos dos millones setecientos ochenta y ocho mil ciento trece con cuarenta y cuatro centavos ($ 2.788.113,44), equivalentes a 53,8 juristas; y a los Dres. Gustavo R. Galeano y Sebastián Budasoff en la suma de pesos novecientos setenta y cinco mil ochocientos treinta y nueve con setenta centavos ($ 975.839,70), equivalentes a 18,83 juristas, para cada uno -arts. 3, 14, 30, 71, 63, 64 y 94 de la ley 7046 modif. por ley 11.141).",
      "Por último, habiendo mayoría absoluta, EL SR. VOCAL EN EJERCICIO DE LA PRESIDENCIA DEL STJ, DR. LEONARDO \"ADMINISTRADORA TRIBUTARIA DE ENTRE RIOS C/ EL NUEVO SOLAR SRL S/ MONITORIO APREMIO\" - Expte. Nº 9040 PORTELA, se abstiene de votar y firmar la presente resolución con arreglo a lo dispuesto por el art. 33 de la LOPJ, texto según ley 10.704.",
      "Con lo que no siendo para más se da por finalizado el acto quedando acordada la siguiente sentencia:",
      "Paraná, 7 de agosto de 2024."
    ],
    "Y VISTO": [
      "Por los fundamentos del acuerdo que antecede se,"
    ],
    "RESUELVE": [
      "DECLARAR IMPROCEDENTE el recurso de inaplicabilidad de ley deducido en fecha 1/12/2023, respecto de la resolución de la Sala Primera de la Cámara Segunda de Apelaciones de Paraná dictada en fecha 15/11/2024 y su aclaratoria de fecha 28/11/2023.",
      "IMPONER costas a la vencida (arts. 65 y 66 del CPCC).",
      "REGULAR los honorarios profesionales a la Dra. Mara E.",
      "Quinodoz en la suma de pesos dos millones setecientos ochenta y ocho mil ciento trece con cuarenta y cuatro centavos ($ 2.788.113,44), equivalentes a 53,8 juristas;",
      "y a los Dres. Gustavo R. Galeano y Sebastián Budasoff en la suma de pesos novecientos setenta y cinco mil ochocientos treinta y nueve con setenta centavos ($ 975.839,70), equivalentes a 18,83 juristas, para cada uno -arts. 3, 14, 30, 71, 63, 64 y 94 de la ley 7046 modif. por ley 11.141).",
      "Tener presente la reserva del caso federal.",
      "Notifíquese conforme arts. 1º y 4º Ac. Gral. 15/18 SNE, regístrese y oportunamente devuélvase.",
      "Ante mí. En igual fecha se registró. Asimismo, se deja constancia que la presente se suscribe mediante firma digital -Acuerdo Gral. 11/20 del 23-6-2020, Punto 4°) prescindiéndose de su impresión en formato papel."
    ]
  }
}