{
  "METADATOS": {
    "ID_FALLO": "9046",
    "MES": "08",
    "ARTICULOS_CITADOS": {
      "citations": [
        {
          "main_source": "Código Civil y Comercial (CCC)",
          "cited_articles": [
            579,
            587,
            587,
            1737,
            1739,
            1749
          ],
          "extra": "art. 587 del CCC, arts. 587, 1737/1739 y 1749 CCC"
        },
        {
          "main_source": "Código Procesal Civil y Comercial (CPCC)",
          "cited_articles": [
            462,
            280,
            65,
            65
          ],
          "extra": "art. 462 CPCC, art. 280 del CPCC, art. 65 del CPCC"
        },
        {
          "main_source": "Ley 7046",
          "cited_articles": [
            3,
            64,
            94
          ],
          "extra": "arts. 3, 64 y 94 de la ley 7046 modif. por ley 11.141, arts. 3, 64 y 94 de la ley 7046 modif. por ley 11.141"
        },
        {
          "main_source": "Ley 10.704",
          "cited_articles": [
            33
          ],
          "extra": "art. 33 de la LOPJ, texto según ley 10.704"
        },
        {
          "main_source": "Acuerdo General 15/18 SNE",
          "cited_articles": [
            1,
            4
          ],
          "extra": "conforme arts. 1º y 4º Ac. Gral. 15/18 SNE"
        }
      ]
    }
  },
  "MATERIA_PRELIMINAR": "ORDINARIO FILIACION E INDEMNIZACION DE DAÑOS",
  "IDEA_CENTRAL": "**IDEA CENTRAL DEL FALLO**\n\nEl Tribunal confirma la sentencia de primera instancia que declaró la filiación de Guillermo Ignacio Galeano como hijo de Daniel Roberto Kolln y condenó a los sucesores de este a indemnizarlo por daños y perjuicios, basándose en la contundente prueba biológica que establece el vínculo paterno.\n\n**Decisión Judicial Principal y Fundamento Legal**\n\nEl Tribunal desestima el recurso de inaplicabilidad de ley interpuesto por la parte demandada, ratificando la validez de la prueba genética como medio probatorio preponderante en los juicios de filiación, conforme al artículo 579 del Código Civil y Comercial (CCC). Se considera que la prueba de ADN demuestra con un 99,999% de probabilidad la relación de parentesco, lo que es suficiente para establecer la filiación.\n\n**Aspectos Legales Relevantes**\n\n1. **Prueba Biológica**: Art. 579 CCC, que admite y otorga preponderancia a la prueba genética en juicios de filiación.\n2. **Indemnización por Daños**: Art. 587 CCC, que establece el derecho a reparar los daños causados por la falta de reconocimiento de la filiación.\n3. **Responsabilidad Civil**: Artículos 1737/1739 y 1749 CCC, que regulan la responsabilidad subjetiva en casos de incumplimiento de deberes parentales.\n\n**Razonamiento del Tribunal**\n\nEl Tribunal argumenta que la prueba genética es la más precisa para determinar la filiación biológica y que la parte demandada no logró desvirtuar su eficacia. Se destaca que el incumplimiento del deber de reconocimiento por parte del progenitor fallecido genera responsabilidad por los daños ocasionados al hijo no reconocido. Además, se refuerza que la valoración de la prueba es competencia del juez, quien actuó conforme a las reglas de la sana crítica.\n\nEn conclusión, el fallo reafirma la importancia de la prueba genética en la determinación de la filiación y la obligación de indemnizar por los daños derivados de la falta de reconocimiento parental.",
  "CONTENIDO": {
    "INICIO": [
      "\"GALEANO, Guillermo Ignacio C/ KOLLN, Daniel Roberto, sus sucesores y/o herederos S/ ORDINARIO FILIACION E INDEMNIZACION DE DAÑOS\" - Expte. Nº 9046"
    ],
    "ACUERDO": [
      "En la ciudad de Paraná, capital de la provincia de Entre Ríos, al primer día del mes de agosto del año dos mil veinticuatro reunidos los integrantes de este Tribunal asistidos por el Secretario autorizante, para conocer el recurso de inaplicabilidad de ley deducido en fecha 13/12/2023 en las actuaciones:",
      "\"GALEANO, Guillermo Ignacio C/ KOLLN, Daniel Roberto, sus sucesores y/o herederos S/ ORDINARIO FILIACION E INDEMNIZACION DE DAÑOS\" - Expte. Nº 9046, respecto de la resolución de la Sala Primera Civil y Comercial de la Cámara de Apelaciones de Concordia dictada en fecha 27/11/2023. Se practicó el sorteo de ley resultando que la votación debía tener lugar en el siguiente orden: Sra.",
      "Vocal Gisela N. Schumacher; Sr. Vocal Carlos Federico Tepsich y Sr. Vocal Leonardo Portela.",
      "Estudiados los autos, la Sala se planteó la siguiente cuestión: ¿qué corresponde resolver respecto del recurso de inaplicabilidad de ley interpuesto?",
      "A LA CUESTIÓN PROPUESTA LA SRA. VOCAL DRA.",
      "GISELA N. SCHUMACHER Y EL SR. VOCAL DR. CARLOS FEDERICO"
    ],
    "TEPSICH DIJERON": [
      "1.- La parte demandada interpuso recurso de inaplicabilidad de ley (13/12/2023) en contra de la resolución dictada por la Sala I en lo Civil y Comercial de la Cámara de Apelaciones de Concordia (27/11/2023). El tribunal resolvió rechazar el recurso de apelación interpuesto por aquella y, en consecuencia, confirmó la sentencia de primera instancia (4/5/2023) que: a) admitió la demanda de filiación instada por Guillermo Ignacio Galeano y declaró que es hijo de Daniel Roberto Kolln;",
      "b) ordenó la rectificación del acta de nacimiento; c) hizo lugar a la demanda de daños y perjuicios y condenó a los accionados a abonar a la actora la suma de $ 1.200.000, con más intereses; d) impuso costas a los demandados y e) difirió la regulación de los honorarios profesionales.",
      "2.- a) La presente demanda fue promovida por Guillermo Ignacio Galeano contra los sucesores y/o herederos de Daniel Roberto Kolln, sus hijos e hijas:",
      "Javier David Kolln, Verónica Lourdes Kolln, Daniel Alberto Kolln, Miguel Federico Kolln y Gabriela Edith Kolln. Luego amplió la demanda contra quienes sucedieron a Miguel Federico Kolln: Federico, Sebastián y Mikaela Kolln.",
      "A través del escrito promocional instó una acción de reclamación de filiación paterna extramatrimonial y adicionó la pretensión indemnizatoria por daños y perjuicios.",
      "Describió que nació el 28 de octubre de 1977 en la ciudad de Concordia y que es hijo de su madre, Ana María Cristina Galeano y que su padre biológico es Daniel Roberto Kolln. Relató que su madre trabajaba como empleada doméstica en el domicilio de la familia Kolln y que durante los años 1976 y 1977 \"GALEANO, Guillermo Ignacio C/ KOLLN, Daniel Roberto, sus sucesores y/o herederos S/ ORDINARIO FILIACION E INDEMNIZACION DE DAÑOS\" - Expte. Nº 9046 mantuvo un vínculo con el fallecido Daniel Roberto Kolln y quedó embarazada. Que su progenitor se desentendió de todas sus obligaciones y que nunca fue reconocido como su hijo.",
      "Desarrolló los presupuestos que hacen a la procedencia del reclamo resarcitorio y peticionó.",
      "b) La sentencia de primera instancia hizo lugar a la acción: i) admitió la demanda de filiación y declaró que Guillermo Ignacio Galeano es hijo de Daniel Roberto Kolln; y ii) condenó a los codemandados a abonar al demandante la suma total de $ 1.200.000 en concepto de capital, con más intereses.",
      "c) Dicha decisión fue apelada por la parte demandada.",
      "Como ya relatamos, la cámara de apelaciones desestimó el recurso de apelación y confirmó el fallo dictado en la instancia de origen.",
      "3.- El tribunal, luego de relacionar los antecedentes de la causa, delimitó los agravios invocados en contra del fallo y su réplica.",
      "Antes de ingresar al análisis sustancial del asunto, aclaró que solo analizaría los argumentos que merecían ser calificados como agravios -en los términos que indica el código de procedimientos- y resulten conducentes para la definición del caso.",
      "a) Indicó que, de modo principal, las cuestiones planteadas en los dos primeros agravios conducían a considerar el valor y eficacia probatoria de la prueba biológica practicada en el expediente.",
      "Adelantó que el art. 579 del CCC admite las pruebas biológicas en los juicios de filiación y, entendió, que el legislador le dio preponderancia a esta prueba en estos procesos, debido a la alta precisión que arrojan los estudios de ADN para la determinación del vínculo biológico.",
      "Indicó que la pericia fue realizada por el Servicio de Genética Forense del Superior Tribunal de Justicia local. Que en la ocasión se describieron las normas técnicas aplicadas y que, del estudio genético llevado a cabo, se puede inferir que la relación de probabilidades entre las dos hipótesis es que es 192.616 veces más probable que los perfiles genéticos encontrados se expliquen bajo la hipótesis que supone una relación de media hermandad paterna entre Guillermo Ignacio Galeano y Verónica Lourdes, Daniel Alberto y Javier David Kolln, a que no lo sea. Que la relación de probabilidades entre ambas hipótesis alcanza un 99,99948084%.",
      "Con cita de doctrina de autor, puso en jaque el agravio de la parte demandada vinculado a la prescindencia de otra prueba y lA preeminencia de la pericial. En este punto, aseveró que efectivamente los juicios de filiación se han transformado en procesos eminentemente periciales.",
      "Admitió que la prueba genética es las más contundente en los procesos en los que se indaga la filiación biológica de una persona.",
      "\"GALEANO, Guillermo Ignacio C/ KOLLN, Daniel Roberto, sus sucesores y/o herederos S/ ORDINARIO FILIACION E INDEMNIZACION DE DAÑOS\" - Expte. Nº 9046 Valoró que de la lectura del dictamen pericial se extrae que se estudiaron dos sistemas de perfiles genéticos: 1) el sistema autosómico (del cuerpo) y 2) el sistema de halpotipo del cromosoma Y (sexual). Aclaró que, a través del primero, se definió que hay 192.616 veces más probabilidades que Galeano sea medio hermano de los demandados a que no lo sea (99,99948084%). Que el segundo estudio complementa tal aseveración, ya que corrobora que el actor es descendiente de Kolln porque comparten el linaje paterno, al estar ligado al cromosoma \"y\".",
      "Puso en valor que los apelantes tomaron partes de la pericia y la interpretaron de manera subjetiva y equivocada. Resaltó que cuando el experto contestó el pedido de explicaciones concluyó que \"el porcentaje de probabilidad de parentesco final sigue siendo de más del 99%\".",
      "Agregó que en el caso ya no se cuenta con el progenitor, la progenitora y el hijo para realizar la pericia y obtener datos basados en la fórmula Houston.",
      "Dijo adscribir a la doctrina según la cual, si bien las normas procesales no conceden a la pericia el carácter de prueba legal, cuando el informe comporta la apreciación específica en el campo del saber de las personas expertas (conocimiento ajeno a la judicatura) para desvirtuarlo es imprescindible contar con elementos de juicio que permitan concluir en forma fehaciente en el error de un inadecuado uso de los conocimientos técnicos o científicos.",
      "Que la discrepancia subjetiva con las conclusiones periciales, sin basar su disidencia en principios científicos o técnicos -como ocurre en el caso- no puede ser admitida.",
      "Expuso que analizó la prueba pericial de acuerdo a las reglas de la sana crítica y, en función de su especialidad, los principios técnicos y científicos que la fundamentan, el prestigio del servicio de genética del Superior Tribunal de Justicia, descartó cualquier irregularidad y confirmó la sentencia de grado, en cuanto le asignó plena eficacia probatoria a las conclusiones allí alcanzadas (art. 462 CPCC).",
      "b) Luego ingresó a ponderar los agravios relativos a la procedencia de la indemnización por daño moral.",
      "Señaló que el art. 587 del CCC consagra el derecho a reparar los daños y perjuicios causados al hijo por la falta de reconocimiento y su remisión a los requisitos generales de la responsabilidad civil.",
      "Entendió que, acreditado el emplazamiento del acto en el estado de hijo, mediante la prueba biológica, el incumplimiento del deber jurídico de otorgar la filiación hace responsable al progenitor no reconociente de los daños ocasionados a quien debió ser situado en el estado de familia, cuya existencia se presumen (arts.",
      "587, 1737/1739 y 1749 CCC), salvo que se acredite la presencia de alguna causal objetiva que excluya el daño.",
      "\"GALEANO, Guillermo Ignacio C/ KOLLN, Daniel Roberto, sus sucesores y/o herederos S/ ORDINARIO FILIACION E INDEMNIZACION DE DAÑOS\" - Expte. Nº 9046 Manifestó que estamos frente a una responsabilidad subjetiva que se funda en la culpa de quien sabiendo o debiendo saber que es padre, tiene el deber jurídico de reconocer al hijo; su transgresión configura, en principio, un hecho ilícito en tanto cause un daño.",
      "Señaló que el fallo no se basa exclusivamente en el testimonio de la Sra. Galeano, sino también en el de una vecina del progenitor, Sra. Nélida Lucía Ramírez. Ella declaró que la madre del actor trabajaba como empleada doméstica del Sr. Kolln y que quedó embarazada en esa etapa de su vida. Que habiendo quedado acreditado el vínculo biológico, cabe inferir que la madre del actor y el extinto Sr.",
      "Kolln mantuvieron relaciones sexuales, por lo que la paternidad no pudo serle ajena.",
      "Agregó que no se invocaron circunstancias exculpantes ni se ofrecieron pruebas tendientes a la acreditación del desconocimiento de la paternidad antes del reclamo judicial.",
      "c) Finalmente y en relación a las costas, aclaró que conforme se resolvió el caso, se aplicó el principio objetivo de la derrota e indicó que la eventual omisión de regular honorarios no constituye técnicamente un agravio.",
      "4.- En contra de dicho pronunciamiento la parte demandada interpone recurso de inaplicabilidad de ley (13/12/2023).",
      "a) Luego de relacionar los antecedentes de la causa y enunciar el cumplimiento de los recaudos de admisiblidad, exponen los fundamentos de su recurso.",
      "b) Denuncian que el fallo viola y aplica erróneamente el art. 579 del CCC, es arbitrario y realiza una errónea y/o absurda valoración de la prueba.",
      "En relación al primer argumento, postulan que el art. 579 del CCC no da preponderancia a la prueba genética y critican que el tribunal haya resuelto el caso como si aquella fuera una prueba excluyente de la filiación.",
      "Dicen no desconocer la importancia que tiene la prueba genética, pero que los avances tecnológicos no pueden ser ajenos al ordenamiento jurídico en el que se desarrolla la administración judicial.",
      "Invocan que se violaron las garantías constitucionales de defensa en juicio, porque el proceso judicial devino en un trámite pericial. Advierten que la pericia indica probabilidades, no certezas; que no define el parentesco y que debió ser acompañada por un plexo probatorio razonable.",
      "Plantean que la pericia parte de un supuesto de 50% de probabilidades; que no se analizaron las similitudes genéticas poblacionales.",
      "c) Luego plantean absurdidad y arbitrariedad. Expresan que la arbitrariedad es en función de la valoración de todas las pruebas.",
      "Reiteran que, así como en primera instancia, solo se han tomado dos datos de la pericia, correspondiente a la primera presentación pero que omitieron \"GALEANO, Guillermo Ignacio C/ KOLLN, Daniel Roberto, sus sucesores y/o herederos S/ ORDINARIO FILIACION E INDEMNIZACION DE DAÑOS\" - Expte. Nº 9046 considerar los cuestionamientos que le formularon en la expresión de agravios.",
      "Dicen que es arbitraria porque no consideraron que el experto señala probabilidades, que debieron ser evaluadas por la judicatura en el contexto del expediente.",
      "Cuestionan que se haya descalificado la interpretación que su parte hiciera de la pericia, al decir que fue subjetiva y equivocada. Reiteran que del informe surge que existe 192.616 veces de probabilidades que exista una relación de media hermandad y que -entiende- no es un pocentaje alto; ya que en caso de un trío convencional el porcentaje alcanza 8.436.358.345. Que la diferencia es escandalosa e ilustrativa.",
      "Expresan que sus planteos no están fundados en la incompetencia técnica ni en la equivocación del perito, sino en los datos que proporcionó y en el valor que debe asignarse a esos resultados.",
      "d) También denuncian absurdidad y arbitrariedad en la imposición de una indemnización por daño moral.",
      "Sostienen que es arbitraria la conclusión sentencial que tuvo por acreditado el factor de atribución subjetivo, en tanto el ya fallecido Sr. Kolln pudo representarse la posibilidad de haber engendrado a un hijo.",
      "Critican la valoración que se hiciera de las pruebas testimoniales;",
      "sostienen que fueron interesadas, inconsistentes y, como tales demuestran su falta de idoneidad.",
      "e) Finalmente hacen reserva del caso federal y peticionan.",
      "5.- Se dispuso correr traslado del recurso articulado, el que fue replicado por la contraria (19/4/2023).",
      "Tras considerar cumplidos los requisitos formales de admisibilidad de la vía, el tribunal de la anterior instancia, lo concede (1/2/2024).",
      "6.- Reseñados los antecedentes del presente juicio, sin perjuicio de lo resuelto por la Cámara, adelantamos que el recurso no reúne los requisitos exigidos por el tercer párrafo del art. 280 del CPCC, lo cual obsta a su declaración de admisibilidad.",
      "a) El análisis preliminar de admisibilidad, previsto expresamente en nuestro ordenamiento procesal, indica que cuando el medio impugnaticio se interpone ante el mismo organismo jurisdiccional que dictó la resolución recurrida, sea llevado a cabo en dos oportunidades, la primera por el tribunal de la anterior instancia y la segunda por el superior. En ejercicio de dicho control es que advertimos que la decisión controvertida no resulta conmovida por los desaciertos jurídicos que se le atribuyen.",
      "b) En este sentido, es la parte recurrente quien tiene la carga de explicar, con fundamentos jurídicos, la razón de su aserto y dar los motivos en los que \"GALEANO, Guillermo Ignacio C/ KOLLN, Daniel Roberto, sus sucesores y/o herederos S/ ORDINARIO FILIACION E INDEMNIZACION DE DAÑOS\" - Expte. Nº 9046 se fundan cada una de las violaciones denunciadas.",
      "b.1.- En el escrito recursivo denuncian que el fallo aplicó erróneamente el art. 579 CCC.",
      "Sin embargo el sentido y alcance de la norma que la sentencia en revisión ofrece se encuentra debida y razonablemente fundado.",
      "Más aún, recientemente esta Sala se expidió en el sentido propuesto.",
      "En la causa referida a pie de página valoramos que: \"[d]e la lectura de la norma antes transcripta [refiriendo al art. 579 CCC] se verifica la vigencia e importancia que tiene el acceso a la prueba genética, entendiéndola como el modo más útil de alcanzar la verdad biológica.\"1 La crítica expresada por quien recurre solo indica su punto de vista -particular y subjetivo- , en pos de obtener una valoración de la prueba que se ajuste a sus intereses.",
      "Tampoco luce acertado el planteo referido a la violación del derecho de defensa; la alusión genérica que se postula en el recurso soslaya poner en jaque que la prueba pericial fue desarrollada en el ámbito de un proceso judicial que aseguró el debido proceso y las demás garantías constitucionales que se dicen 1\"A., D. P. c/ M., J. E. y otra / ordinario acción de nulidad\", Expte. Nº 8953, sentencia del 25/3/2024.",
      "vulneradas. Reiteramos, la referencia no es acertada y los recurrentes no invocan qué derechos fueron vulnerados ni cómo la judicatura obstaculizó el ejercicio de las garantías constitucionales que los protegen.",
      "La fundamentación del recurso exige, no sólo la enunciación de la ley que se dice violada, sino también determinar con precisión las consecuencias perjudiciales que derivan de la infracción.",
      "En definitiva, a los efectos del recurso de inaplicabilidad de ley, no basta con individualizar la norma violada, sino que debe demostrarse el vicio o error en que incurrió la sentencia. Es la parte recurrente quien tiene la carga de explicar, con fundamentos jurídicos, la razón de su aserto y dar los motivos en los que se fundan cada una de las violaciones denunciadas. La cita de normas legales eventualmente infringidas no puede justificar, por sí misma, la queja.",
      "b.2.- Lo concreto es que el recurso se construye a partir de planteos estrictamente vinculados con la valoración de la prueba, por regla, ajenos a esta vía extraordinaria.",
      "Recordamos que, como principio, la materia vinculada con la prueba es una cuestión de hecho y si bien ello cede frente a la constatación del absurdo en su valoración, la parte demandada, no logra aquí demostrar su configuración.",
      "Ello así, pues la absurdidad en materia de apreciación de pruebas que abre el recurso, no es la discrepancia, sino lo que escapa a las leyes lógicas formales y las transgrede o lo que es impensable o inconcebible y no puede ser de ninguna otra \"GALEANO, Guillermo Ignacio C/ KOLLN, Daniel Roberto, sus sucesores y/o herederos S/ ORDINARIO FILIACION E INDEMNIZACION DE DAÑOS\" - Expte. Nº 9046 manera por haber quedado al margen de las reglas del raciocinio, vicios que no se aprecian concretados.2 Además recordamos que es criterio de esta Sala que la selección de los medios de prueba computables y su jerarquización es -en principio- facultad privativa de quienes ejercen la magistratura de grado y exenta de la casación.",
      "Por vía de excepción se ha habilitado ingresar en los hechos y la prueba, si se comprueba un desvío notorio y patente de las reglas del raciocinio o la grosera desinterpretación de alguna probanza que conduzca a soluciones contradictorias. Entendemos que, en esta causa, el vicio que permite la apertura de esta instancia, no ha sido debidamente fundado por los recurrentes.",
      "En efecto, un detenido análisis de las diversas circunstancias en las que se enmarcan las presentes actuaciones, nos llevan a la convicción de que la solución alcanzada en la anterior instancia no ha sido rebatida de manera eficiente por la accionada.",
      "Los recurrentes insisten en que sus planteos no se fundan en la falta de experticia del perito, sino en los datos que proporcionó y en el valor que debe 2Esta Sala, actuaciones: \"De Olivera María Elena c/ Serur Claudio Raúl y otros s/ Ordinario daños y perjuicios\", Expte. Nº 8069, 10/03/2020; \"Ojeda Natividad Ana c/ Pascaner Raquel y otros s/ daños y perjuicios\", Expte. Nº 8918, 29/11/2023; \"Zapletal María Carla c/ Babli de Airaldi Mirta Catalina y otros s/ ordinario\", Expte. Nº 8978, 4/06/2024.",
      "asignarse a tales resultados.",
      "Sin embargo, omitieron controvertir que cuando el experto respondió el pedido de explicaciones, ratificó el informe inicial y agregó que en la hipótesis en que \"se adjudicara un 5% de probabilidades de parentesco a priori a favor de la actora, aún así el índice de parentesco aportaría lo suficiente para alcanzar una probabilidad final de parentesco superior al 99%\".3 Esta Sala tiene dicho que: \"el juez si bien tiene libertad de valoración pudiendo apartarse de los dictámenes, su libertad no es absoluta, sino que debe existir suficiente y adecuada fundamentación que obra como límite de su albedrío.",
      "Ello es así, en cuanto la discrecionalidad del juez con relación al dictamen pericial no implica una absoluta libertad, sino la pérdida de su preeminencia por sobre otras pruebas que provocan mayor convicción acerca del caecimiento de los hechos y su verdad.\"4 c) Tampoco se controvirtió útilmente la configuración de los presupuestos que hacen a la procedencia de la responsabilidad por los daños sufridos por Guillermo Ignacio Galeano. El fallo determinó que, en tanto el hoy fallecido padre biológico del actor mantuvo relaciones sexuales con su madre, pudo representarse la posibilidad de haber engendrado un hijo, que ello fue ratificado por las declaraciones testimoniales y que los demandados no invocaron ninguna 3Véase pág. 4 de la presentación electrónica del 30/11/022.",
      "4\"Vigne Carlos Alberto y otros c/ Ortilinger Hector Alberto y otro s/ ordinario\", Expte. Nº 7152, sen- tencia del 07/04/2016.",
      "\"GALEANO, Guillermo Ignacio C/ KOLLN, Daniel Roberto, sus sucesores y/o herederos S/ ORDINARIO FILIACION E INDEMNIZACION DE DAÑOS\" - Expte. Nº 9046 circunstancia que permita acreditar el desconocimiento de la paternidad ante el reclamo judicial.",
      "7.- En virtud de las razones apuntadas, consideramos que las pruebas arrimadas a la causa dan cuenta que la solución propiciada en la anterior instancia no reviste las notas de absurdidad y arbitrariedad que se le atribuyen.",
      "Por lo expuesto, proponemos se rechace el recurso de inaplicabilidad de ley interpuesto y se declare su inadmisibilidad. Con costas (art. 65 CPCC). ASÍ VOTAMOS."
    ],
    "HONORARIOS PROFESIONALES": [
      "Considerando la actividad desarrollada para abrir la instancia extraordinaria y la probable dedicación temporal en el desempeño profesional del servicio, corresponde fijar los honorarios profesionales en el 50 % de los honorarios que se establezcan por la labor en primera instancia (arts. 3, 64 y 94 de la ley 7046 modif. por ley 11.141).",
      "Por último, habiendo mayoría absoluta, EL SR. VOCAL EN EJERCICIO DE LA PRESIDENCIA DEL STJ, DR. LEONARDO PORTELA, se abstiene de votar y firmar la presente resolución con arreglo a lo dispuesto por el art. 33 de la LOPJ, texto según ley 10.704.",
      "Con lo que no siendo para más se da por finalizado el acto quedando acordada la siguiente sentencia:",
      "Paraná, 1° de agosto de 2024."
    ],
    "Y VISTO": [
      "Por los fundamentos del acuerdo que antecede se,"
    ],
    "RESUELVE": [
      "DECLARAR INADMISIBLE el recurso de inaplicabilidad de ley deducido en fecha 13/12/2023, respecto de la resolución de la Sala Primera Civil y Comercial de la Cámara de Apelaciones de Concordia dictada en fecha 27/11/2023.",
      "IMPONER costas a la vencida (art. 65 del CPCC).",
      "FIJAR los honorarios profesionales correspondientes a esta instancia extraordinaria, en el 50 % de los honorarios que se establezcan por la labor en primera instancia instancia (arts. 3, 64 y 94 de la ley 7046 modif. por ley 11.141).",
      "Tener presente la reserva del caso federal.",
      "Notifíquese conforme arts. 1º y 4º Ac. Gral. 15/18 SNE, regístrese y oportunamente devuélvase.",
      "Ante mí. En igual fecha se registró. Asimismo, se deja constancia que la presente se \"GALEANO, Guillermo Ignacio C/ KOLLN, Daniel Roberto, sus sucesores y/o herederos S/ ORDINARIO FILIACION E INDEMNIZACION DE DAÑOS\" - Expte. Nº 9046 suscribe mediante firma digital -Acuerdo Gral. 11/20 del 23-6-2020, Punto 4°) prescindiéndose de su impresión en formato papel."
    ]
  }
}