{
  "METADATOS": {
    "ID_FALLO": "9063",
    "MES": "08",
    "ARTICULOS_CITADOS": {
      "citations": [
        {
          "main_source": "Código Civil y Comercial (CCC)",
          "cited_articles": [
            904,
            904,
            904,
            904,
            10,
            731,
            880
          ],
          "extra": null
        },
        {
          "main_source": "Código Procesal Civil y Comercial (CPCC)",
          "cited_articles": [
            31,
            160,
            65,
            66,
            65,
            66
          ],
          "extra": null
        },
        {
          "main_source": "Constitución Nacional (CN)",
          "cited_articles": [
            17,
            18
          ],
          "extra": null
        },
        {
          "main_source": "Ley 23.737",
          "cited_articles": [
            17
          ],
          "extra": null
        },
        {
          "main_source": "Ley 7046",
          "cited_articles": [
            3,
            64,
            94,
            3,
            64,
            94
          ],
          "extra": "modif. por ley 11.141"
        },
        {
          "main_source": "Acuerdo General 15/18 SNE",
          "cited_articles": [
            1,
            4
          ],
          "extra": null
        },
        {
          "main_source": "Acuerdo General 11/20",
          "cited_articles": [
            0
          ],
          "extra": "del 23-6-2020"
        },
        {
          "main_source": "Otro",
          "cited_articles": [
            114,
            29
          ],
          "extra": null
        },
        {
          "main_source": "Código Civil y Comercial (CCC)",
          "cited_articles": [
            904
          ],
          "extra": "inc. c del art. 904"
        },
        {
          "main_source": "Código Civil y Comercial (CCC)",
          "cited_articles": [
            904
          ],
          "extra": "inc. b) del art. 904"
        },
        {
          "main_source": "Código Civil y Comercial (CCC)",
          "cited_articles": [
            757
          ],
          "extra": "del derogado Código Civil"
        },
        {
          "main_source": "Ley 23.737",
          "cited_articles": [
            17
          ],
          "extra": null
        }
      ]
    }
  },
  "MATERIA_PRELIMINAR": "ORDINARIO ACCION DE CONSIGNACION",
  "IDEA_CENTRAL": "### IDEA CENTRAL DEL FALLO\n\n**Decisión Principal:** El Tribunal declaró procedente el recurso de inaplicabilidad de ley interpuesto por el Nuevo Banco de Entre Ríos S.A. (BERSA), casando la resolución de la Cámara de Apelaciones que había revocado la sentencia de primera instancia que admitía la acción de consignación. Se declaró la abstracción del caso y se impusieron las costas a la parte demandada.\n\n**Fundamento Legal:** La decisión se basa en la interpretación del artículo 904 del Código Civil y Comercial (CCC), que regula las condiciones bajo las cuales procede el pago por consignación. El Tribunal concluyó que existía incertidumbre sobre quién tenía la representación legal del Sindicato Unión de Obreros y Empleados Municipales (SUOYEM), lo que justificaba la consignación.\n\n### Aspectos Legales Relevantes\n\n1. **Código Civil y Comercial (CCC)**:\n   - **Art. 904**: Establece que el pago por consignación procede cuando hay incertidumbre sobre la persona del acreedor o cuando el deudor no puede realizar un pago seguro.\n   - **Art. 731 y 880**: Relacionados con los derechos y deberes del deudor.\n\n2. **Código Procesal Civil y Comercial (CPCC)**:\n   - **Art. 65 y 66**: Disposiciones sobre la imposición de costas.\n\n### Razonamiento del Tribunal\n\nEl Tribunal argumentó que la incertidumbre sobre la representación del sindicato, evidenciada por la presencia de dos personas reclamando la representación, justificaba la acción de consignación. Se enfatizó que el banco no podía realizar un pago seguro debido a la falta de claridad sobre quién estaba habilitado para recibir los fondos. Además, se destacó que la situación había devenido abstracta tras la liberación de los fondos, pero aún así, la decisión sobre las costas debía ser resuelta.\n\nEl Tribunal también subrayó que la consignación es un mecanismo excepcional que permite al deudor liberarse de su obligación cuando no puede realizar un pago directo de manera válida y segura, lo que se cumplía en este caso.",
  "CONTENIDO": {
    "INICIO": [
      "\"NUEVO BANCO DE ENTRE RIOS S.A. C/ SINDICATO UNION OBREROS Y EMPLEADOS MUNICIPALES (S.U.O.Y.E.M.) S/ ORDINARIO ACCION DE CONSIGNACION\" - Expte. Nº 9063"
    ],
    "ACUERDO": [
      "En la ciudad de Paraná, capital de la provincia de Entre Ríos, a los diecinueve días del mes de agosto del año dos mil veinticuatro reunidos los integrantes de este Tribunal asistidos por el Secretario autorizante, para conocer el recurso de inaplicabilidad de ley deducido en fecha 26/12/2023 en las actuaciones:",
      "\"NUEVO BANCO DE ENTRE RIOS S.A. C/ SINDICATO UNION OBREROS Y EMPLEADOS MUNICIPALES (S.U.O.Y.E.M.) S/ ORDINARIO ACCION DE CONSIGNACION\" - Expte. Nº 9063, respecto de la resolución de la Sala Tercera de la Cámara Segunda de Apelaciones de Paraná dictada en fecha 11/12/2023. Se practicó el sorteo de ley resultando que la votación debía tener lugar en el siguiente orden: Sr. Vocal Carlos Federico Tepsich; Sra.",
      "Vocal Gisela N. Schumacher y Sr. Vocal Leonardo Portela.",
      "Estudiados los autos, la Sala se planteó la siguiente cuestión: ¿qué corresponde resolver respecto del recurso de inaplicabilidad de ley interpuesto?.",
      "A LA CUESTIÓN PROPUESTA EL SR VOCAL CARLOS"
    ],
    "FEDERICO TEPSICH DIJO": [
      "1.- La sentencia dictada por la Sala III de la Cámara Segunda de Apelaciones de esta ciudad (11/12/2023) revocó la sentencia de primera instancia que había hecho lugar a la demanda de consignación interpuesta por el Nuevo Banco De Entre Ríos S.A., en adelante BERSA, contra el Sindicato Unión de Obreros y Empleados Municipales, en adelante SUOYEM, imponiendo a la parte demandada las costas del juicio.",
      "2.- Antecedentes:",
      "2.a.- El Banco interpuso demanda por consignación de pago contra el sindicato accionado, argumentando que como depositario de los fondos de su propiedad y ante la incertidumbre que detalló en relación a la representatividad legal y gremial de la entidad, existía un impedimento para cumplir de forma válida y segura con las prestaciones a su cargo y liberar los fondos depositados en las cuentas.",
      "Se citó como tercero a los Sres. Altamirano y Nichea quienes se adjudicaban respectivamente la representatividad legal de SUOYEM.",
      "2.b.- Al contestar demanda, SUOYEM, negó la procedencia de la acción, sosteniendo, en lo esencial, que el Banco incumplió con su vínculo obligacional, procediendo indebidamente al cierre de las cuentas propias y negó la incertidumbre acerca de la representación legal, la que indicó le corresponde al Sr.",
      "Nichea.",
      "2.c.- En fecha 10/03/2022, las partes arribaron a un acuerdo mediante el cual se liberaron los fondos en favor del sindicato y en razón de ello se dispuso la continuidad de las presentes respecto de las demás pretensiones y las \"NUEVO BANCO DE ENTRE RIOS S.A. C/ SINDICATO UNION OBREROS Y EMPLEADOS MUNICIPALES (S.U.O.Y.E.M.) S/ ORDINARIO ACCION DE CONSIGNACION\" - Expte. Nº 9063 costas.",
      "2.d.- La sentencia en la instancia de origen hizo lugar a la demanda e impuso las costas.",
      "Para así decidir entendió que el hecho controvertido fijado:",
      "incertidumbre en la persona que ejercía la representación legal del sindicato a la época que el Banco tenía que hacer el pago, existía la acción que era procedente en los términos del art. 904 del CCC; e impuso las costas a la parte demandada.",
      "3.- Deducida la apelación por la parte demandada la Cámara revocó ese pronunciamiento entendiendo que el recaudo de incertidumbre sobre la persona del acreedor que establece el art. 904 del CCC no se configuraba en el caso por lo que el pago por consignación no era procedente.",
      "Precisó que no existía duda alguna respecto a la identidad del acreedor sino alguna supuesta incertidumbre respecto de quién sería el representante de la entidad sindical y administrador de la cuenta bancaria respectiva, lo que no impedía -sentenció- al banco realizar el depósito y pago de las obligaciones sindicales de las que era deudor. Agregó que en su caso ello podría haber repercutido en la determinación de la firma habilitada para disponer y/o administrar la cuenta bancaria del sindicato acreedor mas no para cumplir con la obligación de pagar, advirtiendo que el tema en sí, era más que claro en orden a quien debía darse preeminencia en cuanto a tal representación. Expuso que el actor no logró acreditar la duda razonable en orden a quien era la persona del acreedor de lo debido que exige legalmente la norma para habilitar tal excepcional modalidad de liberación.",
      "Por último, indicó que la decisión tendría sólo implicancias en cuanto a las costas del proceso en virtud de que las partes acordaron la liberación de fondos a favor del sindicato acreedor en la audiencia preliminar, las que impuso -en orden al razonamiento antes reseñado- a la parte actora.",
      "4.- Disconforme con el fallo, interpone la parte actora recurso de inaplicabilidad de ley invocando incorrecta aplicación del art. 904 del CCC, arts.",
      "31 inc. 4º, y art. 160 incs. 5° y 6º del CPCC.",
      "Asimismo, denuncia falta de fundamentación, errónea apreciación de la prueba y lesión de los arts. 17 y 18 de la Constitución Nacional.",
      "Sostiene que, en el caso, el supuesto que correspondía es el que regla el inc. c del art. 904 del CCC; a su vez, al aplicar el inc. b) de esta norma lo hace asumiendo un criterio de interpretación sesgado en cuanto al sujeto demandado y sin contemplar que es una persona jurídica que ejerce sus derechos y contrae obligaciones por intermedio de sus representantes legales. Adujo que el art.",
      "7 del Estatuto del Sindicato (SUOYEM) establece que los fondos sociales se depositan en una cuenta bancaria a nombre de la institución y a la orden conjunta \"NUEVO BANCO DE ENTRE RIOS S.A. C/ SINDICATO UNION OBREROS Y EMPLEADOS MUNICIPALES (S.U.O.Y.E.M.) S/ ORDINARIO ACCION DE CONSIGNACION\" - Expte. Nº 9063 del Secretario General y del Secretario de Finanzas por lo que para operar las cuentas bancarias se requiere imprescindiblemente saber de esas autoridades.",
      "Expresa que el tribunal ad quem infringió el principio de congruencia en tanto el único aspecto que la contraria había cuestionado al contestar la acción fue su fundabilidad, sin exponer argumentación alguna acerca de la incertidumbre sobre la persona acreedora demandada.",
      "5.- La parte demandada contestó el traslado oportunamente dispuesto, solicitando el rechazo del recurso interpuesto.",
      "6.- Ingreso al tratamiento y definición de la cuestión puesta a juzgamiento recordando que los jueces no están obligados a considerar todas y cada una de las alegaciones de las partes en sus escritos recursivos como tampoco a ponderar, una por una, todas las pruebas agregadas al expediente, sino tan sólo los capítulos, cuestiones y probanzas pertinentes para la correcta solución del litigio.",
      "El estudio de la causa y el memorial recursivo me llevan a reparar que la única causal invocada que exhibe fuerza para habilitar intrínsecamente esta vía extraordinaria es aquella en la que se denuncia la incorrecta aplicación del art.",
      "904 CCC, por lo que ceñiré el juzgamiento del presente recurso de inaplicabilidad de ley a ese punto, sin perjuicio de efectuar una disgresión previa que estimo necesaria y también concurre a determinar el contenido del mandato a emitir en esta instancia.",
      "7.- Cabe reparar que tempranamente, en oportunidad de llevarse a cabo la audiencia preliminar, la presente causa devino en abstracta pues al recibir la accionada las sumas consignadas desapareció el elemental recaudo de un caso judicial: la actualidad del conflicto.",
      "El tribunal ad quem, al cerrar la exposición de sus argumentos (pto. 10), dejó en claro que la decisión que se aprestaba a dictar solo tendría su impacto práctico en la condena en costas del proceso en razón que el interés actoral había desaparecido en virtud de la liberación de los fondos acordada por las partes en la audiencia de fecha 10/03/2022; sin embargo, tal circunstancia no tuvo su debida proyección en la parte dispositiva del fallo, esto es la declaración de abstracción del caso.",
      "8.- Si en el devenir del proceso se acredita un hecho que vacía de contenido el objeto de la pretensión -aquí no existían “otras pretensiones” fuera del pago por consignación-, ocurre lo que se denomina sustracción de la materia y el tribunal interviniente no debe emitir un pronunciamiento de mérito.",
      "Si la sentencia carece de sentido por haber cesado el hecho generador o desencadenante del pleito, o por carecer de efecto jurídico la resolución que pueda dictar el tribunal, resulta lógico concluir que cualquier decisión judicial al respecto ya no significará la solución del caso ni la \"NUEVO BANCO DE ENTRE RIOS S.A. C/ SINDICATO UNION OBREROS Y EMPLEADOS MUNICIPALES (S.U.O.Y.E.M.) S/ ORDINARIO ACCION DE CONSIGNACION\" - Expte. Nº 9063 determinación de un objeto, por cuanto éste ha desaparecido; en otras palabras, el caso abstracto no tiene consecuencias tangibles y por ello no es susceptible de regulación por vía de sentencia (Bidart Campo, Régimen legal y jurisdiccional del amparo, Ediar, Buenos Aires, 1969, p. 431; Vanosi, Jorge R., “Jurisdicción y Corte Suprema de Justicia ante el caso abstracto, Revista Jurídica de Buenos Aires, 1963, I-IV, p. 132; Carnelutti, Francesco, Sistema de derecho procesal civil, UTHEA, Buenos Aires, 1944, T. IV, p. 561).",
      "9.- Establecido lo anterior, corresponde ahora analizar la procedencia de la causal impugnativa antes habilitada en tanto el tema de las costas en el caso abstracto no rige el principio de que “lo accesorio sigue la suerte de lo principal”; es más, es, incluso, autónomo (Chiappini, Julio, “El silencio respecto a las costas en el amparo”, ED 230-1128).",
      "No comparto el temperamento hermenéutico aplicado por la Cámara al supuesto contemplado en el inc. b), del art. 904 CCC; paso a exponer mis razones.",
      "10.- Es un principio general de que quien paga mal, paga dos veces y que para evitar este desenlace, cuando existe incertidumbre sobre la persona del deudor o dudas razonables sobre su real derecho de percibir, sin reclamos posteriores de otros beneficiarios, lo más sensato que puede hacer el deudor es consignar judicialmente y dejar que sea un juez quien dirima los derechos de los eventuales beneficiarios.",
      "Si bien el inc. b del citado art. 904 afirma que el otro supuesto para abrir el pago por consignación es el de la incertidumbre sobre “la persona del acreedor”, lo que quiere indicar es que la incerteza no sólo lo es sobre la persona, sino también sobre su legitimación sustantiva o titularidad del derecho de crédito.",
      "En este sentido se ha afirmado que, de igual modo, también está autorizado a pagar consignando el deudor, cuando no sabe quién es su acreedor aun cuando tenga certeza de su existencia o el acreedor sea incapaz (Calvo Costa, Carlos A., Código Civil y Comercial de la Nación Comentado, Dir.: Lorenzetti, Rubinzal Culzoni, Santa Fe, 2015, T. V, p. 419).",
      "11.- Precisamente, no se puede dejar de recordar los casos que menciona a modo de ejemplo el art. 757 del derogado Código Civil -“2º. Cuando el acreedor fuese incapaz de recibir el pago al tiempo que el deudor quisiera hacerlo;",
      "3º. Cuando el acreedor estuviese ausente; 4º. Cuando fuese dudoso el derecho del acreedor a recibir el pago, y concurrieren otras personas a exigirlo del deudor, o cuando el acreedor fuese desconocido”- en la actualidad están resumidos en la formulación que utiliza este inciso b) del art. 904 del CCC puesto que refiere de modo genérico a todos los supuestos que generan la incertidumbre de pagar mal, y de esa manera continuar obligado (Compagnucci de Caso, Rubén en Código Civil y \"NUEVO BANCO DE ENTRE RIOS S.A. C/ SINDICATO UNION OBREROS Y EMPLEADOS MUNICIPALES (S.U.O.Y.E.M.) S/ ORDINARIO ACCION DE CONSIGNACION\" - Expte. Nº 9063 Comercial Comentado. Tratado Exegético, Dir: Jorge Alterini, 2da. Ed., La Ley, Bs. As., 2016, T. IV. p. 567; López Mesa, Marcelo, Eduardo en Código Civil y Comercial, Dirs. Barreiro Delfino - López Mesa, Hammurabi, Buenos Aires, 2023, T. 6-C., p. 114).",
      "Más allá del carácter excepcional que tiene el instituto como medio extintivo de las obligaciones, la formulación de la norma, tanto del inciso b) y c), responde a un criterio general que autoriza a consignar el pago en aquellos casos que el deudor inocente se viese impedido de realizar en forma válida y segura el pago directo por motivos atribuibles a la conducta del acreedor, por incertidumbre acerca de su persona o por cualquier otra dificultad que obstaculice la ejecución directa en favor del sujeto activo de la obligación; tal como lo postulaba la doctrina dominante durante la legislación pretérita (Busso, Eduardo, Código Civil anotado, EDIAR, Buenos Aires, 1955, T. V, p. 582, n° 3; Ameal, Oscar J., en Código Civil comentado, anotado y concordado, Belluscio-Zannoni, Astrea, Buenos Aires, 2004, T. 3º, p. 540). Por otro lado, apreciar las circunstancias fácticas que puedan obstar al ejercicio seguro del derecho de pagar es asunto eminentemente prudencial, que ha de encararse con criterio estricto para no desvirtuar el carácter excepcional de la consignación, pero cuando concurra una real dificultad o un riesgo serio para practicar el pago directamente en manos del acreedor, no cabrá vacilar en la procedencia del juicio por consignación (Salvat, Raymundo - Galli, Derecho Civil. Obligaciones en general, 6ª edec., TEA, Buenos Aires, 1958, T. II, pp. 365).",
      "12.- Conforme tales coordenadas la conclusión sentencial no luce adecuada puesto que injustificadamente restringe el marco de su actuación y, además, soslaya el funcionamiento propio de las personas jurídicas, y dentro de ellas, del sindicato que como tal, actúa y vive por la actuación que en el marco de la ley y sus estatutos realizan ejerciendo su representación legal los órganos designados, y dentro de ellos, claro, las personas físicas que la componen (art. 17 y conc. de la Ley 23.551).",
      "La falta de certeza en la especie estaba configurada con entidad suficiente, aún cuando no había dudas acerca de la persona jurídica acreedora, puesto que el “inconveniente administrativo en la determinación de la firma habilitada para disponer o administrar los fondos” representa el elemento medular que da causa a esta acción, en razón de la imposibilidad concreta que tenía el banco actor de identificar quién era la persona humana investida con facultades suficientes para recibir los fondos pertenecientes de la entidad sindical; insisto, la incertidumbre habilitante aquí no refiere a la persona del acreedor, sino aquella que toca al sujeto llamado a recibir el pago, es decir, había carencia de seguridad con respeto de la persona en condiciones de reclamar el crédito (Lafaille, Héctor, \"NUEVO BANCO DE ENTRE RIOS S.A. C/ SINDICATO UNION OBREROS Y EMPLEADOS MUNICIPALES (S.U.O.Y.E.M.) S/ ORDINARIO ACCION DE CONSIGNACION\" - Expte. Nº 9063 Tratado de las obligaciones, EDIAR, Buenos Aires, 1947, vol. I, pp. 443). La prolija exposición que efectúa la sentenciante de origen es por demás elocuente en orden a exponer la situación en la que dos personas se habían presentado ante la entidad deudora invocando ocupar el lugar del secretario general fallecido;",
      "incerteza ésta que quedó esclarecida recién a partir de lo informado por la repartición del Ministerio de Trabajo de la Nación -ver considerando 2º-, por lo que la vía judicial elegida por la recurrente era procedente y por ello las costas deben ser impuestas a la accionada.",
      "13.- En definitiva, propongo al acuerdo admitir el recurso de inaplicabilidad de ley interpuesto y CASAR el fallo impugnado, declarando la abstracción del presente caso con costas en todas las instancias a la parte demandada (art. 65 y 66, CPCC). ASÍ VOTO.",
      "A LA CUESTIÓN PROPUESTA LA SEÑORA VOCAL"
    ],
    "GISELA N. SCHUMACHER DIJO": [
      "1.- Doy por reproducidos todos y cada uno de los antecedentes que enmarcan la actividad recursiva, que fueran descriptos en el voto precedente.",
      "2.- Destaco que la finalidad del recurso de inaplicabilidad de ley, en lo que respecta al control jurídico del fallo, se dirige a examinar si este ha respetado o no el derecho aplicable y, a la hora de efectuar el encuadre jurídico de la presente causa, se excluye de su ámbito cuestiones de hecho y prueba reservadas exclusivamente a la judicatura de grado, con excepción de la invocación y demostración de absurdidad y/o arbitrariedad.",
      "En este entendimiento y de conformidad a las argumentaciones desarrolladas en el escrito de fundamentación, entiendo que la actora recurrente dejó expresado los motivos legalmente autorizados que habilitan la apertura de esta vía excepcional.",
      "3.- Adelanto que comparto las definiciones desarrolladas en el voto que comanda este acuerdo y que destacan que: la persona deudora no solo tiene un deber jurídico frente a la acreedora, sino también el derecho a pagar y a obtener su liberación (art. 731 y 880 CCC).",
      "Lo que se debate en estas actuaciones es la delimitación y aplicación de la norma contenida en el art. 904 del CCC, que indica en qué casos procede el pago por consignación.",
      "Antes de ingresar a ello, entiendo útil efectuar una primera aproximación terminológica de dicho instituto. El Código Civil y Comercial no lo define.",
      "El supuesto se presenta cuando la persona deudora que, actuando diligentemente, no puede cumplir con su deber de prestación; allí resulta necesario establecer un mecanismo para que no continúe vinculada o ligada de manera \"NUEVO BANCO DE ENTRE RIOS S.A. C/ SINDICATO UNION OBREROS Y EMPLEADOS MUNICIPALES (S.U.O.Y.E.M.) S/ ORDINARIO ACCION DE CONSIGNACION\" - Expte. Nº 9063 indefinida.",
      "En suma, se trata de un medio -previsto por la legislación- a través del cual se habilita la ejecución de la prestación por parte del deudor (o quien esté legitimado para sustituirlo) con la intervención judicial.",
      "\"Se trata de un modo instrumental de realización coactiva del derecho del 'solvens' [persona legitimada para cumplir la prestación], quien acude a la justicia en procura de vencer la resistencia del acreedor, o las dificultades que le impiden efectuar un pago directo. Actúa como un mecanismo subrogado del cumplimiento, que cuando es llevado a cabo por el propio deudor importa un medio de liberación forzoso.\"1 Los recaudos que habilitan la promoción y la consecuente validez del pago por consignación son: a) la existencia de una obligación de dar (en el caso obligación de dar sumas de dinero); b) que la persona legitimada para cumplir se encuentre en estado de cumplimiento; c) que concurran todos los elementos del pago (integridad, identidad); y d) la existencia de una dificultad para el pago directo.",
      "Los primeros tres requisitos no fueron controvertidos. A fin de 1PIZARRO, Ramón Daniel - VALLESPINOS, Carlos Gustavo, \"Tratado de Obligaciones\", 1ª ed.",
      "revisada, Santa Fe, Rubinzal-Culzoni, 2017, T III, pág. 292.",
      "determinar la calidad de vencedora o vencida en el pleito (y la suerte de las costas), el asunto gira exclusivamente en torno a la determinación de la existencia (o no) de una dificultad para el pago directo.",
      "¿En qué casos procede el pago por consignación?",
      "Aquí entra en juego la previsión del Código Civil y Comercial cuyo art. 904 establece que: \"[e]l pago por consignación procede cuando: (...) b) existe incertidumbre sobre la persona del acreedor; c) el deudor no puede realizar un pago seguro y válido por causa que no le es imputable\". La norma con un texto más general que la del código derogado, establece -en lo que aquí interesa- la procedencia de la acción cuando haya imposibilidad o inseguridad del pago directo.",
      "Refuerzo la idea que da cuenta que se trata de un mecanismo o una vía de acción de carácter excepcional. En virtud de este carácter, pesa en cabeza de quien acciona la carga de probar la dificultad que alega y la necesidad que justifica la apertura de la jurisdicción.",
      "Estos recaudos fueron esgrimidos en la demanda y acreditados en el proceso -tal como se describe en el voto que comanda el acuerdo-.",
      "En este sentido, adhiero a las consideraciones vertidas por el Dr.",
      "Tepsich y que dan luz respecto a la procedencia de la acción. En efecto a la entidad bancaria concurrieron dos pretensores diferentes, arrogándose el derecho a percibir la acreencia. Frente a lo cual, resulta razonable que el deudor encuentre motivos \"NUEVO BANCO DE ENTRE RIOS S.A. C/ SINDICATO UNION OBREROS Y EMPLEADOS MUNICIPALES (S.U.O.Y.E.M.) S/ ORDINARIO ACCION DE CONSIGNACION\" - Expte. Nº 9063 que le impidan tener certeza acerca de quién tenía la potestad para hacerlo en representación de la persona jurídica demandada.",
      "No verifico que la actora haya ejercido irregularmente el derecho de consignar judicialmente su deuda (art. 10, CCC); las dudas acerca de quién tenía tales facultades se disiparon con posterioridad a la promoción de estas actuaciones.",
      "4.- Por las razones expuestas, propicio la adhesión a la solución arribada por el Vocal preopinante. ASÍ VOTO."
    ],
    "HONORARIOS PROFESIONALES": [
      "Considerando la actividad desarrollada para abrir la instancia extraordinaria, la complejidad de las cuestiones planteadas, la trascendencia económica, la probable dedicación temporal en el desempeño profesional del servicio y el éxito obtenido, corresponde fijar los honorarios profesionales en el 55 % de los honorarios que se establezcan por la labor en primera instancia (arts. 3, 64 y 94 de la ley 7046 modif. por ley 11.141).",
      "Por último, habiendo mayoría absoluta, EL SR. VOCAL EN EJERCICIO DE LA PRESIDENCIA DEL STJ, DR. LEONARDO PORTELA, se abstiene de votar y firmar la presente resolución con arreglo a lo dispuesto por el art. 33 de la LOPJ, texto según ley 10.704.",
      "Con lo que no siendo para más se da por finalizado el acto quedando acordada la siguiente sentencia:",
      "Paraná, 19 de agosto de 2024."
    ],
    "Y VISTO": [
      "Por los fundamentos del acuerdo que antecede se,"
    ],
    "RESUELVE": [
      "DECLARAR PROCEDENTE el recurso de inaplicabilidad de ley deducido en fecha 26/12/2023, CASAR la resolución de la Sala Tercera de la Cámara Segunda de Apelaciones de Paraná dictada en fecha 11/12/2023 y, en consecuencia, DECLARAR LA ABSTRACCIÓN del presente caso.",
      "IMPONER costas en todas las instancias a la parte demandada vencida (art. 65 y 66 del CPCC).",
      "FIJAR los honorarios profesionales en el 55 % de los honorarios que se establezcan por la labor en primera instancia (arts. 3, 64 y 94 de la ley 7046 modif. por ley 11.141).",
      "Notifíquese conforme arts. 1º y 4º Ac. Gral. 15/18 SNE, regístrese y oportunamente devuélvase.",
      "\"NUEVO BANCO DE ENTRE RIOS S.A. C/ SINDICATO UNION OBREROS Y EMPLEADOS MUNICIPALES (S.U.O.Y.E.M.) S/ ORDINARIO ACCION DE CONSIGNACION\" - Expte. Nº 9063 Ante mí. En igual fecha se registró. Asimismo, se deja constancia que la presente se suscribe mediante firma digital -Acuerdo Gral. 11/20 del 23-6-2020, Punto 4°) prescindiéndose de su impresión en formato papel.",
      "Existiendo regulación de honorarios a abogados y/o procuradores, cumpliendo con lo dispuesto por la ley 7046, se transcriben los siguientes los artículos:",
      "Art. 28: NOTIFICACIÓN DE TODA REGULACIÓN. Toda regulación de honorarios deberá notificarse personalmente o por cédula. Para el ejercicio del derecho al cobro del honorario al mandante o patrocinado, la notificación deberá hacerse en su domicilio real. En todos los casos la cédula deberá ser suscripta por el Secretario del Juzgado o Tribunal con transcripción de este Artículo y del art.",
      "114 bajo pena de nulidad. No será necesaria la notificación personal o por cédula de los autos que resuelvan los reajustes posteriores que se practiquen por aplicación del art.114\".",
      "Art. 114: PAGO DE HONORARIOS. Los honorarios regulados judicialmente deberán abonarse dentro de los diez días de requerido su pago en forma fehaciente. Operada la mora, el profesional podrá reclamar el honorario actualizado con aplicación del índice, previsto en el art. 29 desde la regulación y hasta el pago, con más un interés del 8% anual. En caso de tratarse de honorarios que han sido materia de apelación, sobre el monto que quede fijado definitivamente su instancia superior, se aplicará la corrección monetaria a partir de la regulación de la instancia inferior. No será menester justificar en juicios los índices que se aplicarán de oficio por los Sres. Jueces y Tribunales”."
    ]
  }
}