{
  "METADATOS": {
    "ID_FALLO": "9068",
    "MES": "08",
    "ARTICULOS_CITADOS": {
      "citations": [
        {
          "main_source": "Código Procesal Civil y Comercial (CPCC)",
          "cited_articles": [
            280,
            65,
            66
          ],
          "extra": "segundo párrafo"
        },
        {
          "main_source": "Ley 7046",
          "cited_articles": [
            3,
            14,
            30,
            63,
            64,
            94
          ],
          "extra": "modif. por ley 11.141"
        },
        {
          "main_source": "Ley 10.704",
          "cited_articles": [
            33
          ],
          "extra": "texto según ley"
        },
        {
          "main_source": "Acuerdo General 15/18 SNE",
          "cited_articles": [
            1,
            4
          ],
          "extra": "conforme"
        },
        {
          "main_source": "Acuerdo General 11/20",
          "cited_articles": [
            0
          ],
          "extra": "del 23-6-2020"
        },
        {
          "main_source": "Otro",
          "cited_articles": [
            28,
            114,
            29
          ],
          "extra": ""
        }
      ]
    }
  },
  "MATERIA_PRELIMINAR": "ORDINARIO",
  "IDEA_CENTRAL": "### IDEA CENTRAL DEL FALLO\n\n**Decisión Judicial Principal:** El Tribunal declara inadmisible el recurso de inaplicabilidad de ley interpuesto por la parte actora, manteniendo la decisión de la Cámara de Apelaciones que había rechazado la apelación contra la sentencia de primera instancia.\n\n**Fundamento Legal:** La inadmisibilidad del recurso se basa en la falta de identificación clara de la norma legal supuestamente infringida y en la insuficiencia de los argumentos presentados por la parte recurrente, que no logran demostrar un error en la aplicación de la ley.\n\n### Aspectos Legales Relevantes\n\n1. **Responsabilidad Objetiva:** Se aplica el régimen de responsabilidad objetiva según el Código Civil y Comercial (CCC), que establece que la empresa de transporte no puede ser responsabilizada si se demuestra que el siniestro fue causado exclusivamente por la imprudencia de la víctima.\n   \n2. **Conducta Imprudente de la Víctima:** La Cámara determinó que la víctima actuó de manera imprudente al transitar por una ruta donde está prohibido caminar, lo que fue considerado como la causa exclusiva del accidente.\n\n3. **Prueba y Carga de la Prueba:** La falta de contestación de la demanda por parte de la empresa de ómnibus no implica automáticamente su responsabilidad, ya que la prueba presentada logró desvirtuar la plataforma fáctica de la demanda.\n\n### Razonamiento del Tribunal\n\nEl Tribunal argumenta que el recurso de inaplicabilidad de ley no cumple con los requisitos formales necesarios para su admisión, ya que la parte recurrente no especifica la norma legal que considera erróneamente aplicada. Además, se resalta que la conducta imprudente de la víctima fue determinante en el siniestro, lo que exime a la empresa de responsabilidad. La decisión de la Cámara de Apelaciones se sostiene en la adecuada valoración de la prueba y en la correcta aplicación de la normativa vigente.\n\n### Leyes y Artículos Clave\n\n- **Código Civil y Comercial (CCC):** Establece el régimen de responsabilidad objetiva.\n- **Código Procesal Civil y Comercial (CPCC):** Artículos 65 y 66 sobre la imposición de costas y requisitos para la admisibilidad del recurso (art. 280).\n\nEn conclusión, el fallo reafirma la importancia de la conducta de las partes en la determinación de la responsabilidad en accidentes viales y la necesidad de un rigor formal en la presentación de recursos judiciales.",
  "CONTENIDO": {
    "INICIO": [
      "\"CAPIAQUI LELIA E. Y OTROS C/ MICRO OMNIBUS PRIMERA JUNTA S.A. Y OTROS S/ ORDINARIO\" - Expte. Nº 9068"
    ],
    "ACUERDO": [
      "En la ciudad de Paraná, capital de la provincia de Entre Ríos, a los siete días del mes de agosto del año dos mil veinticuatro reunidos los integrantes de este Tribunal asistidos por el Secretario autorizante, para conocer el recurso de inaplicabilidad de ley deducido en fecha 22/12/2023 en las actuaciones:",
      "\"CAPIAQUI LELIA E. Y OTROS C/ MICRO OMNIBUS PRIMERA JUNTA S.A. Y OTROS S/ ORDINARIO\" - Expte. Nº 9068, respecto de la resolución de la Sala Tercera de la Cámara Segunda de Apelaciones de Paraná dictada en fecha 6/12/2023. Se practicó el sorteo de ley resultando que la votación debía tener lugar en el siguiente orden: Sr. Vocal Carlos Federico Tepsich; Sra.",
      "Vocal Gisela N. Schumacher y Sr. Vocal Leonardo Portela.",
      "Estudiados los autos, la Sala se planteó la siguiente cuestión: ¿qué corresponde resolver respecto del recurso de inaplicabilidad de ley interpuesto?.",
      "A LA CUESTIÓN PROPUESTA EL SR. VOCAL CARLOS FEDERICO TEPSICH Y LA SRA. VOCAL GISELA N. SCHUMACHER"
    ],
    "DIJERON": [
      "1. La Sala Tercera de la Cámara Segunda de Apelaciones de Paraná dictó sentencia en fecha 6 de diciembre de 2023, mediante la cual rechazó el recurso de apelación interpuesto por la parte actora contra la sentencia de primera instancia del 8 de mayo de 2023 e impuso las costas a la recurrente vencida.",
      "Para así resolver, y luego de detallar los antecedentes del caso, precisó que no se encontraba cuestionada la existencia del siniestro vial ni la excedencia en 7 km de la velocidad permitida en que se conducía el ómnibus, como así tampoco que el régimen normativo lo sea el de responsabilidad objetiva prevista en el CCC.",
      "Refirió que la víctima desplegó una conducta por demás imprudente al momento del siniestro, el que considera producto exclusivo de dicho obrar, a estar a las conclusiones de la pericia mecánica y la declaración del testigo Alvarez, fuente de prueba no impugnada por las partes; consideró que aún cuando no hubiese sido su intención la de suicidarse, la actora no explicó la presencia de su hijo en el lugar del accidente, más siendo que la circulación a pie en rutas, semiautopistas o autopistas se encuentra expresamente prohibida.",
      "Agregó que la circunstancia de que la codemandada -empresa de omnibus- no contestara la demanda no implica por sí sola que se la deba condenar, sólo genera una presunción de verdad que admite prueba en contrario y en autos la prueba habida logró destruir la plataforma fáctica esbozada en la demanda.",
      "Además, entendió que si bien y conforme surge de la pericia la velocidad de circulación del colectivo fue superior a la mínima reglamentaria, este extremo no tuvo incidencia causal con el siniestro, sino que la colisión se produjo por la \"CAPIAQUI LELIA E. Y OTROS C/ MICRO OMNIBUS PRIMERA JUNTA S.A. Y OTROS S/ ORDINARIO\" - Expte. Nº 9068 aparición intempestiva y abrupta que frente al colectivo hiciera la víctima.",
      "Finalmente, ratificó también la imposición de costas de primera instancia.",
      "2. Disconforme con el fallo, la parte accionante interpone recurso de inaplicabilidad de ley invocando la causal de “inobservancia o errónea aplicación de la ley adjetiva y sustantiva”.",
      "Sostiene que la empresa de omnibus reconoció los hechos invocados en la demanda al optar por no contestar la misma, debiendo responder objetivamente por los daños causados por su dependiente como por el bien riesgoso del que se sirve, habiendo consentido los dichos alegados por su parte atento a su falta de contestación.",
      "Afirma que la culpa de la víctima no está acreditada puesto que no ha sido probada la intención suicida de la víctima, tampoco observó un obrar inesperado, intempestivo e intencionado, y el testigo que declaró en sede penal no fue replicado en estos actuados. Cuestiona el resto de la prueba agregada en expediente penal, remitiéndose a cuestionamientos realizados en anteriores instancias.",
      "Manifiesta que debe tenerse en cuenta que en sede penal no se liberó de culpa y cargo al conductor del micro, dado que el archivo de la misma no fue por sobreseimiento o absolución. Aduce que la Cámara introdujo la noción de causa ajena, la que no fue planteada por la citada en garantía al contestar la demanda, vulnerando el derecho de defensa y agrega que al estar acreditado que el chofer del ómnibus circulaba en exceso en 7 km en relación a la velocidad reglamentaria, evidencia un obrar negligente y que no tuvo el control y pleno dominio del rodado, por lo que es absurdo que no se le atribuya grado alguno de responsabilidad.",
      "3. La citada en garantía contesta el traslado oportunamente dispuesto, solicitando el rechazo del recurso articulado.",
      "4. En el examen de la pieza recursiva confrontada con los fundamentos del fallo puesto a revisión a tenor de las pautas supra señaladas, encontramos que el planteo de la aquí recurrente sólo exterioriza una mera discrepancia; no advertimos que la misma indique y, menos aún, desarrolle alguna de las causales que autoriza el ordenamiento procesal aplicable para acceder a esta instancia extraordinaria.",
      "Las circunstancias fácticas narradas no logran evidenciar el error in iudicando en que habría incurrido la Cámara al rechazar la acción. La causal en concreto que expuso a los fines de habilitar esta instancia extraordinaria fue la inobservancia o errónea aplicación de la ley, empero en ninguna parte del extenso memorial la recurrente se aviene a identificar cuál es en concreto la disposición legal que habría sido incorrectamente observada en la causa.",
      "5. El recurso de inaplicabilidad de ley es una vía extraordinaria \"CAPIAQUI LELIA E. Y OTROS C/ MICRO OMNIBUS PRIMERA JUNTA S.A. Y OTROS S/ ORDINARIO\" - Expte. Nº 9068 cuya habilitación exige el cumplimiento de determinados recaudos en orden, precisamente, a la estructura e impronta de la impugnación articulada, desde que no constituye una tercera instancia de apreciación de los hechos y las pruebas del juicio siendo su finalidad obtener un control legal del veredicto dictado.",
      "En este sentido, conviene recordar que el recurso que nos ocupa posee una serie de exigencias técnico formales propias, que deben cumplirse con toda idoneidad por el impugnante a fin de habilitar la vía de casación. Este tribunal reiteradamente ha señalado que para cumplir adecuadamente la carga de fundar en este nivel se exige con mayor rigor que las críticas que se formulen se refieran directa y concretamente a la motivación esencial que el pronunciamiento contiene, pues si en esa réplica se sustraen todos o una parte de los argumentos que estructuran la sentencia, no se encuentran debidamente satisfechos los recaudos legales y, según la causal, también se deberá señalar en términos claros y precisos, cuál es la ley o doctrina violada o erróneamente aplicada y explicar en qué consiste la violación o el error -art. 280, segundo párrafo del CPCC-.",
      "6. En definitiva, proponemos al acuerdo que se declare inadmisible el recurso interpuesto, con costas (arts. 65 y 66, CPCC). ASÍ VOTAMOS."
    ],
    "HONORARIOS PROFESIONALES": [
      "Considerando la base económica del juicio ($ 18.000.000) y el valor jurista al día de la fecha ($51.823,67), el valor a considerar a los fines regulatorios asciende a 347,33 juristas.",
      "Que por aplicación de la escala general del art. 30 de la ley arancelaria, el máximo del grado inmediato anterior al monto a computar son 50 juristas (25% de 200 juristas). Por lo tanto, 50 juristas sumado a 32,41 juristas (22% de 147,33 juristas) arrojan como resultado 82,41 juristas, que es el monto que correspondería regular a la parte vencedora en primera instancia.",
      "De esta manera, por la labor en esta instancia extraordinaria amerita regular el 50% de 82,41 juristas a la letrada de la parte vencedora y el 70% de esa suma a los letrados de la parte vencida, teniendo en cuenta la intervención plural de los profesionales actuantes.",
      "Por ello, corresponde regular los honorarios profesionales a la Dra.",
      "Patricia N. Enriquez en la suma de pesos dos millones ciento treinta y cinco mil ciento treinta y cinco ($ 2.135.135), equivalentes a 28,84 juristas; y a la Dra. Paola Andrea Villanueva y los Dres. Jorge Hernán García Guiffre y Mario Ernesto Paz en la suma de pesos cuatrocientos noventa y cuatro mil ciento noventa y ocho con veintiún centavos ($ 498.198,21), equivalentes a 9,613 juristas, para cada uno -arts.",
      "3, 14, 30, 63, 64 y 94 de la ley 7046 modif. por ley 11.141).",
      "Por último, habiendo mayoría absoluta, EL SR. VOCAL EN EJERCICIO DE LA PRESIDENCIA DEL STJ, DR. LEONARDO PORTELA, se abstiene de votar y firmar la presente resolución con arreglo a lo \"CAPIAQUI LELIA E. Y OTROS C/ MICRO OMNIBUS PRIMERA JUNTA S.A. Y OTROS S/ ORDINARIO\" - Expte. Nº 9068 dispuesto por el art. 33 de la LOPJ, texto según ley 10.704.",
      "Con lo que no siendo para más se da por finalizado el acto quedando acordada la siguiente sentencia:",
      "Paraná, 7 de agosto de 2024."
    ],
    "Y VISTO": [
      "Por los fundamentos del acuerdo que antecede se,"
    ],
    "RESUELVE": [
      "DECLARAR INADMISIBLE el recurso de inaplicabilidad de ley deducido en fecha 22/12/2023, respecto de la resolución de la Sala Tercera de la Cámara Segunda de Apelaciones de Paraná dictada en fecha 6/12/2023.",
      "IMPONER costas a la vencida (arts. 65 y 66 del CPCC).",
      "REGULAR los honorarios profesionales a la Dra. Patricia N.",
      "Enriquez en la suma de pesos dos millones ciento treinta y cinco mil ciento treinta y cinco ($ 2.135.135), equivalentes a 28,84 juristas; y a la Dra. Paola Andrea Villanueva y los Dres. Jorge Hernán García Guiffre y Mario Ernesto Paz en la suma de pesos cuatrocientos noventa y cuatro mil ciento noventa y ocho con veintiún centavos ($ 498.198,21), equivalentes a 9,613 juristas, para cada uno -arts.",
      "3, 14, 30, 63, 64 y 94 de la ley 7046 modif. por ley 11.141).",
      "Tener presente la reserva del caso federal.",
      "Notifíquese conforme arts. 1º y 4º Ac. Gral. 15/18 SNE, regístrese y oportunamente devuélvase.",
      "Ante mí. En igual fecha se registró. Asimismo, se deja constancia que la presente se suscribe mediante firma digital -Acuerdo Gral. 11/20 del 23-6-2020, Punto 4°) prescindiéndose de su impresión en formato papel.",
      "Existiendo regulación de honorarios a abogados y/o procuradores, cumpliendo con lo dispuesto por la ley 7046, se transcriben los siguientes los artículos:",
      "Art. 28: NOTIFICACIÓN DE TODA REGULACIÓN. Toda regulación de honorarios deberá notificarse personalmente o por cédula. Para el ejercicio del derecho al cobro del honorario al mandante o patrocinado, la notificación deberá hacerse en su domicilio real. En todos los casos la cédula deberá ser suscripta por el Secretario del Juzgado o Tribunal con transcripción de este Artículo y del art. 114 bajo pena de nulidad. No será necesaria la notificación personal o por cédula de los autos que resuelvan los reajustes posteriores que se practiquen por aplicación del art.114\".",
      "Art. 114: PAGO DE HONORARIOS. Los honorarios regulados judicialmente deberán abonarse dentro de los diez días de requerido su pago en forma fehaciente. Operada la mora, el profesional podrá reclamar el honorario actualizado con aplicación del índice, previsto en el art. 29 desde la regulación y hasta el pago, con más un interés del 8% anual. En caso de tratarse de honorarios que han sido materia de apelación, sobre el monto que quede fijado definitivamente su instancia superior, se aplicará la corrección monetaria a partir de la regulación de la instancia inferior. No será menester justificar en juicios los índices que se aplicarán de oficio por los Sres. Jueces y Tribunales”."
    ]
  }
}