{
  "METADATOS": {
    "ID_FALLO": "9085",
    "MES": "08",
    "ARTICULOS_CITADOS": {
      "citations": [
        {
          "main_source": "Ley 7046",
          "cited_articles": [
            31,
            71
          ],
          "extra": "art. 31 ap. 2do, art. 71"
        },
        {
          "main_source": "Código Procesal Civil y Comercial (CPCC)",
          "cited_articles": [
            280
          ],
          "extra": "art 280"
        },
        {
          "main_source": "Otro",
          "cited_articles": [
            30
          ],
          "extra": "art. 30"
        },
        {
          "main_source": "Ley 10.704",
          "cited_articles": [],
          "extra": "ley 10.704"
        },
        {
          "main_source": "Acuerdo General 15/18 SNE",
          "cited_articles": [
            1,
            4
          ],
          "extra": "arts. 1º y 4º"
        },
        {
          "main_source": "Acuerdo General 11/20",
          "cited_articles": [],
          "extra": "Acuerdo Gral. 11/20 del 23-6-2020"
        },
        {
          "main_source": "Otro",
          "cited_articles": [
            33
          ],
          "extra": "art. 33 de la LOPJ"
        },
        {
          "main_source": "Otro",
          "cited_articles": [],
          "extra": "MUNICIPALIDAD DE PARANA C/ GALIZZI INES S/ MONITORIO APREMIO - Expte. Nº 9085"
        },
        {
          "main_source": "Otro",
          "cited_articles": [
            31,
            71
          ],
          "extra": "arts. 31 y 71 ley arancelaria"
        },
        {
          "main_source": "Otro",
          "cited_articles": [
            31
          ],
          "extra": "art. 31 de la LA"
        },
        {
          "main_source": "Otro",
          "cited_articles": [
            71
          ],
          "extra": "art. 71 de la LA"
        },
        {
          "main_source": "Otro",
          "cited_articles": [
            71
          ],
          "extra": "art. 71 de la ley 7046"
        }
      ]
    }
  },
  "MATERIA_PRELIMINAR": "MONITORIO APREMIO",
  "IDEA_CENTRAL": "**IDEA CENTRAL DEL FALLO:**\n\nEl Tribunal declaró inadmisible el recurso de inaplicabilidad de ley interpuesto por la parte demandada en el caso \"MUNICIPALIDAD DE PARANA C/ GALIZZI INES S/ MONITORIO APREMIO\", confirmando la regulación de honorarios efectuada por la Cámara de Apelaciones. La decisión se fundamenta en la falta de fundamentación adecuada del recurso y en la correcta aplicación de las normas arancelarias por parte de la Cámara.\n\n**Aspectos Legales Relevantes:**\n\n1. **Normativa Aplicable:**\n   - Ley 7046 (Ley Arancelaria).\n   - Artículos 31 y 71 de la Ley 7046, que regulan la base para el cálculo de honorarios y su ajuste en función de la naturaleza del litigio.\n\n2. **Fundamento de la Decisión:**\n   - La Cámara había determinado que los honorarios debían calcularse sobre el capital resultante de la resolución del juicio, incluyendo intereses, y aplicando la escala correspondiente.\n   - Se rechazó la afirmación del recurrente de que los honorarios eran confiscatorios, argumentando que no se había demostrado un error en la aplicación de las normas.\n\n**Razonamiento del Tribunal:**\n\nEl Tribunal consideró que el recurso carecía de la debida fundamentación, ya que el recurrente no especificó los errores en la aplicación de las normas citadas ni demostró cómo estos errores influían en el resultado. Además, se destacó que la Cámara había explicado detalladamente la metodología utilizada para la regulación de honorarios, lo que desvirtuaba las alegaciones de indefensión del recurrente. Por lo tanto, se concluyó que no existían vicios que justificaran la revisión del pronunciamiento.\n\n**Conclusión:**\n\nEl fallo reafirma la importancia de una adecuada fundamentación en los recursos judiciales y la correcta aplicación de las normas arancelarias en la regulación de honorarios, desestimando el recurso por insuficiencia argumentativa.",
  "CONTENIDO": {
    "INICIO": [
      "\"MUNICIPALIDAD DE PARANA C/ GALIZZI INES S/ MONITORIO APREMIO\" - Expte. Nº 9085"
    ],
    "ACUERDO": [
      "En la ciudad de Paraná, capital de la provincia de Entre Ríos, al primer día del mes de agosto del año dos mil veinticuatro reunidos los integrantes de este Tribunal asistidos por el Secretario autorizante, para conocer el recurso de inaplicabilidad de ley deducido en fecha 28/12/2023 en las actuaciones:",
      "\"MUNICIPALIDAD DE PARANA C/ GALIZZI INES S/ MONITORIO APREMIO\" - Expte. Nº 9085, respecto de la resolución de la Sala Segunda de la Cámara Segunda de Apelaciones de Paraná dictada en fecha 12/12/2023. Se practicó el sorteo de ley resultando que la votación debía tener lugar en el siguiente orden: Sra. Vocal Gisela N. Schumacher; Sr. Vocal Carlos Federico Tepsich y Sr.",
      "Vocal Leonardo Portela.",
      "Estudiados los autos, la Sala se planteó la siguiente cuestión: ¿qué corresponde resolver respecto del recurso de inaplicabilidad de ley interpuesto?",
      "A LA CUESTIÓN PROPUESTA LA SRA. VOCAL GISELA N. SCHUMACHER Y EL SR. VOCAL CARLOS FEDERICO TEPSICH"
    ],
    "DIJERON": [
      "1.- Contra la sentencia de la Cámara Segunda de Apelaciones Sala Segunda de Paraná (12/12/2023), que rechazó el recurso de apelación interpuesto contra la sentencia dictada por el juez de grado en fecha 2/8/2023 como así también rechazó el recurso de apelación contra la regulación de honorarios allí efectuada y, en consecuencia, confirmó la misma, articuló recurso de inaplicabilidad de ley la parte demandada en los términos de los arts. 112 y 113 de la LA, es decir, únicamente cuestionando los honorarios regulados.",
      "Para así decidir la Cámara, y en lo que al presente recurso interesa, sostuvo que no es correcta la pretensión del recurrente de que se regulen los honorarios sin considerar la debida conformación del importe que tuvo en cuenta el juez de grado al momento de resolver.",
      "Adicionó que resulta falaz la afirmación del recurrente de que lo regulado debe representar solo el 30 % del litigio, por cuanto éste no ha computado previamente los intereses del monto condenado, los que se deben adicionar al momento del cálculo del honorario definitivo.",
      "Sostuvo que no es cierto que la regulación cuestionada represente el porcentual expresado en el memorial, pues para dicho calculo el recurrente parte de una premisa errónea, esto es, el capital histórico sin actualizar, lo que no se condice con lo establecido por el art. 31 ap. 2do de la Ley 7046.",
      "Afirmó que tampoco asiste razón al recurrente respecto del supuesto error del sentenciante en las normas arancelarias aplicadas, lo que luce correcto.",
      "Finalmente señaló que para el cálculo de los honorarios debe tomarse el importe del capital resultante de la resolución de fecha 15/2/2023, con \"MUNICIPALIDAD DE PARANA C/ GALIZZI INES S/ MONITORIO APREMIO\" - Expte. Nº 9085 más sus intereses a T.A.B.N. a la fecha de la sentencia impugnada (2/8/2023) considerando la completitud del juicio ejecutivo en sus mayores instancias procesales -es decir pleito terminado-, y obtenido dicho monto aplicarse el artículo 71 de la Ley 7046 (80 % de la escala debido a la existencia de oposición y excepción), todo ello en armonía con las disposiciones generales para monto de litigio del art. 31 de la LA.",
      "Que a partir de ello sostuvo que los honorarios resultaban adecuados no vislumbrándose vicios de arbitrariedad, ni pudiendo descalificarse el pronunciamiento recurrido.",
      "2.- Contra dicha sentencia interpuso la demandada recurso de inaplicabilidad de ley (P.E. 28/12/2023), denunció violación de las normas legales arancelarias -arts. 31 y 71 ley arancelaria- e imputó a la regulación de resultar confiscatoria.",
      "Sostuvo que no se siguió el procedimiento establecido por el art.",
      "31 de la LA. Agregó que ni el juez de primera instancia ni la Sala de la Cámara explicaron cuál era la base económica tenida en cuenta, qué lapso se encontraba comprendido y la metodología seguida para la estimación de los honorarios cuestionados, lo que colocó a su parte en un estado de indefensión.",
      "Asimismo, expresó que no se aplicó la retasa del quantum que prevé el art. 71 de la LA, el que es abarcativo de las ejecuciones fiscales. Lo que sostuvo pone en evidencia la desproporción que se configura entre el monto reclamado y los honorarios fijados.",
      "3.- La Cámara concedió el recurso de inaplicabilidad con efecto suspensivo atento encontrar reunidos los requisitos formales exigidos para la admisibilidad de la vía (18/4/2024).",
      "4.- Reseñados los antecedentes del presente juicio, cabe introducirse en el análisis del recurso de inaplicabilidad de ley interpuesto, el que se encuentra encuadrado en el marco normativo previsto por el artículo 112 y 113 de la ley 7046.",
      "5.- En tal sentido corresponde, en primer lugar, examinar si éste cumple con los presupuestos de admisibilidad que exige el segundo párrafo del art 280 del CPCC, en particular si satisface adecuadamente con el recaudo de fundamentación suficiente, el que nos encontramos habilitados a efectuar.",
      "6.- A tal efecto señalamos que, como principio general, el recurso de inaplicabilidad de ley trata de corregir los errores de juzgamiento en la aplicación de las normas jurídicas, quedando marginadas las cuestiones de hecho.",
      "Lo contrario significaría confundir el recurso de inaplicabilidad con el de apelación, oportunidad en que la alzada revisa tanto las cuestiones de hecho como las de derecho; si así se entendiere, significaría considerar a esta Sala como tribunal de tercera instancia ordinaria.",
      "\"MUNICIPALIDAD DE PARANA C/ GALIZZI INES S/ MONITORIO APREMIO\" - Expte. Nº 9085 7.- Abordando el recurso cabe mencionar que el mismo adolece de un vicio que obsta su tratamiento, el que radica en una deficiente y casi ausente fundamentación. Ello surge evidente del memorial agravios en el que el quejoso se limita -únicamente- a señalar que las normas legales citadas por la Cámara fueron erróneamente aplicadas -arts. 31 y 71 L.A.-, pero omite expresar cuál fue el error incurrido o la incorrecta aplicación efectuada por ésta.",
      "Asimismo, resulta falaz lo afirmado por el recurrente en torno a que la Cámara no determinó cuál era la base económica, cuál el lapso de tiempo por el cuál se aplicaban los intereses, y cuál la metodología aplicada.",
      "Ello es así por cuanto minuciosamente la Cámara detalló dichos extremos, constituyendo este el fundamento central por el cual se rechaza su apelación.",
      "En tal sentido la Cámara sostuvo que el presente proceso monitorio debía computarse como juicio completo, que la base económica estaba conformada por el capital resultante de la resolución de fecha 15/2/2023, a la que correspondía adicionarse los intereses TABN desde dicha fecha y hasta la fecha de la resolución cuestionada (2/8/2023). Finalmente, sobre dicha base correspondía aplicar la escala del art. 30 con la reducción prevista por el art. 71 de la ley 7046 (80 % de la escala).",
      "De esta manera sostuvo que los honorarios regulados no resultaban altos, desproporcionados, ni arbitrarios, que le permita descalificar el acto jurisdiccional cuestionado.",
      "8.- A lo expuesto solo resta adicionar que el recurrente también ha omitido realizar los cálculos correspondientes, conforme la base económica aplicable, a fin de demostrar que el supuesto incumplimiento y/o error de la Cámara en la aplicación de los arts. 31 y 71 LA, conduzca a un resultado diverso y conforme a su pretensión en cuanto refiere a la determinación del monto de los honorarios regulados.",
      "9.- En relación a la debida fundamentación que debe satisfacer el recurso de inaplicabilidad de ley, esta Sala tiene dicho reiteradamente que \" ... el recurrente debe indicar la ley o doctrina violada o erróneamente aplicada demostrando claramente tal señalamiento, precisando en que consiste la violación o el error, impugnando con argumentos idóneos los fundamentos que sustentan el fallo, \"explicando en base a los presupuestos del pronunciamiento, en que ha consistido la infracción, cuál es su influencia en el dispositivo y cómo y por qué se debe variar ...\" 1.",
      "10.- En consecuencia, el recurso debe declararse inadmisible pues 1 De la Rúa, El Recurso de Casación, pág. 464, Ed. Zavalía, Bs.As. 1968. Cfr.. \"Urite Dora Eddy s/Sucesorio\" Expte. Nº 4142 sentencia del 02/09/04 y \"Gottig Néstor T. y Otro c/Petrogal S.R.L.",
      "s/Sumario\" Expte. Nº 4140 sentencia del 08/09/04; \"Arrúa Remigio Guillermo c/ Pietrantueno Gustavo Armando y Otro s/Daños y Perjuicios\" Expte. Nº 4247, sentencia del 08/04/05- \"MUNICIPALIDAD DE PARANA C/ GALIZZI INES S/ MONITORIO APREMIO\" - Expte. Nº 9085 carece de toda crítica o impugnación contra la sustancial fundamentación, que es central y propia de dicha resolución, todo lo que demuestra que su queja resulta inaudible al resultar netamente insuficiente, pues no cuestiona ni dirige su crítica contra el fundamento medular del fallo recurrido; de ese modo omite dar argumentos que permitan considerar si la decisión de la Cámara es errónea. Sin costas, dada la naturaleza arancelaria de la cuestión. ASÍ VOTAMOS.",
      "Por último, habiendo mayoría absoluta, EL SR. VOCAL EN EJERCICIO DE LA PRESIDENCIA DEL STJ, DR. LEONARDO PORTELA, se abstiene de votar y firmar la presente resolución con arreglo a lo dispuesto por el art. 33 de la LOPJ, texto según ley 10.704.",
      "Con lo que no siendo para más se da por finalizado el acto quedando acordada la siguiente sentencia:",
      "Paraná, 1° de agosto de 2024."
    ],
    "Y VISTO": [
      "Por los fundamentos del acuerdo que antecede se,"
    ],
    "RESUELVE": [
      "DECLARAR INADMISIBLE el recurso de inaplicabilidad de ley deducido en fecha 28/12/2023, respecto de la resolución de la Sala Segunda de la Cámara Segunda de Apelaciones de Paraná dictada en fecha 12/12/2023.",
      "Notifíquese conforme arts. 1º y 4º Ac. Gral. 15/18 SNE, regístrese y oportunamente devuélvase.",
      "Ante mí. En igual fecha se registró. Asimismo, se deja constancia que la presente se suscribe mediante firma digital -Acuerdo Gral. 11/20 del 23-6-2020, Punto 4°) prescindiéndose de su impresión en formato papel."
    ]
  }
}