{
  "METADATOS": {
    "ID_FALLO": "9099",
    "MES": "08",
    "ARTICULOS_CITADOS": {
      "citations": [
        {
          "main_source": "Código Procesal Civil y Comercial (CPCC)",
          "cited_articles": [
            14
          ],
          "extra": "inc. 7"
        },
        {
          "main_source": "Otro",
          "cited_articles": [
            33
          ],
          "extra": "de la LOPJ"
        },
        {
          "main_source": "Ley 10.704",
          "cited_articles": [],
          "extra": ""
        },
        {
          "main_source": "Otro",
          "cited_articles": [
            33
          ],
          "extra": "LOPJ"
        },
        {
          "main_source": "Acordada 4/2007",
          "cited_articles": [
            1,
            4
          ],
          "extra": "conforme arts."
        },
        {
          "main_source": "Acuerdo General 11/20",
          "cited_articles": [],
          "extra": "del 23-6-2020"
        }
      ]
    }
  },
  "MATERIA_PRELIMINAR": "ORDINARIO DAÑOS Y PERJUICIOS (OC)",
  "IDEA_CENTRAL": "**IDEA CENTRAL DEL FALLO**\n\nEn el caso \"JIMENEZ ACOSTA DANIEL ANDRES Y OTRA C/ GUERRERO MARIA BEATRIZ Y OTRA S/ ORDINARIO DAÑOS Y PERJUICIOS (OC)\", el tribunal resolvió aceptar la excusación del Sr. Vocal Carlos Federico Tepsich, quien se había abstenido de participar en la decisión debido a una causal de recusación prevista en el artículo 14, inciso 7 del Código Procesal Civil y Comercial (CPCC).\n\n**Decisión Judicial Principal y Fundamento**\n\nLa decisión principal fue la aceptación de la excusación del vocal, lo que permitió la integración de la sala con otros miembros. Esta acción se fundamenta en la necesidad de garantizar la imparcialidad y la correcta administración de justicia, conforme a lo estipulado en el CPCC y la Ley Orgánica del Poder Judicial (LOPJ).\n\n**Aspectos Legales Relevantes**\n\n1. **Código Procesal Civil y Comercial (CPCC)**: Artículo 14, inciso 7, que establece las causales de excusación de los jueces.\n2. **Ley Orgánica del Poder Judicial (LOPJ)**: Artículo 33, que regula la abstención de los vocales en casos de recusación.\n\n**Razonamiento del Tribunal**\n\nEl tribunal, al aceptar la excusación, actuó conforme a los principios de imparcialidad y transparencia que rigen el proceso judicial. La abstención del vocal Tepsich fue considerada adecuada dado que había emitido opinión en una resolución anterior relacionada con el caso, lo que podría comprometer su objetividad. La integración de la sala con otros vocales garantiza que la decisión final se tome de manera justa y sin conflictos de interés.\n\nEn conclusión, la resolución se alinea con los principios fundamentales del derecho procesal, asegurando que las decisiones judiciales sean tomadas por magistrados que actúen sin prejuicios ni influencias externas.",
  "CONTENIDO": {
    "INICIO": [
      "\"JIMENEZ ACOSTA DANIEL ANDRES Y OTRA C/ GUERRERO MARIA BEATRIZ Y OTRA S/ ORDINARIO DAÑOS Y PERJUICIOS (OC)\" - Expte. N° 9099 PARANÁ, 19 de agosto de 2024."
    ],
    "VISTO Y CONSIDERANDO": [
      "La excusación del Sr. Vocal Carlos Federico Tepsich de fecha 28/6/2024 en las actuaciones \"JIMENEZ ACOSTA DANIEL ANDRES Y OTRA C/ GUERRERO MARIA BEATRIZ Y OTRA S/ ORDINARIO DAÑOS Y PERJUICIOS (OC)\" - Expte. N° 9099, y atento a que ha quedado configurada la causal dispuesta por el art. 14 inc. 7 del CPCC, puesto que emitió opinión en la resolución de fecha 28/12/2023, corresponde aceptarla.",
      "Asimismo, habiendo mayoría absoluta, el Sr. Vocal en ejercicio de la presidencia del STJ, Leonardo Portela, se abstiene de votar y firmar la presente resolución con arreglo a lo dispuesto por el art. 33 de la LOPJ, texto según ley 10.704.",
      "En consecuencia, se"
    ],
    "RESUELVE": [
      "Aceptar la excusación del Sr. Vocal Carlos Federico Tepsich, quedando integrada esta Sala por la Sra. Vocal Gisela N. Schumacher, Sr. Vocal Miguel A. Giorgio y el Sr. Vocal Leonardo Portela (art. 33, LOPJ).",
      "Regístrese y notifíquese conforme arts. 1 y 4 Acordada 15/18 SNE.",
      "Ante mí. En igual fecha se registró. Conste. Asimismo, se deja constancia que la presente se suscribe mediante firma digital -Acuerdo Gral. 11/20 del 23-6-2020, Punto 4°) prescindiéndose de su impresión en formato papel."
    ]
  }
}