{
  "METADATOS": {
    "ID_FALLO": "9107",
    "MES": "08",
    "ARTICULOS_CITADOS": {
      "citations": [
        {
          "main_source": "Código Procesal Civil y Comercial (CPCC)",
          "cited_articles": [
            280,
            281,
            65,
            66
          ],
          "extra": "tercer párrafo"
        },
        {
          "main_source": "Ley 7046",
          "cited_articles": [
            30,
            3,
            64,
            94,
            50,
            63
          ],
          "extra": "modif. por ley 11.141"
        },
        {
          "main_source": "Acuerdo General 15/18 SNE",
          "cited_articles": [
            1,
            4
          ],
          "extra": "conforme"
        },
        {
          "main_source": "Acuerdo General 11/20",
          "cited_articles": [
            28
          ],
          "extra": "del 23-6-2020"
        },
        {
          "main_source": "Otro",
          "cited_articles": [
            138,
            50,
            29,
            114
          ],
          "extra": "ley arancelaria"
        }
      ]
    }
  },
  "MATERIA_PRELIMINAR": "ALIMENTOS",
  "IDEA_CENTRAL": "**IDEA CENTRAL DEL FALLO:**\n\nEl Tribunal de Paraná resolvió declarar \"mal concedido\" el recurso de inaplicabilidad de ley interpuesto por el demandado, Jonathan Jeremías Zabala, en el caso de alimentos promovido por Débora Rocío Fitipaldi en representación de su hija menor. La decisión se fundamenta en el incumplimiento del requisito del depósito previo, exigido por el artículo 280 del Código Procesal Civil y Comercial, aplicable por remisión en la Ley Procesal de Familia.\n\n**Aspectos Legales Relevantes:**\n\n1. **Código Procesal Civil y Comercial**: Artículo 280, que establece la obligación de realizar un depósito previo para la admisión de recursos.\n2. **Ley Procesal de Familia**: Artículo 281, que remite a las disposiciones del Código Procesal Civil y Comercial.\n3. **Regulación de Honorarios**: Ley 7046 y sus modificaciones, que regulan los honorarios profesionales en función del monto del juicio.\n\n**Razonamiento del Tribunal:**\n\nEl Tribunal, al analizar el recurso, determinó que el demandado no cumplió con el requisito del depósito previo, lo que obsta a la admisibilidad del recurso de inaplicabilidad de ley. Aunque en casos de alimentos se han admitido excepciones, el alimentante no presentó razones que justificaran su incumplimiento. Por lo tanto, se confirmó la sentencia de primera instancia que había ordenado el pago de la cuota alimentaria y se impusieron las costas al vencido.\n\nFinalmente, se regularon los honorarios de los abogados intervinientes, conforme a la ley aplicable, fijando montos específicos para cada uno.\n\n**Conclusión:**\n\nEl fallo reafirma la importancia del cumplimiento de los requisitos procesales en los recursos judiciales, especialmente en materia de alimentos, y establece precedentes sobre la regulación de honorarios en estos casos.",
  "CONTENIDO": {
    "INICIO": [
      "\"FITIPALDI DEBORA ROCIO C/ ZABALA JONATHAN JEREMIAS S/ ALIMENTOS\" - Expte. Nº 9107"
    ],
    "ACUERDO": [
      "En la ciudad de Paraná, capital de la provincia de Entre Ríos, a los treinta días del mes de agosto del año dos mil veinticuatro reunidos los integrantes de este Tribunal asistidos por el Secretario autorizante, para conocer el recurso de inaplicabilidad de ley deducido en fecha 22/4/2024 en las actuaciones:",
      "\"FITIPALDI DEBORA ROCIO C/ ZABALA JONATHAN JEREMIAS S/ ALIMENTOS\" - Expte. Nº 9107, respecto de la resolución de la Sala Tercera de la Cámara Segunda de Apelaciones de Paraná dictada en fecha 4/4/2024. Se practicó el sorteo de ley resultando que la votación debía tener lugar en el siguiente orden: Sra. Vocal Gisela N. Schumacher; Sr. Vocal Carlos Federico Tepsich y Sr.",
      "Vocal Leonardo Portela.",
      "Estudiados los autos, la Sala se planteó las siguientes cuestiones:",
      "¿qué corresponde resolver respecto del recurso de inaplicabilidad de ley interpuesto? y, en su caso, ¿cómo deben regularse los honorarios profesionales en esta instancia?",
      "A LA PRIMERA CUESTIÓN PROPUESTA LA SRA."
    ],
    "VOCAL GISELA SCHUMACHER DIJO": [
      "1.- La sentencia de primera instancia (18/9/2023) hizo lugar a la demanda de alimentos promovida por la actora en representación de su hija menor de edad, y condenó al accionado a abonar la cuota alimentaria en el valor equivalente a una (1) Canasta de Crianza; impuso las costas a la parte demandada y reguló honorarios.",
      "A través de aclaratoria (31/10/2023), se condenó además al alimentante a abonar la deuda alimentaria devengada desde la demanda y hasta la sentencia, fijando la cuota suplementaria y cantidad de cuotas una vez que se confeccione y apruebe la correspondiente planilla de liquidación.",
      "2.- Apeló el demandado (26/9/2023 y 13/11/2023).",
      "3.- La Cámara Segunda de Apelaciones de Paraná, Sala Tercera, rechazó los recursos de apelación deducidos, impuso las costas a la parte vencida y reguló honorarios profesionales (4/4/2024).",
      "4.- El demandado interpuso recurso de inaplicabilidad de ley (22/4/2024).",
      "5.- La contraria contestó el traslado oportunamente dispuesto (11/5/2024).",
      "6.- La Cámara concedió el recurso de inaplicabilidad de ley incoado, con efecto suspensivo.",
      "7.- Arribadas las actuaciones a esta Sala, se corrió vista el señor Defensor General de la Provincia.",
      "En su dictamen, el doctor Maximiliano Benítez propició se rechace la vía recursiva entablada, y se confirme el fallo recurrido (3/7/2024).",
      "\"FITIPALDI DEBORA ROCIO C/ ZABALA JONATHAN JEREMIAS S/ ALIMENTOS\" - Expte. Nº 9107 8.- Resumidos los antecedentes del caso, ingreso directamente al tratamiento de la impugnación articulada.",
      "En esta tarea el renovado control de admisibilidad, que como jueza del recurso corresponde efectuar en esta instancia, obsta al tratamiento de las pretensiones esgrimidas por la querella.",
      "Ello en tanto el informe de Secretaría de fecha 19/6/2024 da cuenta que el recurrente no cumplió con el requisito del depósito previo, contenido en el artículo 280, tercer párrafo, del Código Procesal Civil y Comercial (aplicable por remisión del artículo 281 de la Ley Procesal de Familia).",
      "En efecto, por la presente vía se impugnó una sentencia de Cámara confirmatoria de la dictada en primera instancia. Y si bien en los juicios de alimentos esta Sala ha admitido excepciones respecto de la exigencia de dicha carga; lo cierto es que el alimentante no se encuentra exonerado de efectuar el depósito exigido por la normativa ritual1, ni se alegaron u observan razones que permitan inferir algún tipo de error excusable con relación al incumplimiento del extremo.",
      "9.- Por consiguiente, corresponde declarar mal concedido el recurso de inaplicabilidad de ley promovido por el accionado, con costas al 1en igual sentido, esta Sala Nº 2, STJER, en la causa \"M. C. C. C/ M. W. L. S/ ALIMENTOS\", Nº 7738, sentencia del 27/8/2018 vencido (artículo 65 del Código Procesal Civil y Comercial, aplicable por remisión del artículo 138 de la Ley Procesal de Familia). ASÍ VOTO.",
      "A LA PRIMERA CUESTIÓN PROPUESTA LOS SRES.",
      "VOCALES CARLOS FEDERICO TEPSICH Y LEONARDO PORTELA"
    ],
    "DIJERON": [
      "Por las razones expuestas por la Sra. Vocal preopinante, consideramos que debe declararse mal concedido el presente recurso de inaplicabilidad de ley, con costas (art. 65 y 66 CPCC) ASÍ VOTAMOS.",
      "A LA SEGUNDA CUESTIÓN PROPUESTA LA SRA.",
      "Adherimos al voto de la Sra. vocal preopinate. ASÍ VOTAMOS.",
      "Con lo que no siendo para más se da por finalizado el acto quedando acordada la siguiente sentencia:",
      "Paraná, 30 de agosto de 2024."
    ],
    "VOCAL GISELA N. SCHUMACHER DIJO": [
      "1.- Considerando lo dispuesto por el art. 50 de la ley arancelaria que establece que el monto económico del juicio está determinado por la suma correspondiente a un año de cuota alimentaria (en el caso, canasta de crianza para un niño o niña de la edad de 6 a 12 años) y el monto del jurista al día de la fecha ($51.823,67), el valor a considerar a los fines regulatorios asciende a 101,01 juristas.",
      "Por lo tanto, aplicando la escala del art. 30 de la ley 7046, el 21% de 101,01 juristas son 21,21 juristas que es el monto que correspondería regular a la parte vencedora en primera instancia.",
      "De esta manera, por la labor en esta instancia extraordinaria amerita regular el 50% de 21,21 juristas al letrado de la parte vencedora, y el 70% \"FITIPALDI DEBORA ROCIO C/ ZABALA JONATHAN JEREMIAS S/ ALIMENTOS\" - Expte. Nº 9107 de esa suma al letrado de la parte vencida (arts. 3, 64 y 94 de la ley 7046 modif.",
      "por ley 11.141).",
      "2.- En consecuencia, regular los honorarios profesionales a los letrados Juan J. Raimondo Burlando y Roberto Juan Ignacio Martínez Zabala en las respectivas sumas de pesos quinientos cuarenta y nueve mil trescientos treinta con noventa centavos ($ 549.330,90), equivalentes a 10,6 juristas; y pesos trescientos ochenta y cuatro mil quinientos treinta y uno con sesenta y tres centavos ($ 384.531,63), equivalentes a 7,42 juristas -arts. 3, 50, 63, 64 y 64 de la ley 7046 modif. por ley 11.141-.",
      "A LA SEGUNDA CUESTIÓN PROPUESTA LOS SRES.",
      "VOCALES CARLOS FEDERICO TEPSICH Y LEONARDO PORTELA"
    ],
    "Y VISTO": [
      "Por los fundamentos del acuerdo que antecede por unanimidad se,"
    ],
    "RESUELVE": [
      "DECLARAR MAL CONCEDIDO el recurso de inaplicabilidad de ley deducido en fecha 22/4/2024, respecto de la resolución de la Sala Tercera de la Cámara Segunda de Apelaciones de Paraná dictada en fecha 4/4/2024.",
      "IMPONER costas al vencido.",
      "REGULAR los honorarios profesionales a los letrados Juan J.",
      "Raimondo Burlando y Roberto Juan Ignacio Martínez Zabala en las respectivas sumas de pesos quinientos cuarenta y nueve mil trescientos treinta con noventa centavos ($ 549.330,90), equivalentes a 10,6 juristas; y pesos trescientos ochenta y cuatro mil quinientos treinta y uno con sesenta y tres centavos ($ 384.531,63), equivalentes a 7,42 juristas -arts. 3, 50, 63, 64 y 64 de la ley 7046 modif. por ley 11.141-.",
      "Tener presente la reserva del caso federal.",
      "Notifíquese conforme arts. 1º y 4º Ac. Gral. 15/18 SNE, regístrese y oportunamente devuélvase.",
      "Ante mí. En igual fecha se registró. Asimismo, se deja constancia que la presente se suscribe mediante firma digital -Acuerdo Gral. 11/20 del 23-6-2020, Punto 4°) \"FITIPALDI DEBORA ROCIO C/ ZABALA JONATHAN JEREMIAS S/ ALIMENTOS\" - Expte. Nº 9107 prescindiéndose de su impresión en formato papel.",
      "Existiendo regulación de honorarios a abogados y/o procuradores, cumpliendo con lo dispuesto por la ley 7046, se transcriben los siguientes los artículos:",
      "Art. 28: NOTIFICACIÓN DE TODA REGULACIÓN. Toda regulación de honorarios deberá notificarse personalmente o por cédula. Para el ejercicio del derecho al cobro del honorario al mandante o patrocinado, la notificación deberá hacerse en su domicilio real. En todos los casos la cédula deberá ser suscripta por el Secretario del Juzgado o Tribunal con transcripción de este Artículo y del art. 114 bajo pena de nulidad. No será necesaria la notificación personal o por cédula de los autos que resuelvan los reajustes posteriores que se practiquen por aplicación del art.114\".",
      "Art. 114: PAGO DE HONORARIOS. Los honorarios regulados judicialmente deberán abonarse dentro de los diez días de requerido su pago en forma fehaciente. Operada la mora, el profesional podrá reclamar el honorario actualizado con aplicación del índice, previsto en el art. 29 desde la regulación y hasta el pago, con más un interés del 8% anual. En caso de tratarse de honorarios que han sido materia de apelación, sobre el monto que quede fijado definitivamente su instancia superior, se aplicará la corrección monetaria a partir de la regulación de la instancia inferior. No será menester justificar en juicios los índices que se aplicarán de oficio por los Sres. Jueces y Tribunales”."
    ]
  }
}