{
  "METADATOS": {
    "ID_FALLO": "9112",
    "MES": "08",
    "ARTICULOS_CITADOS": {
      "citations": [
        {
          "main_source": "Código Procesal Civil y Comercial de Entre Ríos (CPCCER)",
          "cited_articles": [
            118
          ],
          "extra": "Código Fiscal de Entre Ríos"
        },
        {
          "main_source": "Acuerdo General 28/15",
          "cited_articles": [],
          "extra": "Superior Tribunal de Justicia Nº 28/15 de fecha 22/09/2015"
        },
        {
          "main_source": "Acordada 4/2007",
          "cited_articles": [],
          "extra": "Acordada Nº 28/15"
        },
        {
          "main_source": "Acuerdo General 28/15",
          "cited_articles": [],
          "extra": "Acuerdo General del S.T.J. N° 28/15"
        },
        {
          "main_source": "Otro",
          "cited_articles": [
            33
          ],
          "extra": "art. 33 de la LOPJ"
        },
        {
          "main_source": "Ley 10.704",
          "cited_articles": [],
          "extra": "ley 10.704"
        },
        {
          "main_source": "Acuerdo General 11/20",
          "cited_articles": [],
          "extra": "Acuerdo Gral. 11/20 del 23-6-2020"
        }
      ]
    }
  },
  "MATERIA_PRELIMINAR": "MONITORIO APREMIO (3094",
  "IDEA_CENTRAL": "**IDEA CENTRAL DEL FALLO**\n\nEl fallo judicial resuelve un conflicto de competencia entre distintos juzgados respecto a un proceso de apremio monitorio iniciado por el Sistema de Prevención Social para Médicos y Bioquímicos de Entre Ríos contra Gabriela Inés Lescano. La decisión principal es declarar la competencia del Juzgado Civil, Comercial y Laboral N° 2 de La Paz para continuar con el proceso, fundamentándose en el artículo 118 del Código Fiscal de Entre Ríos y la Acordada General N° 28/15 del Superior Tribunal de Justicia.\n\n**Aspectos Legales Relevantes:**\n1. **Código Fiscal de Entre Ríos, Art. 118**: Establece que en juicios de apremio es competente el juez del domicilio tributario o real del demandado.\n2. **Acordada General N° 28/15**: Fija límites de competencia material para los Juzgados de Paz en procesos de ejecución, estableciendo un monto de hasta 100 juristas.\n3. **Resolución N° 3135 de la Caja Forense**: Determina el valor del jurista, que en el momento de la demanda era de $1.150.\n\n**Razonamiento del Tribunal:**\nEl tribunal, tras analizar las distintas declaraciones de incompetencia de los juzgados involucrados, concluyó que el monto reclamado en la demanda (que superaba el límite establecido por la Acordada) y el momento de interposición de la demanda son determinantes para establecer la competencia. Se considera que el valor del jurista vigente al momento de la presentación de la demanda es el que debe prevalecer para evitar dilaciones procesales y garantizar la seguridad jurídica.\n\nEn consecuencia, se remiten las actuaciones al Juzgado Civil, Comercial y Laboral N° 2 de La Paz, reafirmando su competencia para continuar con el proceso de apremio.",
  "CONTENIDO": {
    "INICIO": [
      "\"SISTEMA DE PREVISION SOCIAL PARA MEDICOS Y BIOQUIMICOS DE E. R. C/ LESCANO GABRIELA INES S/ MONITORIO APREMIO (3094 -COMPETENCIA-)\" - Expte. Nº 9112 PARANÁ, 19 de agosto de 2024."
    ],
    "VISTO": [
      "El conflicto de competencia suscitado entre el Juzgado Civil, Comercial y Laboral N° 2 de La Paz y los Juzgados de Paz de La Paz y Bovril, en los autos \"SISTEMA DE PREVISION SOCIAL PARA MEDICOS Y BIOQUIMICOS DE E. R. C/ LESCANO GABRIELA INES S/ MONITORIO APREMIO (3094 -COMPETENCIA-)\" - Expte. Nº 9112 y,"
    ],
    "CONSIDERANDO": [
      "1) Que el Sistema de Prevención Social para Médicos y Bioquímicos de Entre Ríos promovió demanda de apremio monitoria (fecha, 10/12/2021), ante el Juzgado Civil y Comercial N° 10 de Paraná, contra Gabriela Inés Lescano -domiciliada en la localidad de Bovril, Departamento La Paz- por el cobro $ 238.458, más intereses y costas.",
      "La Sra. Jueza titular del Juzgado Civil y Comercial N° 10 de Paraná, Adriana Acevedo, dictó sentencia mandando a llevar adelante la ejecución (23/12/2021).",
      "Posteriormente, la demandada se presentó oponiéndose a la sentencia y entre sus defensas planteó la de incompetencia territorial, puesto que el artículo 118 del Código Fiscal de Entre Ríos establece que en los juicios de apremio es competente el juez del domicilio tributario o real del demandando a elección del actor y que en consecuencia las actuaciones se debían remitir al juzgado competente en función del domicilio de la demandada (fecha, 10/3/2022).",
      "La actora se allanó a ese planteo de incompetencia (fecha, 14/9/2022) y el Sr. magistrado suplente, Ignacio Basaldúa, previo dictamen fiscal y con fundamento en el citado artículo 118 del Código Fiscal, hizo lugar a la excepción planteada, se declaró incompetente y remitió los autos al Juzgado de Primera Instancia en lo Civil y Comercial en turno de La Paz (fecha, 28/2/2023).",
      "2) Recibidas las actuaciones por la magistrada del Juzgado Civil, Comercial y Laboral N° 2 de La Paz, Silvia Vega, previo dictamen del Ministerio Público Fiscal, declaró la incompetencia de ese organismo para entender en la causa invocando lo establecido en el Acuerdo General del Superior Tribunal de Justicia Nº 28/15 de fecha 22/09/2015.",
      "En sus fundamentos, consideró que al momento de la recepción del expediente (fecha, 22/03/2023) el valor del \"Ius Previsional\" ascendía a $ 2750 por lo que el monto ejecutado de $ 238.458 superaba la suma dispuesta por la Acordada Nº 28/15 para que ese Juzgado resulte competente; por lo cual, remitió las actuaciones al Juzgado de Paz de esa ciudad (23/08/2023).",
      "3) Por su parte, el magistrado a cargo del Juzgado de Paz de La Paz, Silvio Calleja, se declaró incompetente en razón del monto y del domicilio de \"SISTEMA DE PREVISION SOCIAL PARA MEDICOS Y BIOQUIMICOS DE E. R. C/ LESCANO GABRIELA INES S/ MONITORIO APREMIO (3094 -COMPETENCIA-)\" - Expte. Nº 9112 la demandada, por lo tanto remitió la causa al Juzgado de Paz de Bovril (fecha, 24/5/2024).",
      "4) Finalmente, la Sra. jueza del Juzgado de Paz de Bovril, Alejandra Boxler, se declaró incompetente y dispuso remitir las actuaciones a esta Para así decidir, entendió que la causa debía tramitar ante el Juzgado Civil, Comercial y Laboral N° 2 de La Paz, ya que el expediente se inició ante el Juzgado de Primera Instancia de Ejecuciones N° 10 de Paraná, y en fecha 10/12/2021 se promovió la demanda por un monto de $ 238.458 y, para esa fecha, conforme la Resolución N° 3135 dictada por la Caja Forense, el valor jurista era de $1.150, es decir, el monto reclamado no superaba los cien (100) juristas, según lo establece el Acuerdo General del S.T.J. N° 28/15, que fija la competencia material en los apremios para ese juzgado hasta cien (100) juristas.",
      "5) Recepcionados los autos por este Tribunal, se corrió vista a la Procuradora Fiscal Adjunta, Mónica Carmona, quien al contestar opinó que resulta competente el Juzgado Civil y Comercial N° 2 de La Paz, puesto que al encontrarse vigente la Acordada General N° 28/15 de fecha 22/09/2015, a su criterio resulta indispensable disponer -en virtud de la variabilidad del valor del jurista- qué momento procesal se tendrá en cuenta a los efectos de establecer la competencia. Ello, con el fin de no generar declaraciones de incompetencia sobrevinientes que provoquen una dilación del proceso, procurando así proteger la seguridad jurídica y la tutela judicial efectiva de los justiciables.",
      "Dijo que de acuerdo al criterio expuesto por este STJER en causas similares, resulta razonable que el valor del jurista que debe ser tenido en cuenta a la hora de establecer la competencia, es el que se encuentre vigente al momento de interposición de la demanda (fecha, 28/6/2024).",
      "6) Bajo estas pautas, en la tarea de dirimir el conflicto de competencia planteado ante esta Sala y coincidiendo con lo dictaminado por el Ministerio Público Fiscal, corresponde declarar la competencia del Juzgado Civil, Comercial y Laboral N° 2 de La Paz, atento lo dispuesto por la Acordada General Nº 28/15 de fecha 22/9/2015 que fija la competencia de los Juzgados de Paz de jurisdicciones como las de La Paz y Bovril, en 100 juristas para los procesos de ejecución.",
      "Ello es así, atento a que el escrito de demanda por la suma $ 238.458 , fue presentado por la ejecutante en fecha 10/12/2021, y en ese tiempo conforme la Resolución Nº 3135 de la Caja Forense de Entre Ríos, el valor jurista fijado por el Colegio de la Abogacía ascendía a la suma de $ 1.150.",
      "En consecuencia, corresponde declarar la competencia del Juzgado Civil, Comercial y Laboral N° 2 de La Paz al que se le remitirán las \"SISTEMA DE PREVISION SOCIAL PARA MEDICOS Y BIOQUIMICOS DE E. R. C/ LESCANO GABRIELA INES S/ MONITORIO APREMIO (3094 -COMPETENCIA-)\" - Expte. Nº 9112 presentes actuaciones, y comunicar lo resuelto a los Juzgados de Paz de La Paz y Bovril.",
      "Por último, habiendo mayoría absoluta, EL SR. VOCAL EN EJERCICIO DE LA PRESIDENCIA DEL STJ, DR. LEONARDO PORTELA, se abstiene de votar y firmar la presente resolución con arreglo a lo dispuesto por el art. 33 de la LOPJ, texto según ley 10.704.",
      "Por ello, se"
    ],
    "RESUELVE": [
      "DECLARAR la competencia del Juzgado Civil, Comercial y Laboral N° 2 de La Paz al que se le remitirán las presentes actuaciones, y comunicar lo resuelto a los Juzgados de Paz de La Paz y Bovril.",
      "Regístrese, notifíquese SNE y oportunamente remítase.",
      "Ante mí. En igual fecha se registró. Asimismo, se deja constancia que la presente se suscribe mediante firma digital -Acuerdo Gral. 11/20 del 23-6-2020, Punto 4°) prescindiéndose de su impresión en formato papel."
    ]
  }
}