{
  "METADATOS": {
    "ID_FALLO": "9005",
    "MES": "07",
    "ARTICULOS_CITADOS": {
      "citations": [
        {
          "main_source": "Código Procesal Civil y Comercial (CPCC)",
          "cited_articles": [
            65
          ],
          "extra": null
        },
        {
          "main_source": "Constitución Nacional (CN)",
          "cited_articles": [
            17,
            18
          ],
          "extra": null
        },
        {
          "main_source": "Código Civil y Comercial (CCC)",
          "cited_articles": [
            1997
          ],
          "extra": null
        },
        {
          "main_source": "Otro",
          "cited_articles": [],
          "extra": "in re: \"Arocena de González Nidya Esther c/ Angel Jorge Luis - Desalojo\", 17/3/1983, L.A.S. 1983, Fº 37"
        },
        {
          "main_source": "Otro",
          "cited_articles": [],
          "extra": "\"Fernández Mónica Alejandra c/Transportes Mariano Moreno S.A. - Sumario por daño Moral y extrapatrimonial\", 28/05/93, L.A.S. 1993, F° 417"
        },
        {
          "main_source": "Otro",
          "cited_articles": [],
          "extra": "\"Beheran Florentina c/ Woodbine Parish Sonia Elizabeth s/ ordinario\", Expte. Nº 6123, sentencia del 14/02/2012"
        },
        {
          "main_source": "Otro",
          "cited_articles": [],
          "extra": "cfr. esta Sala en autos \"Delaloye Hugo Luis y otra c/ Asociación Argentina de Los Adventistas del Séptimo Día s/ Ordinario Daños y Perjuicios\", sentencia del 15/03/2024"
        },
        {
          "main_source": "Ley 7046",
          "cited_articles": [
            3,
            64,
            94
          ],
          "extra": "modif. por ley 11.141"
        },
        {
          "main_source": "Ley 10.704",
          "cited_articles": [
            33
          ],
          "extra": "texto según ley 10.704"
        },
        {
          "main_source": "Acuerdo General 15/18 SNE",
          "cited_articles": [
            1,
            4
          ],
          "extra": "conforme"
        },
        {
          "main_source": "Acuerdo General 11/20",
          "cited_articles": [],
          "extra": "del 23-6-2020"
        }
      ]
    }
  },
  "MATERIA_PRELIMINAR": "DIVISION DE CONDOMINIO",
  "IDEA_CENTRAL": "**IDEA CENTRAL DEL FALLO:**\n\nEl Tribunal declara inadmisible el recurso de inaplicabilidad de ley interpuesto por la actora, Sandra María Schreiner, en el caso de división de condominio contra Gabriela Daniela Mogno. La decisión se fundamenta en la falta de argumentación concreta que demuestre arbitrariedad en la resolución apelada, que había establecido la distribución de costas en un 70% a cargo de la demandada y un 30% a la actora.\n\n**Aspectos Legales Relevantes:**\n\n1. **Costas del Juicio:** La sentencia de la Cámara de Apelaciones se basa en el principio general de que las costas deben ser impuestas en el orden causado, dado que la acción beneficia a todos los condóminos. Se consideró que la demandada no era totalmente responsable del derrotero extrajudicial complejo.\n\n2. **Fundamento Legal:** Se invocan los artículos 65 del Código Procesal Civil y Comercial (CPCC) y los artículos 17 y 18 de la Constitución Nacional, que regulan la distribución de costas y el derecho a un debido proceso.\n\n3. **Carga de la Prueba:** El Tribunal enfatiza que la parte recurrente debe demostrar la arbitrariedad en la decisión impugnada, lo cual no se logró en este caso.\n\n**Razonamiento del Tribunal:**\n\nEl Tribunal sostiene que los temas sobre costas son esencialmente cuestiones de hecho reservadas a las instancias ordinarias, y solo se pueden revisar en caso de inequidad o cuestionamiento sobre la calidad de vencedora o vencida. La actora no logró demostrar que la resolución de la Cámara infringiera las leyes lógicas o que su fundamentación fuera incompatible con las constancias del caso. Por lo tanto, se desestima el recurso y se imponen las costas a la parte recurrente.",
  "CONTENIDO": {
    "INICIO": [
      "\"SCHREINER SANDRA MARIA C/ MOGNO GABRIELA DANIELA S/ DIVISION DE CONDOMINIO\" - Expte. Nº 9005"
    ],
    "ACUERDO": [
      "En la ciudad de Paraná, capital de la provincia de Entre Ríos, a los veintidós días del mes de julio del año dos mil veinticuatro reunidos los integrantes de este Tribunal asistidos por el Secretario autorizante, para conocer el recurso de inaplicabilidad de ley deducido en fecha 14/12/2023 en las actuaciones:",
      "\"SCHREINER SANDRA MARIA C/ MOGNO GABRIELA DANIELA S/ DIVISION DE CONDOMINIO\" - Expte. Nº 9005, respecto de la resolución de la Sala Tercera de la Cámara Segunda de Apelaciones de Paraná dictada en fecha 29/11/2023 y su aclaratoria del 13/12/2023. Se practicó el sorteo de ley resultando que la votación debía tener lugar en el siguiente orden: Sr. Vocal Carlos Federico Tepsich;",
      "Sra. Vocal Gisela N. Schumacher y Sr. Vocal Leonardo Portela.",
      "Estudiados los autos, la Sala se planteó la siguiente cuestión: ¿qué corresponde resolver respecto del recurso de inaplicabilidad de ley interpuesto?",
      "A LA CUESTIÓN PROPUESTA EL SR. VOCAL CARLOS FEDERICO TEPSICH Y LA SRA. VOCAL GISELA N. SCHUMACHER"
    ],
    "DIJERON": [
      "1.- La sentencia dictada por la Sala III de la Cámara Segunda de Apelaciones de esta ciudad de fecha 29 de noviembre de 2023 admitió parcialmente el recurso de apelación interpuesto por la demandada reconviniente -Sra. Gabriela Daniela Mogno- contra el fallo de la instancia de origen del 24/11/2022 y, en consecuencia, en lo que aquí se debate, estableció la condena en costas de la siguiente manera: 70% por su orden y un 30% a cargo de la demandada y fijó la de alzada en un 70% a cargo de la demandada reconviniente y un 30% a cargo de la actora.",
      "Para así resolver y luego de establecer con cita doctrinaria y jurisprudencial que el principio general en la acción de división de condominios es que deben ser impuestas en el orden causado, en cuanto la acción beneficia a todos los condóminos. En tal sentido, destacó que existió un derrotero extrajudicial complejo, del cual no cabía considerar totalmente responsable por ello a la demandada, pero como el allanamiento no fue pleno al cuestionar la división en especie y en ese punto resultó vencida. En cuanto a las costas por la pretensión de rendición justificó la solución en la circunstancia que si bien la accionante al contestar procedió a rendir cuentas, éstas se aprobaron con correcciones a partir del cuestionamiento de la contraria.",
      "2.- Dicho pronunciamiento, en lo que respecta puntualmente a la determinación de las costas del juicio, fue motivo de impugnación por la parte actora por conducto del recurso de inaplicabilidad de ley que se pone a consideración de esta Sala.",
      "La parte recurrente invoca violación del art. 65 del CPCC, artículos 17 y 18 de la Constitución Nacional y arbitrariedad. Reclama que las costas deben imponerse a la parte demandada tanto en la división de condominio como por la \"SCHREINER SANDRA MARIA C/ MOGNO GABRIELA DANIELA S/ DIVISION DE CONDOMINIO\" - Expte. Nº 9005 rendición de cuentas, por considerar que las razones expuestas para exonerar a la contraria de las costas son contradictorios. A su vez, hace notar que su parte actuó de acuerdo a lo dispuesto en el art. 1997 del CCC, por lo que no existe en el caso motivo para apartarse del principio objetivo de la derrota en ninguna de las instancias. En cuanto a la rendición de cuentas, manifiesta que practicó sus propias cuentas -distintas de las efectuadas por la demandada reconviniente- y así fueron aprobadas, tanto en primera instancias como en Cámara, por lo que no existió allanamiento que habilite la distribución por su orden. Destaca que resultó ganadora en dicho rubro.",
      "Formula reserva del caso federal y peticiona.",
      "3.- A su turno, la parte demandada recurrida solicita el rechazo del recurso interpuesto.",
      "4.- Es doctrina inveterada de esta Sala que los temas sobre costas son ajenos a esta instancia casatoria por constituir esencialmente una cuestión de hecho reservada a la magistratura de las instancias ordinarias; y, que sólo cabe excepcionar dicho principio cuando la parte recurrente cuestiona su calidad de vencedora o vencida o exista inequidad en los criterios de distribución ( in re: \"Arocena de González Nidya Esther c/ Angel Jorge Luis - Desalojo\", 17/3/1983, L.A.S. 1983, Fº 37; \"Fernández Mónica Alejandra c/Transportes Mariano Moreno S.A. - Sumario por daño Moral y extrapatrimonial\", 28/05/93, L.A.S. 1993, F° 417; \"Beheran Florentina c/ Woodbine Parish Sonia Elizabeth s/ ordinario\", Expte. Nº 6123, sentencia del 14/02/2012).",
      "5.- Bajo tal pauta, advertimos que si bien la recurrente denuncia arbitrariedad en la asignación de la condición de parte parcialmente vencida que se adjudica en el fallo que intenta poner en crisis, lo hace sin asumir una crítica concreta y clara tendiente a demostrar ese vicio en la fundamentación expuesta por el tribunal ad quem.",
      "En este punto hemos de insistir que la carga de fundar en el recurso de inaplicabilidad de ley tiene contornos bien definidos y acentuados en atención a la naturaleza de la instancia en lo que adquiere virtualidad; y, la arbitrariedad exige la demostración cabal que la solución jurisdiccional que se impugna infringe las leyes lógicas formales o que los motivos que la sostienen quedan al margen de las reglas del raciocinio y es absolutamente incompatible con las constancias del caso (cfr. esta Sala en autos \"Delaloye Hugo Luis y otra c/ Asociación Argentina de Los Adventistas del Séptimo Día s/ Ordinario Daños y Perjuicios\", sentencia del 15/03/2024).",
      "6.- En razón de ello, proponemos al acuerdo declarar inadmisible el recurso de inaplicabilidad de ley interpuesto, con costas a la parte recurrente vencida (art. 65 del CPCC). ASI VOTAMOS."
    ],
    "HONORARIOS PROFESIONALES": [
      "Considerando la actividad desarrollada para abrir la instancia extraordinaria, la complejidad de las cuestiones planteadas, la probable dedicación temporal en el desempeño profesional del servicio y el valor cuestionado en el recurso \"SCHREINER SANDRA MARIA C/ MOGNO GABRIELA DANIELA S/ DIVISION DE CONDOMINIO\" - Expte. Nº 9005 respecto de las costas impuestas, corresponde fijar los honorarios profesionales en el 50 % de los honorarios que se establezcan por la labor en primera instancia (arts. 3, 64 y 94 de la ley 7046 modif. por ley 11.141).",
      "Por último, habiendo mayoría absoluta, EL SR. VOCAL EN EJERCICIO DE LA PRESIDENCIA DEL STJ, DR. LEONARDO PORTELA, se abstiene de votar y firmar la presente resolución con arreglo a lo dispuesto por el art. 33 de la LOPJ, texto según ley 10.704.",
      "Con lo que no siendo para más se da por finalizado el acto quedando acordada la siguiente sentencia:",
      "Paraná, 22 de julio de 2024."
    ],
    "Y VISTO": [
      "Por los fundamentos del acuerdo que antecede se,"
    ],
    "RESUELVE": [
      "DECLARAR INADMISIBLE el recurso de inaplicabilidad de ley deducido en fecha 14/12/2023, respecto de la resolución de la Sala Tercera de la Cámara Segunda de Apelaciones de Paraná dictada en fecha 29/11/2023 y su aclaratoria del 13/12/2023.",
      "IMPONER costas a la vencida (art. 65 del CPCC).",
      "FIJAR los honorarios profesionales correspondientes a esta instancia extraordinaria, en el 50 % de los honorarios que corresponderían por la labor en primera instancia instancia teniendo en cuenta el valor cuestionado en el recurso (arts.",
      "3, 64 y 94 de la ley 7046 modif. por ley 11.141).",
      "Tener presente la reserva del caso federal.",
      "Notifíquese conforme arts. 1º y 4º Ac. Gral. 15/18 SNE, regístrese y oportunamente devuélvase.",
      "Ante mí. En igual fecha se registró. Asimismo, se deja constancia que la presente se suscribe mediante firma digital -Acuerdo Gral. 11/20 del 23-6-2020, Punto 4°) prescindiéndose de su impresión en formato papel."
    ]
  }
}