{
  "METADATOS": {
    "ID_FALLO": "9074",
    "MES": "07",
    "ARTICULOS_CITADOS": {
      "citations": [
        {
          "main_source": "Código Procesal Civil y Comercial (CPCC)",
          "cited_articles": [
            14
          ],
          "extra": "inc. 7"
        },
        {
          "main_source": "Acordada 4/2007",
          "cited_articles": [
            15
          ],
          "extra": "arts. 1 y 4"
        },
        {
          "main_source": "Acuerdo General 11/20",
          "cited_articles": [],
          "extra": "del 23-6-2020"
        }
      ]
    }
  },
  "MATERIA_PRELIMINAR": "RESTRICCIONES A LA CAPACIDAD",
  "IDEA_CENTRAL": "**IDEA CENTRAL DEL FALLO:**\n\nEl tribunal ha decidido **rechazar la excusación** presentada por el Sr. Vocal Leonardo Portela en el caso \"RACAGNI BIANCA MICAELA S/ RESTRICCIONES A LA CAPACIDAD\", argumentando que no se configuró la causal de prejuzgamiento conforme al artículo 14, inciso 7 del Código Procesal Civil y Comercial (CPCC).\n\n**Decisión Judicial Principal y Fundamento:**\n\nLa decisión principal es el **rechazo de la excusación** del vocal, lo que implica que se mantiene la integración del tribunal con el mismo vocal. El fundamento se basa en que las resoluciones citadas por el vocal como motivo de su excusación son meras providencias de trámite y no constituyen una opinión precisa y fundada sobre los puntos a decidir.\n\n**Aspectos Legales Relevantes:**\n\n1. **Prejuzgamiento**: Se define como la emisión de una opinión concreta sobre los asuntos que deben ser decididos, lo cual no se configuró en este caso.\n2. **Causales de Excusación**: Deben ser valoradas con estrictez para asegurar el normal funcionamiento de la justicia y la competencia de los jueces naturales.\n\n**Leyes y Artículos Clave:**\n\n- **Código Procesal Civil y Comercial (CPCC)**: Artículo 14, inciso 7, que regula las causales de excusación de los jueces.\n\n**Razonamiento del Tribunal:**\n\nEl tribunal argumenta que la excusación no se justifica, ya que las resoluciones mencionadas por el vocal no implican un prejuzgamiento real. Se enfatiza la importancia de que los juicios se tramiten ante los jueces naturales, evitando perturbaciones en la organización judicial. Por lo tanto, se decide mantener la composición del tribunal original, asegurando la continuidad del proceso judicial.",
  "CONTENIDO": {
    "INICIO": [
      "\"RACAGNI BIANCA MICAELA S/ RESTRICCIONES A LA CAPACIDAD\" - Expte. N° 9074 PARANÁ, 30 de julio de 2024"
    ],
    "VISTO Y CONSIDERANDO": [
      "La excusación del Sr. Vocal Leonardo Portela de fecha 5/6/2024 en las actuaciones \"RACAGNI BIANCA MICAELA S/ RESTRICCIONES A LA CAPACIDAD\" - Expte. N° 9074 conforme los términos del art. 14 inc. 7 del CPCC, invocando haber emitido opinión en las resoluciones de fojas 61, 66, 72, 74, 77, 78, 80, 84, 113, 115, 116, 122, 125, 146, 147, 152, 175, 176, 180, 182, 185 y 193.",
      "En tal sentido cabe afirmar que las resoluciones enunciadas refieren a providencias de mero trámite que impiden tener por concretada la causal de prejuzgamiento establecida por el art. 14 inc. 7 del CPCC.",
      "Debe entenderse por prejuzgamiento la emisión de opinión precisa y fundada sobre los puntos concretos que deban ser sometidos a la decisión del juzgador, cuestión que no se advierte configurada en la excusación invocada.",
      "Resulta sabido que las causales de excusación, en tanto importan un normal desplazamiento de la competencia, deben ser valoradas con estrictez, a fin de que en lo posible los juicios tramiten ante los jueces naturales y no se vea perturbado el funcionamiento de la organización judicial.1 Por ello, corresponde rechazar la excusación formulada por el Sr.",
      "Vocal Leonardo Portela, dejar sin efecto la integración dispuesta en fecha 10/6/2024 y disponer el cese de la intervención del Sr. Vocal subrogante, Daniel O.",
      "Carubia.",
      "En consecuencia, se"
    ],
    "RESUELVE": [
      "RECHAZAR la excusación formulada por el Sr. Vocal Leonardo Portela, en consecuencia, dejar sin efecto la integración dispuesta en fecha 10/06/2024 y disponer el cese de la intervención del Sr. Vocal subrogante, Daniel O. Carubia. QUEDANDO INTEGRADA esta Sala con la Sra. Vocal Gisela N.",
      "Schumacher; el Sr. Vocal Miguel A. Giorgio y el Sr. Vocal Leonardo Portela.",
      "Regístrese, notifíquese conforme arts. 1 y 4 Acordada 15/18 SNE, y vuelvan a despacho para resolver.",
      "1 \"Código Procesal Civil y Comercial de la Nación comentado, anotado y concordado con los códigos provinciales\", Roland Arazi y Jorge A. Rojas, cita 71, págs. 101/102; 2da. Edición, Santa Fe, Rubinzal Culzoni, 2007.",
      "\"RACAGNI BIANCA MICAELA S/ RESTRICCIONES A LA CAPACIDAD\" - Expte. N° 9074 Ante mí. En igual fecha se registró. Conste. Asimismo, se deja constancia que la presente se suscribe mediante firma digital -Acuerdo Gral. 11/20 del 23-6-2020, Punto 4°) prescindiéndose de su impresión en formato papel."
    ]
  }
}