{
  "METADATOS": {
    "ID_FALLO": "9076",
    "MES": "07",
    "ARTICULOS_CITADOS": {
      "citations": [
        {
          "main_source": "Código Procesal Civil y Comercial (CPCC)",
          "cited_articles": [
            14
          ],
          "extra": "inc. 7"
        },
        {
          "main_source": "Otro",
          "cited_articles": [
            33
          ],
          "extra": "de la LOPJ"
        },
        {
          "main_source": "Ley 10.704",
          "cited_articles": [],
          "extra": ""
        },
        {
          "main_source": "Acuerdo General 15/18 SNE",
          "cited_articles": [
            1,
            4
          ],
          "extra": ""
        },
        {
          "main_source": "Acuerdo General 11/20",
          "cited_articles": [],
          "extra": "del 23-6-2020, Punto 4°"
        }
      ]
    }
  },
  "MATERIA_PRELIMINAR": "EJECUTIVO",
  "IDEA_CENTRAL": "**IDEA CENTRAL DEL FALLO**\n\nEn el caso \"VALDEZ STELLA CLAUDIA C/ ROZANDAL MARIA GISELA Y OTRO S/ EJECUTIVO\", el Tribunal Superior de Justicia (STJ) resolvió aceptar la excusación del Sr. Vocal Carlos Federico Tepsich, quien se había abstenido de participar en la votación debido a una causal de recusación prevista en el artículo 14, inciso 7 del Código Procesal Civil y Comercial (CPCC).\n\n**Decisión Judicial Principal y Fundamento**\n\nLa decisión principal fue la aceptación de la excusación del vocal, fundamentada en la normativa que establece la obligación de abstenerse de participar en casos donde se ha emitido opinión previa. Esto asegura la imparcialidad y la integridad del proceso judicial.\n\n**Aspectos Legales Relevantes**\n\n1. **Código Procesal Civil y Comercial (CPCC)**: Artículo 14, inciso 7, que regula las causales de excusación de los jueces.\n2. **Ley Orgánica del Poder Judicial (LOPJ)**: Artículo 33, que establece las normas sobre la abstención de los vocales en casos donde exista un conflicto de interés.\n\n**Razonamiento del Tribunal**\n\nEl tribunal, al aceptar la excusación, garantiza el cumplimiento de los principios de imparcialidad y justicia en el proceso. La decisión se basa en la necesidad de evitar cualquier posible sesgo que pudiera surgir de la participación del vocal que ya había emitido opinión sobre el asunto en cuestión. La integración de la sala se realizó conforme a la normativa vigente, asegurando así la continuidad del proceso judicial sin comprometer su objetividad.\n\n**Conclusión**\n\nLa resolución reafirma el compromiso del sistema judicial con la transparencia y la ética, al asegurar que los jueces se abstengan de participar en decisiones donde puedan tener un interés previo, lo que es fundamental para la confianza pública en la administración de justicia.",
  "CONTENIDO": {
    "INICIO": [
      "\"VALDEZ STELLA CLAUDIA C/ ROZANDAL MARIA GISELA Y OTRO S/ EJECUTIVO\"Expte. N° 9076 PARANÁ, 29 de julio de 2024"
    ],
    "VISTO Y CONSIDERANDO": [
      "La excusación del Sr. Vocal Carlos Federico Tepsich de fecha 5/6/2024 en las actuaciones \"VALDEZ STELLA CLAUDIA C/ ROZANDAL MARIA GISELA Y OTRO S/ EJECUTIVO\" - Expte. N° 9076, y atento a que ha quedado configurada la causal dispuesta por el art. 14 inc. 7 del CPCC, puesto que emitió opinión en la resolución de fecha 1/2/2024, corresponde aceptarla.",
      "Asimismo, habiendo mayoría absoluta, el Sr. Vocal en ejercicio de la presidencia del STJ, Leonardo Portela, se abstiene de votar y firmar la presente resolución con arreglo a lo dispuesto por el art. 33 de la LOPJ, texto según ley 10.704.",
      "En consecuencia, se"
    ],
    "RESUELVE": [
      "Aceptar la excusación del Sr. Vocal Carlos Federico Tepsich, quedando integrada esta Sala por la Sra. Vocal Gisela N. Schumacher, Sr. Vocal Miguel A. Giorgio y Sr. Vocal Leonardo Portela.",
      "Regístrese y notifíquese conforme arts. 1 y 4 Acordada 15/18 SNE.",
      "Ante mí:",
      "En igual fecha se registró. Conste. Asimismo, se deja constancia que la presente se suscribe mediante firma digital -Acuerdo Gral. 11/20 del 23-6-2020, Punto 4°) prescindiéndose de su impresión en formato papel."
    ]
  }
}