{
  "METADATOS": {
    "ID_FALLO": "7351",
    "MES": "10",
    "ARTICULOS_CITADOS": {
      "citations": [
        {
          "main_source": "Código Procesal Civil y Comercial (CPCC)",
          "cited_articles": [
            14
          ],
          "extra": "inc. 7"
        },
        {
          "main_source": "Acordada 4/2007",
          "cited_articles": [
            1,
            4
          ],
          "extra": "conforme arts."
        },
        {
          "main_source": "Acuerdo General 11/20",
          "cited_articles": [],
          "extra": "del 23-6-2020, Punto 4°"
        }
      ]
    }
  },
  "MATERIA_PRELIMINAR": "SUMARISIMO (CIVIL)",
  "IDEA_CENTRAL": "**IDEA CENTRAL DEL FALLO**\n\nEn el caso \"ASOCIACION PROTECCION CONSUMIDORES DEL MERCADO COMUN DEL SUR - PROCONSUMER C/ BBVA BANCO FRANCES S.A. S/ SUMARISIMO (CIVIL)\", el tribunal resolvió aceptar la excusación del Sr. Vocal Leonardo Portela, quien se había abstenido de participar en la decisión debido a que había emitido opinión en instancias inferiores, conforme a lo dispuesto por el artículo 14, inciso 7 del Código Procesal Civil y Comercial (CPCC).\n\n**Decisión Judicial Principal y Fundamento**\n\nLa decisión principal fue aceptar la excusación del vocal, lo que implica que su participación en el caso era incompatible debido a su anterior involucramiento en el mismo. Este fundamento se basa en la necesidad de garantizar la imparcialidad del proceso judicial.\n\n**Aspectos Legales Relevantes**\n\n1. **Código Procesal Civil y Comercial (CPCC)**: Artículo 14, inciso 7, que establece las causales de excusación para los jueces.\n2. **Acordada 15/18 SNE**: Normativa que regula la notificación y el registro de decisiones judiciales.\n\n**Razonamiento del Tribunal**\n\nEl tribunal, al aceptar la excusación, subraya la importancia de la imparcialidad en el ejercicio de la función judicial. La participación de un vocal que ya había emitido opinión en instancias anteriores podría comprometer la objetividad del fallo. La decisión de no emitir opinión por parte del vocal Germán R. F. Carlomagno, debido a la existencia de mayoría, también refuerza la integridad del proceso.\n\nEn conclusión, el fallo se centra en la aceptación de la excusación del vocal, asegurando así la imparcialidad del tribunal en la resolución del caso.",
  "CONTENIDO": {
    "INICIO": [
      "\"ASOCIACION PROTECCION CONSUMIDORES DEL MERCADO COMUN DEL SUR - PROCONSUMER C/ BBVA BANCO FRANCES S.A. S/ SUMARISIMO (CIVIL)\" - Expte. N° 7351 PARANÁ, 23 de octubre de 2024."
    ],
    "VISTO Y CONSIDERANDO": [
      "La excusación del Sr. Vocal Leonardo Portela de fecha 11/9/2024 en las actuaciones \"ASOCIACION PROTECCION CONSUMIDORES DEL MERCADO COMUN DEL SUR - PROCONSUMER C/ BBVA BANCO FRANCES S.A. S/ SUMARISIMO (CIVIL)\" - Expte. N° 7351, y atento a que ha quedado configurada la causal dispuesta por el art. 14 inc. 7 del CPCC, puesto que emitió opinión en instancias inferiores en las resoluciones de fs. 40, 42 y vta., 150, 151 153, 154/156, 158, 163, 179, 203, 204 y 244 vta. corresponde aceptarla.",
      "Por último, el Sr. Vocal Germán R. F. Carlomagno, manifiesta que por existir mayoría respecto de la cuestión planteada, no emite opinión en las presentes.",
      "En consecuencia, se"
    ],
    "RESUELVE": [
      "Aceptar la excusación del Sr. Vocal Leonardo Portela, quedando integrada esta Sala por el Sr. Vocal Carlos Federico Tepsich, la Sra. Vocal Gisela N. Schumacher y el Sr. Vocal Germán R. F. Carlomagno.",
      "Regístrese y notifíquese conforme arts. 1 y 4 Acordada 15/18 SNE.",
      "Ante mí. En igual fecha se registró. Conste. Asimismo, se deja constancia que la presente se suscribe mediante firma digital -Acuerdo Gral. 11/20 del 23-6-2020, Punto 4°) prescindiéndose de su impresión en formato papel."
    ]
  }
}