{
  "METADATOS": {
    "ID_FALLO": "8500",
    "MES": "10",
    "ARTICULOS_CITADOS": {
      "citations": [
        {
          "main_source": "Código Procesal Civil y Comercial (CPCC)",
          "cited_articles": [
            65,
            66
          ],
          "extra": null
        },
        {
          "main_source": "Ley 7046",
          "cited_articles": [
            3,
            64,
            94
          ],
          "extra": "modif. por ley 11.141"
        },
        {
          "main_source": "Ley 24.449",
          "cited_articles": [
            53
          ],
          "extra": "Ley de Defensa del Consumidor"
        },
        {
          "main_source": "Código Procesal Civil y Comercial (CPCC)",
          "cited_articles": [
            65
          ],
          "extra": null
        },
        {
          "main_source": "Otro",
          "cited_articles": [
            33
          ],
          "extra": "LOPJ"
        },
        {
          "main_source": "Ley 10.704",
          "cited_articles": [],
          "extra": null
        },
        {
          "main_source": "Código Procesal Civil y Comercial (CPCC)",
          "cited_articles": [
            65
          ],
          "extra": null
        },
        {
          "main_source": "Ley 7046",
          "cited_articles": [
            3,
            64,
            94
          ],
          "extra": "modif. por ley 11.141"
        },
        {
          "main_source": "Acuerdo General 15/18 SNE",
          "cited_articles": [
            1,
            4
          ],
          "extra": null
        },
        {
          "main_source": "Acuerdo General 11/20",
          "cited_articles": [],
          "extra": "del 23-6-2020, Punto 4°"
        }
      ]
    }
  },
  "MATERIA_PRELIMINAR": "SUMARISIMO",
  "IDEA_CENTRAL": "### IDEA CENTRAL DEL FALLO\n\n**Decisión Judicial Principal:**\nEl Tribunal declara procedente el recurso de inaplicabilidad de ley interpuesto por la actora, casando la resolución de la Cámara Segunda de Apelaciones de Paraná y modificando la imposición de costas, estableciendo que estas deben ser distribuidas por su orden.\n\n**Fundamento Legal:**\nLa decisión se basa en la infracción de la doctrina legal establecida en casos anteriores, particularmente en la causa \"Morales Andrés Daniel c/ Instituto Autárquico de Planeamiento y Vivienda de la Provincia de Entre Ríos\", que establece criterios sobre la imposición de costas en procesos sumarísimos.\n\n**Aspectos Legales Relevantes:**\n1. **Código Procesal Civil y Comercial (CPCC)**: Artículos 65 y 66, que regulan la imposición de costas.\n2. **Ley de Defensa del Consumidor**: Se menciona el artículo 53, que es relevante para el contexto del caso.\n3. **Ley 7046**: Artículos 3, 64 y 94, que regulan los honorarios profesionales.\n\n**Razonamiento del Tribunal:**\nEl Tribunal argumenta que, aunque la materia de costas es generalmente exenta de control casatorio, en este caso se justifica la revisión debido a que la decisión de la Cámara compromete la interpretación de una ley de orden público. La impugnante tiene razón al señalar que la condena en costas infringe la doctrina legal vigente. Por lo tanto, se modifica la resolución original para que las costas sean impuestas a la parte vencida, en lugar de a la apelante.\n\n**Conclusión:**\nEl fallo establece un precedente sobre la correcta interpretación de la normativa aplicable a la imposición de costas en procesos sumarísimos, reafirmando la importancia de la doctrina legal en la resolución de conflictos judiciales.",
  "CONTENIDO": {
    "INICIO": [
      "\"TORTUL PAOLA V. C/ AUTOS DEL SOL S.A. Y OTRO S/ SUMARISIMO\" - Expte. Nº 8500"
    ],
    "ACUERDO": [
      "En la ciudad de Paraná, capital de la provincia de Entre Ríos, a los veintiún días del mes de octubre del año dos mil veinticuatro reunidos los integrantes de este Tribunal asistidos por el Secretario autorizante, para conocer el recurso de inaplicabilidad de ley deducido en fecha 17/4/2024 en las actuaciones:",
      "\"TORTUL PAOLA V. C/ AUTOS DEL SOL S.A. Y OTRO S/ SUMARISIMO\" - Expte. Nº 8500, respecto de la resolución de la Sala Segunda de la Cámara Segunda de Apelaciones de Paraná dictada en fecha 27/3/2024. Que la votación debe tener lugar en el siguiente orden: Sr. Vocal Carlos Federico Tepsich, Sra. Vocal Dra. Gisela N. Schumacher y Sr. Vocal Leonardo Portela.",
      "Estudiados los autos, la Sala se planteó las siguientes cuestiones:",
      "¿qué corresponde resolver respecto del recurso de inaplicabilidad de ley interpuesto? y, en su caso, ¿cómo deben regularse los honorarios profesionales en esta instancia?",
      "A LA PRIMERA CUESTIÓN PROPUESTA EL SR. VOCAL"
    ],
    "CARLOS FEDERICO TEPSICH DIJO": [
      "1.- La sentencia dictada por la Cámara Segunda, Sala Segunda de Paraná, de 27/3/24 rechazó el recurso de apelación deducido por la actora contra la resolución de fecha 26/9/23 en cuanto aprobó la liquidación por la suma de $ 32.916,32 e impuso las costas de la alzada a la apelante.",
      "2.- Disconforme la accionante con la condena en costas interpuso recurso de inaplicabilidad de ley por violación a la doctrina legal vigente que cita.",
      "3.- Si bien la materia involucrada en el sub judice, costas, queda como regla exenta del control casatorio por involucrar la consideración de aspectos fácticos y procesales, irrevisables en esta vía, cabe hacer excepción a dicho principio si, como en el sub lite, la decisión cuestionada pone en compromiso el alcance e interpretación que cabe asignar a una ley de orden público.",
      "Conforme ello, asiste razón a la impugnante en cuanto la condena en costas decidida por el tribunal ad quem infringe la doctrina legal sentada por Sala (in re: \"Morales Andrés Daniel c/ Instituto Autárquico de Planeamiento y Vivienda de la Provincia de Entre Ríos s/ sumarísimo acción meramente declarativa\", Expte. Nº 7695; entre otros).",
      "4.- En base a lo anterior, propongo al acuerdo hacer lugar al recurso de inaplicabilidad de ley, CASAR la sentencia y modificar el pto. 2 de la resolución recurrida imponiendo las costas por su orden.",
      "Las costas correspondientes a esta instancia recursiva deben ser impuestas a la parte vencida (arts. 65 y 66 CPCC). ASÍ VOTO.",
      "A LA PRIMERA CUESTIÓN PROPUESTA LA SRA.",
      "Considerando la actividad desarrollada para abrir la instancia extraordinaria y la probable dedicación temporal en el desempeño profesional del servicio, corresponde fijar los honorarios profesionales en el 50 % de los honorarios que se establecerían por la labor en primera instancia teniendo en cuenta el valor cuestionado en el recurso (arts. 3, 64 y 94 de la ley 7046 modif. por ley 11.141). ASÍ VOTO.",
      "A LA SEGUNDA CUESTIÓN PROPUESTA, LA SRA."
    ],
    "VOCAL GISELA N. SCHUMACHER DIJO": [
      "1.- En orden a los análisis de admisibilidad y procedencia, adhiero \"TORTUL PAOLA V. C/ AUTOS DEL SOL S.A. Y OTRO S/ SUMARISIMO\" - Expte. Nº 8500 en lo sustancial a la postura y solución impulsadas por el colega preopinante.",
      "Ello en tanto verifico que el pronunciamiento enjuiciado infringió la doctrina sentada por esta Sala en la causa \"Morales Andrés Daniel c/ Instituto Autárquico de Planeamiento y Vivienda de la Provincia de Entre Ríos s/ sumarísimo acción meramente declarativa\", Expte. Nº 7695, sentencia del 5/7/2018, oportunidad en la que este tribunal estableció el alcance del artículo 53 de la Ley de Defensa del Consumidor, aplicable al supuesto en examen.",
      "2.- Atento al resultado arribado, las costas por la tramitación en esta instancia casatoria se imponen a la vencida (artículo 65 del Código Procesal Civil y Comercial). ASÍ VOTO.",
      "A LA SEGUNDA CUESTIÓN PROPUESTA EL SR. VOCAL",
      "Adhiero al voto emitido por el Sr. Vocal preopinante. ASÍ VOTO.",
      "Por último, habiendo mayoría de opiniones, EL SR. VOCAL EN EJERCICIO DE LA PRESIDENCIA DEL STJ, LEONARDO PORTELA, se abstiene de votar y firmar la presente resolución con arreglo a lo dispuesto por el art. 33 de la LOPJ, texto según ley 10.704.",
      "Con lo que no siendo para más se da por finalizado el acto quedando acordada la siguiente sentencia:",
      "Paraná, 21 de octubre de 2024."
    ],
    "Y VISTO": [
      "Por los fundamentos del acuerdo que antecede se,"
    ],
    "RESUELVE": [
      "DECLARAR PROCEDENTE al recurso de inaplicabilidad de ley deducido en fecha 17/4/2024, CASAR la resolución de la Sala Segunda de la Cámara Segunda de Apelaciones de Paraná de fecha 27/3/2024 y, en consecuencia, modificar el pto. 2 de la resolución recurrida imponiendo las costas por su orden.",
      "IMPONER las costas correspondientes a esta instancia a la vencida (art. 65 del CPCC).",
      "FIJAR los honorarios profesionales en el 50 % de los honorarios que se establecerían por la labor en primera instancia teniendo en cuenta el valor cuestionado en el recurso (arts. 3, 64 y 94 de la ley 7046 modif. por ley 11.141).",
      "\"TORTUL PAOLA V. C/ AUTOS DEL SOL S.A. Y OTRO S/ SUMARISIMO\" - Expte. Nº 8500 Tener presente la reserva del caso federal.",
      "Notifíquese conforme arts. 1º y 4º Ac. Gral. 15/18 SNE, regístrese y oportunamente devuélvase.",
      "Ante mí. En igual fecha se registró. Asimismo, se deja constancia que la presente se suscribe mediante firma digital -Acuerdo Gral. 11/20 del 23-6-2020, Punto 4°) prescindiéndose de su impresión en formato papel."
    ]
  }
}