{
  "METADATOS": {
    "ID_FALLO": "8628",
    "MES": "10",
    "ARTICULOS_CITADOS": {
      "citations": [
        {
          "main_source": "Ley 7046",
          "cited_articles": [
            30,
            3,
            14,
            63,
            64,
            94
          ],
          "extra": null
        },
        {
          "main_source": "Ley 10.704",
          "cited_articles": [
            33
          ],
          "extra": "texto según ley"
        },
        {
          "main_source": "Acuerdo General 15/18 SNE",
          "cited_articles": [
            1,
            4
          ],
          "extra": "conforme"
        },
        {
          "main_source": "Ley 7046",
          "cited_articles": [
            28,
            29,
            114
          ],
          "extra": null
        }
      ]
    }
  },
  "MATERIA_PRELIMINAR": "ORDINARIO COBRO DE PESOS",
  "IDEA_CENTRAL": "### IDEA CENTRAL DEL FALLO\n\n**Decisión Judicial Principal:**\nEl Tribunal ha resuelto regular los honorarios profesionales de los letrados involucrados en los recursos de inaplicabilidad de ley y extraordinario federal, fijando montos específicos en función de la labor realizada y la complejidad del caso.\n\n**Fundamento Legal:**\nLa regulación de honorarios se basa en la Ley 7046, específicamente en los artículos 30, 28 y 114, que establecen las pautas para la determinación y notificación de los honorarios, así como los plazos para su pago.\n\n**Aspectos Legales Relevantes:**\n1. **Ley 7046**:\n   - **Art. 30**: Escala general para la regulación de honorarios.\n   - **Art. 28**: Proceso de notificación de la regulación de honorarios.\n   - **Art. 114**: Plazos y condiciones para el pago de honorarios regulados.\n\n**Razonamiento del Tribunal:**\nEl Tribunal ha considerado la base económica del juicio, la cotización del dólar y los intereses aplicables para determinar el monto a regular. Se ha aplicado la escala general de honorarios, reconociendo la complejidad del caso y la intervención de múltiples profesionales. La decisión se fundamenta en la necesidad de asegurar una compensación justa y equitativa para los letrados que intervinieron en el proceso.\n\n**Conclusión:**\nSe han fijado honorarios específicos para cada letrado, reflejando la labor realizada en ambas instancias, y se ha establecido el procedimiento para su notificación y pago, garantizando así el cumplimiento de las disposiciones legales pertinentes.",
  "CONTENIDO": {
    "INICIO": [
      "\"FOLMER S.A. C/ SUCESORES DE GUIDO VICTOR AIRALDI S.A. S/ ORDINARIO COBRO DE PESOS\" Expte. Nº 8628.",
      "PARANÁ, 10 de octubre de 2024."
    ],
    "VISTO Y CONSIDERANDO": [
      "Que los autos \"FOLMER S.A. C/ SUCESORES DE GUIDO VICTOR AIRALDI S.A. S/ ORDINARIO COBRO DE PESOS\" - Expte. Nº 8628, vienen a consideración de este Tribunal a los fines de regular honorarios por la actuación profesional en el recurso de inaplicabilidad de ley resuelto en fecha 29/12/2022 y en el recurso extraordinario federal, cuya resolución fue dictada en fecha 4/5/2023.",
      "En dicha tarea, considerando la base económica del juicio establecida por la sentencia de condena, la cotización del dólar oficial, los intereses y el monto del jurista al día de la fecha ($ 55.246,62), el valor a considerar a los fines regulatorios asciende a 1743,49 juristas.",
      "Por aplicación de la escala general del art. 30 de la ley arancelaria y valorando la labor desarrollada en esta instancia y la complejidad de la cuestión resuelta, es dable señalar que el máximo del grado inmediato anterior al monto a computar son 96 juristas (24% de 400 juristas) y que el 15% de 1343,49 juristas son 201,52 juristas. Por lo tanto, 297,52 juristas es el monto que correspondería regular a la parte vencedora en primera instancia.",
      "De esta manera, por la labor en esta instancia extraordinaria amerita regular el 50% de 297,52 juristas a los letrados de la parte vencedora y el 70% de esa suma al letrado de la parte vencida, teniendo en cuenta la intervención plural de los profesionales actuantes (arts. 3, 14, 63, 64 y 94 de la ley 7046).",
      "Por último, habiendo mayoría de opiniones, EL SR. VOCAL EN EJERCICIO DE LA PRESIDENCIA DEL STJ, LEONARDO PORTELA, se abstiene de votar y firmar la presente resolución con arreglo a lo dispuesto por el art.",
      "33 de la LOPJ, texto según ley 10.704.",
      "En consecuencia, se"
    ],
    "RESUELVE": [
      "REGULAR los honorarios profesionales a los letrados Oscar José Firpo, Nicolás Firpo y Rodrigo José Luti Guerrero por el recurso de inaplicabilidad de ley resuelto en las respectivas sumas de pesos cuatro millones ciento nueve mil trescientos ocho con cincuenta y nueve centavos ($ 4.109.308,59) equivalentes a 74,38 juristas, pesos cuatro millones ciento nueve mil trescientos ocho con cincuenta y nueve centavos ($ 4.109.308,59) equivalentes a 74,38 juristas y pesos cinco millones setecientos cincuenta y tres mil treinta y dos con dos centavos ($ 5.753.032,02) equivalentes a 104,13 juristas; más IVA si correspondiere.",
      "REGULAR los honorarios profesionales a los letrados Oscar José Firpo, Nicolás Firpo y Rodrigo José Luti Guerrero por el recurso extraordinario federal resuelto en las respectivas sumas de pesos cuatro millones ciento nueve mil trescientos ocho con cincuenta y nueve centavos ($ 4.109.308,59) equivalentes a 74,38 juristas, pesos cuatro millones ciento nueve mil trescientos ocho con cincuenta y nueve centavos ($ 4.109.308,59) equivalentes a 74,38 juristas y pesos cinco millones setecientos cincuenta y tres mil treinta y dos con dos centavos ($ 5.753.032,02) equivalentes a 104,13 juristas; más IVA si correspondiere.",
      "Notifíquese conforme arts. 1º y 4º Ac. Gral. 15/18 SNE, regístrese y oportunamente devuélvase.",
      "Ante mí. En igual fecha se registró. Asimismo, se deja constancia que la presente se suscribe mediante firma digital -Acuerdo Gral. 11/20 del 23-6-2020, Punto 4°) prescindiéndose de su impresión en formato papel.",
      "Existiendo regulación de honorarios a abogados y/o procuradores, cumpliendo con lo dispuesto por la ley 7046, se transcriben los siguientes los artículos:",
      "Art. 28: NOTIFICACIÓN DE TODA REGULACIÓN. Toda regulación de honorarios deberá notificarse personalmente o por cédula. Para el ejercicio del derecho al cobro del honorario al mandante o patrocinado, la notificación deberá hacerse en su domicilio real.",
      "En todos los casos la cédula deberá ser suscripta por el Secretario del Juzgado o Tribunal con transcripción de este artículo y del artículo 114 bajo pena de nulidad. No será necesaria la notificación personal o por cédula de los autos que resuelvan los reajustes posteriores que se practiquen por aplicación del artículo 114.",
      "Art. 114: PAGO DE HONORARIOS. Los honorarios regulados judicialmente deberán abonarse dentro de los diez (10) días de quedar firme los autos regulatorios. Los honorarios por trabajos extrajudiciales y los convenidos por escrito, cuando sean exigibles, se abonarán dentro de los diez (10) días de requerido el pago en forma fehaciente. Los honorarios calculados en la forma prevista en el Art. 29 de esta ley, devengarán intereses de pleno derecho, desde la mora y hasta el efectivo pago, los que serán fijados por el juez de la causa, siguiendo el mismo criterio que el utilizado para establecer la actualización de los valores económicos de la misma."
    ]
  }
}