{
  "METADATOS": {
    "ID_FALLO": "8729",
    "MES": "10",
    "ARTICULOS_CITADOS": {
      "citations": [
        {
          "main_source": "Ley 7046",
          "cited_articles": [
            30,
            63,
            64,
            94
          ],
          "extra": "texto según ley 10.704"
        },
        {
          "main_source": "Acuerdo General 15/18 SNE",
          "cited_articles": [
            1,
            4
          ],
          "extra": "conforme arts. 1º y 4º"
        },
        {
          "main_source": "Otro",
          "cited_articles": [
            33,
            28,
            114,
            29
          ],
          "extra": "art. 33 de la LOPJ, Art. 28, artículo 114, Art. 29 de esta ley"
        }
      ]
    }
  },
  "MATERIA_PRELIMINAR": "ORDINARIO",
  "IDEA_CENTRAL": "**IDEA CENTRAL DEL FALLO**\n\nEl fallo judicial en el caso \"SI SERVICIOS INTEGRADOS S.A. C/ PAREDES, Eduardo Rene S/ ORDINARIO\" se centra en la regulación de honorarios profesionales de los letrados involucrados en recursos de inaplicabilidad de ley. El tribunal determina los montos a abonar a cada abogado en función de su actuación en dos instancias distintas, aplicando la ley arancelaria correspondiente.\n\n**Decisión Judicial Principal y Fundamento Legal**\n\nEl tribunal resuelve regular los honorarios de los letrados Santiago Gómez y Diego A. A. Cabrera, estableciendo montos específicos para cada uno de los recursos resueltos en fechas 28/12/2023 y 17/3/2023. La regulación se basa en la aplicación de la escala general del artículo 30 de la ley 7046, que establece criterios para la determinación de honorarios.\n\n**Aspectos Legales Relevantes**\n\n1. **Ley 7046**: Regula los honorarios de abogados y procuradores.\n   - **Art. 30**: Escala general para la regulación de honorarios.\n   - **Art. 28**: Notificación de la regulación de honorarios.\n   - **Art. 114**: Plazos y condiciones para el pago de honorarios.\n\n**Razonamiento del Tribunal**\n\nEl tribunal considera la base económica del juicio y los intereses acumulados para calcular los honorarios. Se aplica un porcentaje específico de la base regulatoria a los letrados, diferenciando entre la parte vencedora y la vencida. Además, se establece que los honorarios deben ser abonados dentro de un plazo de diez días tras la firmeza de la regulación, con la posibilidad de devengar intereses en caso de mora.\n\nEn conclusión, el fallo establece de manera clara y fundamentada los honorarios que deben percibir los abogados, asegurando el cumplimiento de las disposiciones legales pertinentes.",
  "CONTENIDO": {
    "INICIO": [
      "\"SI SERVICIOS INTEGRADOS S.A. C/ PAREDES, Eduardo Rene S/ ORDINARIO\" Expte. Nº 8729.",
      "PARANÁ, 8 de octubre de 2024."
    ],
    "VISTO Y CONSIDERANDO": [
      "Que los autos \"SI SERVICIOS INTEGRADOS S.A. C/ PAREDES, Eduardo Rene S/ ORDINARIO\" - Expte. Nº 8729, vienen a consideración de este Tribunal a los fines de regular honorarios por la actuación profesional en los recursos de inaplicabilidad de ley resueltos en fecha 17/3/2023 y 28/12/2023.",
      "En dicha tarea, considerando la base económica del juicio según la liquidación aprobada en fecha 7/5/2024, los intereses y el monto del jurista al día de la fecha ($55.246,62), el valor a considerar a los fines regulatorios asciende a 113,41 juristas.",
      "En relación al recurso resuelto en fecha 28/12/2023, cabe afirmar que por aplicación de la escala general del art. 30 de la ley arancelaria y valorando la labor desarrollada en esta instancia, el 23% de 113,41 juristas son 26,08 juristas, que es el monto que correspondería regular a la parte vencedora en primera instancia.",
      "De esta manera, por la labor en esta instancia extraordinaria amerita regular el 50% de 26,08 juristas al letrado de la parte vencedora y el 70% de esa suma al letrado de la parte vencida (arts. 63, 64 y 94 de la ley 7046).",
      "Por otro lado, respecto del recurso de inaplicabilidad de ley resuelto en fecha 17/3/2023, teniendo en cuenta que en aquella oportunidad se casó la sentencia de cámara que había declarado la nulidad de lo actuado por la actora y, en consecuencia, se dispuso el reenvío a ese tribunal para que dicte sentencia;",
      "corresponde regular el 30% de los honorarios correspondientes al recurso que resolvió la acción principal.",
      "Por último, habiendo mayoría de opiniones, EL SR. VOCAL EN EJERCICIO DE LA PRESIDENCIA DEL STJ, LEONARDO PORTELA, se abstiene de votar y firmar la presente resolución con arreglo a lo dispuesto por el art.",
      "33 de la LOPJ, texto según ley 10.704.",
      "En consecuencia, se"
    ],
    "RESUELVE": [
      "REGULAR los honorarios profesionales a los letrados Santiago Gómez y Diego A. A. Cabrera por el recurso de inaplicabilidad de ley resuelto en fecha 28/12/2023, en las respectivas sumas de pesos setecientos veinte mil cuatrocientos quince con noventa y dos centavos ($ 720.415,92) equivalentes a 13,04 juristas, y pesos quinientos cuatro mil doscientos noventa y uno con catorce centavos ($ 504.291,14) equivalentes a 9,128 juristas.",
      "REGULAR los honorarios profesionales a los letrados Santiago Gómez y Diego A. A. Cabrera por el recurso de inaplicabilidad de ley resuelto en fecha 17/3/2023, en las respectivas sumas de pesos doscientos dieciséis mil ciento veinticuatro con setenta y siete centavos ($ 216.124,77) equivalentes a 3,912 juristas, y pesos ciento cincuenta y un mil doscientos ochenta y siete centavos ($ 151.287,34) equivalentes a 2,738 juristas.",
      "Las regulaciones no incluyen IVA.",
      "Notifíquese conforme arts. 1º y 4º Ac. Gral. 15/18 SNE, regístrese y oportunamente devuélvase.",
      "Ante mí. En igual fecha se registró. Asimismo, se deja constancia que la presente se suscribe mediante firma digital -Acuerdo Gral. 11/20 del 23-6-2020, Punto 4°) prescindiéndose de su impresión en formato papel.",
      "Existiendo regulación de honorarios a abogados y/o procuradores, cumpliendo con lo dispuesto por la ley 7046, se transcriben los siguientes los artículos:",
      "Art. 28: NOTIFICACIÓN DE TODA REGULACIÓN. Toda regulación de honorarios deberá notificarse personalmente o por cédula. Para el ejercicio del derecho al cobro del honorario al mandante o patrocinado, la notificación deberá hacerse en su domicilio real.",
      "En todos los casos la cédula deberá ser suscripta por el Secretario del Juzgado o Tribunal con transcripción de este artículo y del artículo 114 bajo pena de nulidad. No será necesaria la notificación personal o por cédula de los autos que resuelvan los reajustes posteriores que se practiquen por aplicación del artículo 114.",
      "Art. 114: PAGO DE HONORARIOS. Los honorarios regulados judicialmente deberán abonarse dentro de los diez (10) días de quedar firme los autos regulatorios. Los honorarios por trabajos extrajudiciales y los convenidos por escrito, cuando sean exigibles, se abonarán dentro de los diez (10) días de requerido el pago en forma fehaciente. Los honorarios calculados en la forma prevista en el Art. 29 de esta ley, devengarán intereses de pleno derecho, desde la mora y hasta el efectivo pago, los que serán fijados por el juez de la causa, siguiendo el mismo criterio que el utilizado para establecer la actualización de los valores económicos de la misma."
    ]
  }
}