{
  "METADATOS": {
    "ID_FALLO": "8941",
    "MES": "10",
    "ARTICULOS_CITADOS": {
      "citations": [
        {
          "main_source": "Código Procesal Civil y Comercial (CPCC)",
          "cited_articles": [
            280,
            285
          ],
          "extra": "segundo párrafo"
        },
        {
          "main_source": "Constitución Nacional (CN)",
          "cited_articles": [
            18,
            17
          ],
          "extra": ""
        },
        {
          "main_source": "Código Civil y Comercial (CCC)",
          "cited_articles": [
            1103
          ],
          "extra": "del Código Civil de la Nación (CC)"
        },
        {
          "main_source": "Ley 24.449",
          "cited_articles": [
            1,
            3,
            25,
            73
          ],
          "extra": ""
        },
        {
          "main_source": "Ley 48",
          "cited_articles": [
            14
          ],
          "extra": ""
        },
        {
          "main_source": "Código Procesal Civil y Comercial de Entre Ríos (CPCCER)",
          "cited_articles": [
            276,
            280
          ],
          "extra": "y concs."
        },
        {
          "main_source": "Ley 7046",
          "cited_articles": [
            3,
            64,
            94
          ],
          "extra": "modif. por ley 11.141"
        },
        {
          "main_source": "Acuerdo General 15/18 SNE",
          "cited_articles": [
            1,
            4
          ],
          "extra": "conforme"
        },
        {
          "main_source": "Acuerdo General 11/20",
          "cited_articles": [],
          "extra": "del 23-6-2020"
        },
        {
          "main_source": "Otro",
          "cited_articles": [
            33
          ],
          "extra": "LOPJ"
        },
        {
          "main_source": "Corte Suprema de Justicia de la Nación (CSJN)",
          "cited_articles": [
            299268,
            300436,
            295420,
            304268
          ],
          "extra": ""
        }
      ]
    }
  },
  "MATERIA_PRELIMINAR": "ORDINARIO DAÑOS Y PERJUICIOS",
  "IDEA_CENTRAL": "### IDEA CENTRAL DEL FALLO\n\n**Decisión Judicial Principal:**\nEl tribunal denegó el recurso extraordinario federal interpuesto por los codemandados en el caso \"ASCAR MARIA ANDREA C/ AHIBE ROSA ARGENTINA Y OTROS S/ ORDINARIO DAÑOS Y PERJUICIOS\", confirmando la nulidad del contrato de fideicomiso y el retorno de los bienes al acervo hereditario.\n\n**Fundamento Legal:**\nLa decisión se basa en la inadmisibilidad de los recursos de inaplicabilidad de ley, destacando que los recurrentes no lograron desvirtuar los fundamentos de la sentencia de primera instancia. Se enfatiza que la valoración de pruebas es competencia de las instancias de grado y no de la casación.\n\n**Aspectos Legales Relevantes:**\n1. **Código Procesal Civil y Comercial (CPCC)**: Artículos 280 y 285 bis, que regulan la admisibilidad de recursos.\n2. **Código Civil (CC)**: Artículo 1103, que establece la imposibilidad de alegar en juicio civil hechos ya absolutos en sede penal.\n3. **Constitución Nacional**: Artículos 17 y 18, que garantizan el derecho de propiedad y el debido proceso.\n\n**Razonamiento del Tribunal:**\nEl tribunal argumentó que las críticas de los recurrentes no abordaron adecuadamente los motivos que llevaron a la sentencia de primera instancia. Se rechazó la alegación de arbitrariedad, señalando que la sentencia penal no afectó la decisión civil, dado que los principios de cada jurisdicción son independientes. Además, se subrayó la importancia de juzgar con perspectiva de género, reconociendo la vulnerabilidad de las partes involucradas.\n\nEn conclusión, el tribunal reafirmó la validez de la sentencia que declaró la nulidad del fideicomiso, desestimando el recurso extraordinario por falta de fundamentos que justifiquen su admisibilidad.",
  "CONTENIDO": {
    "INICIO": [
      "\"ASCAR MARIA ANDREA C/ AHIBE ROSA ARGENTINA Y OTROS S/ ORDINARIO DAÑOS Y PERJUICIOS\" - Expte. Nº 8941"
    ],
    "ACUERDO": [
      "En la ciudad de Paraná, capital de la provincia de Entre Ríos, a los veintiocho días del mes de octubre del año dos mil veinticuatro reunidos los integrantes de este Tribunal asistidos por el Secretario autorizante, para conocer el recurso extraordinario federal deducido en fecha 11/8/2024 en las actuaciones:",
      "\"ASCAR MARIA ANDREA C/ AHIBE ROSA ARGENTINA Y OTROS S/ ORDINARIO DAÑOS Y PERJUICIOS\" - Expte. Nº 8941, respecto de la resolución de esta Sala dictada en fecha 23/7/2024.",
      "Estudiados los autos, la Sala se planteó las siguientes cuestiones:",
      "¿qué corresponde resolver respecto del recurso extraordinario federal interpuesto?",
      "y, en su caso, ¿cómo deben regularse los honorarios profesionales en esta instancia?",
      "A LA PRIMERA CUESTIÓN PROPUESTA EL SR. VOCAL"
    ],
    "CARLOS FEDERICO TEPSICH DIJO": [
      "1.- La decisión impugnada declaró -por mayoría- inadmisibles los recursos de inaplicabilidad de ley deducidos por los codemandados y, en consecuencia, confirmó la sentencia que admitió el recurso de apelación e hizo lugar a la acción de simulación, declarando la nulidad del contrato de fideicomiso San Marón Fideicomiso Productivo, celebrado el 1/11/2007 por escritura Nº 121 autorizada por la escribana Silvia Raquel Lacorazza, disponiendo el retorno de los bienes afectados por Héctor Alfredo Áscar a San Marón Fideicomiso Productivo, al acervo hereditario de su sucesión.",
      "2.- Para así resolver, el voto de la mayoría consideró que las críticas vertidas por los recurrentes mostraron la particular posición que cada parte asumió en el proceso, pero, en todos los casos, se desentendieron los motivos que llevaron a la alzada a adoptar la solución que admitió la demanda entablada por María Andrea Áscar.",
      "Se explicó que la transcripción de párrafos aislados de la sentencia dictada por la Sala Penal del Superior Tribunal de Justicia (STJ) no eran idóneos para desvirtuar la profusa meritación que la sentencia mostró respecto de las respectivas figuras civil y penal involucradas, y los motivos por lo que en la especie no resultó aplicable la figura de la prejudicialidad ni la cosa juzgada que invocaron los recurrentes.",
      "Se destacó que ninguna alusión certera se concretó respecto de que aquella sentencia penal configuró su estructura sobre los requisitos de la tipificación del delito de estafa imputado, por la propia aplicación de la ley y la independencia de los institutos diseñados en cada ámbito jurisdiccional. Por lo tanto, la insistente tesis incumplió con la carga prevista del artículo 280, segundo párrafo, del código procesal civil y comercial (CPCC).",
      "Por otro lado, respecto a las alegadas arbitrariedad y absurdidad en la valoración de las pruebas, se señaló que el análisis de las probanzas rendidas en \"ASCAR MARIA ANDREA C/ AHIBE ROSA ARGENTINA Y OTROS S/ ORDINARIO DAÑOS Y PERJUICIOS\" - Expte. Nº 8941 un expediente, en principio, es materia privativa de la judicatura de las instancias de grado. Ello en tanto la casación no es una tercera instancia de apelación.",
      "Por último, en relación a lo afirmado acerca de la aplicación de los mecanismos de equilibrio que surgieron al juzgar con perspectiva de género, se estimó que las críticas se sustentaron en una versión personal de las partes impugnantes, que pasaron por alto que el deber de apreciación judicial con esta perspectiva es transversal a las aristas de cualquier supuesto, y allí donde detecta la desigualdad o vulnerabilidad de quienes tienen interés en un pleito, debe poner en marcha los mecanismos de corrección que correspondan.",
      "3.- Los codemandados alegan que el fallo viola las garantías del debido proceso y la defensa en juicio y el derecho de propiedad (arts. 18 y 17 de la Constitución Nacional), por desconocer los derechos de su parte y los efectos de la cosa juzgada en sede penal.",
      "Asimismo manifiestan que la sentencia es arbitraria, puesto que resulta dogmática, prescinde del texto legal sin dar razón plausible y omite la aplicación del art. 1103 del Código Civil de la Nación (CC) y de los arts. 1, 3, 25 inc. b y 73 de la ley 24.441.",
      "Especifican que la sentencia es inconstitucional porque omite lo normado por el art. 1103 del CC que dispone que después de la absolución del acusado no se podrá alegar en el juicio civil la existencia del hecho principal sobre el que hubiere recaído la absolución; y también desconoce lo resuelto por la Sala Penal del STJ.",
      "En relación al hecho principal, refieren que el juez civil debe atenerse a los datos fácticos que tuvo en cuenta el magistrado actuante en sede punitiva y asimismo dicen que tampoco puede ingresar al análisis de la autoría del imputado.",
      "Exponen que la norma en estudio establece que los hechos que conforman la base de la acusación y su correspondiente declaración de existencia o inexistencia por parte de la justicia penal surten efecto de cosa juzgada en sede civil.",
      "Expresan que la Sala Penal del STJ sentenció que los actos por los que se constituyó el fideicomiso son lícitos, legales y legítimos, pronunciándose acerca de la palmaria inexistencia de elementos contundentes que permitan aseverar, más allá de una mera conjetura, que el contrato de fideicomiso fue simulado y fraudulento. De este modo resulta intolerable que en sede civil se haga lugar a la acción de simulación y se declare la nulidad del contrato.",
      "Manifiestan que la jurisdicción no admite fractura en compartimentos estancos, absolutamente independientes, de manera que un mismo hecho pueda ser negado y afirmado a la misma vez, y sus consecuencias jurídicas devengan encontradas y reñidas según el tribunal de justicia que los examine.",
      "Insisten que hay escándalo jurídico cuando en el caso recaen decisiones \"ASCAR MARIA ANDREA C/ AHIBE ROSA ARGENTINA Y OTROS S/ ORDINARIO DAÑOS Y PERJUICIOS\" - Expte. Nº 8941 divergentes y contradictorias.",
      "Esgrimen que en sede penal se resolvió acerca de la inexistencia de ardid y perjuicio económico hacia la actora, por lo tanto no solo concluyó sobre la ausencia de fraude, sino también reconoce como legítimos y legales todos los actos jurídicos en función de los cuales el Sr. Héctor Alfredo Áscar instrumentó el fideicomiso.",
      "Aseveran que hay cuestión federal por violación del art. 18 de la CN, desde que la garantía de la cosa juzgada hace a la esencia del debido proceso y defensa en juicio.",
      "Destacan que si la supuesta víctima -actora- en el juicio penal denunció la comisión del delito de estafa so pretexto de que el contrato de fideicomiso fue celebrado con la intención de privarla de sus derechos hereditarios, la correcta solución del presente aserto que aquí nos ocupa manda a atender lo sentenciado en sede penal, máxime cuando ello adquirió firmeza y entidad de cosa juzgada.",
      "Finalmente, peticionan que se conceda el recurso extraordinario federal.",
      "4.- Corrido el traslado del recurso (fecha 12/8/2024), fue contestado por la actora propiciando su denegación (fecha 27/8/2024).",
      "5.- Seguidamente, el Sr. Defensor General de la Provincia, Maximiliano Benítez, manifestó que en el marco de su función complementaria asignada por el art. 103 inc. a) del CPCC, los intereses del adolescente Francisco Marón Ascar, se encuentran suficientemente resguardados (fecha, 2/9/2024).",
      "6.- Por otro lado, la Sra. Procuradora Fiscal Adjunta, Mónica Carmona, dictaminó que en el caso no se advierte arbitrariedad de la sentencia, ni nos encontramos frente a alguno de los supuestos del art. 14 de la ley 48 que habilitan la vía extraordinaria federal.",
      "7.- Sintetizados los aspectos relevantes del caso, cabe afirmar que el recurso se encuentra interpuesto en término -dentro del plazo de diez días hábiles previsto por el artículo 285 bis CPCC-, se cuestiona una sentencia definitiva que puso fin al litigio al ser dictada por el Superior Tribunal de la causa, es decir ya no existe otro tribunal ordinario ni extraordinario local que pueda resolver la cuestión, en los agravios se denuncia la arbitrariedad por violación de la garantía del debido proceso y conculcación del derecho de propiedad (arts. 18 y 17 de la Constitución Nacional), por fundamentación dogmático y desconocimiento de la prejudicialidad y la cosa juzgada en sede penal.",
      "Si bien incumbe exclusivamente a la Corte juzgar sobre la existencia o no de un supuesto de arbitrariedad de sentencia (CSJN, Fallos, 215:199), ello no exime a los superiores tribunales de la causa de la obligación de pronunciarse sobre la admisibilidad del recurso, en forma fundada y circunstanciada (Fallos: 338:1534; 339:869 y 340:403) puesto que corresponde a \"ASCAR MARIA ANDREA C/ AHIBE ROSA ARGENTINA Y OTROS S/ ORDINARIO DAÑOS Y PERJUICIOS\" - Expte. Nº 8941 este Superior pronunciarse circunstanciadamente sobre la observancia de uno de los requisitos esenciales del recurso extraordinario, como la presencia de una cuestión federal (Fallos: 339:307; 342:2183), o de arbitrariedad (Fallos: 323:1247;",
      "325:2319; 339:299).",
      "Conforme los lineamientos antes referidos, en el caso traído a consideración concluyo que los agravios resultan suficientes para fundar la admisibilidad del recurso extraordinario federal contra el pronunciamiento de esta Sala del Superior Tribunal de Justicia de la Provincia.",
      "8.- De la lectura del recurso se advierte que la causal que se aduce es la arbitrariedad normativa y en este sentido, estimo pertinente recordar que si bien en principio no puede este tribunal decidir si su propio fallo reviste o no tal carácter, sí se encuentra facultado para verificar si el planteo puede eventualmente encuadrarse dentro de alguna de las hipótesis que la doctrina y jurisprudencia han considerado lo que puede dar lugar a una sentencia arbitraria.",
      "En la especie como la parte impugnante efectúa un desarrollo que en términos teóricos exhibe al vicio de arbitrariedad que denuncia con fundamentos que aparecen relacionados directa e inmediata a las cuestiones en litigio, un análisis en abstracto, de acuerdo al acotado ámbito de decisión aquí habilitado, me lleva a entender que la cuestión federal invocada encuentra suficiente andamiaje a los fines de la concesión de la impugnación federal.",
      "9.- El recurso busca revertir la hermenéutica realizada por este tribunal respecto de normas de derecho no federal (art. 15, Ley 48), empero como ello se hace en el contexto de la causal de arbitrariedad, tal exégesis sí podría ser revisada por la Corte (CSJN, Fallos, 302:961; 322:1488, 2880 y 3030, etcétera;",
      "Sagüés, Néstor P., Compendio de derecho procesal constitucional, Astrea, Buenos Aires, 2018, p. 200).",
      "Es decir, a mi juicio, los agravios planteados suscitan cuestión federal suficiente para conceder la vía extraordinaria, pues si bien de conformidad con reiterada doctrina del Máximo Tribunal las cuestiones de derecho común resultan propias de los jueces de la causa y ajenas -como regla- a la vía del art. 14 de la ley 48; tales principios admiten excepción cuando se denuncia con fundamentos -en principio- atentibles que el fallo resulta arbitrario por apartarse sin argumentos de las normas concretamente aplicables al asunto (Fallos: 269:453;",
      "284:263; 297:106; 311:1516; 339:781; y sus citas, entre muchos otros).",
      "10.- En consecuencia, por los fundamentos dados, propicio declarar admisible el recurso por estar configurados los recaudos que lo habilitan, por lo que corresponde que sea concedido, con efecto suspensivo. ASÍ VOTO.",
      "A LA PRIMERA CUESTIÓN PROPUESTA LA SRA.",
      "Atento al resultado propuesto y considerando la actividad desarrollada para abrir la instancia extraordinaria, la complejidad de las cuestiones planteadas, la trascendencia económica de lo debatido y la probable dedicación temporal en el desempeño profesional del servicio, amerita fijar los honorarios profesionales en el 50 % de los honorarios que correspondan por la labor en primera instancia (arts. 3, 64 y 94 de la ley 7046 modif. por ley 11.141).",
      "A LA SEGUNDA CUESTIÓN PROPUESTA LA SRA."
    ],
    "VOCAL GISELA N. SCHUMACHER DIJO": [
      "Reseñados los antecedentes por el Sr. Vocal preopinante, respetuosamente voy a disentir con la solución por él propiciada.",
      "\"ASCAR MARIA ANDREA C/ AHIBE ROSA ARGENTINA Y OTROS S/ ORDINARIO DAÑOS Y PERJUICIOS\" - Expte. Nº 8941 Sentado ello, se debe destacar como bien se ha expresado que \"las condiciones sustanciales de la impugnación o condiciones de procedencia, referidas a la fundabilidad del recurso extraordinario federal y la existencia de motivos legalmente autorizados, son de exclusiva competencia de la Corte Suprema de Justicia de la Nación, sin perjuicio de lo cual se debe en esta instancia fundar la denegatoria o concesión del recurso extraordinario federal.\" (STJER en Pleno in re \"Miño Juan Alberto c/ Estado Provincial - Contencioso Administrativo s/ Recurso de Inaplicabilidad de ley\", Expte Nº 3594, sentencia del 30/11/2015).",
      "En dicha tarea, corresponde afirmar que la vía extraordinaria no puede ser concedida, toda vez que el recurso de inaplicabilidad de ley se declaró -por mayoría- inadmisible atento a que no se ha cumplimentado con los requisitos exigidos por los arts. 276, 280 y concs. del CPCCER, cuestión esta que como regla no resulta revisable por la Corte Suprema de Justicia de la Nación, en tanto al resolver esta Sala ha ejercitado facultades otorgadas por la ley procesal local.",
      "En tal sentido, el más Alto Tribunal del país ha expresado que las decisiones que declaran la inadmisibilidad de los recursos locales deducidos por ante los tribunales de la causa no justifican, en principio, el otorgamiento de la apelación extraordinaria, en virtud del carácter fáctico y procesal de las cuestiones que suscitan (Fallos 299:268; 300:436).",
      "Por otro lado, cabe sostener que la vía elegida por los recurrentes es de naturaleza excepcional, de aplicación restringida y circunscripta a la existencia de \"cuestión federal\". El art. 14 de la ley 48 limita esta impugnación a las sentencias definitivas emanadas de Superiores Tribunales de Provincia, cuando en ellas pueda verse plasmada alguna de las situaciones previstas en cualquiera de sus tres incisos. Es decir, que el objetivo fundamental del recurso extraordinario federal es afirmar la supremacía de la Constitución Nacional; lo que está fuera de ese ámbito, como las normas de derecho común o de fondo -dado que en principio su aplicación, interpretación y tratamiento compete a los tribunales ordinarios-, resultan materia excluida del tratamiento de esta impugnación extraordinaria. (En ese sentido el STJER en Pleno in re \"Visiconte Marcel Germán c/ Estado Provincial-Contencioso Administrativo s/ Recurso de Inaplicabilidad de Ley\", Expte. Nº 3008, sentencia del 26/4/2016).",
      "En este aspecto, se puede observar que si bien se denuncia violación del derecho a la propiedad privada y de las garantías constitucionales del debido proceso y la defensa en juicio, así como también del art. 1103 del CC con sustento en la conculcación de la cosa juzgada, no se advierte que en el presente caso haya una cuestión federal relacionada de modo directo con la resolución que se pretende impugnar.",
      "En esta línea de razonamiento, tampoco se vislumbra la existencia de alguna causal típica de excepción que permita la concesión del presente recurso extraordinario, pues la arbitrariedad alegada y sustentada en que la sentencia es \"ASCAR MARIA ANDREA C/ AHIBE ROSA ARGENTINA Y OTROS S/ ORDINARIO DAÑOS Y PERJUICIOS\" - Expte. Nº 8941 dogmática, no aparece, en principio, debidamente acreditada conforme las exigencias técnicas del recurso.",
      "No está de más resaltar que el fallo donde se resolvió el recurso de inaplicabilidad de ley se declaró inadmisible con argumentos suficientes y estricto apego a la normativa procesal aplicable y que la naturaleza excepcional de la causal de arbitrariedad para habilitar la instancia extraordinaria, no puede tener por objeto el abrir una nueva instancia ordinaria en la que puedan discutirse decisiones que se estimen equivocadas (Fallos 295:420; 304:268).",
      "Por ello, en razón a los argumentos dados, corresponde denegar el recurso extraordinario federal interpuesto, con costas a la vencida. ASÍ VOTO.",
      "A LA PRIMERA CUESTIÓN PROPUESTA EL SR. VOCAL",
      "Adhiero al voto del Sr. Vocal Carlos Federico Tepsich. ASÍ VOTO.",
      "A LA SEGUNDA CUESTIÓN PROPUESTA EL SR. VOCAL"
    ],
    "LEONARDO PORTELA DIJO": [
      "Adhiero al voto de la Sra. Vocal Gisela Schumacher. ASÍ VOTO.",
      "A LA SEGUNDA CUESTIÓN PROPUESTA EL SR. VOCAL",
      "Existiendo mayoría de opiniones me abstengo de votar respecto a la cuestión planteada (art. 33, LOPJ). ASÍ VOTO.",
      "Con lo que no siendo para más se da por finalizado el acto quedando acordada la siguiente sentencia:",
      "Paraná, 28 de octubre de 2024."
    ],
    "Y VISTO": [
      "Por los fundamentos del acuerdo que antecede se,"
    ],
    "RESUELVE": [
      "DENEGAR el recurso extraordinario federal interpuesto en fecha 11/8/2024 contra la sentencia de esta Sala dictada en fecha 23/7/2024, con costas a la vencida.",
      "FIJAR los honorarios profesionales correspondientes a esta instancia extraordinaria, en el 50 % de los honorarios que se establezcan por la labor en primera instancia, encomendando su cálculo a la judicatura de origen \"ASCAR MARIA ANDREA C/ AHIBE ROSA ARGENTINA Y OTROS S/ ORDINARIO DAÑOS Y PERJUICIOS\" - Expte. Nº 8941 (arts. 3, 64 y 94 de la ley 7046 modif. por ley 11.141).",
      "Notifíquese conforme arts. 1º y 4º Ac. Gral. 15/18 SNE, regístrese y oportunamente devuélvase.",
      "Ante mí. En igual fecha se registró. Asimismo, se deja constancia que la presente se suscribe mediante firma digital -Acuerdo Gral. 11/20 del 23-6-2020, Punto 4°) prescindiéndose de su impresión en formato papel."
    ]
  }
}