{
  "METADATOS": {
    "ID_FALLO": "8961",
    "MES": "10",
    "ARTICULOS_CITADOS": {
      "citations": [
        {
          "main_source": "Ley 24.449",
          "cited_articles": [
            7,
            8,
            10
          ],
          "extra": "LDC"
        },
        {
          "main_source": "Constitución Provincial de Entre Ríos",
          "cited_articles": [
            240
          ],
          "extra": "inc. 19 y concs. de la Ley Orgánica de Municipios Nº 10.027"
        },
        {
          "main_source": "Código Procesal Civil y Comercial (CPCC)",
          "cited_articles": [
            93,
            257,
            162,
            499,
            65,
            66
          ],
          "extra": "artículo 280, segundo párrafo"
        },
        {
          "main_source": "Código Civil y Comercial (CCC)",
          "cited_articles": [
            1686,
            1093,
            1100,
            1101,
            1724
          ],
          "extra": "in fine"
        },
        {
          "main_source": "Constitución Nacional (CN)",
          "cited_articles": [
            1,
            5,
            41
          ],
          "extra": "art. 33 de la LOPJ, texto según ley 10.704"
        },
        {
          "main_source": "Ley 7046",
          "cited_articles": [
            3,
            64,
            94
          ],
          "extra": "modif. por ley 11.141"
        },
        {
          "main_source": "Acuerdo General 15/18 SNE",
          "cited_articles": [
            1,
            4
          ],
          "extra": ""
        },
        {
          "main_source": "Acuerdo General 11/20",
          "cited_articles": [],
          "extra": "del 23-6-2020, Punto 4°"
        }
      ]
    }
  },
  "MATERIA_PRELIMINAR": "SUMARISIMO",
  "IDEA_CENTRAL": "**IDEA CENTRAL DEL FALLO**\n\nEl Tribunal resolvió parcialmente a favor de la Asociación de Defensa de Consumidores Entrerrianos (ADECEN) en su demanda contra Federico Lifschitz y ESCO S.A. por incumplimiento en la provisión de servicios de cloacas en el loteo \"Altos del Este\". Se determinó que ESCO S.A. no tenía legitimación pasiva en la relación de consumo, ya que actuaba como fiduciario y no como proveedor, mientras que Lifschitz, como fiduciario, sí era responsable por la publicidad engañosa y el incumplimiento contractual.\n\n**Decisión Judicial Principal y Fundamento Legal**\n\n1. **Decisión**: Se admitió parcialmente el recurso de inaplicabilidad de ley, se casó la sentencia de la Cámara de Apelaciones y se admitió la demanda contra Lifschitz, pero se desestimó la acción contra ESCO S.A.\n   \n2. **Fundamento Legal**: Se fundamentó en la naturaleza del contrato de fideicomiso y su regulación en el Código Civil y Comercial (CCC), que establece que el fiduciario es quien responde ante los acreedores. Se invocaron los artículos 7, 8 y 10 bis de la Ley de Defensa del Consumidor (LDC) y el artículo 955 del CCC sobre la imposibilidad de cumplimiento.\n\n**Aspectos Legales Relevantes**\n\n- **Legitimación Pasiva**: ESCO S.A. no fue considerada proveedora en la relación de consumo, dado que su rol era de fiduciario.\n- **Publicidad Engañosa**: Lifschitz fue responsabilizado por la publicidad engañosa que prometía servicios de cloacas que no estaban disponibles.\n- **Obligaciones Municipales**: La realización de obras de infraestructura corresponde a la Municipalidad, lo que limita la responsabilidad de los demandados.\n\n**Razonamiento del Tribunal**\n\nEl Tribunal argumentó que la relación de consumo se establece entre el fiduciario y los consumidores, y que la falta de cumplimiento de la oferta publicitaria por parte de Lifschitz constituye un incumplimiento contractual. Se destacó que la responsabilidad de ESCO S.A. no se puede extender sin alegar fraude o simulación, lo que no fue probado. Además, se enfatizó que la obligación de realizar las obras de cloacas es de carácter público y no puede ser impuesta a los particulares.\n\n**Conclusión**\n\nEl fallo establece un precedente sobre la delimitación de responsabilidades en relaciones de consumo que involucran fideicomisos, reafirmando la importancia de la publicidad veraz y la correcta identificación de los roles de los actores en el mercado.",
  "CONTENIDO": {
    "INICIO": [
      "\"ASOCIACION DE DEFENSA DE CONSUMIDORES ENTRERRIANOS (ADECEN) C/ ESCO SOCIEDAD ANONIMA DE CAPITALIZACION Y AHORRO Y OTRO S/ SUMARISIMO\"- Expte. Nº 8961"
    ],
    "ACUERDO": [
      "En la ciudad de Paraná, capital de la provincia de Entre Ríos, a los diez días del mes de octubre del año dos mil veinticuatro reunidos los integrantes de este Tribunal asistidos por el Secretario autorizante, para conocer el recurso de inaplicabilidad de ley deducido en fecha 31/7/2023 en las actuaciones:",
      "\"ASOCIACION DE DEFENSA DE CONSUMIDORES ENTRERRIANOS (ADECEN) C/ ESCO SOCIEDAD ANONIMA DE CAPITALIZACION Y AHORRO Y OTRO S/ SUMARISIMO\" - Expte. Nº 8961, respecto de la resolución de la Sala Primera de la Cámara Segunda de Apelaciones de Paraná dictada en fecha 29/6/2023. Que la votación debe tener lugar en el siguiente orden:",
      "Sr. Vocal Carlos Federico Tepsich; Sra. Vocal Gisela N. Schumacher y Sr. Vocal Leonardo Portela.",
      "Estudiados los autos, la Sala se planteó las siguientes cuestiones:",
      "¿qué corresponde resolver respecto del recurso de inaplicabilidad de ley interpuesto? y, en su caso, ¿cómo deben regularse los honorarios profesionales en esta instancia?",
      "A LA PRIMERA CUESTIÓN PROPUESTA EL SR. VOCAL"
    ],
    "DR. CARLOS FEDERICO TEPSICH DIJO": [
      "1.- La Asociación de Defensa de Consumidores Entrerrianos, en adelante A.DE.C.EN promovió acción colectiva contra ESCO y contra Federico Lifschitz, persiguiendo que se los condene a ejecutar en el plazo que se fije las obras de infraestructura necesarias para lograr la funcionalidad del servicio de cloacas del loteo \"Altos del Este\" y a abonar a cada consumidor afectado una multa civil.",
      "Invocó que a través de la demanda colectiva pretendía hacer valer un derecho de incidencia colectiva referido a intereses individuales homogéneos derivado de una relación de consumo. Sostuvo que la legitimación pasiva de Lifschitz por su condición de fiduciario del fideicomiso \"Solvencia\" y, como tal, principal y primer obligado al cumplimiento de las obligaciones emergentes del contrato celebrado con los adquirentes de los lotes que conforman la clase -los terrenos adquiridos hasta 2018- y la de ESCO S.A. en su condición de proveedor por integrar la cadena de comercialización por ser fiduciante, beneficiario y fideicomisario del fideicomiso y por haber promocionado y publicitado la venta de los terrenos a través de su página web. Señaló que ESCO S.A. constituyó y transfirió al fideicomiso \" SOLVENCIA\", el dominio fiduciario de un lote de terreno de aproximadamente 34 hectáreas, ubicado en el Ejido de la Municipalidad de San Benito, incorporándose al patrimonio fideicomitido, donde se desarrolló el proyecto inmobiliario que se denominó comercialmente \"Altos del Este\". Afirmó que de acuerdo a los términos publicitarios, los proveedores afirmaron que los lotes \"ASOCIACION DE DEFENSA DE CONSUMIDORES ENTRERRIANOS (ADECEN) C/ ESCO SOCIEDAD ANONIMA DE CAPITALIZACION Y AHORRO Y OTRO S/ SUMARISIMO\"- Expte. Nº 8961 en cuestión contaban con servicio de luz, alumbrado público, asfalto, badenes, parquización, espacios verdes y cloacas y que cuando los adquirentes comenzaron a construir las viviendas tomaron conocimiento de que el servicio de cloacas no estaba apto para su uso, produciéndose la falta de cumplimiento de las condiciones y servicios prometidos debido a que las precisiones formuladas en la publicidad que integran el contrato no fueron cumplidas, ignorando así el efecto vinculante de la oferta (arts. 7, 8 y 10 bis, LDC).",
      "2.- Al contestar demanda, ESCO S.A. opuso excepción de falta de legitimación pasiva con fundamento en la circunstancia que el único legitimado respecto de acciones entabladas contra el fideicomiso es el fiduciario.",
      "En lo referente a las cloacas negaron haber incumplido la oferta de dotar al \"Altos del Este\" de dichos servicios ya que el ofrecimiento solo mencionaba instalaciones de cloacas. Expusieron que la prestación del servicio cloacal está a cargo de la Municipalidad de San Benito - arts. 240, inc. 19 y concs.",
      "de la Constitución Provincial y Ley Orgánica de Municipios Nº 10.027 y que se hicieron en el loteo las obras e instalaciones para que los propietarios de los lotes puedan conectarse a la red de servicio cloacal una vez que el Estado Municipal las desarrolle.",
      "3.- Por resolución de fecha 27/09/2021 se dispuso citar al juicio en calidad de tercero a la Municipalidad de San Benito, quien opuso excepción de falta de legitimación pasiva, alegando, esencialmente, que no integró la relación de consumo entre los adquirentes de los lotes en cuestión y los demandados.",
      "Agregó el expediente administrativo de aprobación del loteo y explicó que al momento de su presentación y aprobación por Ordenanza Nº 338/12 no contenía ningún proyecto relacionado a la red de cloacas y que recién en 2013 Lifschitz presentó el proyecto de una red interna de cloacas instando las obras de extensión. Expuso que por su costo la obra requiere de un financiamiento nacional o provincial para llevarse a cabo.",
      "4.- La sentencia de fecha 7/11/22 dictada por el Juzgado de Primera Instancia en lo Civil y Comercial Nº 2 de Paraná, falló:",
      "“ a- Hacer lugar a la excepción de falta de legitimación pasiva interpuesta por Esco Sociedad Anónima de Capitalización y Ahorro y rechazar la demanda a su respecto. b.- Rechazar la excepción de falta de legitimación pasiva interpuesta por la Municipalidad de San Benito. c.- Rechazar la demanda interpuesta Asociación de Defensa de Consumidores Entrerrianos –A.DE.C.EN-, contra Federico Andrés Lifschitz, en carácter de fiduciario del fideicomiso denominado \"Solvencia, fideicomiso de administración y garantía\". d.- No corresponde condenar a la Municipalidad de San Benito que intervino como tercero y la demanda no fue ampliada a su respecto. Art.93 CPCC e impuso las \"ASOCIACION DE DEFENSA DE CONSUMIDORES ENTRERRIANOS (ADECEN) C/ ESCO SOCIEDAD ANONIMA DE CAPITALIZACION Y AHORRO Y OTRO S/ SUMARISIMO\"- Expte. Nº 8961 costas por su orden”.",
      "5.- En fecha 29 de junio de 2023 la Sala Primera de la Cámara Segunda de Apelaciones de esta ciudad, rechazó el recurso de apelación deducido por la parte accionante.",
      "Coincidió con la desestimación de la excepción de falta de legitimación pasiva interpuesta por ESCO S.A. en función de los efectos del contrato de fideicomiso celebrado entre ambos demandados. Detalló que si bien el contrato operó como causa negocial de la transmisión del dominio fiduciario sobre el inmueble en el que se desarrolló la urbanización en cuestión, ello no lo convierte en proveedora en la relación de consumo que el fiduciario entabló con la clase representada por la actora. Remarcó que fue Lifschitz, en su calidad de fiduciario, quien desarrolló y comercializó la venta de los lotes a quienes conforman la clase representada por A.DE.C.EN y no se probó en el juicio que ESCO S.A. fuera el titular del dominio del sitio de internet \"altosdeleste.com.ar\" como se afirmó en la demanda ya que la inscripción a su nombre data del 27/09/2021 fecha posterior a la venta que involucra a la clase representada en el juicio.",
      "Explicó que en autos no se planteó abiertamente que el fideicomiso celebrado entre ESCO S.A. y Lifschtiz sea un negocio concertado en fraude a la ley, como una \"pantalla\" para resguardar responsabilidades frente a los consumidores ni se invocó que se tratare de un negocio simulado. Además, precisó que no probó que ESCO S.A. recibiera el dinero por la venta de los lotes.",
      "Consideró que ello no implicaba desconocer la aplicación del régimen consumeril pero el mismo no puede ser invocado para desnaturalizar los efectos de una figura y vaciarla de sentido, a menos que el contrato de fideicomiso sea atacado a través de las acciones de fraude o simulación (art. 1686, CCC).",
      "En cuanto al rechazo de la demanda referida a la realización de la obras de infraestructura necesarias para poner en funcionalidad el servicio de cloaca del loteo \"Altos del Este\", destacó que reviste naturaleza de \"obra pública\" cuya realización, características técnicas, decisión de cómo se llevaría adelante (por sí o terceros contratados), costos, le corresponde a la Municipalidad de San Benito, como una facultad privativa, conforme surge del art. 240 inc. 19º y 231 de la Constitución de Entre Ríos y ni los particulares ni el Poder Judicial pueden determinar la oportunidad y conveniencia del ejercicio de tales atribuciones (arts, 1 y 5, Const. Nac. y art. 1, Const. Prov.), por lo que la pretensión de condena al respecto resultaba objetiva y subjetivamente improponible. Asimismo, que en el caso el punto de estos servicios no se planteó en términos de tutela de un bien colectivo, el ambiente, ni se solicitó una sentencia colectiva de tipo estructural.",
      "Hizo notar que como no fue objeto de crítica en los términos del art. 257 del CPCC el fundamento de la intervención de la Municipalidad de San \"ASOCIACION DE DEFENSA DE CONSUMIDORES ENTRERRIANOS (ADECEN) C/ ESCO SOCIEDAD ANONIMA DE CAPITALIZACION Y AHORRO Y OTRO S/ SUMARISIMO\"- Expte. Nº 8961 Benito, no es posible emitir un pronunciamiento de condena ya que A.DE.C.EN no amplió la demanda contra la misma.",
      "En relación al daño punitivo reclamado, con cita de lo resuelto por esta Sala, en el caso: \" De la Cruz..\", sentencia del 17/02/2020, concluyó que en el caso no se dan los presupuestos para su procedencia. Señaló que si bien la publicidad que en un comienzo se hizo de la oferta de los lotes pudo resultar engañosa, luego de dictada la resolución Nº 721/2017 DGDC y LC, el coaccionado Lifschitz comunicó a la Dirección General de Defensa del Consumidor de la Provincia las modificaciones introducidas a la publicidad, en el sentido de informar a los compradores de lotes que el servicio de cloacas no se encuentra habilitado, lo que implica - sentenció- un cambio de conducta del fiduciario proveedor que debe ser ponderado a la hora de evaluar la procedencia del daño punitivo y agregó que las obras internas tendientes a la conexión de la red cloacal se efectuaron.",
      "Finalmente impuso las costas por su orden en ambas instancias (art. 55, LDC).",
      "6.- La parte accionante interpuso recurso de inaplicabilidad de ley alegando violación de los arts. 1, 2 y 3 de la Ley 24240 y del 1093 del CCC.",
      "Remarcó que el principio protectorio de rango constitucional es el que da origen y fundamenta el Derecho del Consumidor y la sentencia, entiende, se aparta de la Constitución Nacional al negarle el carácter de proveedor a ESCO S.A.",
      "solo por su posición contractual de fiduciante, asignándole prioridad y preferencia a la regulación propia del contrato de fideicomiso por encima del régimen consumeril.",
      "Expresa que el proceso de selección y construcción de la solución requiere necesariamente de diálogo de fuentes para identificar la norma a aplicar, lo que no fue observado por la Cámara al ignorar el principio de jerarquía y especialidad.",
      "Destaca el rol esencial que tuvo la empresa ESCO en la organización y desarrollo de la empresa inmobiliaria llamada \"Altos del Este\", lo que demuestra -en su tesis- su condición de proveedor en los términos de la ley y puntualiza la particular profesionalidad de la empresa en su actividad comercial.",
      "Indica que la participación de Lifschitz no anula ni excluye la intervención y actividad desplegada por ESCO S.A.; y que quedó demostrada su titularidad atribuida a la empresa de las páginas en las que se ofertaba del loteo.",
      "Sostiene que es arbitrario exigir la invocación de fraude para poder asignar en la relación de consumo en cuestión la condición de proveedor a ESCO S.A. como así también exigirle la prueba de los beneficios percibidos por la venta de los lotes de terreno.",
      "Dice que la sentencia omitió tratar la conexidad contractual \"ASOCIACION DE DEFENSA DE CONSUMIDORES ENTRERRIANOS (ADECEN) C/ ESCO SOCIEDAD ANONIMA DE CAPITALIZACION Y AHORRO Y OTRO S/ SUMARISIMO\"- Expte. Nº 8961 denunciada entre los contratos de compraventa inmobiliaria y el fideicomiso para justificar la legitimación pasiva del fiduciante, incurriendo en arbitrariedad.",
      "Critica la exclusión de la condena de la Municipalidad de San Benito cuando la misma fue llamada como tercera citada y la articulación de su parte objetando que su legitimación pasiva fue rechazada, resolución que está firme. Sostiene que la realización por parte de ese municipio de la conexión a la red cloacal del desarrollo inmobiliario en cuestión constituye un obrar ilícito porque viola el art. 1097 del CCC al disociar las relaciones de consumo del medio ambiente que también está tutelado constitucionalmente (art. 41, Const. Nac. y art.",
      "22, Const. Prov.).",
      "Cuestiona el rechazo del daño punitivo, alegando que el fallo es arbitrario por desatender las constancias del caso y refiriendo a la finalidad del instituto y la conducta desplegada por el demandado, considera que se dan los recaudos para su procedencia. Cita jurisprudencia y controvierte la distribución de costas por su orden, solicitando con cita jurisprudencial la no imposición de costas por aplicación de lo dispuesto en el art. 55 de la Ley 24.240.",
      "7.- Contestan el traslado oportunamente dispuesto las codemandadas de manera conjunta, solicitando, el rechazo del recurso interpuesto, en virtud de considerar que no satisface los recaudos de admisibilidad que requiere la norma, sin perjuicio de lo cual analizan los agravios vertidos.",
      "Parten cuestionando la desarticulación de normas que entienden efectúa el actor al pretender otorgar primacía a la LDC por sobre la vigencia del sistema jurídico, considerando grave el entender que el régimen del consumidor va a desplazar los demás institutos previstos en el Código Civil y Comercial. Destacan la legitimidad de la figura elegida y que la misma no conlleva una suerte de simulación o fraude por parte de ESCO, acción autónoma que -remarcan- no fue planteada. Reiteran que ESCO no comercializaba los lotes, que no es proveedor y que por ende es improponible que la actora inste judicialmente la reconversión del derecho regulador del contrato de fideicomiso.",
      "Entienden como un valladar infranqueable para la consideración de la afectación al medio ambiente alegando el hecho que no haya sido propuesto al momento de accionar, sino introducido por primera vez en segunda instancia, lo que conlleva a una violación del principio de congruencia. Concepto que consideran sería extensible en caso de que se revise la participación de la Municipalidad de San Benito, dado que la misma no fue parte de la “integración de la litis”.",
      "Ratifican el criterio de la Alzada en el sentido de improcedencia del daño punitivo el que entienden no se configura al no haber prosperado la demanda en sí.",
      "\"ASOCIACION DE DEFENSA DE CONSUMIDORES ENTRERRIANOS (ADECEN) C/ ESCO SOCIEDAD ANONIMA DE CAPITALIZACION Y AHORRO Y OTRO S/ SUMARISIMO\"- Expte. Nº 8961 8.- El Procurador Adjunto -interino- propone admitir parcialmente el recurso interpuesto y casar el fallo en cuanto acoge la falta de legitimación pasiva de ESCO S.A. y rechaza el daño punitivo.",
      "Considera que ESCO S.A. integra la cadena de consumo que refiere el art. 40 del LDC y que se verifica el incumplimiento contractual invocado y el desconocimiento del efecto vinculante de la publicidad engañosa realizada por las codemandadas en relación a los lotes ofrecidos a la venta, configurando una grave inconducta que habilita la procedencia de la sanción civil.",
      "9.- He de ingresar al tratamiento del presente recurso de inaplicabilidad con el señalamiento que los jueces no están obligados a considerar todas y cada una de las alegaciones de las partes en sus escritos recursivos como tampoco a ponderar, una por una, todas las pruebas agregadas al expediente, sino tan sólo los capítulos, cuestiones y probanzas pertinentes para su correcta solución.",
      "Advertido lo anterior, adelanto que a criterio del dicente la impugnación debe prosperar parcialmente.",
      "10.- Es doctrina recibida de la Corte Suprema de la Nación que quedan radiados del ámbito de los recursos aquellos perjuicios ocasionados por el propio comportamiento del quejoso (CSJN, Fallos, 307:1602), en tanto es inatendible el agravio en que se alega la propia torpeza. Así, la garantía de la defensa en juicio no tutela la negligencia o la conducta omisiva de los justiciables -el que ha tenido oportunidad de ejercer sus derechos de manera adecuada y suficiente y no lo ha hecho, responde por la omisión que le es imputable (CSJN, Fallos, 287:145; 288:416; 290:351; id., 24/3/88, LL, 1988-C-373)-.",
      "El estudio de la causa y el memorial recursivo me llevan a identificar que el agravio referido a la falta de condena de la Municipalidad de la localidad de San Benito no puede ser considerado por este tribunal en función de que el gravamen que se alega encuentra su causa en la propia actuación de la parte.",
      "En efecto, la pretensión no fue dirigida contra ella y, luego, frente a la intervención como tercero obligado dispuesta ex officio en fecha 27/9/21, la accionante recurrente no amplió la demanda con relación a la misma, por lo que -como correctamente lo explicó la Cámara- en tales condiciones no procede la condena puesto que para que ello pueda hacerse el Código Procesal Civil y Comercial establece que “...el actor hubiese ampliado la demanda solicitando su condena” (el art. 93, 3° párrafo).",
      "En toda relación procesal el órgano jurisdiccional está encerrado dentro del círculo de hierro formado por el principio de congruencia (art. 160, inc.",
      "6, CPCC). De modo que, al lado de los términos objetivos de la litis contestatio que deben ser respetados, también esta la congruencia subjetiva que inevitablemente será afectada si se condena a una persona no demandada o bien a \"ASOCIACION DE DEFENSA DE CONSUMIDORES ENTRERRIANOS (ADECEN) C/ ESCO SOCIEDAD ANONIMA DE CAPITALIZACION Y AHORRO Y OTRO S/ SUMARISIMO\"- Expte. Nº 8961 un tercero citado a intervenir “obligadamente” pero la actora no extendió su pretensión hacia él en la oportunidad que indica el citado art. 93. Precisamente con esta norma el legislador local zanjó la cuestión dudosa que presenta el art. 96 del CPCCN con relación a la posibilidad de condena a los terceros de intervención obligada. Por otro lado, un proceso colectivo tramitado por ante el fuero civil y comercial no es el ámbito jurisdiccional en el que se pueda debatir la legitimidad de la decisión de un municipio respecto del cronograma para la realización de obras públicas de extensión de la red cloacal (arts. 240 inc. 19, y 231 Const. Prov.;",
      "art. 11, inc. e, Ley 10.027).",
      "11.- Igual temperamento cabe asumir con el agravio referido como arbitrariedad normativa por no considerar la conexidad contractual existente, en los términos del art. 1073 del CCC, entre el contrato de fideicomiso “Solvencia” y los contratos de consumo de adquisición de lotes.",
      "Este extremo que hace al elemento causal de la pretensión no fue alegado en oportunidad de promover la demanda, tal como surge de una atenta lectura del escrito de inicio, y el haberlo hecho recién al fundar el recurso de apelación frente a una sentencia que admitió la excepción de falta de legitimación de opuesta por la codemandada ESCO S.A., es inadmisible puesto que ello estaba fuera de los poderes de la alzada ya que ésta no puede tratar capítulos no propuestos al juez a quo (art. 269, CPCC). Esto hace al principio de congruencia que abarca la necesaria correlación que debe existir entre la sentencia y los hechos debida y oportunamente alegados en el proceso, que constituyen la “causa” de las pretensiones y oposiciones de las partes; así, el haber introducido en el memorial de apelación la conexidad contractual como elemento justificante de la legitimación para obrar pasiva de un codemandado, además de importar una variación de postura, resulta inadmisible puesto que su tratamiento inevitablemente ubicaba al tribunal del recurso en un escenario de incongruencia (art. 160, inc. 6º, CPCC). No se puede dejar de apreciar que la demanda como acto constitutivo de la relación procesal tiene singular trascendencia ya que contiene una declaración de voluntad del actor en orden a que sea actuada la ley en base a ciertos hechos relevantes, -entre los que surge la legitimatio ad causam- ya que la sentencia debe ajustarse al contenido de aquélla puesto, que por criterio general y absoluto “el juez no puede nunca sustituir al hecho constitutivo hecho valer por la parte que haga diferente la demanda” (Chiovenda, José, \"Principios de derecho procesal civil, traducida por Casais y Santaló\", T. II, pág. 178/179, Editorial Reus, Madrid, 1922).",
      "12.- No son de recibo los agravios expuestos en torno a la pretendida legitimación sustancial de la sociedad para ser sujeto pasivo de la pretensión que encauza este proceso colectivo.",
      "\"ASOCIACION DE DEFENSA DE CONSUMIDORES ENTRERRIANOS (ADECEN) C/ ESCO SOCIEDAD ANONIMA DE CAPITALIZACION Y AHORRO Y OTRO S/ SUMARISIMO\"- Expte. Nº 8961 La parte recurrente reitera en sus agravios los argumentos analizados por la alzada al resolver la apelación, y vuelve a insistir para fundar su posición, en la preeminencia normativa que a su entender corresponde dar a la ley de defensa del consumidor - arts. 1, 2, 3, 40 y concs.- por sobre las disposiciones propias del contrato de fideicomiso establecidas en el CCC (arts. 1666 y ss.) a los efectos de posicionar a la empresa ESCO S.A. -fiduciante y beneficiaria en el fideicomiso- como proveedora integrante de la relación de consumo que indudablemente existe entre Lifschitz y los adquirentes accionantes, empero soslaya todo el razonamiento que expone la sentencia de Cámara en torno al diseño de la regulación legal de la figura contractual del fideicomiso, su funcionamiento interno y externo, que impedía brindar tutela a la pretensión de ser considerado parte de la relación de consumo en litigio.",
      "Concretamente se determinó, sin reproche idóneo al respecto, que la aplicación al caso de esa dinámica contractual no importaba desconocer los postulados de la ley consumeril, su naturaleza y finalidad. A tal fin argumentó para sustentar el rechazo de la apelación en este punto que la naturaleza y dinámica propia del contrato de fideicomiso, impedía que el fiduciante ESCO, pueda ser considerado proveedor en la venta de los lotes del patrimonio fiduciario. Las expresas disposiciones del Código Civil y Comercial brindan cabal y suficiente sustento legal a esta conclusión.",
      "Ante un conflicto que tenga al fideicomiso como centro de imputación de las obligaciones contraídas, el acreedor debe demandar judicialmente al fiduciario, dado que este actúa obligando al patrimonio fideicomitido; de este modo, el fiduciario es quien comparece en el proceso y responde con el patrimonio que administra y que se encuentra registralmente a su nombre. Salvo, claro está y como bien se expresa en el fallo, que la eficacia del fideicomiso hubiese sido cuestionada con la deducción de las correspondientes acciones de nulidad o inoponibilidad (arts. 333 a 342, CCC), lo que no se da en el caso de autos.",
      "13.- Tampoco resulta aplicable el art. 40 de la LDC para justificar una legitimación para obrar pasiva de la sociedad coaccionada.",
      "La correcta comprensión de los distintos instrumentos contenidos en la ley 24.240 es lo que evita la hipertrofia del sistema protectorio del consumidor; y el régimen de responsabilidad de esta norma no abarca aquellos perjuicios que el consumidor acreedor pueda experimentar en el cumplimiento del plan prestacional del contrato sino los que son susceptibles de ser ocasionados a la salud de las personas, sean contratantes o no, a otros bienes de sus patrimonios, a causa de defectos o fallas de las cosas o servicios; (Cam. C. del U., Sala Civ. y Com., \"Godoy, Juan José c. Car Group S.A. y otra -Sumarísimo-”, 14-12-22, y sus \"ASOCIACION DE DEFENSA DE CONSUMIDORES ENTRERRIANOS (ADECEN) C/ ESCO SOCIEDAD ANONIMA DE CAPITALIZACION Y AHORRO Y OTRO S/ SUMARISIMO\"- Expte. Nº 8961 citas). Además, aunque se asuma una posición distinta a la antes expuesta, frente a los terceros contratantes con el fideicomisario respecto de los bienes del patrimonio separado, las razones expuestas en el considerando anterior obstan a que el fideicomitente pueda ser considerado como un proveedor abarcado por la solidaridad de esta disposición.",
      "14.- Ha quedado demostrado en este juicio el incumplimiento el fideicomisario vendedor que no respetó los términos de la oferta pública que realizó de los lotes del emprendimiento inmobiliario en cuanto a que se trataba de inmuebles con conexión a la red cloacal, lo que no era verdadero, con lo cual queda claramente determinado el factor subjetivo de atribución que exige la responsabilidad civil punitiva que consagra el régimen legal de protección al consumidor (art. 52 bis).",
      "Si la invitación a contratar hecha a los consumidores fue engañosa respecto de un aspecto relevante del bien inmueble ofrecido, esto es, se vendió algo con características estructurales distintas a lo ofertado, es contraria a la ley (arts. 4, 7, 8 y 8 bis, LDC - arts. 1100 y 1101, CCC).",
      "15.- Sí cabe receptar parcialmente los agravios que se exponen contra lo decidido por el tribunal ad quem en relación a la pretensión de condena a la realización de las obras de infraestructura necesarias para lograr la funcionalidad del servicio de cloaca del loteo “Altos del Este”, en tanto a su respecto se advierte una errónea aplicación de la ley.",
      "Ciertamente, tal como quedó explicitado más arriba y lo señaló la Cámara, en razón a que se trata de un opus que concierne a la órbita de atribuciones del municipio en dónde está localizado el loteo en cuestión, se trata de una obra pública cuya realización no puede ser decidida por un particular, empero ello no provoca la improponibilidad objetiva y subjetiva de la pretensión deducida contra el vendedor sino que se da una vicisitud diferente y que torna operativa la figura de la imposibilidad de cumplimiento de la prestación (arts. 955 y 956, CCC).",
      "En efecto, estando acreditado que esa conexión a la red cloacal fue una precisión formulada en la publicidad y, por ende, quedó incluida en el contenido del contrato y obliga al oferente (art. 8, LDC - art. 1103, CCC), la concreción de esa prestación asumida por el proveedor enajenante de los bienes inmuebles sobrevino legalmente imposible en función de que el poder municipal rechazó la gestión realizada por el desarrollador para la extensión de la red de desagües cloacales públicos al loteo y no hay elementos que permitan afirmar que lo haga en un futuro inmediato; lo que, a criterio del dicente, impide de modo objetivo y definitivo el cumplimiento de esa parte del contrato por causas imputables al vendedor. Esto último es así, puesto que la oferta daba cuenta que éstos tenían o tendrían conexión a la red pública del servicio de cloacas, es decir, se asumió el riesgo de su realización por lo que esa \"ASOCIACION DE DEFENSA DE CONSUMIDORES ENTRERRIANOS (ADECEN) C/ ESCO SOCIEDAD ANONIMA DE CAPITALIZACION Y AHORRO Y OTRO S/ SUMARISIMO\"- Expte. Nº 8961 decisión pública no puede ser asumida para ella como caso fortuito o fuerza mayor (art. 955, CCC).",
      "En tales condiciones esta obligación originaria se modifica ex lege en su objeto y se convierte en una obligación de pagar daños y perjuicios causados por ser imputable al deudor. Esta mutación, más allá de los términos que está explicitada en el texto legal, en realidad, más que ubicarnos en el escenario de una responsabilidad contractual, lo que sucede es que tributa en el ámbito del cumplimiento por equivalente, ya que se cumple lo convenido sustituyendo la prestación primitivamente pactada por otra de naturaleza dineraria. A su vez, como esta conversión opera ministerio legis no “es indispensable una petición explícita del acreedor, ya que, se ha decidido que toda demanda por cumplimiento específico de la obligación lleva implícita la de su equivalente” (Llambías, Jorge J., “Obligación de escriturar”, ED 2-1070).",
      "16.- Concluido lo anterior interesa establecer cómo se habrá de concretar en el presente proceso colectivo la cuantificación y percepción de ese daño sufrido individualmente por cada uno de los consumidores víctimas de la publicidad engañosa.",
      "Determinada que la prestación contractual vinculada a la conexión a la red cloacal pública sobrevino imposible en los términos del citado art. 955 in fine, queda fijado de modo suficiente uno de los extremos, que, de modo alternativo, establece el art. 54 de LDC referido a las “pautas para la reparación económica o el procedimiento para su determinación sobre la base del principio de reparación integral” -lo que remite a lo previsto en las codificaciones de forma y fondo (art. 162, CPCC y art. 1740, CCC)-, debiendo los consumidores representados por la asociación actora comparecer personalmente a los fines de promover el respectivo incidente para acreditar la existencia, causalidad y monto de los daños personales o patrimoniales sufridos.",
      "17.- También viene asistida de razón la recurrente al cuestionar el rechazo de la aplicación de la multa civil reclamada.",
      "En el caso concurren los extremos que hacen procedente la aplicación de este excepcional instituto y, por ende, la Cámara al mantener el rechazo de esa tutela represiva hizo errónea aplicación del antecedente del art. 52 bis de la LDC establecido por esta Sala en \"De La Cruz, Mariano Ramón c.",
      "Renault Argentina SA y otra -Sumarísimo-\" Expte. Nº 6014, sentencia del 27/06/11, que fue elevada a doctrina legal con la sentencia de esta Sala dictada en los autos “Asociación de Protección de Consumidores del Mercado Común del Sur Proconsumer c. A.M.X. Argentina S.A. S/Ordinario-” Expte. Nº 6294, sentencia del 27/12/2019).",
      "La publicidad engañosa constituye, como insistentemente lo ha \"ASOCIACION DE DEFENSA DE CONSUMIDORES ENTRERRIANOS (ADECEN) C/ ESCO SOCIEDAD ANONIMA DE CAPITALIZACION Y AHORRO Y OTRO S/ SUMARISIMO\"- Expte. Nº 8961 señalado la doctrina, un flagelo que atenta contra los derechos del consumidor y desnaturaliza la economía de libre mercado que debe ser combatida mediante la implementación de mecanismos preventivos, resarcitorios y sancionatorios que el ordenamiento prevé y entre los que se encuentran los daños punitivos. La afectación del derecho fundamental del consumidor a una información veraz sobre los productos o servicios que se publicitan (art. 42, Const. Nac.; art. 4°, ley 24.240;",
      "art. 1100, CCC), es grave en tanto produce una distorsión sobre su consentimiento, llevándolo a adquirir productos y servicios que, si estuviese mejor informado, posiblemente no los hubiera adquirido o, bien, no lo hubiera adquirido al precio pagado.",
      "El codemandado Lifschitz, en su condición de proveedor en el entramado de contratos de consumo de ventas actuó con un evidente menosprecio hacia los derechos de los consumidores adquirente y esa conducta concreta el factor subjetivo agravado que exige la normativa en análisis para la procedencia del daño punitivo (arts. 1724, in fine, CCC); y el cambio de conducta de Lifschitz a partir de lo resuelto por la DGDC -Res. 721/17, 3-7-2017- y LC, carece de entidad para cubrirlo de un manto de licitud ni tampoco hace desaparecer el factor atributivo subjetivo intencional del proveedor vendedor, tal como lo entiende el tribunal ad quem, por el contrario confirma que existió por parte de este último una publicidad engañosa de la oferta, la que debió modificar cuando ello fue señalado por la autoridad de aplicación provincial.",
      "En lo que refiere al monto de la multa a aplicar corresponde diferir su estimación para la etapa de ejecución de sentencia (arts. 162 y 499, CPCC) en razón que las pautas establecidas en la doctrina legal inevitablemente imponen la valoración de prueba y las determinación de hechos, lo que es en principio ajeno a esta instancia recursiva extraordinaria.",
      "18.- En definitiva, postulo admitir parcialmente el recurso de inaplicabilidad de ley interpuesto por la parte accionante y, en consecuencia, CASAR el fallo de cámara en cuanto desestima la demanda interpuesta en contra el demandado Lifschitz, la que se admite de acuerdo a lo expuesto en los considerandos precedentes.",
      "Asimismo, las costas en todas las instancias a la parte demandada que resulta sustancialmente vencida (art. 55, LDC - arts. 65, párrafo segundo, y 66, CPCC). ASÍ VOTO.",
      "A LA PRIMERA CUESTIÓN PROPUESTA LA SRA."
    ],
    "VOCAL GISELA N. SCHUMACHER DIJO": [
      "1.- Sintetizados los antecedentes del caso por el colega que comanda esta votación me remito a ellos, en honor a la brevedad, e ingreso directamente al tratamiento de las cuestiones sometidas a juzgamiento.",
      "\"ASOCIACION DE DEFENSA DE CONSUMIDORES ENTRERRIANOS (ADECEN) C/ ESCO SOCIEDAD ANONIMA DE CAPITALIZACION Y AHORRO Y OTRO S/ SUMARISIMO\"- Expte. Nº 8961 2.- En tal cometido, el examen de las críticas contenidas en la pieza recursiva en contraste con la motivación del veredicto recurrido me llevan a coincidir con la solución adoptada por el el doctor Tepsich.",
      "3.- Respecto de la porción impugnaticia desechada, advierto que la querella incumplió la carga impuesta por el artículo 280, segundo párrafo, del Código Procesal Civil y Comercial.",
      "a.- Ello en tanto sobre la declarada falta de legitimación pasiva de ESCO S.A., la recurrente reeditó en esta instancia los agravios que expresó en ocasión de fundar el recurso de apelación interpuesto por su parte, mediante una interpretación subjetiva respecto a cómo debieron ser subsumidas las circunstancias de la causa en la legislación aplicable. Pero en dicha faena soslayó que el análisis sentencial se estructuró con base en los hechos efectivamente acreditados en la causa, conforme quedó trabado el presente litigio.",
      "b.- Misma suerte corre la crítica respecto a la falta de condena a la Municipalidad de San Benito, puesto que la somera objeción formulada por la recurrente al respecto desatendió la conducta desplegada por su parte, quien pretende consolidar un vicio en el decisorio cuando lo resuelto respondió a las consecuencias de su propio accionar en el proceso.",
      "4.- Por su lado, la recepción parcial del embate deducido fue adecuadamente explicitado en el voto que me precede, cuyo acogimiento se fundó en razones que comparto, lo que me lleva a adherir a la solución propiciada. ASÍ VOTO.",
      "A LA SEGUNDA CUESTIÓN PROPUESTA, EL SR. VOCAL",
      "Adhiero al voto del Sr. vocal Carlos Federico Tepsich. ASÍ VOTO.",
      "Por último, habiendo mayoría de opiniones, EL SR. VOCAL EN EJERCICIO DE LA PRESIDENCIA DEL STJ, LEONARDO PORTELA, se abstiene de votar y firmar la presente resolución con arreglo a lo dispuesto por el art. 33 de la LOPJ, texto según ley 10.704.",
      "\"ASOCIACION DE DEFENSA DE CONSUMIDORES ENTRERRIANOS (ADECEN) C/ ESCO SOCIEDAD ANONIMA DE CAPITALIZACION Y AHORRO Y OTRO S/ SUMARISIMO\"- Expte. Nº 8961 Con lo que no siendo para más se da por finalizado el acto quedando acordada la siguiente sentencia:",
      "Paraná, 10 de octubre de 2024."
    ],
    "CARLOS FEDERICO TEPSICH DIJO": [
      "Considerando la actividad desarrollada para abrir la instancia extraordinaria, el éxito obtenido, la complejidad de las cuestiones planteadas, la trascendencia económica de lo debatido y la probable dedicación temporal en el desempeño profesional del servicio, corresponde fijar los honorarios profesionales en el 55 % de los honorarios que se establezcan por la labor en primera instancia, encomendando su cálculo a la judicatura de origen (arts. 3, 64 y 94 de la ley 7046 modif. por ley 11.141). ASÍ VOTO.",
      "A LA SEGUNDA CUESTIÓN PROPUESTA, LA SRA."
    ],
    "Y VISTO": [
      "Por los fundamentos del acuerdo que antecede se,"
    ],
    "RESUELVE": [
      "DECLARAR PARCIALMENTE PROCEDENTE el recurso de inaplicabilidad de ley deducido en fecha 31/7/2023, CASAR parcialmente la sentencia dictada por la Sala Primera de la Cámara Segunda de Apelaciones de Paraná de fecha 29/6/2023 y, en consecuencia, ADMITIR la demanda interpuesta en contra el demandado Federico Andrés Lifschitz, de acuerdo a lo expuesto en los considerandos precedentes.",
      "IMPONER costas a en todas las instancias a la parte demandada vencida (art. 55, LDC - arts. 65, párrafo segundo, y 66, CPCC).",
      "FIJAR los honorarios profesionales correspondientes a esta instancia extraordinaria, en el 55 % de los honorarios que se establezcan por la labor en primera instancia, encomendando su cálculo a la judicatura de origen (arts.",
      "3, 64 y 94 de la ley 7046 modif. por ley 11.141).",
      "Tener presente la reserva del caso federal.",
      "Notifíquese conforme arts. 1º y 4º Ac. Gral. 15/18 SNE, regístrese y oportunamente devuélvase.",
      "Ante mí. En igual fecha se registró. Asimismo, se deja constancia que la presente se suscribe mediante firma digital -Acuerdo Gral. 11/20 del 23-6-2020, Punto 4°) prescindiéndose de su impresión en formato papel."
    ]
  }
}