{
  "METADATOS": {
    "ID_FALLO": "8962",
    "MES": "10",
    "ARTICULOS_CITADOS": {
      "citations": [
        {
          "main_source": "Ley 24.449",
          "cited_articles": [
            17
          ],
          "extra": "inciso b, de la Ley de Defensa del Consumidor"
        },
        {
          "main_source": "Código Procesal Civil y Comercial (CPCC)",
          "cited_articles": [
            276,
            280,
            281
          ],
          "extra": "artículos"
        },
        {
          "main_source": "Código Procesal Civil y Comercial (CPCC)",
          "cited_articles": [
            280
          ],
          "extra": "segundo párrafo"
        },
        {
          "main_source": "Ley 24.449",
          "cited_articles": [
            53
          ],
          "extra": "de la Ley de Defensa del Consumidor"
        },
        {
          "main_source": "Ley 7046",
          "cited_articles": [
            3,
            64,
            94
          ],
          "extra": "modif. por ley 11.141"
        },
        {
          "main_source": "Ley 10.704",
          "cited_articles": [],
          "extra": ""
        },
        {
          "main_source": "Ley 24.449",
          "cited_articles": [
            53
          ],
          "extra": "de la Ley de Defensa del Consumidor"
        },
        {
          "main_source": "Ley 7046",
          "cited_articles": [
            3,
            64,
            94
          ],
          "extra": "modif. por ley 11.141"
        },
        {
          "main_source": "Acuerdo General 15/18 SNE",
          "cited_articles": [
            1,
            4
          ],
          "extra": "conforme arts. 1º y 4º"
        },
        {
          "main_source": "Acuerdo General 11/20",
          "cited_articles": [],
          "extra": "del 23-6-2020, Punto 4°"
        }
      ]
    }
  },
  "MATERIA_PRELIMINAR": "ORDINARIO",
  "IDEA_CENTRAL": "### IDEA CENTRAL DEL FALLO\n\n**Decisión Judicial Principal:**\nEl Tribunal declara **inadmisible** el recurso de inaplicabilidad de ley interpuesto por Jesús Leandro Barreto contra la resolución de la Cámara de Apelaciones de Concordia, que había rechazado su apelación por incumplimiento de contrato de consumo.\n\n**Fundamento Legal:**\nLa decisión se basa en la falta de impugnación concreta y razonada de la prueba pericial presentada en primera instancia, así como en la ausencia de pruebas que respalden las alegaciones del actor. Se hace referencia al artículo 17, inciso b, de la Ley de Defensa del Consumidor (Ley 24.240), que establece derechos del consumidor, pero se concluye que el principio tuitivo no puede suplir la falta de actividad probatoria del demandante.\n\n### Aspectos Legales Relevantes:\n1. **Ley de Defensa del Consumidor (Ley 24.240)**: Artículo 17, inciso b, que regula los derechos del consumidor en caso de incumplimiento.\n2. **Código Procesal Civil y Comercial**: Artículos 276, 280 y 281, que establecen los requisitos para la admisibilidad de recursos y la carga de la prueba.\n\n### Razonamiento del Tribunal:\nEl Tribunal argumenta que el apelante no cuestionó adecuadamente el fundamento de la sentencia de primera instancia, que se basó en un peritaje mecánico que no fue impugnado. Además, se señala que el actor no presentó pruebas que corroboraran sus afirmaciones sobre los defectos del producto adquirido. La falta de actividad probatoria y la conducta del apelante llevaron a considerar que no existían fundamentos suficientes para admitir el recurso.\n\n### Conclusión:\nEl Tribunal resuelve declarar la inadmisibilidad del recurso, imponiendo las costas en el orden causado y fijando los honorarios profesionales en un 50% de los establecidos en primera instancia, conforme a la normativa aplicable.",
  "CONTENIDO": {
    "INICIO": [
      "\"BARRETO, Jesus Leandro C/ CETROGAR S.A. S/ ORDINARIO\" - Expte.",
      "Nº 8962"
    ],
    "ACUERDO": [
      "En la ciudad de Paraná, capital de la provincia de Entre Ríos, a los quince días del mes de octubre del año dos mil veinticuatro reunidos los integrantes de este Tribunal asistidos por el Secretario autorizante, para conocer el recurso de inaplicabilidad de ley deducido en fecha 25/9/2023 en las actuaciones:",
      "\"BARRETO, Jesús Leandro C/ CETROGAR S.A. S/ ORDINARIO\" - Expte.",
      "Nº 8962, respecto de la resolución de la Sala Segunda Civil y Comercial de la Cámara de Apelaciones de Concordia dictada en fecha 12/9/2023 y, su aclaratoria, del 18/9/2023. Se practicó el sorteo de ley resultando que la votación debía tener lugar en el siguiente orden: Sra. Vocal Gisela N. Schumacher, Sr. Vocal Carlos Federico Tepsich y Sr. Vocal Leonardo Portela.",
      "Estudiados los autos, la Sala se planteó las siguientes cuestiones:",
      "¿qué corresponde resolver respecto del recurso de inaplicabilidad de ley interpuesto? y, en su caso, ¿cómo deben regularse los honorarios profesionales en esta instancia?",
      "A LA PRIMERA CUESTIÓN PROPUESTA LA SRA."
    ],
    "VOCAL GISELA N. SCHUMACHER DIJO": [
      "1.- Jesús L. Barreto promovió demanda sumarísima por incumplimiento y resolución de contrato de consumo, con más daños y perjuicios.",
      "Reclamó daño patrimonial, daño extrapatrimonial y daño punitivo (8/11/2019).",
      "2.- La sentencia de primera instancia (27/2/2023) rechazó la demanda e impuso las costas en el orden causado.",
      "3.- La parte actora interpuso recurso de apelación (27/2/2023 y escrito de expresión de agravios del 29/3/2023).",
      "4.- En tarea de resolver la impugnación incoada, la Cámara de Apelaciones de Concordia, Sala Segunda Civil y Comercial, rechazó el recurso de apelación e impuso las costas por su orden (sentencia del 12/9/2023 y aclaratoria del 18/9/2023).",
      "Para así decidir, la alzada consideró que el apelante no criticó concreta y razonadamente el argumento central que legitimó la sentencia de primera instancia, esto es que la pericial mecánica no mereció ninguna impugnación u observación ni en tiempo ni en forma.",
      "Entendió que el argumento del recurrente en torno a la fecha en que se practicó la dirimente prueba pericial devino inaudible, en tanto no explicitó por qué el juzgador debió salvar la propia torpeza o incuria de no haber la parte arbitrado en su oportunidad todo lo conducente a prevalerse o precaverse de la prueba idónea.",
      "Expresó que el recurrente no arrimó prueba alguna que permita acreditar sus aseveraciones, siquiera de naturaleza indiciaria.",
      "Concluyó que la nula actividad probatoria en estadio procesal \"BARRETO, Jesus Leandro C/ CETROGAR S.A. S/ ORDINARIO\" - Expte.",
      "Nº 8962 oportuno, sumado a la conducta de la parte apelante, no resiste el agravio.",
      "5.- El actor interpuso recurso de inaplicabilidad de ley (25/9/2023).",
      "Denunció errónea aplicación del artículo 17, inciso b, de la Ley de Defensa del Consumidor (24.240).",
      "Dijo que tratándose de una cuestión derivada de una relación de consumo, el incumplimiento de la accionada ha sido demostrado en una secuencia de hechos susceptibles de exhibir los graves defectos que presentó el rodado adquirido por su parte.",
      "Explicó que compró un motociclo 0 kilómetro a la demandada, y que los desperfectos en el encendido eléctrico aparecieron recurrentemente.",
      "Describió que pese a la supuesta reparación efectuada por la accionada (en el marco de la garantía legal), la misma no resultó satisfactoria, activándose en favor del consumidor la facultad contenida en el artículo 17, inciso b, de la Ley 24.240.",
      "Indicó que la moto, por entonces, y a más de la supuesta verificación del mecánico autorizado, no cumplía el fin para el cual fue adquirida.",
      "Adujo que lo expresado no puede ser aventado por el resultado del peritaje producido en el expediente, que no da cuenta de las peripecias que sufrió su parte a raíz de esa seguidilla de ocasiones en que tuvo que regresar el motociclo al comercio de la demandada. Agregó que, además, dicha pericia se realizó a más de dos años en que el consumidor pretendió ejercer su facultad resolutiva ante la \"reparación no satisfactoria del motociclo\".",
      "Enfatizó en la aplicación del principio tuitivo \"pro consumidor\".",
      "Hizo reserva del caso federal.",
      "6.- La contraria contestó el traslado oportunamente dispuesto (11/10/2023).",
      "Solicitó, por los motivos que expuso, el rechazo del recurso de inaplicabilidad de ley deducido, con costas.",
      "Hizo reserva del caso federal.",
      "7.- La Cámara concedió el recurso de inaplicabilidad de ley, con efecto suspensivo (26/10/2023).",
      "8.- Arribadas las actuaciones a esta instancia, se corrió vista al Ministerio Público Fiscal.",
      "En respuesta la señora Procuradora adjunta, doctora Mónica E.",
      "Carmona, dictaminó (4/6/2024).",
      "Consideró que la decisión recurrida respetó las garantías constitucionales, siendo una derivación razonada de los principios constitucionales y derecho vigente aplicable al caso. En consecuencia, propició el rechazo del recurso de inaplicabilidad de ley interpuesto.",
      "9.- Sintetizados los antecedentes relevantes para la definición de la \"BARRETO, Jesus Leandro C/ CETROGAR S.A. S/ ORDINARIO\" - Expte.",
      "Nº 8962 cuestión traída a juzgamiento recuerdo que el análisis preliminar de admisibilidad, previsto expresamente en nuestro ordenamiento procesal, indica que cuando el medio de impugnación se interpuso ante el mismo organismo jurisdiccional que dictó la resolución recurrida aquél sea llevado a cabo en dos oportunidades, la primera por la Cámara que analiza el cumplimiento de los requisitos formales de admisibilidad y de fundabilidad del planteo recursivo (artículos 276, 280 y 281 del Código Procesal Civil y Comercial), y la segunda por esta Sala.",
      "Conforme a las exigencias técnicas del recurso se debe efectuar el directo cuestionamiento de la sentencia definitiva de segunda instancia del cual derive una crítica y un ataque pertinentes a su fundamentación, que demuestren la errónea aplicación de la ley y/o doctrina legal emanada de este tribunal.",
      "No obstante la literalidad de la norma, se admite por vía pretoriana el análisis de cuestiones de hecho y prueba reservadas en principio a la magistratura de las instancias ordinarias, cuando se alegue y demuestre absurdidad o arbitrariedad en su valoración.",
      "10.- Bajo tales consideraciones ingreso directamente el examen de la pieza recursiva presentada por el accionante, tarea ante la cual verifico el incumplimiento de la carga impuesta por el artículo 280, segundo párrafo, del Código Procesal Civil y Comercial.",
      "La lectura de la sentencia en crisis implicó la ardua tarea de desentrañar los argumentos que conciernen estrictamente a la resolución del supuesto, frente a lo cual resulta aconsejable que en lo venidero la magistratura atienda al \"derecho a comprender\" como extremo que subyace al acceso a justicia, para lo cual se recomienda el uso de la herramienta \"Guía de estilo para un lenguaje judicial claro\" del Poder Judicial de Entre Ríos; pero cierto es que la decisión controvertida aparece como una derivación razonada y razonable de la aplicación del derecho a los extremos acreditados en la causa.",
      "En efecto, la querella reeditó ante la instancia extraordinaria provincial los argumentos ya expuestos en su escrito de apelación, soslayando los fundamentos medulares que sustentaron el veredicto recurrido, esto es el resultado de la única prueba dirimente practicada en este juicio (pericial mecánica), y la ausencia de objeciones oportunas respecto a su producción o el resultado plasmado en el dictamen del experto, aunado a la falta de constancias que acrediten los hechos alegados por el actor.",
      "Tal aseveración no se ve empañada por las alegaciones partiales que proclamaron la aplicación del principio \"en favor del consumidor\", puesto que la manda tuitiva tiende a corregir los desequilibrios de poder existentes entre las partes involucradas en una relación de consumo, pero ella no puede ser usada para suplir una total inactividad del peticionante en miras a acreditar los hechos alegados, ni apartarse infundadamente de prueba concluyente.",
      "\"BARRETO, Jesus Leandro C/ CETROGAR S.A. S/ ORDINARIO\" - Expte.",
      "Nº 8962 Por consiguiente, propicio declarar la inadmisibilidad del recurso de inaplicabilidad de ley interpuesto por Jesús Leandro Barreto, con costas en el orden causado (artículo 53 de la Ley de Defensa del Consumidor). ASÍ VOTO.",
      "A LA PRIMERA CUESTIÓN PROPUESTA EL SR. VOCAL",
      "Considerando la actividad desarrollada para abrir la instancia extraordinaria, la complejidad de las cuestiones planteadas y la probable dedicación temporal en el desempeño profesional del servicio, corresponde fijar los honorarios profesionales en el 50 % de los honorarios que se establezcan por la labor en primera instancia, encomendando su cálculo a la judicatura de origen (arts.",
      "3, 64 y 94 de la ley 7046 modif. por ley 11.141). ASÍ VOTO.",
      "A LA SEGUNDA CUESTIÓN PROPUESTA EL SR. VOCAL"
    ],
    "CARLOS FEDERICO TEPSICH DIJO": [
      "Adhiero a la solución propuesta por la Sra. Vocal preopinante por compartir en los sustancial sus fundamentos. ASÍ VOTO.",
      "A LA SEGUNDA CUESTIÓN PROPUESTA LA SRA.",
      "Adhiero al voto emitido por la Sra. Vocal preopinante. ASÍ VOTO.",
      "Por último, habiendo mayoría de opiniones, EL SR. VOCAL EN EJERCICIO DE LA PRESIDENCIA DEL STJ, LEONARDO PORTELA, se abstiene de votar y firmar la presente resolución con arreglo a lo dispuesto por el art. 33 de la LOPJ, texto según ley 10.704.",
      "Con lo que no siendo para más se da por finalizado el acto quedando acordada la siguiente sentencia:",
      "Paraná, 15 de octubre de 2024."
    ],
    "Y VISTO": [
      "Por los fundamentos del acuerdo que antecede se,"
    ],
    "RESUELVE": [
      "DECLARAR INADMISIBLE el recurso de inaplicabilidad de ley deducido en fecha 25/9/2023 respecto de la resolución de la Sala Segunda Civil y Comercial de la Cámara de Apelaciones de Concordia de fecha 12/9/2023 y su aclaratoria del 18/9/2023.",
      "IMPONER costas en el orden causado (art. 53 de la Ley de Defensa del Consumidor).",
      "FIJAR los honorarios profesionales correspondientes a esta instancia extraordinaria, en el 50 % de los honorarios que se establezcan por la labor en primera instancia, encomendando su cálculo a la judicatura de origen (arts.",
      "3, 64 y 94 de la ley 7046 modif. por ley 11.141).",
      "Tener presente la reserva del caso federal.",
      "\"BARRETO, Jesus Leandro C/ CETROGAR S.A. S/ ORDINARIO\" - Expte.",
      "Nº 8962 Notifíquese conforme arts. 1º y 4º Ac. Gral. 15/18 SNE, regístrese y oportunamente devuélvase.",
      "Ante mí. En igual fecha se registró. Asimismo, se deja constancia que la presente se suscribe mediante firma digital -Acuerdo Gral. 11/20 del 23-6-2020, Punto 4°) prescindiéndose de su impresión en formato papel."
    ]
  }
}