{
  "METADATOS": {
    "ID_FALLO": "8980",
    "MES": "10",
    "ARTICULOS_CITADOS": {
      "citations": [
        {
          "main_source": "Código Procesal Civil y Comercial (CPCC)",
          "cited_articles": [
            372,
            669,
            160,
            6,
            269,
            65
          ],
          "extra": null
        },
        {
          "main_source": "Código Civil y Comercial (CCC)",
          "cited_articles": [
            1897,
            1899,
            1905,
            2384,
            4015,
            4016
          ],
          "extra": null
        },
        {
          "main_source": "Ley 14.159",
          "cited_articles": [
            24
          ],
          "extra": null
        },
        {
          "main_source": "Ley 7046",
          "cited_articles": [
            3,
            64,
            94
          ],
          "extra": "modif. por ley 11.141"
        },
        {
          "main_source": "Constitución Nacional (CN)",
          "cited_articles": [
            17,
            18
          ],
          "extra": null
        },
        {
          "main_source": "Acuerdo General 15/18 SNE",
          "cited_articles": [
            1,
            4
          ],
          "extra": null
        },
        {
          "main_source": "Acuerdo General 11/20",
          "cited_articles": [],
          "extra": "del 23-6-2020"
        }
      ]
    }
  },
  "MATERIA_PRELIMINAR": "USUCAPION",
  "IDEA_CENTRAL": "**IDEA CENTRAL DEL FALLO**\n\nEn el caso \"BURGARTD JORGE LINO C/ BURGARTD JUAN PEDRO Y/O SUCESORES Y/O HEREDEROS Y/O QUIEN O QUIENES SE CONSIDEREN CON DERECHO S/ USUCAPION\", el Tribunal declaró **inadmisible** el recurso de inaplicabilidad de ley interpuesto por el actor, confirmando la decisión de la Cámara de Apelaciones que había revocado la sentencia de primera instancia que favorecía al demandante en su pretensión de usucapión.\n\n**Fundamento Legal y Aspectos Relevantes:**\n\n1. **Naturaleza del Proceso:** El Tribunal enfatizó que el proceso de usucapión debe ser contencioso, requiriendo la intervención de todos los herederos desde el inicio, para garantizar el derecho de defensa (artículos 372 y 669 del Código Procesal Civil y Comercial).\n\n2. **Comunidad Hereditaria:** Se determinó que el terreno en cuestión forma parte de una comunidad hereditaria indivisa, lo que implica que la posesión exclusiva del actor no puede ser reconocida hasta que se aclare el momento en que dicha posesión dejó de ser compartida (artículos 2384 y 4015 del Código Civil).\n\n3. **Prueba de Posesión:** El Tribunal subrayó que los actos posesorios del actor no pueden ser considerados válidos para usucapión hasta que se demuestre un alzamiento claro y notorio frente a los demás comuneros.\n\n4. **Inadmisibilidad del Recurso:** La decisión de inadmitir el recurso se basó en que no se acreditó la existencia de un absurdo o arbitrariedad en la valoración de los hechos, permitiendo al actor iniciar un nuevo proceso si así lo desea.\n\n**Razonamiento del Tribunal:**\nEl Tribunal concluyó que la falta de prueba sobre la exclusividad de la posesión y la naturaleza comunitaria del bien impedían el reconocimiento de la usucapión. Además, se resaltó que la sentencia no cerraba la puerta a futuras acciones legales por parte del actor, lo que reafirma la posibilidad de reexaminar la situación en un nuevo juicio.\n\n**Conclusión:**\nEl fallo reafirma la importancia de la correcta integración del contradictorio en procesos de usucapión y la necesidad de demostrar la exclusividad de la posesión en contextos de comunidad hereditaria.",
  "CONTENIDO": {
    "INICIO": [
      "\"BURGARTD JORGE LINO C/ BURGARTD JUAN PEDRO Y/O SUCESORES Y/O HEREDEROS Y/O QUIEN O QUIENES SE CONSIDEREN CON DERECHO S/ USUCAPION\" - Expte. Nº 8980"
    ],
    "ACUERDO": [
      "En la ciudad de Paraná, capital de la provincia de Entre Ríos, a los diecisiete días del mes de octubre del año dos mil veinticuatro reunidos los integrantes de este Tribunal asistidos por el Secretario autorizante, para conocer el recurso de inaplicabilidad de ley deducido en fecha 19/10/2023 en las actuaciones:",
      "\"BURGARTD JORGE LINO C/ BURGARTD JUAN PEDRO Y/O SUCESORES Y/O HEREDEROS Y/O QUIEN O QUIENES SE CONSIDEREN CON DERECHO S/ USUCAPION\" - Expte. Nº 8980, respecto de la resolución de la Sala Civil y Comercial de la Cámara de apelaciones de Concepción del Uruguay dictada en fecha 4/10/2023. Que la votación debe tener lugar en el siguiente orden: Sra. Vocal Gisela N. Schumacher; Sra. Vocal Laura Mariana Soage y Sr. Vocal Leonardo Portela.",
      "Estudiados los autos, la Sala se planteó las siguientes cuestiones:",
      "¿qué corresponde resolver respecto del recurso de inaplicabilidad de ley interpuesto? y, en su caso, ¿cómo deben regularse los honorarios profesionales en esta instancia?",
      "A LA PRIMERA CUESTIÓN PROPUESTA LA SRA."
    ],
    "VOCAL GISELA N. SCHUMACHER DIJO": [
      "1.- Jorge Lino Burgardt promovió demanda de usucapión de una fracción de terreno ubicado en la Provincia de Entre Ríos, Departamento Uruguay, Distrito Genacito, Municipio de Santa Anita -planta urbana-, Solares 55, 59 a y 59 b este, plano de mensura Nº 50354, domicilio parcelario 9 de Julio Nº 810, de una superficie de 15.069,73 metros cuadrados, sin constancia de inscripción en su totalidad (conforme escrito de demanda del 25/8/2021).",
      "2.- La sentencia de primera instancia hizo lugar a la demanda (2/2/2023).",
      "3.- Rubén Nicolás Regner, Dora Ofelia Regner y Horacio Raúl Regner, en carácter de herederos de Josefina María Bach -en representación de su madre prefallecida Mercedes Burgardt-, interpusieron recurso de apelación (6/2/2023 y escrito de expresión de agravios del 20/3/2023).",
      "4.- En respuesta, la Cámara de Apelaciones de Concepción del Uruguay, Sala Civil y Comercial -por mayoría- hizo lugar a la impugnación deducida, e impuso las costas a la parte actora (4/10/2023).",
      "Para así decidir, destacó que el proceso en el que se ventila la prescripción adquisitiva de un inmueble debe ser contencioso. En consecuencia, el demandado o sus herederos deben intervenir desde la primigenia etapa procesal para el logro de una perfecta integración subjetiva del contradictorio, so pena de atentar contra el derecho de defensa en juicio del citado, ya que aún cuando tal derecho pueda resultar resguardado dándole al citado ulterior oportunidad de ser \"BURGARTD JORGE LINO C/ BURGARTD JUAN PEDRO Y/O SUCESORES Y/O HEREDEROS Y/O QUIEN O QUIENES SE CONSIDEREN CON DERECHO S/ USUCAPION\" - Expte. Nº 8980 oído, ello resultará imposible sin desmedro del principio de preclusión procesal -tal como se verificó cuando se les denegó a los apelantes las medidas probatorias ofrecidas al tomar intervención-.",
      "Sin perjuicio, apuntó que tal irregularidad ha quedado suficientemente saneada, dado que los recurrentes, tardíamente incorporados a la relación procesal, no han considerado afectado su derecho de defensa consintiendo tácitamente lo actuado al no haber deducido el correspondiente incidente de nulidad.",
      "Indicó que surge una contradicción del relato de los hechos referidos en esta demanda, con lo consignado en el promocional del anterior juicio de usucapión iniciado por el actor (desestimado).",
      "Determinó que entre ambas exposiciones se debe hacer prevalecer la que favorece a su ocasional contraria, y que en el caso es aquella que ubica al actor como continuador de la relación de poder de su padre.",
      "Consideró forzoso concluir que el terreno en cuestión integra una comunidad hereditaria indivisa cuya liquidación tramita en el proceso sucesorio de Juan Pedro Burgardt, en el que se encuentran presentados tanto el accionante como los apelantes en calidad de herederos de herederos, lo que es un dato relevante para definir en qué momento el actor se convirtió en poseedor exclusivo (conforme expediente \"Burgardt o Purgardt Jorge, Bach Josefina María, Holzmeister Ana María y Burgartt Juan Pedro s/ sucesorios\", Expte. Nº S1-263, Fº 254, año 1994).",
      "Dijo que en estos supuestos, los actos posesorios llevados a cabo por el comunero poseedor \"ad usucapionem\" (apta para la usucapión), no pueden ser considerados tales hasta que no exista un alzamiento claro que pueda ser advertido por los demás comuneros, extremo que recién se advierte que ocurrió en algún momento antes de la intimación notarial realizada en 2013 (cuya prueba fue incorporada en esa alzada), y que constituye la reacción de éstos últimos al tomar conocimiento de la existencia del primer proceso de usucapión.",
      "Expresó que si bien en abstracto todos los actos que se reseñaron en la sentencia en revisión podrían ser asumidos como posesorios, analizados en concreto y en el contexto que da cuenta el expediente \"Burgardt o Purgardt Jorge, Bach Josefina María, Holzmeister Ana María y Burgartt Juan Pedro s/ sucesorios\", Expte. Nº S1-263, descartan como correcta tal conclusión.",
      "Entendió que si la posesión está referida a un bien que supone titularidad compartida por el usucapiente y otros, resulta fundamental la prueba del momento en que esta relación de poder deja de responder a esa comunidad y pasa a ser propia y exclusiva.",
      "5.- El actor interpuso recurso de inaplicabilidad de ley (19/10/2023).",
      "\"BURGARTD JORGE LINO C/ BURGARTD JUAN PEDRO Y/O SUCESORES Y/O HEREDEROS Y/O QUIEN O QUIENES SE CONSIDEREN CON DERECHO S/ USUCAPION\" - Expte. Nº 8980 Consideró que la sentencia en los juicios de usucapión es definitiva cuando se alegue y demuestre absurdidad.",
      "Denunció errónea valoración de la ley al no aplicarse los artículos 372 y 669 del Código Procesal Civil y Comercial; artículos 2384, 4015, 4016 y concordantes del Código Civil; artículo 24 de la Ley 14159; artículos 1897, 1899, 1905 del Código Civil y Comercial; y artículos 17 y 18 de la Constitución Nacional.",
      "Adujo que la sentencia violó los artículos 160, inciso 6 y 269 del Código Procesal Civil y Comercial y la doctrina legal, al modificar la pretensión esgrimida por la actora. Expuso que la demanda se promovió por posesión veinteañal sobre el inmueble de referencia (que totaliza 15.079, 62 metros cuadrados), y nada tiene que ver con lo que se refiere en la sentencia sobre 5.250 metros cuadrados.",
      "Arguyó que no está demostrado con las constancias a los expedientes a los que se remite, que en el sucesorio de Juan Pedro Burgartd no hay ningún título de propiedad sobre el inmueble de 5.250 metros cuadrados, y menos practicado algún inventario, sino un expediente paralizado, sin movimiento desde el año 2019.",
      "Dijo que en el caso se dan los requisitos legales para adquirir el dominio por usucapión.",
      "Estimó que el criterio adoptado en la sentencia son conjeturas no sustentadas en elementos de juicio que pulverizan toda sana crítica.",
      "Enfatizó en que la posesión ha sido ostensible, pública, continua y no ha sido turbada durante 20 años; y que luego de intimación del año 2013 su parte no ha dejado el terreno ni la contraria inició ningún tipo de acción.",
      "Enumeró actos posesorios que consideró como alzamiento frente a los demás comuneros.",
      "Hizo reserva del caso federal.",
      "6.- La contraria contestó el traslado oportunamente dispuesto, y solicitó el rechazo de la impugnación con imposición de costas (2/11/2023).",
      "7.- La Cámara concedió el recurso de inaplicabilidad de ley incoado, con efecto suspensivo (22/11/2023).",
      "8.- Sintetizados los antecedentes relevantes para la definición de la cuestión traída a juzgamiento recuerdo que el análisis preliminar de admisibilidad, previsto expresamente en nuestro ordenamiento procesal, indica que cuando el medio de impugnación se interpuso ante el mismo organismo jurisdiccional que dictó la resolución recurrida aquél sea llevado a cabo en dos oportunidades, la primera por la Cámara que analiza el cumplimiento de los requisitos formales de admisibilidad y de fundabilidad del planteo recursivo (artículos 276, 280 y 281 del \"BURGARTD JORGE LINO C/ BURGARTD JUAN PEDRO Y/O SUCESORES Y/O HEREDEROS Y/O QUIEN O QUIENES SE CONSIDEREN CON DERECHO S/ USUCAPION\" - Expte. Nº 8980 Código Procesal Civil y Comercial), y la segunda por esta Sala.",
      "Conforme a las exigencias técnicas del recurso se debe efectuar el directo cuestionamiento de la sentencia definitiva de segunda instancia del cual derive una crítica y un ataque pertinentes a su fundamentación, que demuestren la errónea aplicación de la ley y/o doctrina legal emanada de este tribunal.",
      "No obstante la literalidad de la norma, se admite por vía pretoriana el análisis de cuestiones de hecho y prueba reservadas en principio a la magistratura de las instancias ordinarias, cuando se alegue y demuestre absurdidad o arbitrariedad en su valoración.",
      "9.- Bajo tales consideraciones ingreso al tratamiento de la cuestión objeto de debate.",
      "Cabe recordar la inveterada posición mantenida por esta Sala1, respecto a que en principio las sentencias que rechazan la demanda de usucapión carecen de la nota de definitividad requerida por los artículos 276 y 277 del código procesal civil y comercial.",
      "En efecto, el artículo 670 de dicho ordenamiento permite sostener 1Dabin Elsa Ramora c/ Bovier de Levrand o Lebran Ma. Catalina y/o sus Hnos. s/Usucapión\", del 24/2/95, L.A.S. 1995, Fº 95; \"Zabala Francisco Juvencio c/ Alassia Nicolás y otros - Adquisición de dominio por Usucapión\", L.A.S 1993, Fº 481; \"Martín Eliot s/ Usucapión\", L.A.S 1991, Fº491 que, como regla, la desestimación de la pretensión de adquisición del dominio de inmuebles por la posesión no termina el pleito ni hace imposible su reedición.",
      "Advierto que tales particularidades están presentes en el supuesto, lo que conlleva a la desestimación del recurso casatorio planteado.",
      "En efecto, en el caso no se demostró concretado ningún extremo que permita excepcionar la regla señalada, salvedad que el recurrente ubicó en torno al absurdo pero no acreditó su configuración.",
      "Además, conforme lo meritado en el veredicto recurrido, la cuestión traída no impediría que eventualmente el actor inicie un nuevo proceso en pos de ejercer su pretensión, en la que se contemplase la prueba del momento en que la relación de poder dejó de responder a la comunidad hereditaria y pasó a ser propia y exclusiva.",
      "En tal tesitura, lo sentenciado tampoco impediría al recurrente promover eventuales acciones sobre la fracción de terreno exenta del proceso sucesorio valorado por la alzada, respecto a la que hizo referencia en su escrito impugnativo como de mayor extensión.",
      "10.- Por consiguiente, propongo al acuerdo declarar la inadmisibilidad del recurso de inaplicabilidad interpuesto. Con costas a la vencida (artículo 65 del código procesal civil y comercial). ASÍ VOTO.",
      "A LA PRIMERA CUESTIÓN PROPUESTA LA SRA.",
      "Considerando la actividad desarrollada para abrir la instancia extraordinaria y la probable dedicación temporal en el desempeño profesional del servicio, corresponde fijar los honorarios profesionales en el 50 % de los honorarios que se establezcan por la labor en primera instancia, encomendando su cálculo a la judicatura de origen (arts. 3, 64 y 94 de la ley 7046 modif. por ley 11.141). ASÍ VOTO.",
      "A LA SEGUNDA CUESTIÓN PROPUESTA LA SR.A"
    ],
    "VOCAL LAURA MARIANA SOAGE DIJO": [
      "\"BURGARTD JORGE LINO C/ BURGARTD JUAN PEDRO Y/O SUCESORES Y/O HEREDEROS Y/O QUIEN O QUIENES SE CONSIDEREN CON DERECHO S/ USUCAPION\" - Expte. Nº 8980 Adhiero al voto emitido por la Sra. Vocal preopinante. ASÍ VOTO.",
      "A LA SEGUNDA CUESTIÓN PROPUESTA LA SRA.",
      "Adhiero al voto de la Sra. Vocal Dra. Schumacher. ASÍ VOTO.",
      "Por último, habiendo mayoría de opiniones, EL SR. VOCAL EN EJERCICIO DE LA PRESIDENCIA DEL STJ, LEONARDO PORTELA, se abstiene de votar y firmar la presente resolución con arreglo a lo dispuesto por el art. 33 de la LOPJ, texto según ley 10.704.",
      "Con lo que no siendo para más se da por finalizado el acto quedando acordada la siguiente sentencia:",
      "Paraná, 17 de octubre de 2024."
    ],
    "Y VISTO": [
      "Por los fundamentos del acuerdo que antecede se,"
    ],
    "RESUELVE": [
      "DECLARAR INADMISIBLE el recurso de inaplicabilidad de ley deducido en fecha 19/10/2023, respecto de la resolución de la Sala Civil y Comercial de la Cámara de apelaciones de Concepción del Uruguay dictada en fecha 4/10/2023.",
      "IMPONER costas a la vencida (art. 65 del CPCC).",
      "FIJAR los honorarios profesionales correspondientes a esta instancia extraordinaria, en el 50 % de los honorarios que se establezcan por la labor en primera instancia, encomendando su cálculo a la judicatura de origen (arts.",
      "3, 64 y 94 de la ley 7046 modif. por ley 11.141).",
      "Tener presente la reserva del caso federal.",
      "Notifíquese conforme arts. 1º y 4º Ac. Gral. 15/18 SNE, regístrese y oportunamente devuélvase.",
      "\"BURGARTD JORGE LINO C/ BURGARTD JUAN PEDRO Y/O SUCESORES Y/O HEREDEROS Y/O QUIEN O QUIENES SE CONSIDEREN CON DERECHO S/ USUCAPION\" - Expte. Nº 8980 Ante mí. En igual fecha se registró. Asimismo, se deja constancia que la presente se suscribe mediante firma digital -Acuerdo Gral. 11/20 del 23-6-2020, Punto 4°) prescindiéndose de su impresión en formato papel."
    ]
  }
}