{
  "METADATOS": {
    "ID_FALLO": "9057",
    "MES": "10",
    "ARTICULOS_CITADOS": {
      "citations": [
        {
          "main_source": "Código Procesal Penal (CPP)",
          "cited_articles": [
            289,
            298,
            304
          ],
          "extra": null
        },
        {
          "main_source": "Código Procesal Civil y Comercial (CPCC)",
          "cited_articles": [
            160
          ],
          "extra": "inc. 6º y 65"
        },
        {
          "main_source": "Constitución Nacional (CN)",
          "cited_articles": [
            16,
            17,
            18,
            19
          ],
          "extra": null
        },
        {
          "main_source": "Código Procesal Penal (CPP)",
          "cited_articles": [
            65
          ],
          "extra": null
        },
        {
          "main_source": "Código Civil y Comercial (CCC)",
          "cited_articles": [
            441,
            442
          ],
          "extra": null
        },
        {
          "main_source": "Código Civil y Comercial (CCC)",
          "cited_articles": [
            441
          ],
          "extra": null
        },
        {
          "main_source": "Código Civil y Comercial (CCC)",
          "cited_articles": [
            442
          ],
          "extra": null
        },
        {
          "main_source": "Ley 7046",
          "cited_articles": [
            3,
            64,
            94
          ],
          "extra": "modif. por ley 11.141"
        },
        {
          "main_source": "Código Civil y Comercial (CCC)",
          "cited_articles": [
            441,
            442,
            524
          ],
          "extra": null
        },
        {
          "main_source": "Código Civil y Comercial (CCC)",
          "cited_articles": [
            442
          ],
          "extra": null
        },
        {
          "main_source": "Código Procesal Civil y Comercial (CPCC)",
          "cited_articles": [
            65
          ],
          "extra": "2 párrafo, 66 y 68"
        },
        {
          "main_source": "Otro",
          "cited_articles": null,
          "extra": "in re \"Correa Uriburu Maria Luz c/ Zuleiman Cesar Darío s/ Beneficio de Litigar sin gastos\" - Expte. Nº 8991 sentencia del 3/5/2024"
        },
        {
          "main_source": "Otro",
          "cited_articles": null,
          "extra": "\"NEUWIRT VANINA GISELE C/ SANCHEZ RODRIGO SEBASTIAN S/ INCIDENTE (DE LIQUIDACION DE BIENES DE LA SOCIEDAD CONYUGAL, COMPENSACION ECONOMICA Y ATRIBUCIÓN DEL HOGAR CONYUGAL\" - Expte. Nº 9057"
        },
        {
          "main_source": "Otro",
          "cited_articles": [
            33
          ],
          "extra": "de la LOPJ"
        },
        {
          "main_source": "Ley 10.704",
          "cited_articles": null,
          "extra": null
        },
        {
          "main_source": "Código Procesal Civil y Comercial (CPCC)",
          "cited_articles": [
            65
          ],
          "extra": null
        },
        {
          "main_source": "Ley 7046",
          "cited_articles": [
            3,
            64,
            94
          ],
          "extra": "modif. por ley 11.141"
        },
        {
          "main_source": "Acuerdo General 15/18 SNE",
          "cited_articles": [
            1,
            4
          ],
          "extra": null
        },
        {
          "main_source": "Acuerdo General 11/20",
          "cited_articles": null,
          "extra": "del 23-6-2020, Punto 4°"
        }
      ]
    }
  },
  "MATERIA_PRELIMINAR": "INCIDENTE (DE LIQUIDACION DE BIENES DE LA SOCIEDAD CONYUGAL",
  "IDEA_CENTRAL": "### IDEA CENTRAL DEL FALLO\n\n**Decisión Judicial Principal:**\nEl Tribunal declara inadmisible el recurso de inaplicabilidad de ley interpuesto por Rodrigo Sebastián Sánchez, confirmando la resolución de la Cámara de Apelaciones que reconoció a Vanina Gisele Neuwirt el derecho a una compensación económica y a la recompensa por mejoras en el inmueble familiar.\n\n**Fundamento Legal:**\nLa decisión se basa en la correcta aplicación de los artículos 441 y 442 del Código Civil y Comercial (CCC), que regulan la compensación económica por desequilibrio patrimonial tras la ruptura de la convivencia. Se argumenta que la compensación tiene como finalidad corregir desigualdades económicas generadas por el matrimonio y su disolución.\n\n**Aspectos Legales Relevantes:**\n1. **Compensación Económica:** Artículos 441 y 442 del CCC, que establecen los requisitos para su procedencia.\n2. **Debido Proceso:** Artículos 16, 17, 18 y 19 de la Constitución Nacional, que garantizan el derecho a un juicio justo.\n3. **Costas:** Artículo 65 del Código Procesal Civil y Comercial (CPCC), que regula la imposición de costas a la parte vencida.\n\n**Razonamiento del Tribunal:**\nEl Tribunal consideró que la decisión de la Cámara de Apelaciones fue adecuada, ya que se valoró la situación patrimonial de ambos cónyuges y se concluyó que la actora había sufrido un empobrecimiento significativo debido a su dedicación al hogar y a la crianza de los hijos, lo que justificaba la compensación económica. Se desestimaron los agravios del recurrente, argumentando que no se había demostrado un error en la aplicación de la ley ni en la valoración de las pruebas.\n\nEn resumen, el fallo reafirma la importancia de considerar la desigualdad económica generada por la ruptura de la convivencia y la necesidad de compensar a la parte que ha sufrido un detrimento patrimonial como resultado de su dedicación al hogar.",
  "CONTENIDO": {
    "INICIO": [
      "\"NEUWIRT VANINA GISELE C/ SANCHEZ RODRIGO SEBASTIAN S/ INCIDENTE (DE LIQUIDACION DE BIENES DE LA SOCIEDAD CONYUGAL, COMPENSACION ECONOMICA Y ATRIBUCIÓN DEL HOGAR CONYUGAL\" - Expte. Nº 9057"
    ],
    "ACUERDO": [
      "En la ciudad de Paraná, capital de la provincia de Entre Ríos, a los quince días del mes de octubre del año dos mil veinticuatro reunidos los integrantes de este Tribunal asistidos por el Secretario autorizante, para conocer el recurso de inaplicabilidad de ley deducido en fecha 27/12/2023 en las actuaciones:",
      "\"NEUWIRT VANINA GISELE C/ SANCHEZ RODRIGO SEBASTIAN S/ INCIDENTE (DE LIQUIDACION DE BIENES DE LA SOCIEDAD CONYUGAL, COMPENSACION ECONOMICA Y ATRIBUCIÓN DEL HOGAR CONYUGAL\" - Expte. Nº 9057, respecto de la resolución de la Sala Civil y Comercial de la Cámara de Apelaciones de Gualeguaychú dictada en fecha 5/12/2023. Se practicó el sorteo de ley resultando que la votación debía tener lugar en el siguiente orden: Sra. Vocal Gisela N. Schumacher; Sr. Vocal Carlos Federico Tepsich y Sr. Vocal Leonardo Portela.",
      "Estudiados los autos, la Sala se planteó las siguientes cuestiones:",
      "¿qué corresponde resolver respecto del recurso de inaplicabilidad de ley interpuesto? y, en su caso, ¿cómo deben regularse los honorarios profesionales en esta instancia?",
      "A LA PRIMERA CUESTIÓN PROPUESTA LA SRA."
    ],
    "VOCAL GISELA N. SCHUMACHER DIJO": [
      "1.- La parte incidentada, Rodrigo Sebastián Sánchez, interpone recurso de inaplicabilidad de ley (27/12/2023) contra la sentencia dictada por la Sala Primera en lo Civil y Comercial de la Cámara de Apelaciones de Gualeguaychú (24/07/2023) que: a) rechazó el recurso de apelación interpuesto por su parte contra la sentencia dictada el 24 de julio de 2023; b) admitió el recurso interpuesto por la incidentante, Vanina Gisele Neuwirt, reconociéndole derecho a compensación económica en la forma descripta (por un plazo de dieciocho meses con un monto igual al valor de la canasta básica tipo 2 que estime el INDEC y que se abonará mes a mes); y c) el derecho a recompensa por la suma de $4.108.625 desde la fecha de la pericia (24/7/2021) hasta su efectivo pago. Impuso las costas al apelante vencido.",
      "2.- a) La incidentante, Vanina Gisele Neuwirt instó la presente acción a fin de solicitar: i) la atribución de la vivienda ubicada en calle Quintana Nº 1165 de la localidad de Urdinarrain; ii) la división y adjudicación de bienes de la comunidad de bienes del matrimonio que la vinculara con Rodrigo Sebastián Sánchez; y iii) la fijación de una compensación económica a su favor.",
      "El incidentado, al contestar el traslado de la pretensión, se opuso a su progreso.",
      "b) En primera instancia se resolvió: i) desestimar la demanda \"NEUWIRT VANINA GISELE C/ SANCHEZ RODRIGO SEBASTIAN S/ INCIDENTE (DE LIQUIDACION DE BIENES DE LA SOCIEDAD CONYUGAL, COMPENSACION ECONOMICA Y ATRIBUCIÓN DEL HOGAR CONYUGAL\" - Expte. Nº 9057 vinculada a la liquidación de la comunidad de bienes, por inexistencia de acervo liquidable; ii) que una vez que opere el cese de la atribución de uso del inmueble destinado a la vivienda familiar, el Sr. Rodrigo S. Sánchez deposite la mitad del valor de las mejoras introducidas en el inmueble, cuyo equivalente fijó en la suma de U$S 22.209, en favor de la Sra. Vanina Gisele Neuwirt; iii) no hacer lugar a la demanda por compensación económica; y iv) declarar innecesaria una nueva resolución sobre atribución del uso de vivienda familiar, por haberse resuelto en el expediente de divorcio.",
      "c) El fallo fue recurrido por ambas partes.",
      "Como ya fuera relacionado, la cámara de apelaciones, en primer lugar, rechazó el recurso de apelación interpuesto por Rodrigo Sebastián Sánchez y, en segundo término, admitió el recurso articulado por la incidentante, Vanina Gisele Neuwirt, reconociéndole a ella el derecho a compensación económica en la modalidad ya descripta y el derecho a recompensa por la suma de $4.108.625 desde la fecha de pericia, hasta su efectivo pago.",
      "Para así decidir, luego de relacionar los antecedentes de la causa -en lo que aquí respecta- analizó que dada la existencia de una unión convivencial, correspondía valorar los agravios vinculados a la determinación cuantitativa del crédito reclamado en concepto de las mejoras introducidas al inmueble (bien propio del incidentado).",
      "El tribunal de la anterior instancia entendió que el procedimiento para su determinación desvirtuó el monto establecido en el dictamen pericial. Así fue que concluyó que debía modificarse la suma y definirla en el 50% del total estimado por el perito, que equivale a $ 4.108.625 con más IPC desde la fecha de la pericia y hasta su efectivo pago.",
      "Luego analizó el pedido de compensación económica. Señaló que el agravio de la parte incidentante es la falta de perspectiva de género y de un adecuado análisis convencional.",
      "Valoró que en virtud de la particular situación patrimonial con la que culminan ambos cónyuges, quedó acreditado que la incidentante fue quien dejó sus estudios en tiempos contemporáneos a la concepción de sus gemelos; embarazo que cursó desde el mes de abril de 2014 y que le demandó reposo por tratarse de un embarazo de riesgo.",
      "Que el nacimiento ocurrió el 11 de noviembre de 2014, mientras el incidentado conservaba y aumentaba sus tareas y, por ende, su patrimonio.",
      "Que la necesidad de abandonar los estudios y la dedicación a la gestación y cuidado de sus hijos, se erige en base suficiente para considerar ajustado a derecho compensar económicamente a la solicitante.",
      "\"NEUWIRT VANINA GISELE C/ SANCHEZ RODRIGO SEBASTIAN S/ INCIDENTE (DE LIQUIDACION DE BIENES DE LA SOCIEDAD CONYUGAL, COMPENSACION ECONOMICA Y ATRIBUCIÓN DEL HOGAR CONYUGAL\" - Expte. Nº 9057 En virtud de ello, entendió equitativo que, por un plazo de dieciocho meses (tomando como referencia el tiempo que le restaba a la incidentante concluir su carrera) el Sr. Rodrigo S. Sánchez compense a la Sra.",
      "Vanina G. Neuwirt, con un monto igual al valor de la canasta básica total tipo 2 según la estimación del INDEC (que a la fecha de la sentencia ascendía a $ 345.295,45) y luego las variaciones que experimente mes a mes.",
      "Señaló que la compensación económica tiene como finalidad posibilitar la autonomía y apalancar el proyecto individual, conforme a la justificación que tiene el instituto.",
      "3.- Contra dicho pronunciamiento se alza la parte incidentada y deduce el presente recurso de inaplicabilidad de ley (27/12/2023).",
      "Luego de referir al cumplimiento de los recaudos de admisibilidad formal de la vía y relatar los antecedentes del caso, funda su planteo.",
      "Para ello, descalifica la sentencia recurrida y le atribuye: a) errónea aplicación de la ley (arts. 289, 298, 304 del CPF; art. 160 inc. 6º y 65 del CPCC), la igualdad ante la ley, la propiedad, el debido proceso (arts. 16, 17, 18 y 19 de la CN y art. 65 CP); arts. 441 y 442 del CCC.",
      "a) En el primer punto del escrito de fundamentación, el recurrente refiere que el tribunal de la anterior instancia vulneró la garantía del debido proceso al habilitar a la incidentante un recurso de apelación que se encontraba desierto por incumplimiento de la carga de expresar agravios oportunamente.",
      "Que en la ocasión su parte solicitó se declare la deserción; que dicho pedido fue denegado como también lo fue el recurso de revocatoria allí articulado. Señala que es a través de este remedio extraordinario que se debe habilitar el agravio, porque en aquella oportunidad no se trataba de sentencia definitiva para acceder a esta vía recursiva.",
      "b) Luego se agravia del apartado 8 de la sentencia que modifica la fecha del pago de las mejoras e impone que las mismas deben ser pagadas en el plazo de diez días de quedar firme la sentencia.",
      "Refiere que la actora demandó la división y distribución de bienes a partir de que los hijos en común adquieran la mayoría de edad, luego de que se instrumente la venta del bien.",
      "Postula que la dictada por la cámara es arbitraria y que se trata de un fallo ultra petita; que en primera instancia se lo condenó -no a título de adjudicación y liquidación- como compensación por las mejoras realizadas en el inmueble y cuya estimación debía fijarse a la fecha de la mayoría de edad de los hijos, por pedido de la propia incidentante.",
      "Idénticas consideraciones refiere en relación al tratamiento que \"NEUWIRT VANINA GISELE C/ SANCHEZ RODRIGO SEBASTIAN S/ INCIDENTE (DE LIQUIDACION DE BIENES DE LA SOCIEDAD CONYUGAL, COMPENSACION ECONOMICA Y ATRIBUCIÓN DEL HOGAR CONYUGAL\" - Expte. Nº 9057 hiciera el tribunal del agravio vinculado a la moneda en que se estableció la suma a abonar. Refiere que el agravio fue admitido y se fijó una suma en pesos a ajustarse por el IPC. Sin embargo, critica que la sentencia haya fijado el equivalente al 50% del valor determinado por el experto al 24 de julio de 2021 ajustada por el IPC publicado por el INDEC en el plazo de diez días de quedar firme la sentencia y no cuando lo pidió la incidentante.",
      "En consecuencia, solicita se declare la nulidad del acto jurisdiccional atacado.",
      "c) También se agravia de la imposición de costas respecto de la apelación vinculada a los bienes que no integraban la masa partible.",
      "d) Luego refiere a la compensación económica y sostiene que le agravia que el tribunal haya revocado la sentencia de primera instancia en este punto.",
      "Manifiesta que el fallo viola el art. 441 del CCC que establece que para la procedencia de la compensación se deben cumplir algunas condiciones: 1.- desequilibrio relevante, que importe empobrecimiento; 2.- que sea manifiesto y 3.- que tenga como causa el matrimonio y su ruptura.",
      "Sostiene que el tribunal no hizo una comparación de la situación patrimonial y solo definió unas bases caprichosas y apartadas de la ley sustancial.",
      "Asevera que además se han confundido las disposiciones del art.",
      "442 del CCC que solo establece las pautas a tenor de las cuales se debe fijar el importe, pero no establece los recaudos para su procedencia. Refiere que no se acreditó cómo pudo la ruptura del matrimonio provocar desequilibrio.",
      "Sostiene que el estado patrimonial anterior al matrimonio de la incidentante era idéntico y hasta peor al que fue exhibido luego de la ruptura.",
      "Señala que la relación entre el empobrecimiento y la ruptura del matrimonio debe alegarse y probarse, y que ninguna de ellas fue cumplida.",
      "Finalmente, hace reserva del caso federal y peticiona.",
      "4.- Corrido el traslado del memorial, fue replicado por la contraria (15/02/2024) quien solicita el rechazo del recurso articulado.",
      "5.- La Cámara concede el recurso de inaplicabilidad de ley con efecto suspensivo (8/03/2024).",
      "6.- Reseñados los antecedentes del presente juicio, sin perjuicio de lo resuelto por la Cámara, adelanto que el recurso no reúne los requisitos exigidos por el tercer párrafo del art. 280 del CPCC.",
      "a) El análisis preliminar de admisibilidad, previsto expresamente en nuestro ordenamiento procesal, indica que cuando el medio impugnaticio se interpone ante el mismo organismo jurisdiccional que dictó la resolución recurrida, \"NEUWIRT VANINA GISELE C/ SANCHEZ RODRIGO SEBASTIAN S/ INCIDENTE (DE LIQUIDACION DE BIENES DE LA SOCIEDAD CONYUGAL, COMPENSACION ECONOMICA Y ATRIBUCIÓN DEL HOGAR CONYUGAL\" - Expte. Nº 9057 sea llevado a cabo en dos oportunidades, la primera por el tribunal de la anterior instancia y la segunda por el superior.",
      "En ejercicio de dicho control es que advierto que la decisión controvertida no resulta conmovida por los desaciertos jurídicos que se le atribuyen. Los pretensos fundamentos vertidos no son más que una discrepancia con la decisión dictada, que desconocen el verdadero sentido del razonamiento sentencial efectuado en el resolutorio criticado.",
      "b) Los planteos no resultan atendibles en esta instancia, puesto que la recurrente ha omitido controvertir cuestiones centrales y que dan entidad a la sentencia.",
      "b.1.- Acerca del procedimiento De manera preliminar, aclaro que la presentación oportuna del escrito de expresión de agravios y su agregación a la causa, constituye una cuestión de hecho y -como tal- ajena a la casación provincial. En la hipótesis, constituye un eventual error de los denominados \"in procedendo\" que es inabordable en esta instancia extraordinaria; ello puesto que esta Sala debe examinar la legalidad de la sentencia definitiva (art. 276 del CPCC).",
      "Observo que el recurrente edita nuevamente los agravios ya proferidos a través del recurso de revocatoria interpuesto contra la providencia dictada el 21 de septiembre de 2023. Este recurso fue desestimado a través de la interlocutoria fechada el 4 de octubre de 2023, la que se encuentra firme y consentida.",
      "b.2.- La alegada violación al principio de congruencia La armonía de los arts. 160 inc. 6 y 269 del CPCC exige la conformidad de contenido y alcance entre las articulaciones de las partes y el fallo que se dicte. La incongruencia aparece, entonces, cuando se sentencia algo que no fue pedido (extra petita) o cuando se lo haga por menos (citra petita) o se condene en demasía (ultra petita) de la pretensión.1 Verifico que el tribunal, circunscribiéndose a las pretensiones de las partes y valorando la prueba producida en la causa, determinó la cuantía de las mejoras introducidas en el inmueble y modalizó el procedimiento para que se cumpla su reintegro, con criterio de actualidad.",
      "b.3.- El derecho a la compensación El incidentado postula que el tribunal aplicó erróneamente el art.",
      "441 del CCC; sin embargo no da un solo motivo que habilite a interpretar una solución diferente a la propuesta en la anterior instancia. En efecto, su discurso gira 1 \"Gonzalez Manuel Isauro c/ Bank Boston N.A. (y Acumulado Nº 22652) s/ Sumario por consig- nación\", Expte. 5446, sent. del 18/11/2009, \"Ercon S.A. c/ Bondioni Romina Julieta y otro s/ E- jecución Hipotecaria\"- Expte. 5999, sentencia 27/06/2011; \"Deltragro S.A. c/ Giachelo Ruperto Ramón y/u otros s/ ordinario\", Expte. Nº 6936, sent. 15/12/14 \"NEUWIRT VANINA GISELE C/ SANCHEZ RODRIGO SEBASTIAN S/ INCIDENTE (DE LIQUIDACION DE BIENES DE LA SOCIEDAD CONYUGAL, COMPENSACION ECONOMICA Y ATRIBUCIÓN DEL HOGAR CONYUGAL\" - Expte. Nº 9057 en torno a las bondades del fallo dictado en primera instancia y asevera que era el tribunal de apelaciones el que debía \"destruir\" (sic) las conclusiones vertidas en la instancia de origen.",
      "Advierto que el recurrente no controvirtió adecuadamente que la sentencia en revisión valoró que el detrimento económico -en este caso- devino como consecuencia de las conductas desarrolladas por Vanina Gisele en el hogar que vinculara a las partes, las tareas domésticas y, en particular, las de cuidado de los hijos que comenzó con una gestación de riesgo. Fue a partir de estas consideraciones que definió la existencia de una situación de desigualdad generada por la unión y su ruptura, vislumbrándose la especial situación de vulnerabilidad de la incidentante.",
      "Insisto, el recurrente no rebate que la solución arribada tiende a equiparar la desigualdad instalada a partir de la forma en que se desarrolló la vida de la pareja y el grupo familiar.",
      "b.4.- Costas En este apartado el recurso interpuesto no se autoabastece.",
      "En efecto esta Sala sostiene -como principio general- que la temática relativa a la imposición de las costas causídicas es una materia cuyo tratamiento resulta ajeno a la instancia casatoria. Dicha regla cede cuando se cuestiona la calidad de parte vencida o se denuncia inequidad en el criterio de distribución, en violación a lo dispuesto en los arts. 65 y 68 del CPCC. Cuestiones que no fueron propuestas al tribunal.2 7.- En consecuencia, conforme las premisas apuntadas, corresponde declarar inadmisible el recurso de inaplicabilidad de ley interpuesto por el accionado, con costas a la parte recurrente vencida (art. 65 del CPCC). ASÍ VOTO.",
      "A LA PRIMERA CUESTIÓN PROPUESTA EL SR. VOCAL",
      "Considerando la actividad desarrollada para abrir la instancia extraordinaria, la complejidad de las cuestiones planteadas y la probable dedicación temporal en el desempeño profesional del servicio, corresponde fijar los honorarios profesionales en el 50 % de los honorarios que se establezcan por la labor en primera instancia, encomendando su cálculo a la judicatura de origen (arts.",
      "3, 64 y 94 de la ley 7046 modif. por ley 11.141). ASÍ VOTO.",
      "A LA SEGUNDA CUESTIÓN PROPUESTA EL SEÑOR"
    ],
    "CARLOS FEDERICO TEPSICH DIJO": [
      "1. Los antecedentes del caso han sido suficientemente detallados por la Sra. Vocal del primer voto.",
      "A criterio del dicente la parte recurrente viene parcialmente asistida de razón.",
      "2. Coincido con la solución que viene propuesta en relación a los agravios referidos a la supuesta extemporaneidad del memorial del recurso de apelación de la parte actora.",
      "2Rodríguez y Otra c/ Moreyra Otros s/ Sumario\", Expte. Nº 6106, sent. 23/9/2011; \"Zodiaco S.A.",
      "c/ Dalinger Liliana Graciela y otro. s/ Sumario\", Expte. Nº 6268, sent. 17/5/12; \"Administradora Tributaria de Entre Ríos c/ Aguilar Susana Maria - s/ Apremio\", Expte. Nº 7017, sent. 30/6/2015;",
      "\"Saldaña de Echeverría y otra c/ Echeverría División de condominio Incidente de compensación - Ejecución de sentencia s/ Incidente de descupación\", Expte. Nº 7718, sent. 30/07/2018.",
      "\"NEUWIRT VANINA GISELE C/ SANCHEZ RODRIGO SEBASTIAN S/ INCIDENTE (DE LIQUIDACION DE BIENES DE LA SOCIEDAD CONYUGAL, COMPENSACION ECONOMICA Y ATRIBUCIÓN DEL HOGAR CONYUGAL\" - Expte. Nº 9057 También comparto el rechazo del cuestionamiento que se le efectúa al tribunal ad quem con base en la infracción al principio de congruencia.",
      "3. Distinta suerte entiendo que deben seguir aquellos agravios que son expuestos en relación a la compensación otorgada por la Cámara.",
      "3.a. Esta Sala ha señalado que la compensación económica regulada en el Código Civil y Comercial (CCC), en sus arts. 441, 442 y 524, no tiene naturaleza indemnizatoria y su finalidad es corregir un desequilibrio patrimonial manifiesto producido con motivo del divorcio o de la finalización de la convivencia; lo que descarta que se lo pueda concebir como un instrumento de nivelación patrimonial (in re: \"N. P. c. R. D. M. M. -DIVORCIO VINCULAR S/ INCIDENTE (DE COMPENSACIÓN ECONÓMICA)\", Expte. Nº 8054, sentencia del 13/03/2020).",
      "Como se trata de un instituto que obedece a una doble “causa” o “fuente”, la vida en común y su ruptura, su procedencia exige la concurrencia de tres requisitos, a saber: a) que se produzca un desequilibrio manifiesto de un cónyuge respecto al otro; b) que tal desequilibrio implique un empeoramiento en su situación; y, c) que tenga por causa adecuada el matrimonio y su ruptura, a través del divorcio (Molina de Juan , Mariel F. Compensación Económica. Teoría y práctica, Rubinzal Culzoni, Santa Fe, 2018, pp. 22/23).",
      "3.b. Como corolario de lo anterior para su juzgamiento es necesario realizar un análisis comparativo de la situación patrimonial de cada uno de los cónyuges al inicio del matrimonio y al momento de producirse el divorcio, esto es, deben efectuarse dos comparaciones.",
      "Concretamente, para que se ponga en marcha este mecanismo, el quiebre del proyecto de vida en común debe haber producido un desequilibrio económico manifiesto. No importa imponer la igualdad absoluta entre los ex cónyuges, sino verificar el empobrecimiento económico sufrido por uno con respecto a otro, causado por las renuncias en pos de la solidaridad familiar.",
      "3.c. Bajo tales coordenadas aprecio que la decisión adoptada en el fallo en crisis se sostiene en un erróneo entendimiento de la normativa aplicable puesto que no es procedente estimar esta pretensión a partir de efectuar una aplicación de las pautas del art. 442 del CCC y sin atención a la noción expuesta en la disposición inmediata anterior que establece claramente los presupuestos para su reconocimiento.",
      "Circunstancias tales como planificación familiar y decisiones particulares de índole laboral, de formación, etc., imponían previamente haber establecido que el desequilibrio patrimonial manifiesto entre los ex cónyuges o convivientes tenía su causa en la interrupción de la vida en común matrimonial, a \"NEUWIRT VANINA GISELE C/ SANCHEZ RODRIGO SEBASTIAN S/ INCIDENTE (DE LIQUIDACION DE BIENES DE LA SOCIEDAD CONYUGAL, COMPENSACION ECONOMICA Y ATRIBUCIÓN DEL HOGAR CONYUGAL\" - Expte. Nº 9057 partir de comparar dos escenarios: el del inicio de la convivencia o matrimonio con el de la ruptura.",
      "3.d. En la especie, surge de las pruebas producidas en la causa que tanto al inicio de la unión convivencial como durante el matrimonio la accionante y el accionado, en distintos ámbitos, desarrollaron actividades económicas y que con posterioridad al cese del vínculo matrimonial las continuaron.",
      "El incidentado como ingeniero agrónomo, luego de haber culminado su carrera y Vanina Gisele Neuwirt como comerciante, de modo que la autonomía económica y la posibilidad de desarrollo personal de cada uno, no se vio afectada o disminuida por la ruptura del vínculo matrimonial. La decisión de la actora de relegar sus estudios universitarios de profesorado de Biología adoptada antes de la convivencia y con miras a un proyecto familiar común con Sánchez, no puede erigirse en sí misma en causa de un derecho a la compensación pretendida puesto que la posibilidad de progreso individual y autosuficiencia económica no se vieron afectadas en el caso, por el cese de ese proyecto común, dado que de hecho la actora continúa, tal como lo hace desde el 2015, con su emprendimiento comercial.",
      "4. La valoración de la situación familiar evidenciada en autos y de la prueba aportada al mismo, me lleva a concluir en sentido coincidente con el Judex a quo, que no existe tal desequilibrio manifiesto con causa en la ruptura de la vida en común y mucho menos que condiciona sus posibilidades de desarrollo futuro.",
      "Por lo demás, no advierto que este temperamento se exhiba como incorrecto en función de un análisis con perspectiva de género. Sin duda, la actualidad exige de todos los operadores judiciales no descuidar la visión de género a la hora de juzgar los casos sometidos a su consideración, siendo una derivación de la consolidada \"constitucionalización del Derecho Civil\", empero también lo es que esa visión no autoriza a reconocer derechos, daños o indemnizaciones cuando no están dados los presupuestos para ello. Es muy importante tener en claro que lo que determina si en un caso o proceso se debe o no aplicar la perspectiva de género, es la existencia de situaciones asimétricas de poder o de contextos de desigualdad estructural basados en el sexo, el género o las preferencias/orientaciones sexuales de las personas (in re \"Correa Uriburu Maria Luz c/ Zuleiman Cesar Darío s/ Beneficio de Litigar sin gastos\" - Expte. Nº 8991 sentencia del 3/5/2024). No observo que esto ocurra en el caso e insisto, este mandato convencional y legal de juzgar con perspectiva de género, no conduce a conceder derechos por la sola condición de mujer, puesto que ello desnaturaliza los altos propósitos que inspiran dichos mandatos, creando nuevas desigualdades \"NEUWIRT VANINA GISELE C/ SANCHEZ RODRIGO SEBASTIAN S/ INCIDENTE (DE LIQUIDACION DE BIENES DE LA SOCIEDAD CONYUGAL, COMPENSACION ECONOMICA Y ATRIBUCIÓN DEL HOGAR CONYUGAL\" - Expte. Nº 9057 estructurales en infracción al principio de igualdad y propiedad.",
      "5. En definitiva, propongo al acuerdo, sobre este punto, admitir el recurso de inaplicabilidad de ley interpuesto y, en consecuencia, CASAR el fallo impugnado, quedando como pronunciamiento definitivo el de primera instancia.",
      "Asimismo, en función de la conclusión arribada y el resultado final del proceso, las costas deben ser impuestas en el orden causado en todas las instancias (arts. 65, 2 párrafo, 66 y 68, CPCC). ASÍ VOTO.",
      "A LA PRIMERA CUESTIÓN PROPUESTA EL SR. VOCAL"
    ],
    "LEONARDO PORTELA DIJO": [
      "Adhiero al voto emitido por la Sra. Vocal Gisela N. Schumacher.",
      "ASÍ VOTO.",
      "A LA SEGUNDA CUESTIÓN PROPUESTA LA SRA."
    ],
    "VOCAL CARLOS FEDERICO TEPSICH DIJO": [
      "Adhiero al voto de la Sra. Vocal Gisela Schumacher. ASÍ VOTO.",
      "A LA SEGUNDA CUESTIÓN PROPUESTA, EL SEÑOR"
    ],
    "VOCAL LEONARDO PORTELA DIJO": [
      "Existiendo mayoría de opiniones, me abstengo votar con arreglo a lo dispuesto por el art. 33 de la LOPJ, texto según ley 10.704.",
      "Con lo que no siendo para más se da por finalizado el acto quedando acordada la siguiente sentencia:",
      "Paraná, 15 de octubre de 2024."
    ],
    "Y VISTO": [
      "Por los fundamentos del acuerdo que antecede y por mayoría se,"
    ],
    "RESUELVE": [
      "DECLARAR INADMISIBLE el recurso de inaplicabilidad de ley deducido en fecha 27/12/2023, respecto de la resolución de la Sala Civil y Comercial de la Cámara de Apelaciones de Gualeguaychú dictada en fecha 5/12/2023.",
      "IMPONER costas a la vencida (art. 65 del CPCC).",
      "FIJAR los honorarios profesionales correspondientes a esta \"NEUWIRT VANINA GISELE C/ SANCHEZ RODRIGO SEBASTIAN S/ INCIDENTE (DE LIQUIDACION DE BIENES DE LA SOCIEDAD CONYUGAL, COMPENSACION ECONOMICA Y ATRIBUCIÓN DEL HOGAR CONYUGAL\" - Expte. Nº 9057 instancia extraordinaria, en el 50 % de los honorarios que se establezcan por la labor en primera instancia, encomendando su cálculo a la judicatura de origen (arts.",
      "3, 64 y 94 de la ley 7046 modif. por ley 11.141).",
      "Tener presente la reserva del caso federal.",
      "Notifíquese conforme arts. 1º y 4º Ac. Gral. 15/18 SNE, regístrese y oportunamente devuélvase.",
      "Ante mí. En igual fecha se registró. Asimismo, se deja constancia que la presente se suscribe mediante firma digital -Acuerdo Gral. 11/20 del 23-6-2020, Punto 4°) prescindiéndose de su impresión en formato papel."
    ]
  }
}