{
  "METADATOS": {
    "ID_FALLO": "9072",
    "MES": "10",
    "ARTICULOS_CITADOS": {
      "citations": [
        {
          "main_source": "Ley 24.449",
          "cited_articles": [
            52
          ],
          "extra": "Ley de Defensa del Consumidor"
        },
        {
          "main_source": "Ley 24.449",
          "cited_articles": [
            47
          ],
          "extra": "inciso b"
        },
        {
          "main_source": "Código Civil y Comercial (CCC)",
          "cited_articles": [
            7
          ],
          "extra": null
        },
        {
          "main_source": "Constitución Nacional (CN)",
          "cited_articles": [
            18
          ],
          "extra": null
        },
        {
          "main_source": "Código Procesal Civil y Comercial (CPCC)",
          "cited_articles": [
            276,
            280,
            281
          ],
          "extra": null
        },
        {
          "main_source": "Código Procesal Civil y Comercial (CPCC)",
          "cited_articles": [
            277,
            280
          ],
          "extra": null
        },
        {
          "main_source": "Otro",
          "cited_articles": [
            31
          ],
          "extra": "inc. 4º"
        },
        {
          "main_source": "Otro",
          "cited_articles": [
            161,
            160
          ],
          "extra": "inc. 6º"
        },
        {
          "main_source": "Otro",
          "cited_articles": [
            263
          ],
          "extra": null
        },
        {
          "main_source": "Ley 24.449",
          "cited_articles": [
            53
          ],
          "extra": "Ley de Defensa del Consumidor"
        },
        {
          "main_source": "Otro",
          "cited_articles": [
            33
          ],
          "extra": "LOPJ"
        },
        {
          "main_source": "Ley 10.704",
          "cited_articles": [],
          "extra": null
        },
        {
          "main_source": "Ley 24.449",
          "cited_articles": [
            53
          ],
          "extra": "Ley de Defensa del Consumidor"
        },
        {
          "main_source": "Acuerdo General 15/18 SNE",
          "cited_articles": [
            1,
            4
          ],
          "extra": null
        },
        {
          "main_source": "Acuerdo General 11/20",
          "cited_articles": [],
          "extra": "del 23-6-2020, Punto 4°"
        }
      ]
    }
  },
  "MATERIA_PRELIMINAR": "SUMARISIMO (CIVIL)",
  "IDEA_CENTRAL": "**IDEA CENTRAL DEL FALLO:**\n\nEl Tribunal declaró procedente el recurso de inaplicabilidad de ley interpuesto por Swiss Medical S.A., anulando la decisión de la Cámara de Apelaciones que había elevado el monto de la condena por daño punitivo y la regulación de honorarios, dejando subsistente la sentencia de primera instancia. La decisión se fundamenta en la violación del principio de defensa en juicio y el principio de \"reformatio in peius\", que impide que un tribunal de apelación agrave la situación de la parte apelante sin que esta haya recurrido el aspecto en cuestión.\n\n**Aspectos Legales Relevantes:**\n\n1. **Principio de Defensa en Juicio**: Se argumentó que la demandada no pudo ejercer su defensa adecuadamente, ya que la elevación del daño punitivo fue decidida de oficio por la Cámara, sin que el actor hubiera apelado el monto fijado en primera instancia.\n   \n2. **Reformatio in Peius**: Este principio prohíbe que la resolución de un tribunal de apelación perjudique a la parte que ha apelado, en este caso, Swiss Medical S.A.\n\n3. **Ley de Defensa del Consumidor**: Se mencionó el artículo 52 bis, que establece que el daño punitivo debe ser solicitado por el damnificado, y la Cámara no podía modificar el monto sin que el actor lo hubiera impugnado.\n\n**Fundamento Legal:**\n\n- **Código Procesal Civil y Comercial**: Artículos 31, 160, 161, 263, que regulan la congruencia y los límites de la apelación.\n- **Código Civil y Comercial**: Artículo 7, que establece el principio de legalidad en materia punitiva.\n- **Constitución Nacional**: Artículos 17 y 18, que garantizan la defensa en juicio y la propiedad.\n\n**Razonamiento del Tribunal:**\n\nEl Tribunal concluyó que la Cámara de Apelaciones había excedido sus facultades al elevar el monto del daño punitivo sin que el actor hubiera apelado dicha suma, lo que resultó en una decisión más gravosa para la parte apelante. Se reafirmó que el sistema judicial debe respetar los derechos de defensa y la intangibilidad de la cosa juzgada, asegurando que las decisiones sean coherentes con las pretensiones y recursos presentados por las partes.",
  "CONTENIDO": {
    "INICIO": [
      "\"NISSERO SANTIAGO C/ SWISS MEDICAL S.A. S/ SUMARISIMO (CIVIL)\" - Expte. Nº 9072"
    ],
    "ACUERDO": [
      "En la ciudad de Paraná, capital de la provincia de Entre Ríos, a los diez días del mes de octubre del año dos mil veinticuatro reunidos los integrantes de este Tribunal asistidos por el Secretario autorizante, para conocer el recurso de inaplicabilidad de ley deducido en fecha 5/3/2024 en las actuaciones: \"NISSERO SANTIAGO C/ SWISS MEDICAL S.A. S/ SUMARISIMO (CIVIL)\" - Expte.",
      "Nº 9072, respecto de la resolución de la Sala Primera Civil y Comercial de la Cámara de Apelaciones de Gualeguaychú dictada en fecha 22/2/2024. Se practicó el sorteo de ley resultando que la votación debía tener lugar en el siguiente orden:",
      "Sra. Vocal Gisela N. Schumacher; Sr. Vocal Carlos Federico Tepsich y Sr. Vocal Leonardo Portela.",
      "Estudiados los autos, la Sala se planteó las siguientes cuestiones:",
      "¿qué corresponde resolver respecto del recurso de inaplicabilidad de ley interpuesto? y, en su caso, ¿cómo deben regularse los honorarios profesionales en esta instancia?",
      "A LA PRIMERA CUESTIÓN PROPUESTA LA SRA.",
      "VOCAL GISELA N. SCHUMACHER Y EL SR. VOCAL CARLOS"
    ],
    "FEDERICO TEPSICH DIJERON": [
      "1.- Santiago Nissero promovió demanda de daños y perjuicios contra Swiss Medical S.A. (26/7/2022).",
      "Reclamó el reintegro de prestaciones reconocidas judicialmente, daño moral y daño punitivo.",
      "2.- La sentencia de primera instancia (6/10/2023), hizo lugar a la acción, y condenó a la demandada a abonar al actor la suma de $ 323.986 con más intereses a la tasa activa del Banco de la Nación Argentina para sus operaciones de descuentos comerciales, desde la fecha en que se produjo cada desembolso de sumas de dinero conforme facturas adjuntas y hasta su efectivo pago; $ 110.000 en concepto de daño no patrimonial a la fecha de esa sentencia; y $ 2.000.000 en concepto de multa civil, a la fecha de ese decisorio.",
      "Impuso las costas a la vencida.",
      "3.- La accionada interpuso recurso de apelación contra la sentencia y la regulación de honorarios (10/10/2023 y expresión de agravios del 18/10/2023).",
      "4.- En tarea de resolver las impugnaciones intentadas la Cámara de Apelaciones de Gualeguaychú, Sala Civil y Comercial, dictó sentencia (22/2/2024).",
      "Por mayoría, rechazó el recurso de apelación y elevó la multa civil por daño punitivo a la suma de $ 10.000.000, con más la multa de temeridad, que fijó en el 20% del total del monto actualizado comprensivo de la condena por reintegro de las facturas presentadas y admitidas, la suma reconocida por daño no patrimonial y la multa civil que incrementó; impuso las costas de esa instancia a la \"NISSERO SANTIAGO C/ SWISS MEDICAL S.A. S/ SUMARISIMO (CIVIL)\" - Expte. Nº 9072 vencida; declaró de abstracto tratamiento del recurso arancelario; dejó sin efecto la regulación de honorarios practicada en la sentencia recurrida; y fijó los estipendios profesionales.",
      "Puntualmente respecto de la condena por daño punitivo, la alzada consideró improcedente el planteo, desde que al hablar de la ausencia del factor subjetivo de imputación la demandada ignoró su posición de incumpliente a las decisiones judiciales firmes, no sólo a la sentencia de fondo, sino dos años antes a la cautelar anticipatoria que le ordenó provisionalmente el cumplimiento de la cobertura.",
      "Sobre la suma relativa al rubro condenado, por mayoría, refirió que el artículo 52 bis de la Ley de Defensa del Consumidor dispone que el daño punitivo debe ser solicitado a instancia del damnificado, por lo que una vez solicitada la aplicación de la multa, es la magistratura quien en definitiva posee la potestad de establecer su graduación con base en la gravedad del incumplimiento del proveedor respecto de sus obligaciones legales o contractuales para con el consumidor.",
      "Entendió que la finalidad disuasiva y el interés que intenta proteger descarta cualquier otra interpretación al respecto.",
      "Resaltó que en este juicio fue la parte demandada quien apeló la procedencia de esta multa civil, pero no el actor respecto de su monto.",
      "Expresó que si bien puede alegarse que como consecuencia de tal circunstancia el tribunal de apelación sólo estaría facultado a ingresar a valorar su admisión o no, se debe tener presente que no estamos en presencia de una indemnización -por daño patrimonial o no- cuyo monto admitido en sede judicial puede llegar a satisfacer las expectativas de su beneficiario, sino ante una figura que tiene un propósito que sobrepasa el interés particular.",
      "Afirmó que ese tribunal se encuentra en condiciones de juzgar la razonabilidad del monto concedido por daño punitivo, el que no fue acorde con la particular gravedad de los hechos y conductas llevadas en el caso por la demandada.",
      "Elevó la suma a $10.000.000.",
      "Dijo que de los antecedentes del caso surge la intención de dilatar una prestación de salud y la efectiva tutela del actor, que ha debido soportar la ausencia de respuesta adecuada de quien terminó por desconocer su derecho aún con un fallo judicial que lo reconoció. Con sustento en tal proceder, impuso la multa del artículo 42 del Código Procesal Civil y Comercial de manera oficiosa.",
      "5.- La demandada interpuso recurso de inaplicabilidad de ley (5/3/2024).",
      "Denunció violación de la ley en tanto la sentencia cuantificó el daño punitivo según la legislación vigente al momento del fallo de segunda \"NISSERO SANTIAGO C/ SWISS MEDICAL S.A. S/ SUMARISIMO (CIVIL)\" - Expte. Nº 9072 instancia, inobservando que el artículo 47, inciso b de la ley 24.240 vigente al momento de los hechos fijaba un tope de $ 5.000.000; y porque elevó el monto del daño punitivo fijado en primera instancia pese a que el actor no apeló dicha suma.",
      "Consideró violadas garantías constitucionales relativas al principio de legalidad en materia punitiva; y el principio que impide modificar de oficio aquellos aspectos de la sentencia no recurridos, componentes de la defensa en juicio.",
      "Por un lado, arguyó que la sentencia violó el principio nulla poena sine lege, que en nuestro ordenamiento deriva del artículo 7 del Código Civil y Comercial, del artículo 18 de la Constitución y de normas análogas de los tratados internacionales.",
      "Por otro lado, objetó que la sentencia incrementara el monto de la multa civil sin que hubiese agravio del consumidor en tal sentido. Aclaró que aquí el contexto fue más drástico porque el consumidor no formuló ningún agravio sobre ningún punto de la sentencia. Afirmó que el sistema recursivo y la defensa en juicio impiden a la cámara colocar al único apelante en una situación peor a la que estaba antes del recurso.",
      "Solicitó se deje sin efecto la sentencia en el punto recurrido, y se confirme el monto fijado en primera instancia.",
      "6.- La contraria contestó el traslado ordenado (13/3/2024).",
      "Solicitó, por los motivos que expuso, el rechazo del recurso de inaplicabilidad de ley, con costas.",
      "7.- La Cámara concedió el recurso de inaplicabilidad de ley, con efecto suspensivo (5/4/2024).",
      "8.- Arribadas las actuaciones a esta instancia, se corrió vista al Ministerio Público Fiscal.",
      "En respuesta, dictaminó la señora Procuradora Adjunta, doctora Mónica E. Carmona (28/5/2024).",
      "Se pronunció por el rechazo del recurso de inaplicabilidad de ley incoado.",
      "9.- Admisibilidad.",
      "Sintetizados los antecedentes relevantes para la definición de la cuestión traída a juzgamiento recordamos que el análisis preliminar de admisibilidad, previsto expresamente en nuestro ordenamiento procesal, indica que cuando el medio de impugnación se interpuso ante el mismo organismo jurisdiccional que dictó la resolución recurrida aquél sea llevado a cabo en dos oportunidades, la primera por la Cámara que analiza el cumplimiento de los requisitos formales de admisibilidad y de fundabilidad del planteo recursivo (artículos 276, 280 y 281 del Código Procesal Civil y Comercial), y la segunda por esta Sala.",
      "\"NISSERO SANTIAGO C/ SWISS MEDICAL S.A. S/ SUMARISIMO (CIVIL)\" - Expte. Nº 9072 Conforme a las exigencias técnicas del recurso se debe efectuar el directo cuestionamiento de la sentencia definitiva de segunda instancia del cual derive una crítica y un ataque pertinentes a su fundamentación, que demuestren la errónea aplicación de la ley y/o doctrina legal emanada de este tribunal.",
      "No obstante la literalidad de la norma, se admite por vía pretoriana el análisis de cuestiones de hecho y prueba reservadas en principio a la magistratura de las instancias ordinarias, cuando se alegue y demuestre absurdidad o arbitrariedad en su valoración.",
      "10.- Procedencia.",
      "Bajo tales consideraciones ingresaremos al tratamiento de las objeciones introducidas por la parte demandada, en tanto el veredicto cuestionado tiene carácter definitivo y el embate articulado cumplió con la carga de debida fundamentación requerido por la norma ritual (artículos 277 y 280 del código procesal civil y comercial).",
      "11.- En el cometido anunciado, observamos que la impugnación de la accionada se dirigió exclusivamente a atacar la elevación de oficio del monto del daño punitivo cuya condena recayó sobre su parte.",
      "Sobre el punto la querella adujo: a) que la alzada aplicó en forma retroactiva la norma que elevó los montos en materia de daño punitivo, es decir que no se respetó el tope vigente al momento de los hechos; b) que el aumento de la suma condenada fue dictada de oficio por la magistratura, en tanto la parte beneficiaria de la sanción no apeló ningún aspecto de la sentencia de primera instancia, lo que viola la garantía de defensa en juicio y el principio respecto a que el tribunal no tiene más facultades de revisión que aquellas que fueron introducidas en el recurso de apelación.",
      "Por cuestiones de orden lógico y metodológico, abordaremos en primer término la queja respecto a las potestades del tribunal de segunda instancia para decidir respecto de una cuestión no sometida a su jurisdicción, esto es el incremento de oficio del importe del daño punitivo.",
      "12.- Examen de la elevación de oficio del monto condenado por daño punitivo efectuada por la cámara de apelaciones.",
      "En este aspecto verificamos que la solución arribada redundó en una condena más gravosa para la única parte apelante, que aquella que fue fijada en la sentencia dictada por el tribunal de origen.",
      "La decisión evidencia una extralimitación de las potestades jurisdiccionales de la alzada, cuya competencia decisional fue habilitada por quien -precisamente- luego se vio perjudicado por la resolución dictada.",
      "Tal circunstancia marca el quebrantamiento de los principios por los que: a) se impide revisar aquello que no fue objeto de disconformidad a través del recurso de apelación; b) se prohíbe resolver en perjuicio de la parte apelante, \"NISSERO SANTIAGO C/ SWISS MEDICAL S.A. S/ SUMARISIMO (CIVIL)\" - Expte. Nº 9072 siempre que la cuestión no haya sido objetada por la contraparte.",
      "En la aplicación de ambos principios se encuentran enraizados los derechos de defensa en juicio y de propiedad1 (artículos 17 y 18 de la Constitución Nacional).",
      "Respecto del primero, la demandada no pudo ejercer sus defensas ni brindar los argumentos relacionados con la cuestión porque -justamente- el debate no fue abierto por la beneficiaria de la condena impuesta.",
      "Sobre el segundo, la intangibilidad de la cosa juzgada está vinculada a la garantía constitucional de la propiedad. El actor consintió la decisión de primera instancia, por lo que la solución arribada en la sentencia en crisis soslayó el principio dispositivo en desmedro del patrimonio de la demandada.",
      "A esta altura hacemos notar que no estamos en presencia de cuestiones de orden público relativas a la validez de la tramitación del proceso, sino de una cuestión de índole patrimonial que fue acatada y consentida por la parte beneficiaria de la multa civil. Esta diferencia crucial no se ve empañada por el carácter de orden público que se asignó a la ley consumeril. Son dos cosas distintas, con efectos diferentes.",
      "Por su parte, la tesis que proponemos en este caso es también 1Loutayf Ranea Roberto. El recurso ordinario de apelación en el proceso civil. Tomo 1. 2ª edición. Editorial Astrea. Buenos Aires. Año 2009. Páginas 133 y siguientes.",
      "receptada por este tribunal en idéntica fecha al presente en un supuesto de similares características, tramitado en el expediente \"Zincunegui Ana María c/ Nuevo Banco de Entre Ríos S.A. y otros s/ sumarísimo (vinculado 9028)\" Expte. Nº 9106.",
      "Las consideraciones allí sentadas resultan en un todo aplicables al caso, en el sentido que \"[e]l tribunal ad quem no pudo modificar el pronunciamiento de primera instancia en perjuicio para el apelante en lo que ha quedado consentido por la otra parte.",
      "La prohibición de reformatio in peius constituye una aplicación del principio de congruencia que determina la necesaria correlación que debe existir entre las resoluciones judiciales y las pretensiones o peticiones de las partes. La medida de la apelación está determinada por los agravios -tantum devolutum quantum appellatum- y el tribunal de alzada no puede ir más allá de los límites marcados por el recurso y los agravios.",
      "El Código Procesal de la provincia hace expresa referencia al mismo, de modo genérico, en el art. 31, inc. 4º, y específicamente para la sentencia definitiva de segunda instancia al remitir el art. 161 al art. 160, inc. 6º; y, de igual manera el art. 263 al fijar que “...[l]a sentencia se dictará por mayoría, y en ella se examinarán las cuestiones de hecho y de derecho sometidas a la decisión del juez de primera instancia que hubiesen sido materia de agravios”.",
      "Conforme ello, el tribunal ad quem estaba impedido de modificar la resolución de grado en perjuicio del único apelante, precisamente, por la falta \"NISSERO SANTIAGO C/ SWISS MEDICAL S.A. S/ SUMARISIMO (CIVIL)\" - Expte. Nº 9072 de recurso de la parte accionante. Al respecto, se ha señalado que el sistema reposa en una presunción iure et de iure que quien no recurre consiente lo desfavorable de la resolución dictada, aun cuando lo resuelto por el inferior le sea beneficioso en líneas generales; así, “surge con claridad la conexión existente entre el principio de congruencia y el tema aquí abordado, puesto que, de aceptarse la ficción arriba expuesta, el superior que hiciera reformatio in peius estaría introduciendo, en desmedro de aquél, una cuestión no planteada en la instancia. Más aún, se abocaría a tratar un punto de la resolución atacada que ha quedado consentido por las partes” (Peyrano, Jorge W., Proceso civil. Principios y fundamentos, Astrea, Buenos Aires, 1978, p. 68).\" 13.- Objeción respecto de la no aplicación de los topes vigente al momento de los hechos.",
      "Conforme a lo expuesto en los párrafos precedentes, el tratamiento de dicho punto por este tribunal devino abstracto.",
      "14.- Por consiguiente, corresponde declarar procedente el recurso de inaplicabilidad de ley deducido por la demandada Swiss Medical S.A. y, en consecuencia, 1) CASAR la sentencia dictada en fecha 22/2/2024 en cuanto elevó el monto de condena por daño punitivo, respecto de lo cual se deja subsistente la decisión de primera instancia; 2) CASAR la regulación de honorarios por la labor desarrollada en primera instancia, dejando subsistente la de primera instancia, y disponer el reenvío de las actuaciones a la Cámara para el tratamiento del recurso arancelario deducido; 3) dejar sin efecto la regulación de honorarios por la labor desarrollada en segunda instancia, y disponer el reenvío para que, oportunamente, se fijen los emolumentos correspondientes; 4) imponer las costas por la tramitación ante esta instancia extraordinaria provincial por su orden (artículo 53 de la ley de defensa del consumidor). ASÍ VOTAMOS.",
      "A LA SEGUNDA CUESTIÓN PROPUESTA LA SRA.",
      "VOCAL GISELA N. SCHUMACHER Y EL SR. VOCAL CARLOS",
      "Considerando la solución que se propicia, corresponde diferir la regulación de honorarios para la oportunidad en que se determinen los correspondientes a las instancias inferiores. ASÍ VOTAMOS.",
      "Por último, habiendo mayoría de opiniones, EL SR. VOCAL EN EJERCICIO DE LA PRESIDENCIA DEL STJ, LEONARDO PORTELA, se abstiene de votar y firmar la presente resolución con arreglo a lo dispuesto por el art. 33 de la LOPJ, texto según ley 10.704.",
      "Con lo que no siendo para más se da por finalizado el acto quedando acordada la siguiente sentencia:",
      "Paraná, 10 de octubre de 2024."
    ],
    "Y VISTO": [
      "\"NISSERO SANTIAGO C/ SWISS MEDICAL S.A. S/ SUMARISIMO (CIVIL)\" - Expte. Nº 9072 Por los fundamentos del acuerdo que antecede se,"
    ],
    "RESUELVE": [
      "DECLARAR PROCEDENTE el recurso de inaplicabilidad de ley deducido en fecha 5/3/2024 y, en consecuencia, 1) CASAR la resolución de la Sala Primera Civil y Comercial de la Cámara de Apelaciones de Gualeguaychú dictada en fecha 22/2/2024 en cuanto elevó el monto de condena por daño punitivo, respecto de lo cual se deja subsistente la decisión de primera instancia; 2) CASAR la regulación de honorarios por la labor desarrollada en primera instancia, dejando subsistente la de primera instancia, y disponer el reenvío de las actuaciones a la Cámara para el tratamiento del recurso arancelario deducido;",
      "3) DEJAR SIN EFECTO la regulación de honorarios por la labor desarrollada en segunda instancia, y disponer el reenvío para que, oportunamente, se fijen los emolumentos correspondientes.",
      "IMPONER costas por su orden (artículo 53 de la ley de defensa del consumidor).",
      "DIFERIR la regulación de honorarios para la oportunidad en que se determinen los correspondientes a las instancias inferiores.",
      "Tener presente la reserva del caso federal.",
      "Notifíquese conforme arts. 1º y 4º Ac. Gral. 15/18 SNE, regístrese y oportunamente devuélvase.",
      "Ante mí. En igual fecha se registró. Asimismo, se deja constancia que la presente se suscribe mediante firma digital -Acuerdo Gral. 11/20 del 23-6-2020, Punto 4°) prescindiéndose de su impresión en formato papel."
    ]
  }
}