{
  "METADATOS": {
    "ID_FALLO": "9101",
    "MES": "10",
    "ARTICULOS_CITADOS": {
      "citations": [
        {
          "main_source": "Ley 24.449",
          "cited_articles": [
            8,
            52
          ],
          "extra": null
        },
        {
          "main_source": "Ley 24.449",
          "cited_articles": [
            5,
            6,
            40,
            52
          ],
          "extra": null
        },
        {
          "main_source": "Código Civil y Comercial (CCC)",
          "cited_articles": [
            1719,
            129
          ],
          "extra": null
        },
        {
          "main_source": "Código Procesal Civil y Comercial (CPCC)",
          "cited_articles": [
            318,
            160
          ],
          "extra": null
        },
        {
          "main_source": "Constitución Nacional (CN)",
          "cited_articles": [
            16,
            17,
            18,
            19,
            42
          ],
          "extra": null
        },
        {
          "main_source": "Código Procesal Civil y Comercial (CPCC)",
          "cited_articles": [
            280
          ],
          "extra": null
        },
        {
          "main_source": "Ley 7046",
          "cited_articles": [
            3,
            64,
            94
          ],
          "extra": "modif. por ley 11.141"
        },
        {
          "main_source": "Otro",
          "cited_articles": [
            33
          ],
          "extra": "de la LOPJ"
        },
        {
          "main_source": "Código Procesal Civil y Comercial (CPCC)",
          "cited_articles": [
            65
          ],
          "extra": null
        },
        {
          "main_source": "Ley 7046",
          "cited_articles": [
            3,
            64,
            94
          ],
          "extra": "modif. por ley 11.141"
        },
        {
          "main_source": "Acuerdo General 15/18 SNE",
          "cited_articles": [
            1,
            4
          ],
          "extra": "conforme"
        },
        {
          "main_source": "Acuerdo General 11/20",
          "cited_articles": [],
          "extra": "del 23-6-2020, Punto 4°"
        }
      ]
    }
  },
  "MATERIA_PRELIMINAR": "ORDINARIO DAÑOS Y PERJUICIOS",
  "IDEA_CENTRAL": "**IDEA CENTRAL DEL FALLO:**\n\nEl fallo judicial en el caso \"Tassistro Natalia c/ Nuevo Banco de Entre Ríos S.A.\" se centra en la responsabilidad del banco por incumplimiento del deber de seguridad en la relación de consumo, resultando en la nulidad de un préstamo y la condena al banco a indemnizar a la actora por daños y perjuicios, incluyendo daño moral y daño punitivo. La decisión de la Cámara de Apelaciones fue confirmada, y se declaró inadmisible el recurso de inaplicabilidad de ley interpuesto por el banco.\n\n**Decisión Judicial Principal:**\nSe confirma la sentencia de primera instancia que declaró la nulidad del préstamo y condenó al banco a pagar $1.941.445,68 a la actora.\n\n**Fundamento Legal:**\nLa responsabilidad del banco se basa en el incumplimiento del deber de seguridad, conforme a los artículos 5, 6 y 52 bis de la Ley 24.240 (Ley de Defensa del Consumidor) y los principios del Código Civil y Comercial (arts. 1719 y 129).\n\n**Aspectos Legales Relevantes:**\n1. **Responsabilidad Objetiva:** El tribunal determinó que el banco no implementó medidas de seguridad adecuadas para prevenir ciberestafas.\n2. **Daño Moral y Punitivo:** Se reconoció el daño moral por la angustia sufrida por la actora y se consideró procedente el daño punitivo por la conducta negligente del banco.\n3. **Normativa del BCRA:** Se analizaron las comunicaciones del BCRA que establecen pautas de seguridad, aunque algunas fueron emitidas después del hecho.\n\n**Razonamiento del Tribunal:**\nEl tribunal desestimó los argumentos del banco sobre la culpa de la víctima, señalando que el cumplimiento del deber de seguridad por parte del banco habría evitado el daño. Además, se consideró que la valoración de la prueba y los montos indemnizatorios eran razonables y ajustados a derecho, desestimando la apelación del banco por falta de fundamentos suficientes.\n\n**Conclusión:**\nEl tribunal reafirma la responsabilidad del banco en la protección de los datos de sus clientes y la obligación de garantizar un servicio seguro, confirmando así la sentencia de primera instancia y desestimando el recurso del banco.",
  "CONTENIDO": {
    "INICIO": [
      "\"TASSISTRO NATALIA C/ NUEVO BANCO DE ENTRE RIOS S.A. S/ ORDINARIO DAÑOS Y PERJUICIOS\" - Expte. Nº 9101"
    ],
    "ACUERDO": [
      "En la ciudad de Paraná, capital de la provincia de Entre Ríos, a los ocho días del mes de octubre del año dos mil veinticuatro reunidos los integrantes de este Tribunal asistidos por el Secretario autorizante, para conocer el recurso de inaplicabilidad de ley deducido en fecha 19/4/2024 en las actuaciones:",
      "\"TASSISTRO NATALIA C/ NUEVO BANCO DE ENTRE RIOS S.A. S/ ORDINARIO DAÑOS Y PERJUICIOS\" - Expte. Nº 9101, respecto de la resolución de la Sala Primera Civil y Comercial de la Cámara de Apelaciones de Gualeguaychú dictada en fecha 4/4/2024. Se practicó el sorteo de ley resultando que la votación debía tener lugar en el siguiente orden: Sr. Vocal Carlos Federico Tepsich; Sra. Vocal Gisela N. Schumacher y Sr. Vocal Leonardo Portela.",
      "Estudiados los autos, la Sala se planteó las siguientes cuestiones:",
      "¿qué corresponde resolver respecto del recurso de inaplicabilidad de ley interpuesto? y, en su caso, ¿cómo deben regularse los honorarios profesionales en esta instancia?",
      "A LA PRIMERA CUESTIÓN PROPUESTA EL SR. VOCAL CARLOS FEDERICO TEPSICH Y LA SRA. VOCAL GISELA N."
    ],
    "SCHUMACHER DIJERON": [
      "1.- La sentencia dictada por la Sala I Civil y Comercial de la Cámara de Apelaciones de Gualeguaychú en fecha 4/4/2024, confirmó la sentencia de primera instancia de fecha 12/10/2023, que hizo lugar a la demanda interpuesta por la Sra. Natalia Tassistro contra el Nuevo Banco de Entre Ríos S.A., en adelante NBERSA, y declaró la nulidad del préstamo personal otorgado por la suma de $ 500.000 y las transferencias indicadas efectuadas desde la cuenta corriente de titularidad de la actora y se condenó a la demandada a abonar la suma de $1.941.445,68 en concepto de reintegro, daño moral y punitivo, con costas.",
      "Para así resolver y luego de delimitar los agravios del apelante, estableció la responsabilidad objetiva del banco accionado por incumplimiento del deber de seguridad y descartó la alegada culpa de la víctima en la producción del daño.",
      "Precisó que el banco no especificó las medidas de seguridad que tenía implementadas para prevenir las maniobras de ciberestafas a la época de los hechos.",
      "Analizó las comunicaciones del BCRA, A 6017, del 16/07/2016 y la A 6878 vigente desde el 21/01/2020; A 7072 16/07/2020 y explicó que la Comunicación A 7319, del 1/07/2021, modificada por la Comunicación A 7330, dispuso la regulación para la aprobación y acreditación de los créditos preaprobados. Agregó, que en la actualidad rige la Comunicación A 7724 BCRA, del 10/03/2023, sobre buenas prácticas en el nuevo paradigma bancario gestado por la aceleración y cambios en materia tecnológica, reforzando la idea de seguridad y \"TASSISTRO NATALIA C/ NUEVO BANCO DE ENTRE RIOS S.A. S/ ORDINARIO DAÑOS Y PERJUICIOS\" - Expte. Nº 9101 concluyó que el banco no expuso los mecanismos de seguridad que tiene implementados, omitiendo la obligación de seguridad en la relación de consumo lo que supone su responsabilidad. Valoró la conducta de la víctima, descartando que el suministro de la actora de datos a los estafadores fuera causa suficiente para la producción de los daños que reclama dado que el cumplimiento de la obligación de seguridad por parte del banco lo hubiera evitado.",
      "Confirmó la procedencia del daño moral por las indudables aflicciones que debió haber generado en la actora la sorpresiva desaparición de los ahorros de su cuenta bancaria, a más la actitud del banco luego del ilícito que implicó no suministrar el trato digno que impone el art. 8 bis de la ley 24.240.",
      "Igual temperamento asumió respecto de la condena del daño punitivo al coincidir en que por parte del banco hubo un actuar displicente y de abuso con gravedad suficiente y que sobrepasa el perjuicio individual y el monto fijado era razonable. A su vez, desestimó la inconstitucionalidad que se formulara del art. 52 bis de la ley 24.240 por no haberse demostrado de modo manifiesto su incompatibilidad con la Constitución nacional.",
      "2.- La decisión motivó la interposición por parte del banco accionado del recurso de inaplicabilidad de ley que se somete a consideración.",
      "El recurrente invoca arbitrariedad en la valoración de la prueba, alegando que la sentencia recurrida al admitir daños y establecer montos indemnizatorios no reclamados se aparta del derecho aplicable.",
      "Denuncia errónea aplicación de los arts. 5, 6, 40, 52 bis de la ley 24.240; arts. 1719 y 129 del CCC; arts. 318 y 160 inc.6 del CPCC y arts. 16,17,18 19 y 42 de la Constitución Nacional.",
      "Reitera su posición en juicio respecto a la responsabilidad que atribuye a la víctima en el hecho ilícito que motiva la acción y critica la valoración que se realiza en el fallo de la prueba pericial. Concretamente expone que ninguna medida de seguridad es suficiente si el propio titular de la cuenta es quien comunica sus datos personales y que la normativa del BCRA citada es inaplicable por haber sido dictada después del hecho y critica la condena a indemnizar un daño moral que a su criterio no fue probado.",
      "Con cita jurisprudencial, sostiene que el daño punitivo que se impone es improcedente de acuerdo a los parámetros que detalla y cuestiona la elevación oficiosa de su monto, lo que importó fallar ultra petita con lesión al derecho de defensa en juicio.",
      "3.- A su turno, la parte actora contestó el traslado del recurso interpuesto, solicitando, -por las razones que expuso- su rechazo.",
      "4.- Dictaminó el Ministerio Público Fiscal, propiciando la confirmación del fallo impugnado en cuanto la sentencia es una derivación razonada de los principios constitucionales y el derecho aplicable.",
      "\"TASSISTRO NATALIA C/ NUEVO BANCO DE ENTRE RIOS S.A. S/ ORDINARIO DAÑOS Y PERJUICIOS\" - Expte. Nº 9101 5.- A nuestro criterio, el recurso bajo juzgamiento es inadmisible por no contener el memorial de agravios un cabal cumplimiento del recaudo de fundamentación suficiente puntualmente establecido en el art. 280 del CPCC.",
      "En general, la crítica desatiende completamente la fundamentación medular del fallo, su base probatoria y fundamento legal, exhibiendo una mera discrepancia con la solución que no logra ser conmovida en su logicidad.",
      "6.- La denuncia de infracción al principio de congruencia parte de una decisión inexistente, en tanto asume como tal la propuesta de la posición de la disidencia.",
      "Tampoco es fundada la causal de absurdidad en tanto la parte recurrente no se aviene a ilustrar al tribunal acerca de cómo y en qué momento el razonamiento sentencial de la Cámara habría incurrido en un apartamiento de las circunstancias objetivas de la causa. Hace centro de ataque la mención de la normativa del BCRA dictada con posterioridad de la estafa sufrida por la actora, pero omite hacerse cargo de las que estaban vigentes y que el fallo también ponderó; como así, también de aquellos argumentos por los que se consideró configurada la responsabilidad por incumplimiento del deber de seguridad que se reclama en autos.",
      "7.- El recurso de inaplicabilidad de ley es una vía recursiva extraordinaria que exige el cumplimiento de determinados recaudos en orden, precisamente a la estructura e impronta que debe exhibir la impugnación, desde que no constituye una tercera instancia de apreciación de los hechos y las pruebas del juicio, siendo su finalidad obtener un control legal del veredicto dictado (cfr.",
      "\"Basualdo Julia Mirta c/ Banco Hipotecarios SA s/ Sumarísimo\" - Expte. N° 8992, sentencia del 23/07/2024).",
      "Bajo tales coordenadas, los agravios relacionados con el reconocimiento del daño moral no exhiben la entidad mínima para lograr su revisión en esta instancia extraordinaria. Igual conclusión merece el cuestionamiento que expone respecto del daño punitivo en tanto no logra mostrar que la doctrina legal fijada por este Superior Tribunal hubiese sido incorrectamente aplicada por el tribunal ad quem; además, el juzgamiento de su procedencia constituye una facultad privativa de los tribunales ordinarios, en tanto implica, por cierto, el análisis y valoración del hecho generador de la responsabilidad y las circunstancias del caso.",
      "8.- En definitiva, proponemos al acuerdo se declare inadmisible el recurso de inaplicabilidad de ley interpuesto, con costas (art. 65 del CPCC). ASÍ VOTAMOS.",
      "A LA SEGUNDA CUESTIÓN PROPUESTA EL SR. VOCAL CARLOS FEDERICO TEPSICH Y LA SRA. VOCAL GISELA N.",
      "\"TASSISTRO NATALIA C/ NUEVO BANCO DE ENTRE RIOS S.A. S/ ORDINARIO DAÑOS Y PERJUICIOS\" - Expte. Nº 9101 Considerando la actividad desarrollada para abrir la instancia extraordinaria, la complejidad de las cuestiones planteadas y la probable dedicación temporal en el desempeño profesional del servicio, corresponde fijar los honorarios profesionales en el 50 % de los honorarios que se establezcan por la labor en primera instancia, encomendando su cálculo a la judicatura de origen (arts.",
      "3, 64 y 94 de la ley 7046 modif. por ley 11.141). ASÍ VOTAMOS.",
      "Por último, habiendo mayoría de opiniones, EL SR. VOCAL EN EJERCICIO DE LA PRESIDENCIA DEL STJ, DR. LEONARDO PORTELA, se abstiene de votar y firmar la presente resolución con arreglo a lo dispuesto por el art. 33 de la LOPJ, texto según ley 10.704.",
      "Con lo que no siendo para más se da por finalizado el acto quedando acordada la siguiente sentencia:",
      "Paraná, 8 de octubre de 2024."
    ],
    "Y VISTO": [
      "Por los fundamentos del acuerdo que antecede se,"
    ],
    "RESUELVE": [
      "DECLARAR INADMISIBLE el recurso de inaplicabilidad de ley deducido en fecha 19/4/2024, respecto de la resolución de la Sala Civil y Comercial de la Cámara de Apelaciones de Gualeguaychú dictada en fecha 4/4/2024.",
      "IMPONER costas a la vencida (art. 65 del CPCC).",
      "FIJAR los honorarios profesionales correspondientes a esta instancia extraordinaria, en el 50 % de los honorarios que se establezcan por la labor en primera instancia, encomendando su cálculo a la judicatura de origen (arts.",
      "3, 64 y 94 de la ley 7046 modif. por ley 11.141).",
      "Tener presente la reserva del caso federal.",
      "Notifíquese conforme arts. 1º y 4º Ac. Gral. 15/18 SNE, regístrese y oportunamente devuélvase.",
      "Ante mí. En igual fecha se registró. Asimismo, se deja constancia que la presente se suscribe mediante firma digital -Acuerdo Gral. 11/20 del 23-6-2020, Punto 4°) prescindiéndose de su impresión en formato papel."
    ]
  }
}