{
  "METADATOS": {
    "ID_FALLO": "9106",
    "MES": "10",
    "ARTICULOS_CITADOS": {
      "citations": [
        {
          "main_source": "Ley 24.522 (LCQ - Ley de Concursos y Quiebras)",
          "cited_articles": [
            52
          ],
          "extra": "art. 52 bis de la LDC"
        },
        {
          "main_source": "Código Procesal Civil y Comercial (CPCC)",
          "cited_articles": [
            31,
            160,
            258,
            269,
            318
          ],
          "extra": "arts. 31, inc. 4; 160, inc.6; 258, 269 y 318 del CPCC"
        },
        {
          "main_source": "Constitución Nacional (CN)",
          "cited_articles": [
            14,
            17,
            18
          ],
          "extra": "arts. 14, 17 y 18 de la Constitución Nacional"
        },
        {
          "main_source": "Código Procesal Civil y Comercial (CPCC)",
          "cited_articles": [
            31
          ],
          "extra": "art. 31, inc. 4º"
        },
        {
          "main_source": "Código Procesal Civil y Comercial (CPCC)",
          "cited_articles": [
            161,
            160
          ],
          "extra": "art. 161 al art. 160, inc. 6º"
        },
        {
          "main_source": "Otro",
          "cited_articles": [
            263
          ],
          "extra": "art. 263"
        },
        {
          "main_source": "Ley 24.522 (LCQ - Ley de Concursos y Quiebras)",
          "cited_articles": [
            53
          ],
          "extra": "art. 53, LDC, 2° párrafo"
        },
        {
          "main_source": "Ley 7046",
          "cited_articles": [
            3,
            64,
            94
          ],
          "extra": "arts. 3, 64 y 94 de la ley 7046 modif. por ley 11.141"
        },
        {
          "main_source": "Otro",
          "cited_articles": [
            33
          ],
          "extra": "art. 33 de la LOPJ"
        },
        {
          "main_source": "Ley 7046",
          "cited_articles": [
            3,
            64,
            94
          ],
          "extra": "arts. 3, 64 y 94 de la ley 7046 modif. por ley 11.141"
        },
        {
          "main_source": "Acuerdo General 15/18 SNE",
          "cited_articles": [
            1,
            4
          ],
          "extra": "conforme arts. 1º y 4º Ac. Gral. 15/18 SNE"
        },
        {
          "main_source": "Acuerdo General 11/20",
          "cited_articles": [],
          "extra": "Acuerdo Gral. 11/20 del 23-6-2020, Punto 4°"
        }
      ]
    }
  },
  "MATERIA_PRELIMINAR": "SUMARISIMO (VINCULADO 9028)",
  "IDEA_CENTRAL": "**IDEA CENTRAL DEL FALLO**\n\nEn el caso \"Zincunegui Ana María c/ Nuevo Banco de Entre Ríos S.A. y otros\", el Tribunal resolvió declarar procedentes los recursos de inaplicabilidad de ley interpuestos por los demandados, revocando la decisión de la Cámara de Apelaciones que había elevado la condena por daño punitivo a $2.000.000. El fallo de primera instancia fue restablecido como pronunciamiento definitivo.\n\n**Decisión Judicial Principal y Fundamento Legal**\n\nLa decisión principal fue la anulación de la sentencia de la Cámara de Apelaciones, que había incrementado la multa sin que la parte actora hubiera apelado el monto original. El Tribunal fundamentó su decisión en el principio de congruencia y la prohibición de reformatio in peius, que impide que un tribunal de alzada agrave la situación del apelante más allá de lo que fue recurrido.\n\n**Aspectos Legales Relevantes**\n\n1. **Principio de Congruencia**: El Tribunal destacó que la modificación del monto de la condena por parte de la Cámara de Apelaciones contravino este principio, ya que la parte actora no había apelado el monto original.\n2. **Reformatio in Peius**: Se argumentó que la Cámara no podía agravar la situación del apelante sin que este lo hubiera solicitado.\n3. **Código Procesal Civil y Comercial**: Se citaron los artículos 31, inc. 4; 160, inc. 6; y 263, que regulan la congruencia y los límites de la apelación.\n\n**Razonamiento del Tribunal**\n\nEl Tribunal consideró que los agravios presentados por los demandados no demostraron arbitrariedad ni incumplimiento de la jurisprudencia vinculante. Además, se enfatizó que la conducta de los demandados había sido suficientemente grave para justificar la multa, pero que la elevación de la misma sin recurso por parte de la actora era improcedente. Por lo tanto, se restableció la sentencia de primera instancia, manteniendo las costas en el orden causado y fijando honorarios profesionales en un porcentaje del monto correspondiente a la primera instancia.",
  "CONTENIDO": {
    "INICIO": [
      "\"ZINCUNEGUI ANA MARIA C/ NUEVO BANCO DE ENTRE RIOS S.A. Y OTROS S/ SUMARISIMO (VINCULADO 9028)\" - Expte. Nº 9106"
    ],
    "ACUERDO": [
      "En la ciudad de Paraná, capital de la provincia de Entre Ríos, a los diez días del mes de octubre del año dos mil veinticuatro reunidos los integrantes de este Tribunal asistidos por el Secretario autorizante, para conocer los recursos de inaplicabilidad de ley deducidos en fecha 22/4/2024 y 23/4/2024 en las actuaciones: \"ZINCUNEGUI ANA MARIA C/ NUEVO BANCO DE ENTRE RIOS S.A. Y OTROS S/ SUMARISIMO (VINCULADO 9028)\" - Expte. Nº 9106, respecto de la resolución de la Sala Civil y Comercial de la Cámara de Apelaciones de Gualeguaychú dictada en fecha 8/4/2024. Se practicó el sorteo de ley resultando que la votación debía tener lugar en el siguiente orden: Sr. Vocal Carlos Federico Tepsich; Sra. Vocal Gisela N. Schumacher y Sr. Vocal Leonardo Portela.",
      "Estudiados los autos, la Sala se planteó las siguientes cuestiones:",
      "¿qué corresponde resolver respecto de los recursos de inaplicabilidad de ley interpuestos? y, en su caso, ¿cómo deben regularse los honorarios profesionales en esta instancia?",
      "A LA PRIMERA CUESTIÓN PROPUESTA EL SR. VOCAL CARLOS FEDERICO TEPSICH Y LA SRA. VOCAL GISELA N."
    ],
    "SCHUMACHER DIJERON": [
      "1.- La sentencia dictada por la Sala I Civil y Comercial de Gualeguaychú en fecha 8 de abril de 2024, en lo que para la definición del presente interesa, revocó parcialmente el fallo de primera instancia (4/10/2023) y elevó el monto de la condena por daño punitivo a la suma de $2.000.000 a cada demandado, Nuevo Banco de Entre Ríos (NBERSA), BBVA Banco Francés (BBVA) y Prisma Medios de Pago S.A. (PRISMA).",
      "Para así resolver, desestimó en primer lugar el planteo de inconstitucionalidad del NBERSA respecto del art. 52 bis de la LDC, destacando que no se habían explicitados razones claras, convincentes, esenciales y coherentes que mostrasen esta disposición legal como contraria a la Constitución nacional.",
      "Se afirmó que la multa era procedente puesto que fue la conducta de todos los demandados lo que facilitó la desaparición del dinero de la accionante para, luego, obligar a una persona jubilada a transitar por un largo litigio.",
      "Se expuso, que el daño punitivo no está a lo que en definitiva pida el accionante, sino a la inconducta de las partes por tratarse de una sanción que debe regular el poder judicial; y, se agregó, que los demandados son importantes empresas financieras que usufructúan buena parte del comercio bancario del país a través de cajeros y prestaciones on line y deben actuar, conforme normativa del BCRA en forma coordinada; con lo cual la responsabilidad para que hechos como los que motivaron la acción no ocurran debe ser superlativa y su preocupación por brindar respuesta a los consumidores expeditiva y clara, por lo que correspondía \"ZINCUNEGUI ANA MARIA C/ NUEVO BANCO DE ENTRE RIOS S.A. Y OTROS S/ SUMARISIMO (VINCULADO 9028)\" - Expte. Nº 9106 elevar la multa.",
      "2.- La decisión fue impugnada por los codemandados BBVA y NBERSA por conducto de sendos recursos de inaplicabilidad de ley que expresan similares agravios que serán detallados en forma conjunta.",
      "Plantean arbitrariedad por haber prescindido de aplicar la jurisprudencia vinculante que citan, alegando, en lo esencial, que no se dan en el caso los presupuestos para la aplicación de la multa. En particular, el BBVA sostiene que no hubo incumplimiento alguno de su parte ni se le puede imputar culpa grave o dolo en su accionar, en tanto la transferencia fue erróneamente direccionada al NBERSA quedando en poder de dicho banco la suma reclamada en una cuenta cerrada, y esta última alega el obrar negligente e imprudente de la actora.",
      "Expresan que al aumentarse de oficio el daño punitivo viola los arts. 31, inc. 4; 160, inc.6; 258, 269 y 318 del CPCC y arts. 14, 17 y 18 de la Constitución Nacional.",
      "Alegan que en el fallo este actuar oficioso lesiona los principios de preclusión, cosa juzgada, seguridad jurídica, debido proceso y derecho de defensa de su parte puesto que la accionante había consentido el monto de la condena de primera instancia. Asimismo, critican por irrazonable la falta de explicitación del método utilizado para arribar a esa suma.",
      "Finalizan haciendo reserva del Caso Federal.",
      "3.- A su turno, la parte actora contesta el traslado de los recursos interpuestos, solicitando, por las razones que expone, sus respectivos rechazos.",
      "4.- Dictamina el Ministerio Público Fiscal propiciando el rechazo de los recursos interpuestos por resultar la sentencia una derivación razonable de las garantías constitucionales y el derecho aplicables.",
      "5.- Por una razón de método expositivo habremos de tratar en primer lugar los agravios expuestos respecto a la procedencia de la multa civil impuesta a los recurrentes.",
      "Los agravios que se exponen en los respectivos memoriales no superan el umbral de la simple discrepancia, en tanto no está cumplida la carga de vincular la doctrina legal que se denuncia como infringida con el resultado final del juicio. No escapa a este análisis que el voto que hizo mayoría en la sentencia en crisis, expresó su postura contraria a los lineamientos sentados en el antecedente que cita, empero tal circunstancia no determina un resultado distinto al que hubiese correspondido de su seguimiento. Más allá que la valoración en concreto de la conducta asumida por los proveedores demandados con las demás circunstancias particulares del caso no corresponde que sea juzgada en esta instancia impugnativa por implicar examinar cuestiones de hecho y prueba -salvo, claro está, que se configure un supuesto de arbitrariedad, que en la especie no apreciamos-, lo cierto \"ZINCUNEGUI ANA MARIA C/ NUEVO BANCO DE ENTRE RIOS S.A. Y OTROS S/ SUMARISIMO (VINCULADO 9028)\" - Expte. Nº 9106 es que tales extremos conductuales tributan suficientemente con el factor de atribución subjetivo agravado que marca la doctrina de la causa “De la Cruz” -que fue elevada a doctrina legal con la sentencia de esta Sala dictada en los autos “Asociación de Protección de Consumidores del Mercado Común del Sur Proconsumer c. A.M.X. Argentina S.A. S/ Ordinario” (Expte. N° 6294, sentencia 27/12/2019)-.",
      "6.- Distinta es la suerte que estimamos debe tener el agravio que denuncia que el fallo de alzada infringió el principio de congruencia.",
      "De la lectura de la sentencia impugnada surge que el tribunal ad quem, al decidir el recurso de apelación deducido por las codemandadas elevó el monto de condena por el daño punitivo cuya cuantificación no había sido recurrida por la parte accionante al haberse declarado desierto su apelación (ver movimiento procesal del 16/02/2024). La solución brindada por la alzada redunda en un monto de condena superior y más gravoso para el único apelante que aquel que fue fijado en la sentencia de origen, lo que se presenta como una franca contradicción no solo con el principio que prohíbe la reformatio in peius (...) (conf. \"Kretzer Claudia Ester c/ Aranguren José eduardo- s/ ordinario\"- Expte. Nº 7100 – 25/11/2015).",
      "7.- El tribunal ad quem no pudo modificar el pronunciamiento de primera instancia en perjuicio para el apelante en lo que ha quedado consentido por la otra parte.",
      "La prohibición de reformatio in peius constituye una aplicación del principio de congruencia que determina la necesaria correlación que debe existir entre las resoluciones judiciales y las pretensiones o peticiones de las partes.",
      "La medida de la apelación está determinada por los agravios -tantum devolutum quantum appellatum- y el tribunal de alzada no puede ir más allá de los límites marcados por el recurso y los agravios.",
      "8.- El Código Procesal de la provincia hace expresa referencia al mismo, de modo genérico, en el art. 31, inc. 4º, y específicamente para la sentencia definitiva de segunda instancia al remitir el art. 161 al art. 160, inc. 6º; y, de igual manera el art. 263 al fijar que “...La sentencia se dictará por mayoría, y en ella se examinarán las cuestiones de hecho y de derecho sometidas a la decisión del juez de primera instancia que hubiesen sido materia de agravios”.",
      "Conforme ello, el tribunal ad quem estaba impedido de modificar la resolución de grado en perjuicio del único apelante, precisamente, por la falta de recurso de la parte accionante. Al respecto, se ha señalado que el sistema reposa en una presunción iure et de iure que quien no recurre consiente lo desfavorable de la resolución dictada, aun cuando lo resuelto por el inferior le sea beneficioso en líneas generales; así, “surge con claridad la conexión existente entre el principio de congruencia y el tema aquí abordado, puesto que, de aceptarse la ficción arriba expuesta, el superior que hiciera reformatio in peius estaría introduciendo, en \"ZINCUNEGUI ANA MARIA C/ NUEVO BANCO DE ENTRE RIOS S.A. Y OTROS S/ SUMARISIMO (VINCULADO 9028)\" - Expte. Nº 9106 desmedro de aquél, una cuestión no planteada en la instancia. Más aún, se abocaría a tratar un punto de la resolución atacada que ha quedado consentido por las partes” (Peyrano, Jorge W., Proceso civil. Principios y fundamentos, Astrea, Buenos Aires, 1978, p. 68).",
      "9.- En definitiva, proponemos al acuerdo hacer lugar a los recursos de inaplicabilidad de ley interpuestos y, en consecuencia, CASAR el fallo impugnado, quedando como pronunciamiento definitivo el de primera instancia.",
      "Costas, en el orden causado (art. 53, LDC, 2° párrafo). ASÍ VOTAMOS.",
      "A LA SEGUNDA CUESTIÓN PROPUESTA EL SR. VOCAL DR. CARLOS F. TEPSICH Y LA SRA. VOCAL GISELA N.",
      "Considerando la actividad desarrollada para abrir la instancia extraordinaria, la complejidad de las cuestiones planteadas, la novedad del precedente y la probable dedicación temporal en el desempeño profesional del servicio, corresponde fijar los honorarios profesionales en el 55 % de los honorarios que corresponderían por la labor en primera instancia teniendo en cuenta el valor del recurso, encomendando su cálculo a la judicatura de origen (arts. 3, 64 y 94 de la ley 7046 modif. por ley 11.141). ASÍ VOTAMOS.",
      "Por último, habiendo mayoría de opiniones, EL SR. VOCAL EN EJERCICIO DE LA PRESIDENCIA DEL STJ, DR. LEONARDO PORTELA, se abstiene de votar y firmar la presente resolución con arreglo a lo dispuesto por el art. 33 de la LOPJ, texto según ley 10.704.",
      "Con lo que no siendo para más se da por finalizado el acto quedando acordada la siguiente sentencia:",
      "Paraná, 10 de octubre de 2024."
    ],
    "Y VISTO": [
      "Por los fundamentos del acuerdo que antecede se,"
    ],
    "RESUELVE": [
      "DECLARAR PROCEDENTES los recursos de inaplicabilidad de ley deducidos en fecha 22/4/2024 y 23/4/2024, respecto de la resolución de la fecha 8/4/2024, quedando como pronunciamiento definitivo el de primera instancia.",
      "IMPONER costas en el orden causado (art. 53, LDC, 2° párrafo).",
      "FIJAR los honorarios profesionales correspondientes a esta instancia extraordinaria, en el 55 % de los honorarios que corresponderían por la labor en primera instancia teniendo en cuenta el valor del recurso, encomendando su cálculo a la judicatura de origen (arts. 3, 64 y 94 de la ley 7046 modif. por ley 11.141).",
      "\"ZINCUNEGUI ANA MARIA C/ NUEVO BANCO DE ENTRE RIOS S.A. Y OTROS S/ SUMARISIMO (VINCULADO 9028)\" - Expte. Nº 9106 Tener presente la reserva del caso federal.",
      "Notifíquese conforme arts. 1º y 4º Ac. Gral. 15/18 SNE, regístrese y oportunamente devuélvase.",
      "Ante mí. En igual fecha se registró. Asimismo, se deja constancia que la presente se suscribe mediante firma digital -Acuerdo Gral. 11/20 del 23-6-2020, Punto 4°) prescindiéndose de su impresión en formato papel."
    ]
  }
}