{
  "METADATOS": {
    "ID_FALLO": "9110",
    "MES": "10",
    "ARTICULOS_CITADOS": {
      "citations": [
        {
          "main_source": "Ley 7046",
          "cited_articles": [
            30,
            36,
            58,
            62
          ],
          "extra": "arts. 3, 30, 31, 34 y concs."
        },
        {
          "main_source": "Ley 48",
          "cited_articles": [
            36
          ],
          "extra": "art. 36 de la Ley de Aranceles"
        },
        {
          "main_source": "Ley 48",
          "cited_articles": [
            112,
            113
          ],
          "extra": "art. 112 y 113 Ley de aranceles"
        },
        {
          "main_source": "Acuerdo General 15/18 SNE",
          "cited_articles": [
            1,
            4
          ],
          "extra": "arts. 1º y 4º Ac. Gral. 15/18 SNE"
        },
        {
          "main_source": "Acuerdo General 11/20",
          "cited_articles": [],
          "extra": "Acuerdo Gral. 11/20 del 23-6-2020"
        },
        {
          "main_source": "Otro",
          "cited_articles": [],
          "extra": "VERONESI MARTIN NELIO S/ SUCESORIO AB INTESTATO (Y TESTAMENTARIO) - Expte. Nº 9110"
        },
        {
          "main_source": "Otro",
          "cited_articles": [],
          "extra": "ver considerando IV de la sentencia homologatoria del 28 de noviembre de 2023"
        }
      ]
    }
  },
  "MATERIA_PRELIMINAR": "SUCESORIO AB INTESTATO (Y TESTAMENTARIO)",
  "IDEA_CENTRAL": "### IDEA CENTRAL DEL FALLO\n\n**Decisión Judicial Principal:**\nEl Tribunal declaró **inadmisible** el recurso de inaplicabilidad de ley interpuesto por los abogados recurrentes, confirmando la regulación de honorarios realizada por la Cámara de Apelaciones de Gualeguaychú, que se basó en el inventario y avalúo de bienes aprobados, y no en el acuerdo transaccional entre los herederos.\n\n**Fundamento Legal:**\nLa decisión se fundamenta en la correcta aplicación del **artículo 36 de la Ley de Aranceles**, que establece que la base para la regulación de honorarios en un juicio sucesorio debe ser el inventario y avalúo de los bienes, no el monto de acuerdos transaccionales que no reflejan el activo bruto del patrimonio del causante.\n\n**Aspectos Legales Relevantes:**\n1. **Ley de Aranceles (Ley 7046)**: Se invocan los artículos 36, 58, 112 y 113, que regulan la base económica para la determinación de honorarios de abogados en procesos sucesorios.\n2. **Doctrina Legal**: Se menciona la necesidad de una fundamentación adecuada en los recursos de inaplicabilidad, que debe incluir la identificación clara de las normas supuestamente violadas.\n\n**Razonamiento del Tribunal:**\nEl Tribunal argumentó que los recurrentes no lograron demostrar una violación clara de la ley, ya que su recurso se limitó a alegaciones generales sin especificar errores concretos en la aplicación de la normativa. La Cámara había fundamentado adecuadamente su decisión al considerar el inventario aprobado como base para la regulación de honorarios, y no el acuerdo transaccional, que incluía compromisos que no reflejaban el patrimonio del causante.\n\nEn conclusión, el fallo reafirma la importancia de la correcta aplicación de las normas arancelarias en los procesos sucesorios y la necesidad de una fundamentación sólida en los recursos judiciales.",
  "CONTENIDO": {
    "INICIO": [
      "\"VERONESI MARTIN NELIO S/ SUCESORIO AB INTESTATO (Y TESTAMENTARIO)\" - Expte. Nº 9110"
    ],
    "ACUERDO": [
      "En la ciudad de Paraná, capital de la provincia de Entre Ríos, a los veintiún días del mes de octubre del año dos mil veinticuatro reunidos los integrantes de este Tribunal asistidos por el Secretario autorizante, para conocer el recurso de inaplicabilidad de ley deducido en fecha 7/5/2024 en las actuaciones:",
      "\"VERONESI MARTIN NELIO S/ SUCESORIO AB INTESTATO (Y TESTAMENTARIO)\" - Expte. Nº 9110, respecto de la resolución de la Sala Civil y Comercial de la Cámara de Apelaciones de Gualeguaychú dictada en fecha 17/4/2024. Se practicó el sorteo de ley resultando que la votación debía tener lugar en el siguiente orden: Sra. Vocal Gisela N. Schumacher; Sr. Vocal Carlos Federico Tepsich y Sr. Vocal Leonardo Portela.",
      "Estudiados los autos, la Sala se planteó la siguiente cuestión: ¿qué corresponde resolver respecto del recurso de inaplicabilidad de ley interpuesto?",
      "A LA CUESTIÓN PROPUESTA LA SRA. VOCAL GISELA"
    ],
    "N. SCHUMACHER DIJO": [
      "1.- La sentencia que viene recurrida Contra la resolución de la Cámara de Apelaciones Sala Primera Civil y Comercial de Gualeguaychú que rechazó el recurso de apelación interpuesto por los Dres. Juan Ignacio Weimberg y Alejandro Ignacio Fidelio y declaró que no son bajos los honorarios que les fueron regulados en 29/12/2024 por la primera etapa prevista en el art. 62 inc. a) interpusieron recurso de inaplicabilidad de ley los abogados mencionados.",
      "Para así decidir, la Cámara en primer término detalló cuales fueron las actuaciones realizadas por los recurrentes en el proceso.",
      "Luego explicitó que en autos mediante resolución de fecha 28/11/2023 se aprobó el inventario y avalúo de los bienes en base a la denuncia de bienes efectuada en fecha 6/07/2022, como así también se homologó un acuerdo transaccional entre los herederos declarados. Aclaró que dicho acuerdo transaccional tuvo por finalidad concluir no solo los conflictos en torno al proceso sucesorio sino también otros juicios existentes entre los herederos.",
      "Determinado ello la Cámara concluyó que no corresponde considerar como base económica para la regulación de honorarios el monto del acuerdo transaccional arribado por los herederos, tal como lo peticionan los recurrentes, pues éste no coincide con el avalúo aprobado que es el que la norma del art. 36 de la Ley de Aranceles prevé como monto del juicio sucesorio.",
      "Conforme lo expuesto sostuvo que la base de regulación es la denuncia de bienes aprobada el 28/11/2023.",
      "A partir de allí la Cámara efectuó los cálculos de rigor concluyendo que conforme los parámetros que explicitó, la regulación de los honorarios de los profesionales recurrentes debía oscilar entre un mínimo de 14,44 \"VERONESI MARTIN NELIO S/ SUCESORIO AB INTESTATO (Y TESTAMENTARIO)\" - Expte. Nº 9110 juristas y un máximo de 17,35 juristas, con lo que la regulación por la intervención en la primera etapa prevista por el art. 62 inc. a) ley de aranceles, que fue por la que se le regularon los honorarios, no es baja en tanto asciende a la cantidad de 23,79 juristas.",
      "2.- El recurso interpuesto Contra dicho pronunciamiento interpusieron los letrados Juan Ignacio Weimberg y Alejandro Ignacio Fidelio recurso de inaplicabilidad de ley -presentación electrónica del 7/05/24-, en los términos de la Ley 7046 denunciando errónea interpretación de la ley -art. 112 y 113 Ley de aranceles-, violación de la doctrina legal y arbitrariedad.",
      "A fin de fundamentar su posición, expresaron que la resolución de primera instancia por la cual se regularon en conjunto a tres profesionales la suma de 23,79 juristas, no solo efectuó una incorrecta aplicación de la ley arancelaria sino que no respetó el mínimo arancelario previsto ni especificó la base económica sobre la que reguló.",
      "Sostuvieron también que el art. 58 de la Ley de Aranceles establece que los honorarios mínimos en caso de declaratoria de herederos cuando no se denunciaran bienes es de 15 juristas, lo que muestra la ilogicidad de la regulación efectuada en autos donde existen varios bienes en el acervo hereditario.",
      "Fundaron la causal de arbitrariedad en la errónea interpretación de la ley -arts. 3, 30, 31, 34 y concs. Ley 7046- y de la doctrina legal. Sostuvieron que es equivocado que la base económica para la regulación sea el monto que surge de la denuncia de bienes presentada el 6/7/2022 y no la que surge del inventario y acuerdo debidamente aprobado y homologado el 28/11/2023.",
      "Afirmaron que el monto del acuerdo transaccional es el que debe ser tomado en cuenta para la regulación porque en el mismo, las partes se realizaron concesiones recíprocas las que consideraron están directamente relacionadas con la aprobación del inventario y lo superan ampliamente.",
      "Agregaron que la Cámara al afirmar que el acuerdo incluye otros juicios existentes entre los herederos no valoró, que el objeto central de dicha transacción, son juicios de recomposición patrimonial del causante que gravitan en el proceso sucesorio. De esta manera sostuvieron que la Cámara violó el principio consagrado por la CSJN de unidad \"lógica jurídica\".",
      "Afirmaron que en autos debió hacerse aplicación del art. 34 ley de aranceles referido a juicios que terminan por transacción, por cuanto el juicio sucesorio se definió por este negocio jurídico procesal.",
      "Cuestionaron la calificación de carácter común o no de los trabajos realizados en autos por su parte sin antes haber realizado la clasificación de los trabajos de todos los profesionales.",
      "Hicieron reserva del caso federal y peticionaron se case la \"VERONESI MARTIN NELIO S/ SUCESORIO AB INTESTATO (Y TESTAMENTARIO)\" - Expte. Nº 9110 sentencia de Cámara y en consecuencia se readecuen sus honorarios, elevándolos.",
      "3.- La Cámara concedió el recurso de inaplicabilidad de ley interpuesto, con efecto suspensivo atento a encontrar reunidos los requisitos formales exigidos para la admisibilidad de la vía (03/06/2024).",
      "En fecha 12 de septiembre de 2024 estando los autos radicados ante este Tribunal se dicta medida de mejor proveer solicitando se corra vista sobre el conflicto de autos al Ministerio Publico de la Defensa a fin de que emita opinión respecto de los intereses de la menor Antonia Veronesi.",
      "En fecha 18 de septiembre de 2024 emite opinión el Defensor General de la Provincia de Entre Rios, Dr. Maximiliano Francisco Benitez, quien sostuvo que los intereses de la niña Antonia Veronesi quien se encuentra representada por su progenitoria la que cuenta con el apoderamiento de los Dres.",
      "Leonardo Chesini, Darío Carraza y la Dra. Julieta Carraza se encuentran suficientemente resguardados.",
      "4.- Fundamentos de la decisión Reseñados los antecedentes del presente juicio, cabe introducirse en el análisis del recurso de inaplicabilidad de ley interpuesto, el que se encuentra encuadrado en el marco normativo previsto por el artículo 112 y 113 de la Ley 7046, debiendo en primer lugar efectuar el control de admisibilidad, en particular si el mismo satisface adecuadamente con el recaudo de fundamentación suficiente, el que me encuentro habilitada a efectuar como jueza del recurso.",
      "En tal sentido corresponde, señalar que, como principio general, el recurso de inaplicabilidad de ley trata de corregir los errores de juzgamiento en la aplicación de las normas jurídicas, quedando marginadas las cuestiones de hecho.",
      "Lo contrario significaría confundir el recurso de inaplicabilidad con el de apelación, oportunidad en que la alzada revisa tanto las cuestiones de hecho como las de derecho; por cuanto si así se entendiere, significaría considerar a esta Sala como tribunal de tercera instancia ordinaria.",
      "En relación a las causales de arbitrariedad o absurdidad este Tribunal ha expresado en reiteradas oportunidades que las mismas son de interpretación restrictiva por encontrarse celosamente reservadas a aquellos casos extremos en que los argumentos sentenciales presenten vicios de razonamiento, que deriven en conclusiones que por su contradicción o incongruencia resulten notoriamente injustas.",
      "Abordando el recurso cabe mencionar que el mismo adolece de un vicio que obsta su tratamiento, el que radica, pese al esfuerzo de los recurrentes, en una deficiente fundamentación.",
      "El memorial de agravios, en su primera parte se limita -únicamente- a invocar violación de la doctrina legal y errónea aplicación del derecho, pero omite expresar cuál fue el error o la violación incurrida. Los \"VERONESI MARTIN NELIO S/ SUCESORIO AB INTESTATO (Y TESTAMENTARIO)\" - Expte. Nº 9110 recurrentes si bien mencionan la doctrina y las normas que consideran incorrectamente aplicadas lo hacen de una manera genérica no logrando señalar como efectivamente se configuró el error que invocan.",
      "Asimismo, no es correcto lo afirmado en torno a que al regularse los honorarios no se determinó cual era la base económica pues ello efectivamente se determinó. Ello es así por cuanto minuciosamente la Cámara detalló dichos extremos, constituyendo éste el fundamento central por el cual se rechaza su apelación.",
      "Tampoco resulta aplicable el art. 58 de la ley de honorarios porque la norma no contempla la situación alegada -honorarios mínimos en caso de declaratoria de herederos cuando no se denuncian bienes-, ello sin perjuicio de que dicha circunstancia tampoco se configura en autos.",
      "Por último y en cuanto la alegada arbitrariedad, los recurrentes insisten en su posición en juicio, pretendiendo que sea computado el presente proceso con una base económica que no corresponde y en su caso se le apliquen normas arancelarias que están previstas para otro tipo de proceso o que concluyen por otro medio procesal, siendo esto una reiteración de la posición sostenida en el proceso. Todo lo que no hace mas que demostrar que sus agravios no cumplen con el recaudo de efectuar un ataque directo y pertinente, explicando en base a los presupuestos del pronunciamiento en que ha consistido la arbitrariedad que considera cometida.",
      "Ninguna mención, ni crítica fundada realizan los recurrentes respecto del argumento medular por el cual dispone la Cámara mantener la resolución recurrida, lo que correctamente fundamentó diciendo que la base económica conforme lo prevé el art. 36 de la LA es la denuncia de bienes que ha sido aprobada como inventario y avalúo mediante resolución de fecha 28/11/2023 la que surge del Capítulo III del acuerdo transaccional presentado y asciende a $ 25.890.424,19 al 06/07/2022.",
      "La Cámara realizó los cálculos correspondientes actualizando la base a la fecha de regulación para luego hacer la reducción prevista en la norma arancelaria y aplicar la escala del artículo 30 de la ley 7046. Asimismo valoró las actividades realizadas en interés común y en interés particular de cada parte para concluir que el honorario debía oscilar entre 14,44 juristas como mínimo y 17,34 juristas.",
      "De esta manera sostuvo que los honorarios regulados no resultaban bajos por cuanto ascendían a la suma de 23,79 juristas.",
      "Resulta oportuno recordar que esta Sala tiene dicho en relación a la debida fundamentación que debe satisfacer el recurso de inaplicabilidad de ley, que \" ...el recurrente debe indicar la ley o doctrina violada o erróneamente aplicada demostrando claramente tal señalamiento, precisando en que consiste la \"VERONESI MARTIN NELIO S/ SUCESORIO AB INTESTATO (Y TESTAMENTARIO)\" - Expte. Nº 9110 violación o el error, impugnando con argumentos idóneos los fundamentos que sustentan el fallo, \"explicando en base a los presupuestos del pronunciamiento, en que ha consistido la infracción, cuál es su influencia en el dispositivo y cómo y por qué se debe variar ...\" 1.",
      "A lo expuesto solo resta adicionar que los recurrentes también han omitido realizar los cálculos correspondientes, conforme la base económica aplicable, a fin de demostrar algún supuesto incumplimiento y/o error de la Cámara en la aplicación de la ley arancelaria que conduzca a un resultado diverso y conforme a su pretensión en cuanto refiere a la determinación del monto de los honorarios regulados. Que dicha omisión no puede ser dejada de observar en esta instancia.",
      "En consecuencia, el recurso debe declararse inadmisible pues carece de toda crítica o impugnación contra la sustancial fundamentación, que es central y propia de dicha resolución, todo lo que demuestra que su queja resulta inaudible al resultar netamente insuficiente, pues no cuestiona ni dirige su crítica contra el fundamento medular del fallo recurrido reiterando su posición en juicio omitiendo de ese modo dar argumentos que permitan considerar si la decisión de la 1 De la Rúa, El Recurso de Casación, pág. 464, Ed. Zavalía, Bs.As. 1968. Cfr.. \"Urite Dora Eddy s/Sucesorio\" Expte. Nº 4142 sentencia del 02/09/04 y \"Gottig Néstor T. y Otro c/Petrogal S.R.L.",
      "s/Sumario\" Expte. Nº 4140 sentencia del 08/09/04; \"Arrúa Remigio Guillermo c/Pietrantueno Gustavo Armando y Otro s/Daños y Perjuicios\" Expte. Nº 4247, sentencia del 08/04/05- Cámara es errónea y/o arbitraria. Sin costas, dada la naturaleza arancelaria de la cuestión. ASÍ VOTO.",
      "A LA CUESTIÓN PROPUESTA EL SR. VOCAL CARLOS"
    ],
    "FEDERICO TEPSICH DIJO": [
      "1.- En base a los antecedentes del caso reseñados en el voto precedente, abordaré el análisis y definición de la cuestión puesta a juzgamiento y con ese norte, adelanto, voy a disentir con la conclusión que viene propuesta.",
      "A criterio del dicente, la solución que corresponde dar al conflicto en consideración es otra, en tanto, han logrado demostrar los recurrentes la infracción legal que sustenta el recurso.",
      "2.- El tribunal ad quem al tomar como base regulatoria únicamente el inventario y avalúo aprobado por resolución de fecha 28/11/2023, excluyendo la suma entregada por los coherederos en favor de la menor Antonia Veronesi en razón del acuerdo transaccional homologado en este universal, aplicó erróneamente el art. 36 de la ley 7046.",
      "La no consideración de dicho acuerdo a los fines arancelarios teniendo en cuenta su objeto, contenido y efectos, sumado a que la norma aplicable refiere al “activo bruto incluido gananciales del patrimonio del causante”, que en el caso no se refleja en el inventario aprobado, conduce a un resultado que no tributa a lo establecido por la legislación arancelaria y, además, desatiende las circunstancias particulares con lesión al derecho a una retribución justa.",
      "\"VERONESI MARTIN NELIO S/ SUCESORIO AB INTESTATO (Y TESTAMENTARIO)\" - Expte. Nº 9110 3.- No se puede soslayar que en el acuerdo homologado en autos los coherederos se comprometen a entregar a la menor, que fue asistida por los letrados recurrentes, bienes inmuebles por un valor equivalente a una cantidad de dinero de una suma de moneda extranjera como contraprestación por el no ejercicio en el futuro de acciones sucesorias.",
      "Allí se expresó: \" Resumiendo los términos del presente acuerdo, el mismo se reduce a lo siguiente: 1.- Los señores Marco y Martina Veronesi se comprometen a adquirir para Antonia Veronesi LOS CINCO INMUEBLES CON DOS UNIDADES COMPLEMENTARIAS DESCRIPTOS E INDIVIDUALIZADOS EN EL CAPÍTULO IV \"PROPUESTA TRANSACCIONAL\" DEL PRESENTE ACUERDO, que son propiedad de terceros y que serán inscriptos a nombre de la menor y que a los efectos de las relaciones entre las partes, con más sus gastos de adquisición, suman un valor total de U$$.500.000 (quinientos mil dólares estadounidenses billete). 2.- A cambio de ello la representante legal de Antonia, Paola Gabriela Monzón, efectúa la siguiente contraprestación: a) Renuncia acciones de simulación, colación, reducción, y o cualquier otra tendiente a recomponer o hacer ingresar bienes al caudal relicto de Martín Nelio Veronesi Y/O equilibrar alguna desigualdad en las porciones. b) Expresa su aceptación sobre el inventario y avalúo presentado por Marco y Martina Veronesi y convalida asimismo la partición y adjudicación de esos bienes inventariados entre ellos. Tanto la renuncia como la aceptación son declaraciones irrevocables supeditadas solamente al cumplimiento de las obligaciones de Marco y Martina Veronesi en el punto 1…”.",
      "4.- Siendo ello así, la suma que se indica en el acuerdo traduce el avalúo de bienes que recibe la menor como herencia y, por ello, integra el activo bruto que refiere el citado art. 36, por lo que debe considerarse junto a la denuncia de bienes que se aprobó al momento de la homologación de aquel.",
      "5.- En definitiva, postulo admitir el recurso de inaplicabilidad de ley interpuesto, CASAR el pronunciamiento impugnado, debiendo volver estos actuados a la instancia de origen a fin de efectuar una nueva regulación. ASÍ VOTO.",
      "A LA CUESTIÓN PROPUESTA EL SR. VOCAL"
    ],
    "LEONARDO PORTELA DIJO": [
      "1.- Que adhiero a la conclusión a que arriba la Dra. Schumacher, sin perjuicio de considerar viable hacer ciertos comentarios a partir de la incorporación del acuerdo al expediente.",
      "2.- Que, sintetizando mucho, el juicio sucesorio tiene por finalidad identificar a los herederos del causante, el patrimonio que éste dejara al momento de fallecer y lo atinente a acreedores y deudores -existencia, pertinencia de los créditos y, eventualmente, satisfacción de las deudas-.",
      "\"VERONESI MARTIN NELIO S/ SUCESORIO AB INTESTATO (Y TESTAMENTARIO)\" - Expte. Nº 9110 Parece sencillo pero es muy frecuente que se dificulte establecer estas cuestiones, tanto respecto de los herederos, como de los bienes, los acreedores y sus créditos. Por diversos motivos, es usual que se generen discusiones en torno a estos puntos; y estas discusiones, normalmente, perjudican las relaciones de familia y provocan un deterioro económico y emocional en quienes están involucrados. Es por eso que los jueces y juezas aprovechan las pocas oportunidades que se presentan de componer intereses para evitarlas –ver considerando IV de la sentencia homologatoria del 28 de noviembre de 2023-. Esta es la única explicación válida que le encuentro a la presencia del acuerdo en este proceso y no la necesidad de intervención del MPD.",
      "3.- Que, en este caso, quienes suscribieron el acuerdo transaccional al que se le dio carácter de inventario y avalúo -Marcos y Martina Veronesi-, y se obligaron a adquirir bienes para la menor Antonia, concurren en una doble condición, son herederos forzosos y testamentarios. De aquí pueden extraerse varias conclusiones que refuerzan la decisión adoptada por los tribunales que intervinieron antes que éste.",
      "4.- Que, como señaló el MPD en primera instancia en forma de segunda observación, no se ha especificado de donde proviene la suma de USD 500.000 que esos herederos asumieron como deuda y se comprometieron a solventar en la forma de inmuebles a la menor Antonia Veronesi. De tal modo, parece inapropiado que se la incluya en el inventario y avalúo a los fines arancelarios. Menos aún de quienes actuaron, en mayor medida, en beneficio de esta última.",
      "Y respecto de la observación, la señora jueza de primera instancia la tuvo en cuenta y dejó aclarado que la posible existencia de bienes ajenos al acuerdo podría hacer renacer derechos de Antonia Veronesi.",
      "5.- Que hay otro aspecto del asunto que también tiene incidencia y afortunadamente se ve subsanado con la decisión de no imponer costas a raíz de tratarse de una cuestión arancelaria, y es que la pretensión de los letrados no se sustanció con quienes serían los obligados a pagar sus honorarios.",
      "6.- Que por estos motivos y los que brindó la Dra. Schumacher, adhiero a la decisión de rechazar el recurso y no imponer costas. ASÍ VOTO.",
      "Con lo que no siendo para más se da por finalizado el acto quedando acordada la siguiente sentencia:",
      "Paraná, 21 de octubre de 2024"
    ],
    "Y VISTO": [
      "Por los fundamentos del acuerdo que antecede y por mayoría se,"
    ],
    "RESUELVE": [
      "DECLARAR INADMISIBLE el recurso de inaplicabilidad de ley deducido en fecha 7/5/2024 respecto de la resolución de la Sala Civil y \"VERONESI MARTIN NELIO S/ SUCESORIO AB INTESTATO (Y TESTAMENTARIO)\" - Expte. Nº 9110 Comercial de la Cámara de Apelaciones de Gualeguaychú de fecha 17/4/2024.",
      "Tener presente la reserva del caso federal.",
      "Notifíquese conforme arts. 1º y 4º Ac. Gral. 15/18 SNE, regístrese y oportunamente devuélvase.",
      "Ante mí. En igual fecha se registró. Asimismo, se deja constancia que la presente se suscribe mediante firma digital -Acuerdo Gral. 11/20 del 23-6-2020, Punto 4°) prescindiéndose de su impresión en formato papel."
    ]
  }
}