{
  "METADATOS": {
    "ID_FALLO": "9121",
    "MES": "10",
    "ARTICULOS_CITADOS": {
      "citations": [
        {
          "main_source": "Código Procesal Civil y Comercial (CPCC)",
          "cited_articles": [
            14
          ],
          "extra": "inc. 7"
        },
        {
          "main_source": "Acordada 4/2007",
          "cited_articles": [
            1,
            4
          ],
          "extra": "Acordada 15/18 SNE"
        },
        {
          "main_source": "Acuerdo General 11/20",
          "cited_articles": [],
          "extra": "del 23-6-2020"
        }
      ]
    }
  },
  "MATERIA_PRELIMINAR": "ORDINARIO",
  "IDEA_CENTRAL": "**IDEA CENTRAL DEL FALLO**\n\nEn el caso \"ASOCIACION PROTECCION CONSUMIDORES DEL MERCADO COMUN DEL SUR-PROCONSUMER C/ TELECOM PERSONAL S.A. S/ ORDINARIO\", el tribunal resolvió aceptar la excusación del Sr. Vocal Leonardo Portela, quien se había abstenido de participar en la deliberación debido a que había emitido opinión en resoluciones previas del expediente, conforme al artículo 14, inciso 7 del Código Procesal Civil y Comercial (CPCC).\n\n**Decisión Judicial Principal y Fundamento**\n\nLa decisión principal fue la aceptación de la excusación del vocal, lo que garantiza la imparcialidad del tribunal en el proceso. El fundamento legal se encuentra en el artículo 14, inciso 7 del CPCC, que establece las causales de excusación para los jueces y vocales.\n\n**Aspectos Legales Relevantes**\n\n1. **Código Procesal Civil y Comercial (CPCC)**: Artículo 14, inciso 7, que regula las causales de excusación de los jueces.\n2. **Acordada 15/18 SNE**: Normativa que establece procedimientos de registro y notificación en el ámbito judicial.\n\n**Razonamiento del Tribunal**\n\nEl tribunal, al aceptar la excusación, busca preservar la integridad del proceso judicial, asegurando que las decisiones se tomen sin la influencia de opiniones previas emitidas por los vocales. La mayoría de los vocales presentes en la sala permitió continuar con la deliberación sin la participación del vocal excusado, garantizando así el cumplimiento de las normas procesales y la correcta administración de justicia.\n\n**Conclusión**\n\nLa resolución se enmarca en la necesidad de mantener la imparcialidad en los procesos judiciales, siguiendo las disposiciones legales pertinentes y asegurando que las decisiones se tomen de manera justa y equitativa.",
  "CONTENIDO": {
    "INICIO": [
      "\"ASOCIACION PROTECCION CONSUMIDORES DEL MERCADO COMUN DEL SUR-PROCONSUMER C/ TELECOM PERSONAL S.A. S/ ORDINARIO\" - Expte. N° 9121 PARANÁ, 23 de octubre de 2024."
    ],
    "VISTO Y CONSIDERANDO": [
      "La excusación del Sr. Vocal Leonardo Portela de fecha 23/9/2024 en las actuaciones\"ASOCIACION PROTECCION CONSUMIDORES DEL MERCADO COMUN DEL SUR-PROCONSUMER C/ TELECOM PERSONAL S.A. S/ ORDINARIO\" - Expte. N° 9121, y atento a que ha quedado configurada la causal dispuesta por el art. 14 inc. 7 del CPCC, puesto que emitió opinión en las resoluciones de fs. 29 y vta., 40, 60, 88, 90, 91/97, 99, 111, 124 vta., 173, 175, 181, 190, 191 y vta., 193, 195, 202, 204, 212, 218, 222, 224 corresponde aceptarla.",
      "Por último, la Sra. Vocal, Claudia Mizawak, manifiesta que por existir mayoría respecto de la cuestión planteada, no emite opinión en las presentes.",
      "En consecuencia, se"
    ],
    "RESUELVE": [
      "Aceptar la excusación del Sr. Vocal Leonardo Portela, quedando integrada esta Sala por la Sra. Vocal Gisela N. Schumacher, el Sr. Vocal Carlos Federico Tepsich y la Sra. Vocal Claudia Mizawak.",
      "Regístrese y notifíquese conforme arts. 1 y 4 Acordada 15/18 SNE.",
      "Ante mí. En igual fecha se registró. Conste. Asimismo, se deja constancia que la presente se suscribe mediante firma digital -Acuerdo Gral. 11/20 del 23-6-2020, Punto 4°) prescindiéndose de su impresión en formato papel."
    ]
  }
}