{
  "METADATOS": {
    "ID_FALLO": "9123",
    "MES": "10",
    "ARTICULOS_CITADOS": {
      "citations": [
        {
          "main_source": "Código Procesal Civil y Comercial (CPCC)",
          "cited_articles": [
            14
          ],
          "extra": "inc. 7"
        },
        {
          "main_source": "Código Procesal Civil y Comercial (CPCC)",
          "cited_articles": [
            14
          ],
          "extra": "inciso 7"
        },
        {
          "main_source": "Otro",
          "cited_articles": [
            33
          ],
          "extra": "LOPJ"
        },
        {
          "main_source": "Acuerdo General 15/18 SNE",
          "cited_articles": [
            1,
            4
          ],
          "extra": "conforme"
        },
        {
          "main_source": "Acuerdo General 11/20",
          "cited_articles": [],
          "extra": "del 23-6-2020"
        }
      ]
    }
  },
  "MATERIA_PRELIMINAR": "LEGAJO (PARA SENTENCIAR DAÑOS)",
  "IDEA_CENTRAL": "**IDEA CENTRAL DEL FALLO**\n\nEl fallo judicial resuelve la excusación del Sr. Vocal Leonardo Portela en el caso \"LEIVA SONIA GRACIELA C GARELLI HUGO LUIS Y OTROS S/ ORDINARIO S/ LEGAJO (PARA SENTENCIAR DAÑOS)\", rechazando dicha excusación y manteniendo su intervención en el proceso.\n\n**Decisión Judicial Principal y Fundamento**\n\nEl tribunal decide rechazar la excusación presentada por el Sr. Vocal Leonardo Portela, argumentando que no se configura el prejuzgamiento según el artículo 14 inciso 7 del Código Procesal Civil y Comercial (CPCC). La decisión se basa en la consideración de que el Vocal no emitió una opinión precisa y fundada sobre los puntos que deben ser decididos, lo que permite su participación en el caso.\n\n**Aspectos Legales Relevantes**\n\n1. **Código Procesal Civil y Comercial (CPCC)**: Artículo 14, inciso 7, que regula las causales de excusación de los jueces.\n2. **Ley Orgánica del Poder Judicial (LOPJ)**: Artículo 33, que establece la integración de las salas del tribunal.\n\n**Razonamiento del Tribunal**\n\nEl tribunal argumenta que las causales de excusación deben ser valoradas con rigor para asegurar que los juicios se tramiten ante los jueces naturales y evitar perturbaciones en el funcionamiento judicial. En este caso, se concluye que no hay motivos suficientes para considerar que el Vocal Portela haya prejuzgado, lo que justifica su permanencia en el caso.\n\n**Conclusión**\n\nEl tribunal mantiene la composición original de la sala, rechazando la excusación y asegurando la continuidad del proceso judicial, lo que refuerza la estabilidad y la confianza en el sistema judicial.",
  "CONTENIDO": {
    "INICIO": [
      "\"LEIVA SONIA GRACIELA C GARELLI HUGO LUIS Y OTROS S ORDINARIO S/ LEGAJO (PARA SENTENCIAR DAÑOS)\" - Expte. Nº 9123 PARANA, 2 de octubre de 2024."
    ],
    "VISTO Y CONSIDERANDO": [
      "La excusación del Sr. Vocal Leonardo Portela de fecha 29/8/2024 en las actuaciones: \"LEIVA SONIA GRACIELA C GARELLI HUGO LUIS Y OTROS S ORDINARIO S/ LEGAJO (PARA SENTENCIAR DAÑOS)\" - Expte. Nº 9123, conforme los términos del art. 14 inc. 7 del CPCC, en razón de haber emitido opinión en la resolución de fecha 10/4/2023.",
      "En tal sentido, aun cuando resulta ponderable la actitud de los integrantes de la magistratura que plantean su apartamiento frente a circunstancias aptas para arrojar un manto de sospecha sobre su imparcialidad, corresponde afirmar que si bien el Dr. Leonardo Portela intervino como Vocal de este Superior Tribunal de Justicia en la resolución señalada, lo cierto es en este caso no se configura el prejuzgamiento dispuesto en los términos del artículo 14 inciso 7 del CPCC, ya que las presentes actuaciones arriban a este tribunal al solo efecto de resolver el recurso de inaplicabilidad de ley arancelario interpuesto contra la resolución dictada por la Sala Civil y Comercial de la Cámara de Apelaciones de Concepción del Uruguay en fecha 24/5/2024.",
      "En efecto, debe entenderse por prejuzgamiento la emisión de opinión precisa y fundada sobre los puntos concretos que deban ser sometidos a la decisión Superior Tribunal de Justicia de Entre Ríos Sala Civil y Comercial del juzgador, cuestión que en razón de lo afirmado no se advierte configurada en la excusación invocada.",
      "Resulta sabido que las causales de excusación, en tanto importan un normal desplazamiento de la competencia, deben ser valoradas con estrictez, a fin de que en lo posible los juicios tramiten ante los jueces naturales y no se vea perturbado el funcionamiento de la organización judicial1.",
      "Por ello, corresponde rechazar la excusación formulada por el Sr.",
      "Vocal Leonardo Portela, dejar sin efecto la integración dispuesta en fecha 3/9/2024 y, en consecuencia, disponer el cese de la intervención del Sr. Vocal subrogante, Daniel O. Carubia.",
      "En consecuencia, se"
    ],
    "RESUELVE": [
      "RECHAZAR la excusación formulada por el Sr. Vocal Leonardo Portela, dejar sin efecto la integración dispuesta en fecha 3/9/2024 y, en consecuencia, disponer el cese de la intervención del Sr. Vocal subrogante, Daniel O. Carubia; QUEDANDO INTEGRADA esta Sala con la Sra. Vocal Gisela N.",
      "Schumacher, el Sr. Vocal Miguel A. Giorgio y el Sr. Vocal Leonardo Portela (art.",
      "33 LOPJ).",
      "1\"Código Procesal Civil y Comercial de la Nación comentado, anotado y concordado con los có- digos provinciales\", Roland Arazi y Jorge A. Rojas, cita 71, págs. 101/102; 2da. Edición, Santa Fe, Rubinzal Culzoni, 2007.",
      "\"LEIVA SONIA GRACIELA C GARELLI HUGO LUIS Y OTROS S ORDINARIO S/ LEGAJO (PARA SENTENCIAR DAÑOS)\" - Expte. Nº 9123 Regístrese, notifíquese conforme arts. 1 y 4 Acordada 15/18 SNE, y vuelvan a despacho para resolver.",
      "Ante mí. En igual fecha se registró. Asimismo, se deja constancia que la presente se suscribe mediante firma digital -Acuerdo Gral. 11/20 del 23-6-2020, Punto 4°) prescindiéndose de su impresión en formato papel."
    ]
  }
}