{
  "METADATOS": {
    "ID_FALLO": "9125",
    "MES": "10",
    "ARTICULOS_CITADOS": {
      "citations": [
        {
          "main_source": "Ley 24.449",
          "cited_articles": [
            52
          ],
          "extra": null
        },
        {
          "main_source": "Código Procesal Civil y Comercial (CPCC)",
          "cited_articles": [
            280,
            65
          ],
          "extra": null
        },
        {
          "main_source": "Ley 27.423",
          "cited_articles": [
            47
          ],
          "extra": "inc. b) (agregado por el art. 119 de la Ley N° 27.701 B.O. 1/12/2022)"
        },
        {
          "main_source": "Ley 26.061",
          "cited_articles": [
            52
          ],
          "extra": "bis del mismo cuerpo legal consumeril (incorporado por el art. 25 de la Ley N° 26.361 B.O. 7/4/2008)"
        },
        {
          "main_source": "Código Civil y Comercial (CCC)",
          "cited_articles": [
            3,
            1740
          ],
          "extra": null
        },
        {
          "main_source": "Ley 26.061",
          "cited_articles": [
            21
          ],
          "extra": "de la Ley N° 26.361 - B.O. 7/4/2008 - que modificó el inc. b) del art. 47 de la Ley N° 24.240"
        },
        {
          "main_source": "Código Procesal Civil y Comercial (CPCC)",
          "cited_articles": [
            342
          ],
          "extra": "inc. 1"
        },
        {
          "main_source": "Ley 7046",
          "cited_articles": [
            1,
            2,
            3,
            30,
            64,
            94
          ],
          "extra": "arts. 1, 2, 3, 30, 64, 94 y concs., Dec.-Ley 7046"
        },
        {
          "main_source": "Ley 10.704",
          "cited_articles": [
            33
          ],
          "extra": "de la LOPJ, texto según ley 10.704"
        },
        {
          "main_source": "Ley 11.151",
          "cited_articles": [
            3,
            64,
            94
          ],
          "extra": "de la ley 7046 modif. por ley 11.141"
        },
        {
          "main_source": "Acuerdo General 15/18 SNE",
          "cited_articles": [
            1,
            4
          ],
          "extra": "conforme arts. 1º y 4º"
        },
        {
          "main_source": "Acuerdo General 11/20",
          "cited_articles": [
            4
          ],
          "extra": "del 23-6-2020, Punto 4°"
        }
      ]
    }
  },
  "MATERIA_PRELIMINAR": "ORDINARIO",
  "IDEA_CENTRAL": "**IDEA CENTRAL DEL FALLO**\n\nEn el caso \"DELIA, Marcelo Javier C/ TELECOM ARGENTINA S.A. S/ ORDINARIO\", el Tribunal declaró inadmisible el recurso de inaplicabilidad de ley interpuesto por Telecom Argentina S.A. contra la resolución de la Cámara de Apelaciones que había incrementado las indemnizaciones por daño extrapatrimonial y daño punitivo. La decisión se fundamenta en la falta de cumplimiento de los requisitos formales exigidos para la admisión del recurso, así como en la correcta interpretación y aplicación de la normativa consumeril.\n\n**Aspectos Legales Relevantes:**\n1. **Ley de Defensa del Consumidor (LDC)**: Se citan los artículos 47 y 52, que regulan las sanciones y daños punitivos.\n2. **Código Civil y Comercial de la Nación (CCCN)**: Se menciona el artículo 1740 sobre la indemnización plena.\n3. **Código Procesal Civil y Comercial (CPCC)**: Se hace referencia al artículo 280, que establece los requisitos para el recurso de inaplicabilidad de ley.\n\n**Razonamiento del Tribunal:**\nEl Tribunal argumentó que la parte recurrente no cumplió con la carga procesal de fundamentar adecuadamente su recurso, ya que no abordó de manera concreta los fundamentos de la decisión apelada. Además, se destacó que la falta de contestación de la demanda por parte de Telecom Argentina S.A. no puede ser utilizada como argumento para cuestionar la sentencia, dado que es una carga que le corresponde a la demandada.\n\nEl Tribunal reafirmó que la elevación de la indemnización se justificó en la gravedad de la conducta de la empresa, que había incumplido de manera reiterada sus obligaciones contractuales y legales, afectando a un amplio sector de consumidores.\n\nEn conclusión, el fallo reafirma la importancia de la defensa del consumidor y la responsabilidad de las empresas en el cumplimiento de sus obligaciones, así como la necesidad de que los recursos judiciales sean debidamente fundamentados.",
  "CONTENIDO": {
    "INICIO": [
      "\"DELIA, Marcelo Javier C/ TELECOM ARGENTINA S.A. S/ ORDINARIO\" - Expte. Nº 9125"
    ],
    "ACUERDO": [
      "En la ciudad de Paraná, capital de la provincia de Entre Ríos, a los veintiún días del mes de octubre del año dos mil veinticuatro reunidos los integrantes de este Tribunal asistidos por el Secretario autorizante, para conocer el recurso de inaplicabilidad de ley deducido en fecha 2/7/2024 en las actuaciones:",
      "\"DELIA, Marcelo Javier C/ TELECOM ARGENTINA S.A. S/ ORDINARIO\" - Expte. Nº 9125, respecto de la resolución de la Sala Segunda Civil y Comercial de la Cámara de Apelaciones de Concordia dictada en fecha 12/6/2024. Se practicó el sorteo de ley resultando que la votación debía tener lugar en el siguiente orden: Sr. Vocal Carlos Federico Tepsich, Sra. Vocal Gisela N.",
      "Schumacher y Sr. Vocal Leonardo Portela.",
      "Estudiados los autos, la Sala se planteó la siguiente cuestión: ¿qué corresponde resolver respecto del recurso de inaplicabilidad de ley interpuesto?",
      "A LA CUESTIÓN PROPUESTA EL SR. VOCAL CARLOS FEDERICO TEPSICH Y LA SRA. VOCAL GISELA N. SCHUMACHER"
    ],
    "DIJERON": [
      "1.- Contra la sentencia de fecha 12 de junio de 2024 de la Cámara de Apelaciones, Sala Segunda de la Ciudad de Concordia que admite el recurso de apelación y revoca parcialmente la sentencia dictada e incrementa las respectivas indemnizaciones en las sumas de $ 200.000 por daño extrapatrimonial y a $ 7.200.000 al daño punitivo, interpone la demandada recurso de inaplicabilidad de ley cuya concesión motiva la presente.",
      "2.- Cuestiona la confirmación de la sentencia de grado en relación a la determinación y aplicación de la sanción punitiva prescripta por el art. 52 de la LDC y la consecuente elevación de su monto, lo que considera arbitrario; además considera que esta disposición legal es erróneamente interpretada al ser aplicada soslayando su finalidad en pos de establecer un beneficio económico indebido y desproporcionado en favor del consumidor.",
      "Sostiene que es arbitrario la asignación de una entidad prevalente al hecho de que la recurrente no haya contestado la demanda, puesto que el hacerlo es una facultad de la parte y no una carga.",
      "Finalmente califica de absurda la sentencia en crisis dado que interpreta de manera incorrecta y preocupante la normativa consumeril, confundiendo conceptos e imponiendo una multa que conlleva no la pretendida disuasión sino un enriquecimiento sin causa.",
      "3.- En trance de ingresar al tratamiento del recurso bajo juzgamiento entendemos que corresponde analizar si la carga procesal de fundar ha sido debidamente cumplida por la parte recurrente.",
      "A tal fin, conviene recordar que el recurso de inaplicabilidad de ley, es una vía extraordinaria que posee una serie de exigencias técnico formales \"DELIA, Marcelo Javier C/ TELECOM ARGENTINA S.A. S/ ORDINARIO\" - Expte. Nº 9125 propias, que deben cumplirse con toda idoneidad por el impugnante a fin de habilitar la vía de casación. Entre ellas, que las críticas que se formulen en él, se refieran directa y concretamente a la motivación esencial que el pronunciamiento contiene, pues si en esa réplica se sustraen todos o una parte de los argumentos que estructuran la sentencia, no se encuentran debidamente satisfechos los recaudos de aquél y también que en el escrito en que se deduzca el recurso se señale en términos claros y precisos, cuál es la ley o doctrina violada o erróneamente aplicada y en qué consiste la violación o el error (art. 280, CPCC), siendo tales exigencias extensivas aún cuando se hubiese invocado absurdo o arbitrariedad en el acto sentencial, ya que como se ha señalado reiteradamente la denuncia de absurdidad en el fallo, no libera al recurrente de cumplimentar los recaudos exigidos por la norma procesal supra citada.",
      "4.- El tribunal ad quem al elevar el monto del daño punitivo expresó claramente los fundamentos en que se basaba, sin embargo la lectura del memorial recursivo revela que el desarrollo argumentativo de la impugnación no hace una crítica concreta de los mismos; los desatiende totalmente.",
      "En el fallo el señor vocal ponente expuso para decidir como lo hizo que: “Cuando la ley establece mínimos y máximos para la multa civil, como lo efectúa el citado art. 47 inc. b) (agregado por el art. 119 de la Ley N° 27.701 B.O. 1/12/2022) en armonía con el art. 52 bis del mismo cuerpo legal consumeril (incorporado por el art. 25 de la Ley N° 26.361 B.O. 7/4/2008) según el cuál aquella \"se graduará en función de la gravedad del hecho y demás circunstancias del caso\", puede aceptarse que la cuantificación de referencia sea la mínima o apenas sobrepase esta si el sujeto pasible de la misma es un infractor primario y de elocuente escasa capacidad económica, pero no me parece razonable (art. 3 del CCCN) decidir de esa forma cuando estamos en presencia de una empresa multinacional de relevante patrimonio que brinda el servicio telefónico bajo una modalidad cuasi monopólica y que, además, violentó de manera reincidente e inexcusable el contrato que la ligaba al usuario y la normativa indisponible que tutela al débil del nexo, conducta que no fue aislada sino con alcances importantes hacia el sector de la sociedad local que utiliza los servicios de la proveedora incumpliente (confrontar amparos promovidos por diversos usuarios contra la aquí demandada en razón del defectuoso servicio prestado), lo que merece un alto grado de reprochabilidad y castigo económico. Desde tal perspectiva más los antecedentes de la Sala en su actual integración en la especie y la pública y notoria depreciación monetaria que perjudica a nuestro signo monetario (adviértase que el art. 21 de la Ley N° 26.361 - B.O. 7/4/2008 - que modificó el inc. b) del art. 47 de la Ley N° 24.240 estableció una multa cuya cuantía se justipreció hace más de 16 años), opino que la indemnización plena (art. 1740 del CCCN), justa y disuasiva se consigue en el presente fijando como daño punitivo en \"DELIA, Marcelo Javier C/ TELECOM ARGENTINA S.A. S/ ORDINARIO\" - Expte. Nº 9125 favor del actor la suma de $7.200.000…”. Mientras que, tal como queda expuesto de la reseña efectuada en el considerando II de este voto, la arbitrariedad que se denuncia discurre por otros carriles, insistimos, sin abordar las razones sustanciales del fallo que se ataca.",
      "5.- Por último, la endilgada falta de apoyo en los hechos comprobados de la causa no es fundada.",
      "Cabe recordar que es doctrina recibida de la Corte Suprema de la Nación que quedan radiados del ámbito de los recursos aquellos perjuicios ocasionados por el propio comportamiento del quejoso, en tanto es inatendible el agravio en que se alega la propia torpeza (Fallos, 307:1602). Así, la garantía de la defensa en juicio no tutela la negligencia o la conducta omisiva del justiciable que ha tenido oportunidad de ejercer sus derechos de manera adecuada y suficiente y no lo ha hecho, puesto que con ella no se puede pretender exonerar de las consecuencias de una omisión que le es imputable (CSJN, Fallos, 287:145;",
      "288:416; 290:351).",
      "La contestación de la demanda es una carga para la parte demandada que, conforme bien lo recordó la Cámara, de no ser cumplida inevitablemente repercutirá en la posición de la parte, en particular respecto al escenario fáctico que puede quedar como no controvertido y sobre el que el juez ha de hacer actuar la ley en la sentencia (art. 342, inc. 1, CPCC). De allí, que resulten manifiestamente inaudibles en esta instancia los reparos de arbitrariedad formulados sobre hechos que no han sido negados oportunamente.",
      "6.- En definitiva, proponemos al acuerdo declarar inadmisible el recurso de inaplicabilidad de ley interpuesto por Telecom Argentina S.A., con costas.",
      "En cuanto a los honorarios profesionales, teniendo en cuenta el trabajo realizado, extensión y contenido del mismo, consideramos razonable establecerlos en un 50% de los correspondientes a la primera instancia (arts. 1, 2, 3, 30, 64, 94 y concs., Dec.-Ley 7046). ASÍ VOTAMOS.",
      "Por último, habiendo mayoría de opiniones, EL SR. VOCAL EN EJERCICIO DE LA PRESIDENCIA DEL STJ, LEONARDO PORTELA, se abstiene de votar y firmar la presente resolución con arreglo a lo dispuesto por el art. 33 de la LOPJ, texto según ley 10.704.",
      "Con lo que no siendo para más se da por finalizado el acto quedando acordada la siguiente sentencia:",
      "Paraná, 21 de octubre de 2024."
    ],
    "Y VISTO": [
      "Por los fundamentos del acuerdo que antecede se,"
    ],
    "RESUELVE": [
      "DECLARAR INADMISIBLE el recurso de inaplicabilidad de \"DELIA, Marcelo Javier C/ TELECOM ARGENTINA S.A. S/ ORDINARIO\" - Expte. Nº 9125 ley deducido en fecha 2/7/2024 respecto de la resolución de la Sala Segunda Civil y Comercial de la Cámara de Apelaciones de Concordia de fecha 12/6/2024.",
      "IMPONER costas a la vencida (art. 65 del CPCC).",
      "FIJAR los honorarios profesionales correspondientes a esta instancia extraordinaria, en el 50 % de los honorarios que se establezcan por la labor en primera instancia, encomendando su cálculo a la judicatura de origen (arts.",
      "3, 64 y 94 de la ley 7046 modif. por ley 11.141).",
      "Notifíquese conforme arts. 1º y 4º Ac. Gral. 15/18 SNE, regístrese y oportunamente devuélvase.",
      "Ante mí. En igual fecha se registró. Asimismo, se deja constancia que la presente se suscribe mediante firma digital -Acuerdo Gral. 11/20 del 23-6-2020, Punto 4°) prescindiéndose de su impresión en formato papel."
    ]
  }
}