{
  "METADATOS": {
    "ID_FALLO": "9126",
    "MES": "10",
    "ARTICULOS_CITADOS": {
      "citations": [
        {
          "main_source": "Ley 7046",
          "cited_articles": [
            5,
            2,
            112,
            113,
            134
          ],
          "extra": "arts. 3, 5, 12, 30, 50, 98, sig. y concordantes"
        },
        {
          "main_source": "Código Civil y Comercial (CCC)",
          "cited_articles": [
            1255
          ],
          "extra": null
        },
        {
          "main_source": "Constitución Nacional (CN)",
          "cited_articles": [
            31
          ],
          "extra": null
        },
        {
          "main_source": "Ley 23.737",
          "cited_articles": [],
          "extra": "Ley N° 23.928 de Convertibilidad"
        },
        {
          "main_source": "Ley 25.529",
          "cited_articles": [],
          "extra": "Ley 25.561 de Reforma del Régimen Cambiario"
        },
        {
          "main_source": "Código Procesal Civil y Comercial (CPCC)",
          "cited_articles": [
            280
          ],
          "extra": null
        },
        {
          "main_source": "Acuerdo General 11/20",
          "cited_articles": [],
          "extra": "Acuerdo Gral. 11/20 del 23-6-2020"
        },
        {
          "main_source": "Acuerdo General 15/18 SNE",
          "cited_articles": [
            1,
            4
          ],
          "extra": null
        },
        {
          "main_source": "Otro",
          "cited_articles": [],
          "extra": "RODRÍGUEZ MATIAS LAUTARO y su acumulado \"BOTTO Brian Joel C/ ACOSTA CARLOS ALBERTO y OTRA S/ ORDINARIO DAÑOS Y PERJUICIOS (ACCIDENTE DE TRANSITO” - Expte. N.º 8182, sentencia del 28/8/2020, Expte. Nº 9126"
        }
      ]
    }
  },
  "MATERIA_PRELIMINAR": "VIOLENCIA FAMILIAR (APELACION JUZGADO DE PAZ VIOLENCIA)",
  "IDEA_CENTRAL": "### IDEA CENTRAL DEL FALLO\n\n**Decisión Judicial Principal:**\nEl Tribunal declaró procedente el recurso de inaplicabilidad de ley interpuesto por el abogado de la parte condenada, casando la resolución del Juzgado de Familia y Penal de Niños, Niñas y Adolescentes de Colón, y modificando la regulación de honorarios al valor del jurista vigente al momento de la regulación en primera instancia.\n\n**Fundamento Legal:**\nLa decisión se basa en la interpretación y aplicación de la Ley 7046 y su modificatoria, en particular el artículo 134, que establece los parámetros para la regulación de honorarios. El Tribunal argumentó que la regulación de honorarios debe ajustarse a las circunstancias concretas del caso y a la normativa vigente al momento de la regulación.\n\n**Aspectos Legales Relevantes:**\n1. **Ley 7046**: Regula los honorarios de los profesionales del derecho.\n2. **Artículos 134 y 5**: Establecen las pautas para la regulación de honorarios y la necesidad de fundamentar adecuadamente las decisiones.\n3. **Constitución Nacional (art. 31)**: Se menciona en el contexto de la prevalencia normativa y la prohibición de la indexación de deudas.\n\n**Razonamiento del Tribunal:**\nEl Tribunal consideró que la regulación de honorarios efectuada por el Juzgado de Familia no cumplía con los requisitos de fundamentación exigidos por la ley, ya que no se justificó adecuadamente el aumento del 480% en los honorarios. Se enfatizó que la aplicación automática de honorarios mínimos sin considerar las circunstancias del caso podría resultar en una desproporción irrazonable, lo que justifica la revisión del importe.\n\nEn conclusión, el Tribunal reafirmó la necesidad de que las regulaciones de honorarios se realicen conforme a los valores vigentes al momento de la regulación, garantizando así la razonabilidad y equidad en la determinación de los mismos.",
  "CONTENIDO": {
    "INICIO": [
      "\"BONATO VERONICA PAMELA ELIZABETH EN REPRESENTACIÓN DE BONATO MARIA PATRICIA C/ DIMOTTA SERGIO ALAN ARMANDO Y OTRO S/ VIOLENCIA FAMILIAR (APELACION JUZGADO DE PAZ VIOLENCIA)\" - Expte. Nº 9126"
    ],
    "ACUERDO": [
      "En la ciudad de Paraná, capital de la provincia de Entre Ríos, a los ocho días del mes de octubre del año dos mil veinticuatro reunidos los integrantes de este Tribunal asistidos por el Secretario autorizante, para conocer el recurso de inaplicabilidad de ley deducido en fecha 21/7/2024 en las actuaciones: \"BONATO VERONICA PAMELA ELIZABETH EN REPRESENTACIÓN DE BONATO MARIA PATRICIA C/ DIMOTTA SERGIO ALAN ARMANDO Y OTRO S/ VIOLENCIA FAMILIAR (APELACION JUZGADO DE PAZ VIOLENCIA)\" - Expte. Nº 9126, respecto de la resolución del Juzgado de Familia y Penal de Niños, Niñas y Adolescentes de Colón dictada en fecha 1/7/2024. Se practicó el sorteo de ley resultando que la votación debía tener lugar en el siguiente orden: Sra. Vocal Gisela N. Schumacher; Sr. Vocal Carlos Federico Tepsich y Sr. Vocal Leonardo Portela.",
      "Estudiados los autos, la Sala se planteó la siguiente cuestión: ¿qué corresponde resolver respecto del recurso de inaplicabilidad de ley interpuesto?",
      "A LA CUESTIÓN PROPUESTA LA SRA. VOCAL GISELA N."
    ],
    "SCHUMACHER DIJO": [
      "1.- La sentencia que viene recurrida Contra la sentencia del Juzgado de Familia y Penal de NNA que hizo lugar al recurso de apelación interpuesto por la Dra. Yanina Gabriela Michel, revocó la regulación de honorarios practicada al punto 1) por el Juez de Paz de San José en fecha 7 de junio de 2024 y procedió a fijarlos en la suma de pesos quinientos cincuenta y seis mil ($ 556.000) equivalente a 12,46 juristas, interpuso recurso de inaplicabilidad de ley el abogado de la parte condenada en costas.",
      "Para así decidir, el juez luego de detallar los agravios de la recurrente, sostuvo que el auto regulatorio no cumple con lo normado por el art. 5 de la Ley 7046, modificado por la ley N° 11.141, por cuanto no se encontraba fundado.",
      "Señaló que la sola cita de las normas legales aplicables no resulta suficiente, por cuanto corresponde siempre hacer referencia a las circunstancias concretas de la causa que se han tenido en cuenta para regular.",
      "Refirió con cita de jurisprudencia de la CSJN que cuando la aplicación automática de los honorarios mínimos que establece la ley arancelaria conduzca a una consagración de una irrazonable e injustificada desproporción entre el honorario a fijar y la tarea desplegada en sí, correspondía revisar dicho importe en aras de conciliar las disposiciones arancelarias con la garantía constitucional de la razonabilidad.",
      "Determinado ello el juez concluyó que los honorarios regulados a la Dra. Yanina Gabriela Michel por la actuación en primera instancia resultaban bajos y \"BONATO VERONICA PAMELA ELIZABETH EN REPRESENTACIÓN DE BONATO MARIA PATRICIA C/ DIMOTTA SERGIO ALAN ARMANDO Y OTRO S/ VIOLENCIA FAMILIAR (APELACION JUZGADO DE PAZ VIOLENCIA)\" - Expte. Nº 9126 en consecuencia los determinó en la suma de pesos quinientos cincuenta y seis mil ($ 556.000) equivalente a 12,46 juristas a $ 44.607,61 v.j. de acuerdo con los arts. 3, 5, 12, 30, 50, 98, sig. y concordantes de la Ley 7046 y su modificatoria.",
      "2.- El recurso interpuesto Contra dicho pronunciamiento interpuso el letrado Eduardo Abel Jourdan recurso de inaplicabilidad de ley -presentación electrónica 21/07/24-, en los términos de la Ley 7046 denunciando violación de la ley -art. 1255 CCC, art. 31 C.N., Ley N° 23.928 de Convertibilidad, Ley 25.561 de Reforma del Régimen Cambiario y art. 2 Ley 7046.",
      "En primer término, relató los antecedentes de la causa y señaló que el proceso que motiva esta regulación tramitó ante el Juzgado de Paz siendo un proceso de violencia familiar, no contradictorio, donde se fijó una cuota alimentaria provisoria, sin monto determinado, regulándose a la Dra. Michel por su actuación la suma de 10 juristas, lo que equivalía a la suma de pesos noventa y ocho mil ($98.000).",
      "Agregó que la regulación fue apelada por la letrada por considerarlos bajos. Arribado el expediente al Juzgado de Primera Instancia de Familia de Colon, se hizo lugar la recurso y se estableció una nueva regulación de 12,46 juristas, es decir se la elevó en un poco más de 2 juristas, pero el juez aplicó la novel ley 11.141 por lo que la regulación pasó de $ 98.000 a $ 556.000, es decir se aumentó en un 480 %, lo que consideró se efectuó sin aplicar la Constitución Nacional, ni la legislación vigente.",
      "Señaló luego el cumplimiento de los requisitos de admisibilidad de la acción, en particular la procedencia de la vía, conforme lo establecido por el STJ en el precedente \"Administradora Tributaria Entre Ríos c/Bel Efrain Fernando Moisés s/Monitorio Apremio s/Apelación Juzgado de Paz\" Expte. 8637, sent. del 1/09/2022.",
      "Fundamentó su recurso diciendo que el error del juez radicó en la aplicación del art. 134 de la Ley 7046 y en efectuar el cálculo de los honorarios conforme el valor del jurista al momento de la regulación, no habiéndose dado razones suficientes que justifiquen la indexación, en un 480%, que ello producía.",
      "Sostuvo que la aplicación del art. 134 de la ley 7046 viola las pautas de equidad del CCC y de esa manera se violenta el art. 31 de la CN de prevalencia normativa, como así también la jurisprudencia de la Corte Suprema de Justicia de la Nación, la que cita.",
      "Consideró también que con la regulación efectuada se han violado las normas nacionales que prohíben expresamente la indexación, estabilización o repotenciación de deuda.",
      "Peticionó que se case la sentencia y en consecuencia se revoque el \"BONATO VERONICA PAMELA ELIZABETH EN REPRESENTACIÓN DE BONATO MARIA PATRICIA C/ DIMOTTA SERGIO ALAN ARMANDO Y OTRO S/ VIOLENCIA FAMILIAR (APELACION JUZGADO DE PAZ VIOLENCIA)\" - Expte. Nº 9126 decisorio impugnado.",
      "El juzgado concedió el recurso de inaplicabilidad de ley interpuesto, con efecto suspensivo atento encontrar reunidos los requisitos formales exigidos para la admisibilidad de la vía (04/08/24).",
      "3.- Análisis de la pertinencia de la vía recursiva intentada Reseñados los antecedentes del presente juicio, cabe introducirse en el análisis del recurso de inaplicabilidad de ley interpuesto, el que se encuentra encuadrado en el marco normativo previsto por el artículo 112 y 113 de la Ley 7046, debiendo en primer lugar efectuar el control de admisibilidad, en particular si el recurso interpuesto resulta procedente frente a pronunciamientos de juzgados de primera instancia que resuelven recursos de apelación contra resoluciones del Juzgado de Paz.",
      "Sobre dicha temática he tenido oportunidad de referirme en nteriores precedentes 1, los cuales conforme su identidad fáctica y jurídica resultan plenamente aplicables en autos. En los mismos expresé que: \" ... en el trámite ante los juzgados 1\"Administradora Tributaria Entre Ríos c/Echaniz Jorge Alberto Monitorio Apremio s/Apelación Juzgado de Paz \" Expte N°8639, sent. del 09/08/2022, \"Administradora Tributaria Entre Ríos c/ Bel Efrain Fernando Moisés s/Monitorio Apremio s/Apelación Juzgado de Paz \" Expte N°8637, sent.",
      "del 01/09/2022, de paz, el camino recursivo ideado por el legislador provincial respecto de la cuestión estrictamente vinculada a los honorarios profesionales habilita la interposición del recurso de inaplicabilidad de ley arancelario contra las sentencias dictadas por la magistratura de los juzgados de primera instancia, puesto que en rigor estos constituyen la alzada ante quien procede la revisión de las decisiones emanadas de la justicia de paz\". Agregué que: \" ... esta es la solución que más se ajusta a una interpretación sistemática de la ley, en la que se debe sopesar el carácter de ley especial que ostenta la Ley Nº 7046.\" En consecuencia, concluí que ello: \" destierra cualquier interpretación en contrario que pretenda ser validada a través de los términos contenidos en el primer párrafo del artículo 280 del C.P.C.C.",
      "Es que la alusión \"ante la cámara o sala que la pronunció\" (a la sentencia) que contiene esta norma carece de una fuerza autónoma que haga ceder la regla de la primacía de la ley especial; máxime cuando por expresa manda legal los artículos 280 y 281 de la legislación procesal deben ser aplicados en lo pertinente (art. 113, LA)\".",
      "4.- Tratamiento de los agravios y fundamentos de la decisión Fijada, nuevamente mi posición al respecto, ingreso ahora al tratamiento de la impugnación deducida por el letrado recurrente.",
      "De manera previa corresponde aclarar que, si bien el recurrente formula diversas y variadas críticas al fallo en revisión, sólo abordaré aquellas que ofrecen trascendencia para la solución del conflicto conforme el criterio mantenido \"BONATO VERONICA PAMELA ELIZABETH EN REPRESENTACIÓN DE BONATO MARIA PATRICIA C/ DIMOTTA SERGIO ALAN ARMANDO Y OTRO S/ VIOLENCIA FAMILIAR (APELACION JUZGADO DE PAZ VIOLENCIA)\" - Expte. Nº 9126 por el Máximo Tribunal Nacional, que señala que la magistratura no está obligada a analizar todas y cada una de las argumentaciones de las partes, sino las que sean conducentes y posean relevancia para decidir el caso (Fallos: 258:304; 262:222;",
      "265:301; 272:225, entre otros).",
      "En tal cometido el agravio principal se circunscribe a la aplicación en autos del art. 134 de la Ley 7046, pretendiendo el recurrente, sin petición expresa de declaración de inconstitucionalidad de la norma, que la misma no se aplique y en consecuencia que la regulación de honorarios se efectúe sin tomar en consideración las modificaciones a la ley arancelaria.",
      "Liminarmente cabe mencionar que no resulta procedente la declaración de inaplicabilidad de una norma -en el caso el art. 134 de la Ley 7046- sin previa petición expresa de parte de declaración de inconstitucionalidad, pues considero que ello no se encuentra habilitado en nuestro ordenamiento jurídico, es más ha sido catalogado dentro de uno de los supuestos de sentencias arbitrarias por parte de la Corte Suprema de Justicia en numerosos precedentes. 2 Nuestro sistema de control de constitucionalidad difuso es el único 2Fallos 300:558; 313:1007; 320:305; 325:1525; 329:1040 medio habilitado para declarar la inaplicabilidad de la norma impugnada en el caso concreto como consecuencia de dicha declaración. De esta manera autores como Bianchi han expresado que en nuestro sistema jurídico argentino \"la declaración de inconstitucionalidad es en realidad una declaración de inaplicabilidad\". 3 Sin perjuicio de ello no desconozco que existen corrientes doctrinarias4 y jurisprudenciales que admiten la inaplicabilidad de las normas sin previa declaración de inconstitucionalidad, en base a la teoría trialista del derecho elaborada por el Dr. Werner Goldschmidt, y en los casos que una norma interna se encuentre en crisis con la Constitución Nacional y los Tratados de Derechos Humanos vigentes, y en la idea de brindar una protección a un derecho fundamental consagrado constitucional o convencionalmente y donde la norma interna cuestionada no sea el principio o fin del derecho sino su medio para dicho fin.",
      "Claramente no es la situación que se configura en autos y que merezca ser analizada y aplicada en este caso.",
      "Sin perjuicio de esto tengo resuelto en numerosos precedentes de esta Sala 5como del Pleno 6 que toda regulación de honorarios que se efectúe con posterioridad a la modificación de la ley de aranceles debe efectuarse conforme los 3Bianchi Alberto B, \"Control de Constitucionalidad\" 2da. Edición, Buenos Aires, 2022, Tomo I pag.",
      "4 Pauloni Virginia Soledad, \"Pluriparentalidad: Inconstitucionalidad vs inaplicabilidad. La mirada sistémica y trialista como método de reconocimiento\" cita digital:",
      "https://capacitacion-repo.mpba.gov.ar/xidefensa2022/PLURIPARENTALIDAD_virginia_pauloni 5\" GUZMAN\" Expte. 8926, \"MUNICIPALIDAD DE NOGOYA\" Expte. 8487, \"SANCHEZ\" Expte.",
      "8691, \"ATER\" Expte. N° 8778, \"RUSSO\" Expte. 9108, entre muchos otros 6 \"ZAPATA”, Expte. Nº 26686; \"TORRES (15)”, Expte. Nº 27040; \"PAEZ” Expte. Nº 27046, \"LEGUIZAMON\"; Expte. N° 26986, entre otros \"BONATO VERONICA PAMELA ELIZABETH EN REPRESENTACIÓN DE BONATO MARIA PATRICIA C/ DIMOTTA SERGIO ALAN ARMANDO Y OTRO S/ VIOLENCIA FAMILIAR (APELACION JUZGADO DE PAZ VIOLENCIA)\" - Expte. Nº 9126 parámetros actuales que rigen para su determinación y ajustarse al valor del jurista vigente al momento en que ésta se realiza.",
      "Con lo que la regulación cuestionada no adolece de vicio que merezca reproche alguno pues ha respetado las reformas introducidas por la Ley N° 11.141, habiéndose practicado de acuerdo el nuevo valor del jurista, establecido conforme el procedimiento fijado por el art. 29 de la mencionada normativa y publicado por el Colegio de la Abogacía.",
      "Que esta es la razón principal que sella la suerte adversa del recurrente correspondiendo en consecuencia declarar la improcedencia del recurso interpuesto. Sin costas, dada la naturaleza arancelaria de la cuestión. ASÍ VOTO.",
      "A LA CUESTIÓN PROPUESTA EL SR. VOCAL CARLOS"
    ],
    "FEDERICO TEPSICH DIJO": [
      "1.- La reseña de los antecedentes relevantes de la causa ha sido prolija y suficientemente expuesta por la Señora Vocal preopinante.",
      "A criterio del dicente la solución que corresponde al recurso de inaplicabilidad de ley bajo juzgamiento es diferente a la que viene propiciada.",
      "2.- El recurrente viene asistido de razón.",
      "Ciertamente toda regulación de honorarios se debe efectuar con los parámetros legales actuales al momento en que se lleva a cabo la misma, empero la situación es diferente cuando se trata de regulaciones sujetas a recurso de apelación puesto que en tal supuesto la alzada, en el caso a los fines del valor del jurista a tomar en consideración, se debió ubicar en la situación vigente al momento que se llevó a cabo la regulación en primera instancia (en el mismo sentido: “RODRÍGUEZ MATIAS LAUTARO y su acumulado \"BOTTO Brian Joel C/ ACOSTA CARLOS ALBERTO y OTRA S/ ORDINARIO DAÑOS Y PERJUICIOS (ACCIDENTE DE TRANSITO” - Expte. N.º 8182, sentencia del 28/8/2020).",
      "3.- En definitiva, propicio hacer lugar al recurso de inaplicabilidad de ley deducido por la parte ejecutada y, en consecuencia, CASAR la sentencia impugnada, modificando el valor del jurista vigente a la fecha de la regulación de primera instancia. ASÍ VOTO.",
      "A LA CUESTIÓN PROPUESTA EL SR. VOCAL LEONARDO"
    ],
    "PORTELA DIJO": [
      "Adhiero al voto del Sr. Vocal Carlos Federico Tepsich. ASÍ VOTO.",
      "Con lo que no siendo para más se da por finalizado el acto quedando acordada la siguiente sentencia:",
      "Paraná, 8 de octubre de 2024."
    ],
    "Y VISTO": [
      "Por los fundamentos del acuerdo que antecede y por mayoría se, \"BONATO VERONICA PAMELA ELIZABETH EN REPRESENTACIÓN DE BONATO MARIA PATRICIA C/ DIMOTTA SERGIO ALAN ARMANDO Y OTRO S/ VIOLENCIA FAMILIAR (APELACION JUZGADO DE PAZ VIOLENCIA)\" - Expte. Nº 9126"
    ],
    "RESUELVE": [
      "DECLARAR PROCEDENTE el recurso de inaplicabilidad de ley deducido en fecha 21/7/2024, CASAR la resolución del Juzgado de Familia y Penal de Niños, Niñas y Adolescentes de Colón dictada en fecha 1/7/2024 y, en consecuencia, MODIFICAR la regulación de honorarios al valor del jurista vigente a la fecha de la regulación de primera instancia.",
      "Notifíquese conforme arts. 1º y 4º Ac. Gral. 15/18 SNE, regístrese y oportunamente devuélvase.",
      "Ante mí. En igual fecha se registró. Asimismo, se deja constancia que la presente se suscribe mediante firma digital -Acuerdo Gral. 11/20 del 23-6-2020, Punto 4°) prescindiéndose de su impresión en formato papel."
    ]
  }
}