{
  "METADATOS": {
    "ID_FALLO": "9127",
    "MES": "10",
    "ARTICULOS_CITADOS": {
      "citations": [
        {
          "main_source": "Código Civil y Comercial (CCC)",
          "cited_articles": [
            1724,
            1726
          ],
          "extra": "sgtes. y conc."
        },
        {
          "main_source": "Código Procesal Civil y Comercial (CPCC)",
          "cited_articles": [
            280,
            65
          ],
          "extra": null
        },
        {
          "main_source": "Ley 7046",
          "cited_articles": [
            3,
            64,
            94
          ],
          "extra": "modif. por ley 11.141"
        },
        {
          "main_source": "Ley 10.704",
          "cited_articles": [
            33
          ],
          "extra": "texto según ley 10.704"
        },
        {
          "main_source": "Acuerdo General 15/18 SNE",
          "cited_articles": [
            1,
            4
          ],
          "extra": "conforme"
        },
        {
          "main_source": "Acuerdo General 11/20",
          "cited_articles": [],
          "extra": "del 23-6-2020, Punto 4°"
        }
      ]
    }
  },
  "MATERIA_PRELIMINAR": "ORDINARIO DAÑOS Y PERJUICIOS",
  "IDEA_CENTRAL": "### IDEA CENTRAL DEL FALLO\n\n**Decisión Judicial Principal:**\nEl Tribunal declara inadmisible el recurso de inaplicabilidad de ley interpuesto por el demandado, Claudio Ceferino Arlettaz, contra la sentencia de la Cámara de Apelaciones que había declarado su responsabilidad civil en un caso de daños y perjuicios.\n\n**Fundamento Legal:**\nLa decisión se basa en la correcta calificación de la responsabilidad como subjetiva, conforme al artículo 1724 del Código Civil y Comercial (CCC), que establece que el daño proviene de la intención de causar daño, en este caso, el uso de un cuchillo por parte del demandado.\n\n### Aspectos Legales Relevantes:\n1. **Responsabilidad Civil:** Se determina que la responsabilidad del demandado es subjetiva, lo que implica que se debe probar la intención de causar daño, no solo el uso de un objeto peligroso.\n2. **Carga de la Prueba:** El Tribunal considera que la prueba presentada, incluyendo el informe de la médica forense, respalda la versión del actor y desvirtúa la defensa del demandado.\n3. **Inaplicabilidad de Ley:** El recurso de inaplicabilidad de ley no prospera, ya que el recurrente no logra demostrar arbitrariedad ni error en la valoración de pruebas.\n\n### Leyes y Artículos Clave:\n- **Código Civil y Comercial (CCC):** Artículo 1724 (responsabilidad subjetiva).\n- **Código Procesal Civil y Comercial (CPCC):** Artículo 280 (requisitos para el recurso de inaplicabilidad de ley).\n\n### Razonamiento del Tribunal:\nEl Tribunal sostiene que el recurso de inaplicabilidad de ley es una vía extraordinaria que requiere una crítica fundamentada y específica de la sentencia impugnada. En este caso, el recurrente no logra refutar adecuadamente la calificación de la responsabilidad como subjetiva ni demostrar que la Cámara actuó de manera arbitraria en la valoración de las pruebas. Por lo tanto, se desestima el recurso y se imponen costas al vencido.",
  "CONTENIDO": {
    "INICIO": [
      "\"LOKER Ruben Dario C/ ARLETTAZ Claudio Ceferino S/ ORDINARIO DAÑOS Y PERJUICIOS\" - Expte. Nº 9127"
    ],
    "ACUERDO": [
      "En la ciudad de Paraná, capital de la provincia de Entre Ríos, a los veintiún días del mes de octubre del año dos mil veinticuatro reunidos los integrantes de este Tribunal asistidos por el Secretario autorizante, para conocer el recurso de inaplicabilidad de ley deducido en fecha 27/5/2024 en las actuaciones:",
      "\"LOKER Rubén Darío C/ ARLETTAZ Claudio Ceferino S/ ORDINARIO DAÑOS Y PERJUICIOS\" - Expte. Nº 9127, respecto de la resolución de la Sala Segunda Civil y Comercial de la Cámara de Apelaciones de Concordia dictada en fecha 7/5/2024. Se practicó el sorteo de ley resultando que la votación debía tener lugar en el siguiente orden: Sr. Vocal Carlos Federico Tepsich, Sra. Vocal Gisela N. Schumacher y Sr. Vocal Leonardo Portela.",
      "Estudiados los autos, la Sala se planteó las siguientes cuestiones:",
      "¿qué corresponde resolver respecto del recurso de inaplicabilidad de ley interpuesto? y, en su caso, ¿cómo deben regularse los honorarios profesionales en esta instancia?",
      "A LA PRIMERA CUESTIÓN PROPUESTA EL SR. VOCAL CARLOS FEDERICO TEPSICH Y LA SRA. VOCAL GISELA N."
    ],
    "SCHUMACHER DIJERON": [
      "1.- La Sala Segunda Civil y Comercial de la Cámara de Apelaciones de Concordia, dictó sentencia en fecha 7/05/2024 por la que admitió el recurso de apelación interpuesto por el actor y declaró la responsabilidad civil del demandado en el hecho denunciado, impuso costas, y ordenó vuelvan los autos al juzgado de origen a fin de juzgar los daños reclamados.",
      "Para así resolver, entendió erróneo que la responsabilidad endilgada al demandado sea juzgada con base al factor de atribución objetivo por haber utilizado un arma peligrosa -cuchillo-, circunstancia ésta que entendió que vició todo el razonamiento efectuado por el judex a quo, en particular en lo que respecta al derecho aplicable y la carga de la prueba. En tal sentido, calificó la responsabilidad como subjetiva entendiendo que el daño proviene no del uso de una cosa inerte sino del querer herir a otro (1724 CCC).",
      "Valoró que la prueba aportada demuestra la efectiva ocurrencia del ataque del demandado hacia el actor, como las heridas denunciadas y la cosa utilizada en tal cometido, y hace especial hincapié en el informe de la médica forense que considera imparcial y que entiende da razón al actor y desvirtúa la versión dada por el demandado.",
      "Con cita de jurisprudencia y doctrina, dispone el reenvío a la instancia de origen a fin que sea el juez natural quien juzgue los daños reclamados.",
      "2.- Contra la misma interpone el accionado, recurso de inaplicabilidad de ley. Invoca arbitrariedad por considerar que la sentencia no expresa una motivación razonada y porque no constituye derivación razonada del \"LOKER Ruben Dario C/ ARLETTAZ Claudio Ceferino S/ ORDINARIO DAÑOS Y PERJUICIOS\" - Expte. Nº 9127 derecho vigente. Entiende, además, que se verifica por parte del a quo una valoración sesgada de la prueba producida lo que deriva en conclusiones desconectadas, lo que conlleva a subjetividades por parte de la alzada.",
      "Cuestiona los puntos de la resolución y detalla -en relación a los mismos- la valoración de las pruebas que objeta, fundamentalmente en relación a las pruebas testimoniales, que entiende, fue absurda.",
      "Critica, asimismo, la entidad dada al acogimiento de su parte en el ámbito penal al instituto de la probation, lo que entiende configura un prejuzgamiento arbitrario que violenta la normativa que rige el instituto y una errónea aplicación de la ley Finalmente alega que no se ha determinado la relación causal y que la resolución recurrida hace una errónea aplicación del art, 1726 sgtes. y conc.",
      "del CCC violando el debido proceso y la garantía de defensa en juicio.",
      "3.- En la tarea de ingresar al tratamiento del recurso bajo juzgamiento, adelantamos que no advertimos mérito para que el presente recurso prospere en tanto la causal de arbitrariedad invocada no es fundada.",
      "Como hemos sostenido en pronunciamientos anteriores el recurso de inaplicabilidad de ley es una vía extraordinaria cuya habilitación exige el cumplimiento de determinados recaudos en orden, precisamente, a la estructura e impronta de la impugnación articulada, desde que no constituye una tercera instancia de apreciación de los hechos y las pruebas del juicio siendo su finalidad obtener un control legal del veredicto dictado. Así, posee una serie de exigencias técnico formales propias, que deben cumplirse con toda idoneidad por el impugnante a fin de habilitar la vía de casación, entre ellas que las críticas que se formulen en él, se refieran directa y concretamente a la motivación esencial que el pronunciamiento contiene, pues si en esa réplica se sustraen todos o una parte de los argumentos que estructuran la sentencia, no se encuentran debidamente satisfechos los recaudos de aquél y también que en el escrito en que se deduzca el recurso se señale en términos claros y precisos, cuál es la ley o doctrina violada o erróneamente aplicada y en qué consiste la violación o el error -art. 280, segundo párrafo del CPCC-.",
      "4.- Analizada la pieza recursiva a tenor de las pautas supra señaladas, encontramos que el planteo del aquí recurrente sólo exterioriza una mera discrepancia subjetiva, omitiendo de este modo realizar una crítica directa y pertinente contra los fundamentos dados por la Cámara para rechazar su pretensión, los que giraron en el cambio de calificación del factor de atribución de responsabilidad, entendiendo la misma como subjetiva, la que a partir del análisis probatorio, consideró acreditada.",
      "El recurrente funda todo su recurso en una supuesta incorrecta valoración de la prueba rendida en la causa, en concreto en una valoración aislada \"LOKER Ruben Dario C/ ARLETTAZ Claudio Ceferino S/ ORDINARIO DAÑOS Y PERJUICIOS\" - Expte. Nº 9127 y segmentada de la misma, lo que implicó que sea interpretada incorrectamente su participación en el hecho ilícito que diera motivo al reclamo de autos. Pero en el desarrollo de sus argumentos en modo alguno se hace cargo de lo que pondera la Cámara con argumento dirimente, esto es la calificación de la imputación como subjetiva y el consecuente derecho aplicable. Dicha calificación es medular, y no resulta eficazmente rebatida. Además, la causal de arbitrariedad en el manejo del material probatorio no está debidamente argumentada puesto que su desarrollo no traspasa el umbral de una exposición de una posición diferente a la que asumió el tribunal ad quem, sin avenirse a plantear en términos claros y precisos por qué el razonamiento judicial que sostiene la decisión es contrario a las reglas elementales de la sana crítica -art. 280, segundo párrafo del CPCC-.",
      "5.- El déficit antes señalado también se verifica en la causal referida a la errónea aplicación de la ley respecto al instituto de la probation al que se acogió el recurrente en el proceso penal antecedente.",
      "Expresar que “Es un prejuzgamiento arbitrario que violenta la normativa que rige el instituto, desestimando lo actuado en sede penal, actuaciones iniciadas por la denuncia del actor. Al respecto debe señalarse en primer término que el ACTOR CONSINTIÓ TODO LO ACTUADO, con evidente desinterés. Como surge del legajo aportado como prueba, no existe el elemento cortante, no hubo secuestro de NINGÚN ELEMENTO, debiendo señalar que el actor no solo no se constituyó como actor civil o querellante, sino que anoticiado del pedido de suspensión del juicio a prueba no manifestó oposición alguna.-”, continuado de la transcripción del razonamiento seguido por el judex a quo sobre el punto, no alcanza para generar las condiciones para que este tribunal esté habilitado para ingresar a ver si en el caso la Cámara actuó correctamente.",
      "6.- En definitiva, proponemos desestimar por inadmisible el recurso de inaplicabilidad de ley intentado. Con costas (art. 65 CPCC). ASÍ VOTAMOS.",
      "A LA SEGUNDA CUESTIÓN PROPUESTA EL SR. VOCAL CARLOS FEDERICO TEPSICH Y LA SRA. VOCAL GISELA N.",
      "Considerando la actividad desarrollada para abrir la instancia extraordinaria y la probable dedicación temporal en el desempeño profesional del servicio, corresponde fijar los honorarios profesionales en el 50 % de los honorarios que se establezcan por la labor en primera instancia, encomendando su cálculo a la judicatura de origen (arts. 3, 64 y 94 de la ley 7046 modif. por ley 11.141). ASÍ VOTAMOS.",
      "Por último, habiendo mayoría de opiniones, EL SR. VOCAL EN EJERCICIO DE LA PRESIDENCIA DEL STJ, LEONARDO PORTELA, se abstiene de votar y firmar la presente resolución con arreglo a lo dispuesto por el \"LOKER Ruben Dario C/ ARLETTAZ Claudio Ceferino S/ ORDINARIO DAÑOS Y PERJUICIOS\" - Expte. Nº 9127 art. 33 de la LOPJ, texto según ley 10.704.",
      "Con lo que no siendo para más se da por finalizado el acto quedando acordada la siguiente sentencia:",
      "Paraná, 21 de octubre de 2024."
    ],
    "Y VISTO": [
      "Por los fundamentos del acuerdo que antecede se,"
    ],
    "RESUELVE": [
      "DECLARAR INADMISIBLE el recurso de inaplicabilidad de ley deducido en fecha 27/5/2024 respecto de la resolución de la Sala Segunda Civil y Comercial de la Cámara de Apelaciones de Concordia de fecha 7/5/2024.",
      "IMPONER costas a la vencida (art. 65 del CPCC).",
      "FIJAR los honorarios profesionales correspondientes a esta instancia extraordinaria, en el 50 % de los honorarios que se establezcan por la labor en primera instancia, encomendando su cálculo a la judicatura de origen (arts.",
      "3, 64 y 94 de la ley 7046 modif. por ley 11.141).",
      "Notifíquese conforme arts. 1º y 4º Ac. Gral. 15/18 SNE, regístrese y oportunamente devuélvase.",
      "Ante mí. En igual fecha se registró. Asimismo, se deja constancia que la presente se suscribe mediante firma digital -Acuerdo Gral. 11/20 del 23-6-2020, Punto 4°) prescindiéndose de su impresión en formato papel."
    ]
  }
}