{
  "METADATOS": {
    "ID_FALLO": "9128",
    "MES": "10",
    "ARTICULOS_CITADOS": {
      "citations": [
        {
          "main_source": "Código Procesal Civil y Comercial (CPCC)",
          "cited_articles": [
            14
          ],
          "extra": "inciso 7"
        },
        {
          "main_source": "Acordada 4/2007",
          "cited_articles": [
            1,
            4
          ],
          "extra": "Acordada 15/18 SNE"
        },
        {
          "main_source": "Acuerdo General 11/20",
          "cited_articles": [],
          "extra": "del 23-6-2020"
        }
      ]
    }
  },
  "MATERIA_PRELIMINAR": "DIVISION DE CONDOMINIO",
  "IDEA_CENTRAL": "**IDEA CENTRAL DEL FALLO:**\n\nEl tribunal resuelve rechazar la excusación del Sr. Vocal Leonardo Portela en el caso \"GIOIOSO JAVIER CARLOS C/ GIOIOSO MARIA DOLORES Y OTRA S/ DIVISION DE CONDOMINIO\", argumentando que no se configura el prejuzgamiento según el artículo 14 inciso 7 del Código Procesal Civil y Comercial (CPCC). Esto permite que el vocal continúe participando en el proceso, asegurando así el normal funcionamiento de la justicia.\n\n**Decisión Judicial Principal y Fundamento:**\nEl tribunal decide rechazar la excusación del Sr. Vocal Portela, lo que implica que su participación en el caso es válida y no afecta la imparcialidad del proceso. La decisión se fundamenta en la interpretación estricta de las causales de excusación, que deben ser aplicadas con cautela para evitar la perturbación del funcionamiento judicial.\n\n**Aspectos Legales Relevantes:**\n- **Código Procesal Civil y Comercial (CPCC)**: Artículo 14 inciso 7, que regula las causales de excusación de los jueces.\n- La decisión se basa en la falta de prejuzgamiento, ya que el vocal no emitió una opinión sobre los puntos que se deben decidir en el presente caso.\n\n**Razonamiento del Tribunal:**\nEl tribunal argumenta que la excusación planteada no se justifica, dado que el vocal no había emitido una opinión precisa y fundamentada sobre los aspectos que se someten a su decisión actual. Se enfatiza la importancia de mantener la continuidad del proceso judicial y la necesidad de que los juicios sean tramitados por los jueces naturales, evitando así la paralización del sistema judicial.\n\nEn conclusión, el fallo reafirma la importancia de la imparcialidad judicial y el correcto funcionamiento del sistema, al tiempo que establece criterios claros sobre la excusación de magistrados.",
  "CONTENIDO": {
    "INICIO": [
      "\"GIOIOSO JAVIER CARLOS C/ GIOIOSO MARIA DOLORES Y OTRA S/ DIVISION DE CONDOMINIO\" - Expte. N° 9128 PARANÁ, 2 de octubre de 2024."
    ],
    "VISTO Y CONSIDERANDO": [
      "La excusación del Sr. Vocal Leonardo Portela de fecha 29/8/2024 en las actuaciones \"GIOIOSO JAVIER CARLOS C/ GIOIOSO MARIA DOLORES Y OTRA S/ DIVISION DE CONDOMINIO\" - Expte. N° 9128 , en razón de haber emitido opinión en la resolución de fecha 17/9/2019 (fs. 39/40), en carácter de vocal de la Sala Civil y Comercial de la Cámara de Apelaciones de Gualeguaychú.",
      "En tal sentido, aun cuando resulta ponderable la actitud de los integrantes de la magistratura que plantean su apartamiento frente a circunstancias aptas para arrojar un manto de sospecha sobre su imparcialidad, corresponde afirmar que si bien el Sr. Vocal intervino en la resolución que resolvió el recurso de apelación interpuesto por la actora respecto de la incompetencia declarada por el juez de primera instancia, lo cierto es en este caso no se configura el prejuzgamiento dispuesto en los términos del artículo 14 inciso 7 del CPCC, ya que las presentes actuaciones arriban a este tribunal para resolver los recursos de inaplicabilidad de ley interpuestos mediante los cuales se cuestionan las regulaciones de honorarios de los peritos intervinientes efectuadas en la resolución dictada por la Cámara de Apelaciones de Gualeguaychú en fecha 16/5/2024.",
      "En efecto, debe entenderse por prejuzgamiento la emisión de opinión precisa y fundada sobre los puntos concretos que deban ser sometidos a la decisión del juzgador, cuestión que en razón de lo afirmado no se advierte configurada en la excusación planteada.",
      "Resulta sabido que las causales de excusación, en tanto importan un normal desplazamiento de la competencia, deben ser valoradas con estrictez, a fin de que en lo posible los juicios tramiten ante los jueces naturales y no se vea perturbado el funcionamiento de la organización judicial.1 Por ello, corresponde rechazar la excusación formulada por el Sr.",
      "Vocal Leonardo Portela, dejar sin efecto la integración dispuesta en fecha 3/9/2024 y, en consecuencia, disponer el cese de la intervención del Sr. Vocal subrogante, Germán R. F. Carlomagno.",
      "Por último, habiendo mayoría, el Sr. Vocal Germán R. F.",
      "Carlomagno, manifiesta que se abstiene emitir opinión al respecto.",
      "En consecuencia, se"
    ],
    "RESUELVE": [
      "RECHAZAR la excusación formulada por el Sr. Vocal Leonardo Portela, dejar sin efecto la integración dispuesta en fecha 3/9/2024 y, en consecuencia, disponer el cese de la intervención del Sr. Vocal subrogante, Germán R. F. Carlomagno; QUEDANDO INTEGRADA esta Sala con el Sr. Vocal Carlos 1\"Código Procesal Civil y Comercial de la Nación comentado, anotado y concordado con los códigos provinciales\", Roland Arazi y Jorge A. Rojas, cita 71, págs. 101/102; 2da. Edición, Santa Fe, Ru- binzal Culzoni, 2007.",
      "Federico Tepsich, la Sra. Vocal Gisela N. Schumacher y el Sr. Vocal Leonardo Portela.",
      "Regístrese, notifíquese conforme arts. 1 y 4 Acordada 15/18 SNE, y vuelvan a despacho para resolver.",
      "Ante mí. En igual fecha se registró. Conste. Asimismo, se deja constancia que la presente se suscribe mediante firma digital -Acuerdo Gral. 11/20 del 23-6-2020, Punto 4°) prescindiéndose de su impresión en formato papel."
    ]
  }
}