{
  "METADATOS": {
    "ID_FALLO": "9132",
    "MES": "10",
    "ARTICULOS_CITADOS": {
      "citations": [
        {
          "main_source": "Ley 7046",
          "cited_articles": [
            20,
            34,
            63
          ],
          "extra": "art. 20 de la Ley 7046, art. 34 del DL 7046, art. 63 del DL 7046"
        },
        {
          "main_source": "Código Procesal Civil y Comercial (CPCC)",
          "cited_articles": [
            296,
            280,
            284
          ],
          "extra": "art. 296, CPCC, art. 280, CPCC, art. 284 del CPCC"
        },
        {
          "main_source": "Código Civil y Comercial (CCC)",
          "cited_articles": [
            505,
            730
          ],
          "extra": "art. 505 del Código Civil, art. 730 del CCC"
        },
        {
          "main_source": "Otro",
          "cited_articles": [
            31,
            34
          ],
          "extra": "arts. 31 y 34 de la Ley de Aranceles, art. 34 para el caso de la transacción, art. 31 de la legislación arancelaria"
        },
        {
          "main_source": "Constitución Nacional (CN)",
          "cited_articles": [
            75
          ],
          "extra": "art. 75, inc. 12, Const. nac."
        },
        {
          "main_source": "Acuerdo General 15/18 SNE",
          "cited_articles": [
            1,
            4
          ],
          "extra": "conforme arts. 1º y 4º Ac. Gral. 15/18 SNE"
        },
        {
          "main_source": "Acuerdo General 11/20",
          "cited_articles": [],
          "extra": "Acuerdo Gral. 11/20 del 23-6-2020"
        },
        {
          "main_source": "Otro",
          "cited_articles": [
            33
          ],
          "extra": "art. 33 de la LOPJ"
        }
      ]
    }
  },
  "MATERIA_PRELIMINAR": "ORDINARIO ACCION DE RESPONSABILIDAD",
  "IDEA_CENTRAL": "### IDEA CENTRAL DEL FALLO\n\n**Decisión Judicial Principal:**\nEl Tribunal rechazó el recurso de inaplicabilidad de ley interpuesto por los Dres. Moro, confirmando la resolución de la Cámara Segunda de Apelaciones de Paraná que estableció la base económica del juicio en $1.260.000 y ordenó una nueva regulación de honorarios.\n\n**Fundamento Legal:**\nLa decisión se fundamenta en la interpretación del artículo 20 de la Ley 7046, que establece que, en caso de regularse honorarios provisorios, se debe realizar una regulación definitiva al dictarse la sentencia o al finalizar el juicio por un medio anormal (art. 296, CPCC). El Tribunal determinó que la base económica para la regulación de honorarios debe ser el monto acordado en el convenio transaccional que pone fin al litigio.\n\n**Aspectos Legales Relevantes:**\n1. **Ley 7046**: Artículos 20 y 34, que regulan los honorarios de los abogados.\n2. **Código Civil**: Artículo 730, que establece límites en la regulación de honorarios en relación con el monto de la sentencia o transacción.\n3. **CPCC**: Artículos 280 y 284, que tratan sobre la fundamentación de los recursos y la doctrina legal.\n\n**Razonamiento del Tribunal:**\nEl Tribunal sostuvo que la regulación de honorarios debe reflejar la cuantía real del litigio, que en este caso es el monto del acuerdo transaccional. Se enfatizó que no se había denunciado fraude por parte de los abogados apelantes, lo que refuerza la oponibilidad del acuerdo a ellos. Además, se destacó que la jurisprudencia de la Corte Suprema respalda esta interpretación, considerando que la base económica del juicio es el monto acordado en la transacción.\n\nEn conclusión, el Tribunal reafirmó la doctrina establecida sobre la regulación de honorarios en casos de transacción, rechazando el recurso de inaplicabilidad de ley por falta de sustento en las críticas formuladas.",
  "CONTENIDO": {
    "INICIO": [
      "\"EL RINCON S.A. C/ SENSEVER MARIA DEL ROSARIO Y OTRA S/ ORDINARIO ACCION DE RESPONSABILIDAD\" - Expte. Nº 9132"
    ],
    "ACUERDO": [
      "En la ciudad de Paraná, capital de la provincia de Entre Ríos, a los treinta días del mes de octubre del año dos mil veinticuatro reunidos los integrantes de este Tribunal asistidos por el Secretario autorizante, para conocer el recurso de inaplicabilidad de ley deducido en fecha 28/5/2024 en las actuaciones: \"EL RINCON S.A. C/ SENSEVER MARIA DEL ROSARIO Y OTRA S/ ORDINARIO ACCION DE RESPONSABILIDAD\" - Expte. Nº 9132, respecto de la resolución de la Sala Primera de la Cámara Segunda de Apelaciones de Paraná dictada en fecha 10/5/2024. Se practicó el sorteo de ley resultando que la votación debía tener lugar en el siguiente orden: Sr. Vocal Carlos Federico Tepsich; Sra. Vocal Gisela N. Schumacher y Sr. Vocal Leonardo Portela.",
      "Estudiados los autos, la Sala se planteó la siguiente cuestión: ¿qué corresponde resolver respecto del recurso de inaplicabilidad de ley interpuesto?",
      "A LA CUESTIÓN PROPUESTA EL SR. VOCAL CARLOS FEDERICO TEPSICH Y LA SRA. VOCAL GISELA N. SCHUMACHER"
    ],
    "DIJERON": [
      "1.- La Cámara Segunda de Apelaciones Sala Primera de Paraná (10/5/2024), hizo lugar al recurso de apelación interpuesto respecto de la resolución dictada por el juez de grado en fecha 5/12/2023 y, en consecuencia, determinó la base económica del juicio en la suma de $ 1.260.000 y ordenó que en la instancia de grado se dicte una nueva resolución sobre el pedido de regulación de honorarios de los Dres. Moro.",
      "Para así decidir, luego de relatar las posiciones de las partes, y en lo que al presente recurso interesa, el tribunal ad quem sostuvo que en fecha 1/7/2022 se le regularon a los Dres. Moro honorarios provisorios, revocado que le fuera el poder para actuar en el juicio por \"El Rincón SA\", honorarios que fueron confirmados por dicho Tribunal en fecha 9/9/2022 -haciendo aplicación de lo dispuesto por el art. 20 de la Ley 7046-. Refirió que al dictado de dicha resolución el juicio no estaba terminado, ni se había presentado en el expediente el acuerdo transaccional que luego fuera homologado.",
      "Conforme ello expresó que terminado el juicio debe aplicarse el tercer párrafo del artículo 20 de la norma citada, que dispone que, en caso de regularse honorarios provisorios, al dictarse la sentencia se practicará de oficio la regulación definitiva.",
      "Por lo que sostuvo que la regulación anterior de fecha 10/7/2022 es de carácter provisoria, debiendo fijarse la definitiva según las resultas del juicio al momento de dictarse la sentencia o, como en el caso, finalizar el juicio por un medio anormal (art. 296, CPCC).",
      "De acuerdo con ello citó doctrina reiterada de esta Sala Civil y Comercial por la que se estableció que la base económica para regular los \"EL RINCON S.A. C/ SENSEVER MARIA DEL ROSARIO Y OTRA S/ ORDINARIO ACCION DE RESPONSABILIDAD\" - Expte. Nº 9132 honorarios es el monto que en definitiva obtiene quien acciona como consecuencia del acuerdo transaccional que pone fin al pleito. Detalló que el fundamento de dicha doctrina se basó en la interpretación armónica de los arts. 31 y 34 de la Ley de Aranceles y que toda regulación de honorarios debe tener vinculación directa con el monto por el cual prospera la acción -tal es el supuesto de la fijada transacción- por cuanto lo contrario podría llegar a configurar el caso inadmisible de encontrarse ante una desmedida pretensión transada por un monto real insignificante al pretendido, cuando conforme a lo dispuesto por el último párrafo del art. 505 del Código Civil el monto de las regulaciones de todos los profesionales intervinientes en la primera instancia no puede superar el 25 % del monto de la sentencia, laudo o transacción.",
      "Procedió luego a reforzar dicha posición con doctrina de la Corte Suprema de Justicia de la Nación la que también estableció que la base económica del juicio es el monto acordado en el convenio transaccional que pone fin al juicio y que dicho acuerdo le es oponible a los letrados que no forman parte de él, a excepción que se invoque y pruebe por estos que se ha cometido fraude en perjuicio de sus derechos si por aquel acto solo ha habido la intención encubierta de burlar los derechos expectantes de los abogados.",
      "Que asimismo sostuvo que esta es la posición de dicha Sala I, expresada en el precedente \"Carrizo de Villa, Tomasa Santo Ramona c/Heinze, Horacio Alcides y otros\" Expte. N° 8-7951 del 2/10/2010.",
      "Conforme ello, sostuvo que no habiéndose denunciado fraude de los letrados apelados, cabe hacer lugar al recurso, y establecer que la base económica del juicio es el monto arribado en el acuerdo transaccional en la proporción establecida entre las partes de este juicio, debiendo en la instancia de grado dictar una nueva resolución sobre el pedido de regulación de honorarios de los Dres. Moro, a los fines de que las partes tengan oportunidad de plantear ante la a quo las defensas que estimen pertinentes atendiendo a que ha mediado una regulación provisoria en base al monto de la demanda, superior al acuerdo transaccional.",
      "2.- Contra dicha sentencia interpusieron los Dres. Moro recurso de inaplicabilidad de ley (P.E. 31/5/2024), denunciaron error en la aplicación de las normas legales arancelarias -art. 20 y 34 ley arancelaria-.",
      "Sostienen que el art. 20 del DL. 7046 sólo menciona el supuesto de conclusión por sentencia y en autos la conclusión se produjo por transacción, existiendo para este supuesto una clara, directa y expresa norma que debió aplicarse y es el art. 34 del DL 7046, la cual ha sido omitida por la Cámara.",
      "Expresan que de acuerdo con esta última norma debió regularse puesto que en la transacción hay alguien que pierde y alguien que gana, por ello el artículo 34, DL 7046 manda aplicar el art. 63 del DL 7046.",
      "\"EL RINCON S.A. C/ SENSEVER MARIA DEL ROSARIO Y OTRA S/ ORDINARIO ACCION DE RESPONSABILIDAD\" - Expte. Nº 9132 Cuestionan la doctrina legal del STJ invocada por la Cámara, expresando que no se aplica bien ni armónicamente las normas de los arts. 32 y 34 de la ley 7046. Enfatizaron que cuando pierde una parte no puede sino además de tenerse en cuenta el monto que se dice en el convenio aparente, el monto que hubiera resultado de prosperar la demanda, que es lo que sostienen pretende su parte.",
      "Afirman que la norma del Código Civil invocada (hoy art. 730 del CCC) ha sido considerada inconstitucional, y que sin perjuicio de ello no le es aplicable por cuanto quien les debe abonar sus honorarios es El Rincón S.A., pues en el convenio se pactó que las costas sean en el orden causado; y, agregan además, que la limitación contenida en ese precepto recién debe aplicarse luego de que se regulen honorarios conforme las leyes locales.",
      "Cuestionan la jurisprudencia de la Corte Suprema de la Nación citada por la Cámara considerándola antigua e inaplicable en atención que en ella no existía una norma como la del art. 34 del DL 7046. Sin perjuicio de ello, hacen notar, que la regulación efectuada es absurda por cuanto se transan varios procesos de importante dimensión económica por un monto ridículo.",
      "Hacen reserva del caso federal.",
      "3.- La Cámara en fecha 31 de mayo de 2024 dispuso correr traslado del recurso impetrado, habiendo hecho uso del derecho que le asistía la contraria mediante presentación electrónica de fecha 22/6/2024 instando en primer término por la inadmisibilidad del recurso y, subsidiariamente, por su improcedencia.",
      "En fecha 31/7/2024 la Cámara concedió el recurso de inaplicabilidad de ley con efecto suspensivo atento encontrar reunidos los requisitos formales exigidos para la admisibilidad de la vía.",
      "4.- Reseñados los antecedentes del juicio, de manera previa aclaramos que si bien los recurrentes formulan diversas y muy variadas críticas al fallo en revisión, sólo abordaremos aquellas que ofrecen trascendencia para la solución del conflicto conforme el criterio mantenido por el Máximo Tribunal Nacional, que señala que la magistratura no está obligada a analizar todas y cada una de las argumentaciones de las partes, sino las que sean conducentes y posean relevancia para decidir el caso (Fallos: 258:304; 262:222; 265:301; 272:225, entre otros).",
      "4.1.- De modo liminar, hacemos notar que los antecedentes de esta Sala invocados en el fallo en crisis no son en el memorial abordados de manera concreta a fin de exponer su inaplicabilidad al caso o bien la necesidad de revisión de la doctrina que allí surge, lo que torna a su respecto incumplida la carga de la fundamentación suficiente (art. 280, CPCC).",
      "No obstante ello, cabe reparar que si bien dichos fallos no \"EL RINCON S.A. C/ SENSEVER MARIA DEL ROSARIO Y OTRA S/ ORDINARIO ACCION DE RESPONSABILIDAD\" - Expte. Nº 9132 constituyen doctrina legal en los términos del art. 284 del CPCC, los mismos determinan la posición inveterada que este Tribunal tiene respecto de la temática objeto de este recurso (ver in re: \"Empresa Provincial de Energía de Entre Ríos c/ Cooperativa Eléctrica y Otros Servicios de Concordia Ltda. s/Ejecutivo\", sent.",
      "22/03/1991, LAS 1991 T I; \"Bilich Carlos Antonio Silvestre c/Moine Cipriano Benito s/Sumario\", sent. 14/4/1994, LAS 1194, TI; \"López Oscar Evangelino c/Maina Arial Armando Jesús y Leguizamón Eduardo Martin s/Daños y Perjuicios\", sent. 21/3/1995, LAS 1995, T I).",
      "4.2.- Conforme esa doctrina judicial dominante, que compartimos plenamente, la base económica sobre la que corresponde actuar para la regulación de honorarios de los profesionales en los procesos concluyen por transacción es la que surge del acuerdo, puesto que ésta es la que, por lo menos en principio, muestra la cuantía real del litigio.",
      "Por otro lado, el paso del tiempo no ha privado de actualidad a esos antecedentes locales ya que la jurisprudencia posterior del Alto Tribunal federal, más allá de referir a la norma nacional que no es idéntica a la nuestra, confirmó el curso de sus aguas (Fallos: 329:1191, “Murguía, 2001; Fallos:",
      "332:837, “Lasala”, 2009), como así, de otras Cortes provinciales (SCBA, \"Villa Pablo Andrés c/La Avícola Ruta 7 S.R.L s/accidente\", sent. 31/8/2011).",
      "4.3.- No escapa a este análisis que uno de los problemas que presenta la transacción judicial es la oponibilidad a profesionales que intervinieron en el proceso, pero no en el contrato que lo hace finalizar.",
      "Sin duda alguna este punto se exhibe como complejo dado que la transacción es un contrato reglado por normas dictadas por el Congreso de la Nación (art. 75, inc. 12, Const. nac.) con repercusiones procesales (CSJN, Fallos:",
      "329:1066; Fallos: 330:4970); de allí, que las normas sobre la relatividad de los efectos (arts. 1021 y 1022, CCC) no tengan una fuerza plena y lo acordado sea oponible a los fines arancelarios a esos letrados (Lorenzetti, Ricardo L., Tratado de los contratos, Rubinzal Culzoni, Santa Fe, 2021, T. III, p. 899). Se configura un supuesto de confluencia en el que las disposiciones locales sobre honorarios deben ser aplicadas de manera compatible con ese ordenamiento de fondo, salvo -claro está- que la base económica emergente del contrato no refleje de modo manifiesto la real importancia económica del litigio al que se refiere.",
      "Por lo demás, como hizo notar el tribunal, no se puede dejar de tener en cuenta que el art. 730 del código unificado dispone que si del incumplimiento de la obligación, cualquiera sea su fuente, deriva un litigio judicial o arbitral, la responsabilidad por el pago de las costas, incluidos los honorarios profesionales, de todo tipo, allí devengados y correspondientes a la primera o única instancia, no debe ceder del veinticinco por ciento del monto de la sentencia, laudo, transacción o instrumento que ponga fin al diferendo (Lorenzetti, ob.cit., p. 900).",
      "\"EL RINCON S.A. C/ SENSEVER MARIA DEL ROSARIO Y OTRA S/ ORDINARIO ACCION DE RESPONSABILIDAD\" - Expte. Nº 9132 4.4.- Por último, tampoco es de recibo la causal de absurdidad en función de la alegada ausencia de proporción entre la retribución establecida y la entidad económica de los juicios transados.",
      "Tampoco hay aquí un desarrollo que intente poner en evidencia el extremo que se alega y ello no puede tenerse por acreditado con afirmaciones lacónicas. No se debe olvidar que así como el art. 31 de la legislación arancelaria no admite una aplicación literal, puesto que siempre se debe tener en cuenta para los casos de rechazo de demanda el monto que prudencialmente hubiera correspondido de admitirse la demanda y no automáticamente el consignado en este acto procesal de inicio (esta Sala in re: \"Pedroza Hugo Daniel C/ Municipalidad de Larroque y Otros- S/ Ordinario Daños y Perjuicios\"- Expte.",
      "6540, 27/10/2014), igualmente sucede con la norma en su art. 34 para el caso de la transacción.",
      "5.- En definitiva, postulamos al acuerdo el rechazo del recurso, sin costas por la naturaleza arancelaria de la cuestión. ASÍ VOTAMOS.",
      "Por último, habiendo mayoría de opiniones, EL SR. VOCAL EN EJERCICIO DE LA PRESIDENCIA DEL STJ, LEONARDO PORTELA, se abstiene de votar y firmar la presente resolución con arreglo a lo dispuesto por el art. 33 de la LOPJ, texto según ley 10.704.",
      "Con lo que no siendo para más se da por finalizado el acto quedando acordada la siguiente sentencia:",
      "Paraná, 30 de octubre de 2024."
    ],
    "Y VISTO": [
      "Por los fundamentos del acuerdo que antecede se,"
    ],
    "RESUELVE": [
      "RECHAZAR el recurso de inaplicabilidad de ley deducido en fecha 28/5/2024, respecto de la resolución de la Sala Primera de la Cámara Segunda de Apelaciones de Paraná dictada en fecha 10/5/2024, sin costas.atento a la naturaleza arancelaria de la cuestión.",
      "Tener presente la reserva del caso federal.",
      "Notifíquese conforme arts. 1º y 4º Ac. Gral. 15/18 SNE, regístrese y oportunamente devuélvase.",
      "Ante mí. En igual fecha se registró. Asimismo, se deja constancia que la presente se suscribe mediante firma digital -Acuerdo Gral. 11/20 del 23-6-2020, Punto 4°) prescindiéndose de su impresión en formato papel.",
      "\"EL RINCON S.A. C/ SENSEVER MARIA DEL ROSARIO Y OTRA S/ ORDINARIO ACCION DE RESPONSABILIDAD\" - Expte. Nº 9132"
    ]
  }
}