{
  "METADATOS": {
    "ID_FALLO": "9149",
    "MES": "10",
    "ARTICULOS_CITADOS": {
      "citations": [
        {
          "main_source": "Código Civil y Comercial (CCC)",
          "cited_articles": [
            2336,
            2335,
            2358
          ],
          "extra": null
        },
        {
          "main_source": "Código Civil y Comercial (CCC)",
          "cited_articles": [
            3284
          ],
          "extra": "inc. 4º"
        },
        {
          "main_source": "Otro",
          "cited_articles": [
            12008
          ],
          "extra": "art. 7 inc. 1 ley"
        },
        {
          "main_source": "Otro",
          "cited_articles": [
            33
          ],
          "extra": "art. 33 de la LOPJ"
        },
        {
          "main_source": "Otro",
          "cited_articles": [],
          "extra": "competencia Nº 168. XXV.28/09/1993 Fallos: 316:2138"
        },
        {
          "main_source": "Otro",
          "cited_articles": [],
          "extra": "Fallos 323:1735, del 21/06/2000"
        },
        {
          "main_source": "Otro",
          "cited_articles": [],
          "extra": "Expte. Nº 12.316"
        },
        {
          "main_source": "Otro",
          "cited_articles": [],
          "extra": "Expte. N° 9149"
        },
        {
          "main_source": "Otro",
          "cited_articles": [],
          "extra": "Expte. n.º 28598"
        },
        {
          "main_source": "Otro",
          "cited_articles": [],
          "extra": "Expte. Nº 8799"
        },
        {
          "main_source": "Otro",
          "cited_articles": [],
          "extra": "cfr. fallos: 257:93 y 302:557"
        },
        {
          "main_source": "Otro",
          "cited_articles": [],
          "extra": "sentencia del 3/5/2016"
        },
        {
          "main_source": "Otro",
          "cited_articles": [],
          "extra": "cfr. in re: \"Direccion General de Renta de la Provincia c/ Fontanini Jose y/o sucesores y/o herederos -Apremio s/ expedientillo art. 12 C.P.C.C. s/ Competencia\" - Expte. Nº 6167, sentencia del 5/9/2011"
        },
        {
          "main_source": "Otro",
          "cited_articles": [],
          "extra": "competencia del Juzgado Civil y Comercial Nº 5 de Paraná"
        },
        {
          "main_source": "Acuerdo General 15/18 SNE",
          "cited_articles": [
            1,
            4
          ],
          "extra": "conforme arts. 1º y 4º"
        },
        {
          "main_source": "Acuerdo General 11/20",
          "cited_articles": [],
          "extra": "del 23-6-2020"
        }
      ]
    }
  },
  "MATERIA_PRELIMINAR": "CUADERNILLO (COMPETENCIA)",
  "IDEA_CENTRAL": "**IDEA CENTRAL DEL FALLO**\n\nEl fallo judicial resuelve un conflicto de competencia entre el Juzgado de Paz Nº 2 y el Juzgado Civil y Comercial Nº 5 de Paraná en el contexto de un juicio de apremio fiscal promovido por la Administradora Tributaria de Entre Ríos contra el fallecido Carlos José Mistura. La decisión principal es declarar la competencia del Juzgado de Paz Nº 2, argumentando que las deudas reclamadas son posteriores al fallecimiento del causante y, por ende, no están sujetas al fuero de atracción del juicio sucesorio.\n\n**Fundamento Legal y Aspectos Relevantes**\n\n1. **Código Civil y Comercial (CCC)**: Se citan los artículos 2335, 2336 y 2358, que regulan la competencia en materia sucesoria y el fuero de atracción, estableciendo que solo las deudas contraídas durante la vida del causante están sujetas a este fuero.\n   \n2. **Jurisprudencia**: Se hace referencia a fallos de la Corte Suprema de Justicia de la Nación (CSJN) que respaldan la interpretación de que las deudas fiscales posteriores al fallecimiento no son competencia del juez sucesorio.\n\n**Razonamiento del Tribunal**\n\nEl tribunal sostiene que el juicio de apremio fiscal se refiere a deudas que no fueron contraídas por el causante durante su vida, sino que corresponden a períodos fiscales posteriores a su fallecimiento. Por lo tanto, estas deudas quedan excluidas del fuero de atracción del juicio sucesorio, que solo abarca las obligaciones contraídas en vida. La decisión busca asegurar que el juez que maneje el proceso sucesorio tenga un conocimiento integral de las deudas y bienes del acervo hereditario, evitando perjuicios a herederos y acreedores.\n\nEn conclusión, el tribunal declara la competencia del Juzgado de Paz Nº 2, remitiendo las actuaciones a dicho juzgado para su adecuado tratamiento.",
  "CONTENIDO": {
    "INICIO": [
      "\"ADMINISTRADORA TRIBUTARIA DE ENTRE RIOS -C- MISTURA CARLOS JOSE -S- APREMIO - S/ CUADERNILLO (COMPETENCIA)\" Expte. N° 9149 PARANÁ, 28 de octubre de 2024."
    ],
    "VISTO": [
      "El conflicto de competencia planteado entre el Juzgado de Paz Nº 2 y el Juzgado Civil y Comercial Nº 5 de la ciudad de Paraná en las actuaciones \"ADMINISTRADORA TRIBUTARIA DE ENTRE RIOS -C- MISTURA CARLOS JOSE -S- APREMIO - S/ CUADERNILLO (COMPETENCIA)\" - Expte. N° 9149, y,"
    ],
    "CONSIDERANDO": [
      "1.- La Dra. Roxana Vanesa Bravo compareció en representación de la Administradora Tributaria de Entre Ríos, promoviendo juicio de apremio fiscal por vía monitoria ante el Juzgado de Paz Nº 2 de Paraná, contra el Sr. Carlos José Mistura por el cobro de la suma de pesos doscientos cuarenta y cinco mil cincuenta con sesenta y ocho centavos ($ 245.050,68) más intereses legales calculados al momento de su efectivo pago y costas (cfr. fecha, 3/9/2024 -11:54 hs.-).",
      "2.- Seguidamente, teniendo en cuenta que el demandado Carlos José Mistura falleció el 2/4/2017, y que la sucesión tramita ante el Juzgado Civil y Comercial Nº 5 de la ciudad de Paraná, la Sra. Jueza del juzgado de Paz Nº 2 de esta ciudad, Marcela Cottet, resuelve hacer lugar a la excepción de incompetencia planteada por la Sra. Claudia Rosalía Mistura en carácter de heredera declarada del Sr. Carlos José Mistura y, en consecuencia, declarar su incompetencia y remitir las actuaciones a ese juzgado (fecha, 25/6/2024).",
      "Para así decidir, sostuvo que no resulta competente ya que de las constancias obrantes en autos surge que en fecha 2 de abril 2017, falleció el demandado Sr. Carlos José Mistura; como consecuencia de ese hecho, se inició, ante el Juzgado en lo Civil y Comercial N° 5 , Juicio Sucesorio, autos caratulados \"Rivas Beatriz Esther - Mistura Carlos José S/Sucesorio ab intestato\" Expte.",
      "N°28598; y que en dicho proceso, se declaró como única heredera del Sr. Carlos José Mistura, a la Sra. Claudia Rosalía Mistura.",
      "Explica que el art. 2336 del CCC, establece: \"... El mismo juez conoce de las acciones de petición de herencia, nulidad del testamento, de los demás litigios que tienen lugar con motivo de la administración y liquidación de la herencia, de la ejecución de las disposiciones testamentarias, del mantenimiento de la indivisión, de las operaciones de partición, de la garantía de los lotes entre los copartícipes y de la reforma y nulidad de la partición...\".",
      "Sostiene que al estar frente a un juicio contra el causante de una sucesión y que refiere en forma directa a gastos generados por bienes que integran el acervo hereditario, el reclamo del Fisco debe realizarse en el proceso Universal.",
      "Que la finalidad del fuero de atracción es que un mismo juzgador conozca de aquellos procesos que puedan afectar el patrimonio de la sucesión, \"ADMINISTRADORA TRIBUTARIA DE ENTRE RIOS -C- MISTURA CARLOS JOSE -S- APREMIO - S/ CUADERNILLO (COMPETENCIA)\" Expte. N° 9149 resultando de esa manera que al momento de la partición tendrá real conocimiento de los bienes registrables que lo integran y de las deudas que los gravan, como consecuencia del juicio monitorio de apremio, llegado el momento y ante una falta de pago, se podrían subastar los bienes, debiendo tal situación ser manejada por el juez que interviene en el Universal para que no se perjudique ni a los herederos, ni a acreedores que puedan tener privilegios.",
      "Cita los autos \"Caja de Subsidios Familiares para el Personal de la Industria c/ Sucesión de Corbeta, Jorge Omar s/ ejecución fiscal\", competencia Nº 168. XXV.28/09/1993 Fallos: 316:2138, donde el Procurador General de la Nación dictaminó que: \"...el fuero de atracción comprende a todas las demandas que eventualmente puedan interesar a la universalidad patrimonial mientras se extiende el trámite de las causas (cfr. fallos: 257:93 y 302:557), resulta aconsejable desde mi punto de vista que el juez del juicio voluntario conozca en la integridad de las pretensiones deducidas en autos\".",
      "La CSJN en los autos \"Superintendencia de Riesgos del Trabajo c/ García, Raúl Carlos s/ Apremio\", sentencia del 3/5/2016, reiteró la doctrina sostenida en el fallo (316:2138).",
      "Afirma que el criterio que comparte respecto a la conveniencia de que el juez que entiende en el Universal, también lo haga en procesos en los que se encuentren comprometidos bienes del acervo hereditario registrables, no obstante se traten de deudas posteriores al fallecimiento, no es aislado y cita el criterio de la de fecha 25/10/2021 en autos: \"ATER C/ Miloslavich, María del Carmen -Monitorio-\"- Expte. Nº 12.316.",
      "Finalmente sostiene que, encontrándose vigente el fuero de atracción, al no haberse producido la partición, adjudicación e inscripción de las hijuelas en el Registro respectivo, que se está frente a deudas que recaen sobre bienes registrables, lo dispuesto por los arts. 2335, 2336 y 2358 CCC, entiende que el juez que tramite el juicio sucesorio deberá seguir entendiendo en el presente proceso.",
      "3.- Recepcionadas las actuaciones por el Sr. Juez del Juzgado Civil y Comercial N° 5 de Paraná, Mariano A. Ludueño, resuelve declinar su competencia y devolver los autos principales al Juzgado de Paz Nº 2 de esta ciudad.",
      "En sus fundamentos, expone que al tomar conocimiento de los autos, no correspondía la declinatoria de la Jueza de Paz, siendo que el reclamo en contra del causante del sucesorio que tramita ante el juzgado a su cargo \"Rivas Beatriz Esther - Mistura Carlos José s/ Sucesorio Ab Intestato (acumulado al 29396)\", Expte. n.º 28598, obedece a planillas por deudas impositivas de los años 2018/2022, o sea posteriores al fallecimiento de los causantes Beatriz Esther Rivas, \"ADMINISTRADORA TRIBUTARIA DE ENTRE RIOS -C- MISTURA CARLOS JOSE -S- APREMIO - S/ CUADERNILLO (COMPETENCIA)\" Expte. N° 9149 defunción ocurrida en fecha 13/6/2012 y Carlos José Mistura, cuya defunción ocurrió el 2/4/2017.",
      "Expresa que el art. 2336 -segundo párrafo- del CCC, no prevé expresamente la concentración ante el juez del sucesorio de las obligaciones personales contraídas por el causante sino que establece que \"... El mismo juez conoce de las acciones de petición de herencia, nulidad de testamento, de los demás litigios que tienen lugar con motivo de la administración y liquidación de la herencia...\". De esta manera, dicho artículo excluye a las acciones personales del ámbito del fuero de atracción sucesorio.",
      "Sostiene que en un juicio de apremio como el presente, el cobro de obligaciones que no tuvieron por deudor al causante, por tratarse de impuestos correspondientes a períodos fiscales posteriores a su fallecimiento -más de 15 años-, el juicio queda excluído del fuero de atracción previsto en el art. 2336 -segundo párrafo- del CCC.",
      "Manifiesta que el fuero de atracción debe ser entendido de manera restrictiva, toda vez que el juicio sucesorio atrae las acciones personales que nacen de aquellas obligaciones que han sido contraídas durante la vida del causante, es decir, si la deuda reclamada se ha originado con anterioridad al fallecimiento del titular del bien.",
      "Cita jurisprudencia de esta Sala en autos: \"Municipalidad de Paraná c/ Antunez Jose Martín s/ Apremio s/ cuadernillo (cuestión de competencia)\" Expte. Nº 8799 y de la CSJN, Fallos 323:1735, del 21/06/2000, en la que se ha expresado que \"Si en el juicio de apremio se persigue el cobro de obligaciones que no tuvieron por deudor al causante, por tratarse de impuestos por períodos fiscales posteriores a su fallecimiento, el juicio queda excluido del fuero de atracción previsto en el art. 3284 inc. 4º del Código Civil\". En igual sentido la Corte Suprema de Buenos Aires en los autos: \"Fisco de la Provincia de Buenos Aires c/ Fraiese, Rodolfo Arturo y Ot. s/ Apremio- Conflicto de Competencia art. 7 inc. 1 ley 12008\"sentencia del 26/8/2009 (fecha, 3/9/2024).",
      "4.- Arribados los autos a este Tribunal, se dio intervención a la Sra. Procuradora Adjunta del Ministerio Público Fiscal, Mónica Elizabeth Carmona (fecha, 6/9/2024).",
      "En su dictamen analizó que el actual artículo 2336 del CCC -que regula sobre competencia y dentro de ella también refiere al fuero de atracción del juicio sucesorio-, mantiene los lineamientos del derogado artículo 3284 del CC y en base a doctrina y jurisprudencia, afirmó que las deudas reclamadas se encontraban excluidas del fuero de atracción que ejerce el sucesorio, considerando acertado el criterio adoptado por el Juez a cargo del Juzgado Civil y Comercial Nº 5 de Paraná, correspondiendo que este proceso continúe su trámite por ante el Juzgado de Paz Nº 2 de esta ciudad (fecha, 18/9/2024).",
      "\"ADMINISTRADORA TRIBUTARIA DE ENTRE RIOS -C- MISTURA CARLOS JOSE -S- APREMIO - S/ CUADERNILLO (COMPETENCIA)\" Expte. N° 9149 5.- Reseñados brevemente los antecedentes del caso, en la tarea de dirimir el conflicto de competencia planteado y en concordancia con lo dictaminado por la Sra. Procuradora Fiscal Adjunta -interina-, cabe adelantar que le asiste razón al Sr. Juez Civil y Comercial Nº 5 de Paraná, puesto que de las constancias de la causa surge que las deudas reclamadas por la ejecutante, Administradora Tributaria de Entre Ríos, contra el ejecutado, Sr. Carlos José Mistura, datan del año 2018, por lo tanto, como son posteriores a su fallecimiento (año 2017) se encuentran excluídas del fuero de atracción ejercido por el juicio sucesorio.",
      "Como fue señalado, esta Sala en anterior integración ya tenía dicho \"...que conforme lo dispuesto por el art. 3284 del Código Civil el fuero de atracción del juicio sucesorio, funciona sólo en relación a las acciones personales derivadas de obligaciones contraídas en vida por el causante, y en el presente se ejecuta deuda nacida con posterioridad al fallecimiento (...). En relación a ello cabe citar jurisprudencia de la C.S.J.N., Fallos 323:1735, del 21/06/2000, en la que se ha expresado que \"Si en el juicio de apremio se persigue el cobro de obligaciones que no tuvieron por deudor al causante, por tratarse de impuestos por períodos fiscales posteriores a su fallecimiento, el juicio queda excluido del fuero de atracción previsto en el art. 3284 inc. 4º del Código Civil\".",
      "En igual sentido la Corte Suprema de Justicia de Buenos Aires en los autos \"Fisco de la Provincia de Buenos Aires c/ Fraiese, Rodolfo Arturo y Ot. s/ Apremio - Conflicto de competencia art. 7 inc. 1 Ley 12008\", del 26/08/2009 (cfr.",
      "in re: \"Direccion General de Renta de la Provincia c/ Fontanini Jose y/o sucesores y/o herederos -Apremio s/ expedientillo art. 12 C.P.C.C. s/ Competencia\" - Expte.",
      "Nº 6167, sentencia del 5/9/2011).",
      "Incluso luego de la entrada en vigencia del Código Civil y Comercial, el Máximo Tribunal del país continuó con esta postura en los autos \"Osecac c/ Sucesores de Antonio Azarloza s/ Ejecución Fiscal\", Competencia FRE 12000173/2003/CS1, sentencia de fecha 10/7/2018; donde el dictamen fiscal respecto del cual se remitió la decisión del Tribunal opinó que en el caso no regía el fuero de atracción del sucesorio \"toda vez que, según se desprende de los presentes actuados, las deudas reclamadas corresponden a los períodos 1998/2002 -con vencimiento al 30/11/2001 y al 8/11/2002- y son, por ende, posteriores al fallecimiento del causante...\".",
      "En consecuencia, por los argumentos dados, corresponde declarar la competencia del Juzgado de Paz Nº 2 de Paraná al que se le remitirán las presentes actuaciones, y comunicar lo resuelto al Juzgado Civil y Comercial Nº 5 de esta ciudad.",
      "Por último, habiendo mayoría de opiniones, EL SR. VOCAL EN EJERCICIO DE LA PRESIDENCIA DEL STJ, LEONARDO PORTELA, se \"ADMINISTRADORA TRIBUTARIA DE ENTRE RIOS -C- MISTURA CARLOS JOSE -S- APREMIO - S/ CUADERNILLO (COMPETENCIA)\" Expte. N° 9149 abstiene de votar y firmar la presente resolución con arreglo a lo dispuesto por el art. 33 de la LOPJ, texto según ley 10.704.",
      "Por ello, se"
    ],
    "RESUELVE": [
      "DECLARAR la competencia del Juzgado de Paz Nº 2 de Paraná, al que se le remitirán las presentes actuaciones, y comunicar lo resuelto al Juzgado Civil y Comercial Nº 5 de esta ciudad.",
      "Notifíquese conforme arts. 1º y 4º Ac. Gral. 15/18 SNE, regístrese y remítase.",
      "Ante mí. En igual fecha se registró. Asimismo, se deja constancia que la presente se suscribe mediante firma digital -Acuerdo Gral. 11/20 del 23-6-2020, Punto 4°) prescindiéndose de su impresión en formato papel."
    ]
  }
}