{
  "METADATOS": {
    "ID_FALLO": "9150",
    "MES": "10",
    "ARTICULOS_CITADOS": {
      "citations": [
        {
          "main_source": "Código Civil y Comercial (CCC)",
          "cited_articles": [
            1740
          ],
          "extra": null
        },
        {
          "main_source": "Constitución Nacional (CN)",
          "cited_articles": [
            19
          ],
          "extra": null
        },
        {
          "main_source": "Código Procesal Civil y Comercial (CPCC)",
          "cited_articles": [
            280,
            281
          ],
          "extra": "texto ritual"
        },
        {
          "main_source": "Código Procesal Civil y Comercial (CPCC)",
          "cited_articles": [
            280
          ],
          "extra": null
        },
        {
          "main_source": "Otro",
          "cited_articles": [
            33
          ],
          "extra": "LOPJ"
        },
        {
          "main_source": "Ley 10.704",
          "cited_articles": [],
          "extra": "texto según ley"
        },
        {
          "main_source": "Acuerdo General 15/18 SNE",
          "cited_articles": [
            1,
            4
          ],
          "extra": null
        },
        {
          "main_source": "Acuerdo General 11/20",
          "cited_articles": [],
          "extra": "del 23-6-2020"
        }
      ]
    }
  },
  "MATERIA_PRELIMINAR": "QUEJA (INTERPUESTA POR EL DR FACUNDO MAXIMILIANO GONZALEZ)",
  "IDEA_CENTRAL": "### IDEA CENTRAL DEL FALLO\n\n**Decisión Judicial Principal:**\nEl Superior Tribunal de Justicia concede el recurso de queja interpuesto por la actora, Agustina Soto, y admite el recurso de inaplicabilidad de ley que había sido denegado por la Cámara de Apelaciones de Gualeguaychú.\n\n**Fundamento Legal:**\nLa decisión se basa en la falta de un adecuado examen de la admisibilidad del recurso por parte de la Cámara, que incurrió en un exceso al evaluar la fundamentación del mismo, lo que impidió un análisis de mérito que corresponde al Superior Tribunal.\n\n**Aspectos Legales Relevantes:**\n1. **Código Procesal Civil y Comercial (CPCC)**: Artículos 280 y 281, que regulan la admisibilidad de los recursos y la carga de fundamentación.\n2. **Código Civil y Comercial (CCC)**: Artículo 1740, que establece las normas sobre responsabilidad civil y el derecho a la reparación integral del daño.\n3. **Constitución Nacional**: Artículo 19, que garantiza el principio de no dañar a otro y la jerarquía constitucional del derecho a la reparación.\n\n**Razonamiento del Tribunal:**\nEl tribunal argumenta que la Cámara de Apelaciones no consideró adecuadamente los argumentos de la actora sobre la arbitrariedad de la sentencia, limitándose a una revisión formal sin entrar en el fondo del asunto. Se destaca que la actora cumplió con los requisitos de admisibilidad y que la Cámara no valoró correctamente los precedentes citados. Por lo tanto, se concluye que corresponde al Superior Tribunal realizar el control casatorio del caso.\n\n**Conclusión:**\nSe resuelve hacer lugar a la queja y conceder el recurso de inaplicabilidad de ley, permitiendo así que el caso sea revisado en su mérito por el Superior Tribunal.",
  "CONTENIDO": {
    "INICIO": [
      "\"SOTO AGUSTINA C SANDOVAL AGUSTIN Y OTROS - ORDINARIO DAÑOS Y PERJUICIOS S/ QUEJA (INTERPUESTA POR EL DR FACUNDO MAXIMILIANO GONZALEZ)\" - Expte. Nº 9150 PARANÁ, 15 de octubre de 2024."
    ],
    "VISTO": [
      "El recurso de queja interpuesto por la actora en fecha 3/9/2024, en las actuaciones \"SOTO AGUSTINA C SANDOVAL AGUSTIN Y OTROS - ORDINARIO DAÑOS Y PERJUICIOS S/ QUEJA (INTERPUESTA POR EL DR FACUNDO MAXIMILIANO GONZALEZ)\" - Expte. Nº 9150 , contra la resolución de la Sala Civil y Comercial de la Cámara de Apelaciones de Gualeguaychú dictada en fecha 27/8/2024, y,"
    ],
    "CONSIDERANDO": [
      "1.- Que la resolución del tribunal de grado, no concedió el recurso de inaplicabilidad de ley interpuesto por la actora Agustina Soto contra la decisión de esa alzada que admitió parcialmente el recurso de apelación por su parte interpuesto y, en consecuencia, elevó el monto reconocido por incapacidad sobreviniente a la suma de $ 94.855.387,04, con más un interés; pero confirmó la sentencia en todo lo demás que resultó materia de agravios.",
      "Para así decidir, la Cámara concluyó que la recurrente no explicó de manera concreta y específica cuál es la doctrina legal violada, por lo que el recurso interpuesto debía ser denegado en tanto no satisface las pautas establecidas por esta Sala Civil y Comercial cuando dijo: \"si el recurrente no expresa claramente cuál es la ley o doctrina violada o erróneamente aplicada, señalando qué y/o cómo se debe aplicar, o bien, manifiesta que la sentencia es absurda o arbitraria, fundamentando sólo en una discrepancia con el fallo, pretendiendo así que esta Sala revise hechos o valore pruebas, transformándose en una tercera instancia ordinaria, no hay dudas que la cámara debe denegar el recurso\" (in re Benmelej, del 24/6/2002).",
      "Dijo que en el escrito aludido se produjeron afirmaciones genéricas sin puntualizar de manera adecuada y precisa en qué consistió el exceso de ritualismo formal al momento de considerarse los agravios y cuál es la aplicación a autos de la doctrina legal que el fallo viola.",
      "De tal modo, explicó que el recurso traslucía meras discrepancias que no concretan en donde residió la arbitraria o absurda apreciación en la valoración de la suficiencia del recurso y, con ello, los fundamentos que contiene impiden su concesión por la vía de la errónea interpretación o la arbitrariedad del fallo en crisis.",
      "2.- En su queja, la recurrente manifiesta que el recurso de inaplicabilidad de ley interpuesto se fundó en la falta de motivación de los fundamentos que resolvieron la cuestión de fondo y que por esa arbitrariedad se violan las normas previstas para las obligaciones de la responsabilidad civil y el daño resarcible en los términos del art. 1740 del CCC, cuyo sustento se encuentra \"SOTO AGUSTINA C SANDOVAL AGUSTIN Y OTROS - ORDINARIO DAÑOS Y PERJUICIOS S/ QUEJA (INTERPUESTA POR EL DR FACUNDO MAXIMILIANO GONZALEZ)\" - Expte. Nº 9150 en el principio general de no dañar a otro establecido en la Carta Magna (art. 19 CN).",
      "Afirma que el derecho a la reparación integral del daño tiene jerarquía constitucional en nuestro país, con sustento en el artículo 19, y que esta norma prohíbe a los hombres perjudicar los derechos de un tercero.",
      "Expresa que no obstante haber cumplido con los requisitos de admisibilidad del recurso y de fundar con argumentos serios y concluyentes la causal de arbitrariedad de la sentencia y la violación de normas previstas para las obligaciones de la responsabilidad civil, la Cámara no concedió el recurso sosteniendo que los agravios esgrimidos por esta parte sobre la arbitrariedad incurrida en la sentencia, no resultaban suficientes en los términos de los arts. 280 y 281 del texto ritual.",
      "Manifiesta que sin tener en cuenta no solo la doctrina y jurisprudencia citadas en el recurso interpuesto por su parte, el Tribunal por una absurda interpretación ritual, no consideró que esta Sala en la causa \"Ilarregui\" de fecha 25/06/2024, se pronunció sobre la cuestión recursiva, en sentido favorable a su pretensión.",
      "Hace reserva del caso federal y peticiona.",
      "3.- En orden a tratar el recurso traído a consideración de este Tribunal, se debe afirmar que la quejosa ha logrado desarrollar argumentos suficientes como para conmover la decisión denegatoria realizada por la Cámara de Apelaciones.",
      "Cabe destacar que la normativa legal denunciada, los precedentes alegados y la arbitrariedad invocada en la queja, llevan a concluir que el tribunal de grado incurrió en un exceso respecto del juicio de admisibilidad que le correspondía realizar por incursionar en facultades que son propias del órgano del recurso, por lo tanto, corresponde que este organismo sea quien realice el control casatorio del caso.",
      "En este sentido, respecto del examen del recaudo de admisibilidad referido a la fundamentación del recurso que establece el art. 280 del CPCC, no está de más señalar que la facultad de la alzada es acotada y solamente tiende a verificar el cumplimiento de esta carga en términos de seriedad y autosuficiencia, pero no de mérito, puesto que ello es materia privativa de esta Sala del Superior Tribunal de Justicia.",
      "Conforme lo anterior, corresponde hacer lugar a la queja interpuesta y conceder el recurso de inaplicabilidad de ley articulado.",
      "Por último, habiendo mayoría absoluta, EL SR. VOCAL EN EJERCICIO DE LA PRESIDENCIA DEL STJ, DR. LEONARDO PORTELA, se abstiene de votar y firmar la presente resolución con arreglo a lo \"SOTO AGUSTINA C SANDOVAL AGUSTIN Y OTROS - ORDINARIO DAÑOS Y PERJUICIOS S/ QUEJA (INTERPUESTA POR EL DR FACUNDO MAXIMILIANO GONZALEZ)\" - Expte. Nº 9150 dispuesto por el art. 33 de la LOPJ, texto según ley 10.704.",
      "En consecuencia se,"
    ],
    "RESUELVE": [
      "HACER LUGAR al recurso de queja interpuesto en fecha 3/9/2024 contra la resolución de la Sala Civil y Comercial de la Cámara de Apelaciones de Gualeguaychú dictada en fecha 27/8/2024 y, en consecuencia, CONCEDER el recurso de inaplicabilidad de ley articulado, con efecto suspensivo.",
      "Líbrese oficio a la Cámara solicitando las actuaciones principales.",
      "Regístrese, notifíquese conforme arts. 1 y 4 Ac. Gral 15/18 SNE y oportunamente archívese.",
      "Ante mí. En igual fecha se registró. Asimismo, se deja constancia que la presente se suscribe mediante firma digital -Acuerdo Gral. 11/20 del 23-6-2020, Punto 4°) prescindiéndose de su impresión en formato papel."
    ]
  }
}