{
  "METADATOS": {
    "ID_FALLO": "9152",
    "MES": "10",
    "ARTICULOS_CITADOS": {
      "citations": [
        {
          "main_source": "Acuerdo General 28/20",
          "cited_articles": [
            28
          ],
          "extra": "Acuerdo del 25 de noviembre de 2020"
        },
        {
          "main_source": "Código Procesal Civil y Comercial (CPCC)",
          "cited_articles": [
            11,
            12
          ],
          "extra": null
        },
        {
          "main_source": "Ley 6902",
          "cited_articles": [
            37
          ],
          "extra": null
        },
        {
          "main_source": "Reglamento de Presentaciones Electrónicas",
          "cited_articles": [
            5
          ],
          "extra": "Reglamento Mesa Unica Informatizada"
        },
        {
          "main_source": "Reglamento de Presentaciones Electrónicas",
          "cited_articles": [
            10
          ],
          "extra": "dicho reglamento"
        },
        {
          "main_source": "Acordada 4/2007",
          "cited_articles": [],
          "extra": "Acordada del 22 de septiembre 2015"
        },
        {
          "main_source": "Acordada 4/2007",
          "cited_articles": [],
          "extra": "Acordada General Nº 28/15 de fecha 22/09/2015"
        },
        {
          "main_source": "Otro",
          "cited_articles": [
            33
          ],
          "extra": "de la LOPJ"
        },
        {
          "main_source": "Acuerdo General 15/18 SNE",
          "cited_articles": [
            1,
            4
          ],
          "extra": "conforme arts. 1º y 4º"
        },
        {
          "main_source": "Acuerdo General 11/20",
          "cited_articles": [],
          "extra": "del 23-6-2020, Punto 4°"
        },
        {
          "main_source": "Ley 10.704",
          "cited_articles": [],
          "extra": "texto según"
        }
      ]
    }
  },
  "MATERIA_PRELIMINAR": "INCIDENTE (COMPETENCIA)",
  "IDEA_CENTRAL": "**IDEA CENTRAL DEL FALLO**\n\nEn el caso \"MOLLEVI CARLOS C/ FLORES DANIEL RUBEN Y OTRA S- PREPARACION VIA MONITORIA S/ INCIDENTE (COMPETENCIA)\", el Tribunal resolvió declarar la competencia del Juzgado de Paz Nº 2 de Paraná, considerando que el monto reclamado de $268,000 se encontraba dentro de la jurisdicción de dicho juzgado al momento de la presentación de la demanda, el 31 de mayo de 2024.\n\n**Decisión Judicial Principal y Fundamento**\n\nLa decisión principal fue que el Juzgado de Paz Nº 2 es competente para conocer del caso, basándose en la Acordada General Nº 28/15, que establece límites de competencia en función del monto en litigio. El Tribunal determinó que la competencia debe evaluarse en función del monto al momento de la presentación de la demanda, no de actos posteriores.\n\n**Aspectos Legales Relevantes**\n\n1. **Acordada General Nº 28/15**: Establece los límites de competencia de los Juzgados de Paz en Paraná.\n2. **Código Procesal Civil y Comercial (CPCC)**: Artículos 11 y 12, que regulan la competencia y el procedimiento de incidentes.\n3. **Ley 6902**: Artículo 37, inciso 11, que también aborda aspectos de competencia.\n\n**Razonamiento del Tribunal**\n\nEl Tribunal argumentó que la fecha relevante para determinar la competencia es la de presentación de la demanda (31 de mayo de 2024) y no la fecha de la foja cero (20 de diciembre de 2023). Se enfatizó que aceptar una interpretación diferente permitiría manipulaciones en la elección del juzgado. Además, se citó jurisprudencia que respalda que la competencia se determina por el monto reclamado en la demanda, independientemente de otros factores.\n\nEn conclusión, el Tribunal resolvió que el Juzgado de Paz Nº 2 es el competente para continuar con el trámite del caso, remitiendo las actuaciones correspondientes.",
  "CONTENIDO": {
    "INICIO": [
      "\"MOLLEVI CARLOS C/ FLORES DANIEL RUBEN Y OTRA S- PREPARACION VIA MONITORIA S/ INCIDENTE (COMPETENCIA)\" Expte. N° 9152 PARANÁ, 30 de octubre de 2024."
    ],
    "VISTO": [
      "El conflicto de competencia planteado entre el Juzgado Civil y Comercial Nº 10 y el Juzgado de Paz Nº 2, ambos de esta ciudad de Paraná en las actuaciones \"MOLLEVI CARLOS C/ FLORES DANIEL RUBEN Y OTRA S- PREPARACION VIA MONITORIA S/ INCIDENTE (COMPETENCIA)\" Expte. N° 9152, y,"
    ],
    "CONSIDERANDO": [
      "1.- Carlos Tomás Mollevi por derecho propio y patrocinio promueve demanda ejecutiva monitoria por cobro de alquileres ante el Juzgado Civil y Comercial Nº 10 de Paraná, contra el Sr. Daniel Rubén Flores en su carácter de deudor principal por haber sido locatario y contra la Sra. Claudia Patricia Ledesma, en su carácter de fiadora y principal pagadora por la suma de pesos doscientos sesenta y ocho mil ($ 268.000,00) con más intereses y costas (31/5/2024).",
      "2.- Seguidamente, el Sr. Juez de Primera Instancia de Ejecuciones Civiles y Comerciales Nº 10 de esta ciudad, Dr. Ignacio Basaldúa, resolvió declarar su incompetencia y remitir las actuaciones a la Mesa Unica Informatizada, para un nuevo sorteo (fecha, 7/6/2024).",
      "Para así decidir, destacó que conforme lo acordado por el Superior Tribunal de Justicia por Acuerdo General 28/20 del 25 de noviembre de 2020, el monto para litigar ante la Justicia de Paz de la ciudad de Paraná se fijó en la suma de pesos quinientos ochenta y ocho mil ($588.000) y que el monto que se pretende ejecutar es por la suma de pesos doscientos sesenta y ocho mil ($268.000).",
      "3.- Recibidos los autos por la Sra. Jueza del Juzgado de Paz Nº 2 de esta ciudad, Dra. Marcela Cottet, resolvió declarar su incompetencia para entender en las presentes, formar incidente a los fines establecidos en los arts. 11 y 12 del CPCC y art. 37 inc. 11 ley 6902 y, en consecuencia, remitir las actuaciones al Juzgado Civil y Comercial Nº 10 de Paraná (fecha, 5/9/2024).",
      "En sus fundamentos, expuso que al expedirse el Ministerio Fiscal sobre la competencia de la suscripta, dictaminó la incompetencia del juzgado a su cargo (fecha, 15/8/2024).",
      "Dijo que de las constancias de autos surge que la foja cero se presentó el día 20 de diciembre 2023. Es ese el momento que debe tenerse en cuenta a los fines de determinar la competencia y no el de subida del escrito de demanda, hecho que se produjo más de cinco meses después.",
      "Entiende que se debe tener presente que cuando se comenzó con el uso del expediente electrónico, se dictó el reglamento al efecto. La mencionada normativa, nada dice que permita inferir que la competencia deba ser considerada al momento en que se sube electrónicamente el escrito de demanda; que el cargo \"MOLLEVI CARLOS C/ FLORES DANIEL RUBEN Y OTRA S- PREPARACION VIA MONITORIA S/ INCIDENTE (COMPETENCIA)\" Expte. N° 9152 sigue siendo la foja cero y en consecuencia la fecha a considerar para la competencia será en la que se remita el formulario desde el correo del letrado a la Mesa Unica Informatizada.",
      "Concluye que el abogado que promovió la acción, evaluó que, al 20 de diciembre 2023, la competencia de los Juzgados de Paz de Paraná llegaba hasta la suma de pesos doscientos cuarenta y seis mil ($246.000,00) -Acordada del 22 de septiembre 2015- y que la parte actora ingresó el escrito promocional y la documental el 31 de mayo 2024, más de cinco meses después, y en virtud de ello cuando el señor Juez a cargo del organismo se declaró incompetente de manera oficiosa, hizo sólo referencia al monto de la demanda y tuvo en consideración la competencia vigente en el mes de mayo 2024 y no la del momento en que se presentó la foja cero.",
      "Continúa sus fundamentos diciendo que aceptar una solución distinta sería equivalente a admitir que interpuesta la demanda en el mes de diciembre de un año frente al Civil 10, si el letrado que interviene prefiere litigar en el Juzgado de Paz va a esperar que se modifique la competencia para presentar el escrito de demanda.",
      "Destaca que según la reglamentación de la Mesa Unica Informatizada, ese organismo tiene como función la distribución y sorteo de causas mediante un sistema informático que mediante un algoritmo, asegura una adjudicación aleatoria y equitativa - art. 5 Reglamento Mesa Unica Informatizada-;",
      "y que el artículo 10 de dicho reglamento, establece que \"La constancia de presentación prevista en el artículo anterior, producirá los efectos del cargo únicamente respecto de la fecha y hora de presentación\".",
      "Finalmente concluye diciendo que la competencia para los distintos organismos es la existente al momento de presentarse la foja cero en la Mesa Unica Informatizada y no la realización de actos posteriores.",
      "4.- Arribados los autos a este Tribunal, se dio intervención a la Procuradora Adjunta del Ministerio Público Fiscal, Dra. Mónica Elizabeth Carmona (fecha, 10/9/2024).",
      "En su dictamen analizó que en virtud de dar respuesta al conflicto de competencia planteado en razón del monto -planteo por cobro de una suma de dinero en concepto de deuda resultante del no pago de alquileres-, la suscripta considera acertado el criterio adoptado por el magistrado a cargo del Juzgado de Primera Instancia en lo Civil y Comercial N° 10 de Paraná, ello por exhibir una derivación razonada del derecho vigente y compartir sus fundamentos y citas legales.",
      "Que lo dispuesto por la Acordada General Nº 28/15 de fecha 22/09/2015 que fija la competencia de los Juzgados de Paz de Paraná en 60 juristas para los procesos de ejecución y de acuerdo a la suma reclamada en autos el \"MOLLEVI CARLOS C/ FLORES DANIEL RUBEN Y OTRA S- PREPARACION VIA MONITORIA S/ INCIDENTE (COMPETENCIA)\" Expte. N° 9152 momento de interposición de la demanda, entendió que resulta competente el Juzgado de Paz Nº 2 de esta jurisdicción.",
      "Aclara que -analizando las constancias fácticas obrantes en la causa-, si bien consta como fecha de inicio del presente proceso el 20/12/2023 (cfr.",
      "foja 0), lo cierto es que el escrito de demanda recién se presentó el 31/5/2024; y que aunque se realizó un acto administrativo a los fines de poder presentar la demanda respectiva, el escrito que permite al juez evaluar su competencia, recién se realizó en fecha 31/5/2024.",
      "Cita jurisprudencia de esta Sala (cfr. in re \"CFN S.A. C/ Hugon Silvia Alejandra s/ Monitorio Ejecutivo (COMPETENCIA)\" - Expte. Nº 7592, sentencia del 29/11/2017), “…cuadra señalar que a los fines de la determinación de la competencia en razón del monto debe estarse al quantum reclamado en el escrito de demanda con prescindencia de los montos o rubros que pudieran ser procedentes, pues la suma que pudiere resultar de la sentencia que en definitiva se dicte no puede tener incidencia en la fijación de la competencia”.",
      "Seguidamente, expresó que bajo tales premisas, y en orden al principio de aplicación inmediata de las leyes sobre competencia, cabía agregar que cuando su letra es clara y no exige esfuerzo de interpretación la misma debe ser aplicada directamente (CS, Fallos: 319:2617).",
      "Finalmente, estimó que a la luz de una interpretación armónica de las normas citadas, la incompetencia decretada en el resolutorio de fecha 5/9/2024 resultaba improcedente y consideró que corresponde que el presente proceso continúe su trámite por ante el Juzgado de Paz N° 2 de la ciudad de Paraná (fecha, 23/9/2024).",
      "5.- Reseñados brevemente los antecedentes del caso, en la tarea de dirimir el conflicto de competencia planteado y en concordancia con lo dictaminado por el Ministerio Público Fiscal, cabe adelantar que en el caso resulta competente el Juzgado de Paz N° 2 de Paraná.",
      "Ello es así, conforme lo dispuesto por la Acordada General Nº 28/15 de fecha 22/09/2015 que fija la competencia de los Juzgados de Paz de Paraná en sesenta (60) juristas para los procesos de ejecución, teniendo en cuenta el valor del jurista al tiempo de interposición de la demanda (31/5/2024) y de acuerdo a la suma reclamada en las presentes actuaciones ($ 268.000), resulta competente el Juzgado de Paz Nº 2 de esta ciudad.",
      "Por último, habiendo mayoría absoluta, EL SR. VOCAL EN EJERCICIO DE LA PRESIDENCIA DEL STJ, DR. LEONARDO PORTELA, se abstiene de votar y firmar la presente resolución con arreglo a lo dispuesto por el art. 33 de la LOPJ, texto según ley 10.704.",
      "Por ello, se"
    ],
    "RESUELVE": [
      "\"MOLLEVI CARLOS C/ FLORES DANIEL RUBEN Y OTRA S- PREPARACION VIA MONITORIA S/ INCIDENTE (COMPETENCIA)\" Expte. N° 9152 DECLARAR la competencia del Juzgado de Paz Nº 2 de Paraná al que se le remitirán las presentes actuaciones, y comunicar lo resuelto al Juzgado de Ejecuciones Civil y Comercial Nº 10 de esta ciudad.",
      "Notifíquese conforme arts. 1º y 4º Ac. Gral. 15/18 SNE, regístrese y remítase.",
      "Ante mí. En igual fecha se registró. Asimismo, se deja constancia que la presente se suscribe mediante firma digital -Acuerdo Gral. 11/20 del 23-6-2020, Punto 4°) prescindiéndose de su impresión en formato papel."
    ]
  }
}