{
  "METADATOS": {
    "ID_FALLO": "8678",
    "MES": "11",
    "ARTICULOS_CITADOS": {
      "citations": [
        {
          "main_source": "Código Procesal Civil y Comercial (CPCC)",
          "cited_articles": [
            14
          ],
          "extra": "inc. 7"
        },
        {
          "main_source": "Ley 10.704",
          "cited_articles": [],
          "extra": "texto según ley"
        },
        {
          "main_source": "Otro",
          "cited_articles": [
            33
          ],
          "extra": "LOPJ"
        },
        {
          "main_source": "Acordada 4/2007",
          "cited_articles": [
            1,
            4
          ],
          "extra": "arts."
        },
        {
          "main_source": "Acuerdo General 11/20",
          "cited_articles": [],
          "extra": "del 23-6-2020"
        }
      ]
    }
  },
  "MATERIA_PRELIMINAR": "ORDINARIO DAÑOS Y PERJUICIOS",
  "IDEA_CENTRAL": "**IDEA CENTRAL DEL FALLO:**\n\nEl tribunal resolvió **rechazar la excusación** presentada por la Sra. Vocal Gisela N. Schumacher en el caso \"HEIT GABRIELA NATALIA Y OTRO C/ BARBERO ELIDA HAYDEE Y OTROS S/ ORDINARIO DAÑOS Y PERJUICIOS\", manteniendo su participación en la causa. La decisión se fundamenta en que su intervención no constituyó prejuzgamiento, sino un ejercicio legítimo de sus funciones jurisdiccionales.\n\n**Aspectos Legales Relevantes:**\n\n1. **Causal de Excusación:** Se invocó el artículo 14, inciso 7 del Código Procesal Civil y Comercial (CPCC), que regula las causales de excusación de los magistrados.\n2. **Prejuzgamiento:** Se citó la jurisprudencia de la Corte Suprema de Justicia de la Nación (CSJN) que establece que la opinión emitida por un magistrado en sentencias previas no constituye prejuzgamiento, incluso si se plantean cuestiones similares en juicios posteriores.\n\n**Leyes y Artículos Clave:**\n\n- **Código Procesal Civil y Comercial (CPCC)**: Art. 14, inc. 7.\n- **Ley Orgánica del Poder Judicial (LOPJ)**: Art. 33.\n\n**Razonamiento del Tribunal:**\n\nEl tribunal argumentó que la Sra. Vocal Schumacher, al haber participado en la deliberación y en la emisión de sentencias anteriores, actuó dentro de su deber jurisdiccional. La mera participación en decisiones previas no implica un prejuzgamiento que justifique su excusación. Por lo tanto, se consideró que su actuación era válida y necesaria para el correcto desarrollo del proceso, lo que llevó a la decisión de mantener su integración en la sala. \n\nEn consecuencia, se dejó sin efecto la integración del vocal subrogante y se reafirmó la composición original del tribunal.",
  "CONTENIDO": {
    "INICIO": [
      "\"HEIT GABRIELA NATALIA Y OTRO C/ BARBERO ELIDA HAYDEE Y OTROS S/ ORDINARIO DAÑOS Y PERJUICIOS\" - Expte. Nº 8678 PARANÁ, 26 de noviembre de 2024."
    ],
    "VISTO": [
      "La excusación de la Sra. Vocal Gisela N. Schumacher de fecha 22/10/2024 en las actuaciones \"HEIT GABRIELA NATALIA Y OTRO C/ BARBERO ELIDA HAYDEE Y OTROS S/ ORDINARIO DAÑOS Y PERJUICIOS\" - Expte. N° 8678 y,"
    ],
    "CONSIDERANDO": [
      "1.- Que la Sra. Vocal Gisela N. Schumacher manifiesta que al haber ingresado al estudio de la causa y los planteos efectuados por la recurrente, solicita ser excusada por haber emitido opinión en las resoluciones dictadas en fecha 15/5/2023 y 8/6/2023, conforme los términos del art. 14 inc. 7 del CPCC.",
      "2.- Ingresando al examen de la excusación formulada, se puede advertir que la Sra. Vocal efectivamente participó de la deliberación y suscribió la sentencia (y su aclaratoria) dictada por esta Sala, pero esta cuestión no resulta suficiente para que su actuación quede circunscripta en la causal objetiva dispuesta por el art. 14 inc. 7 del CPCC.",
      "En efecto, como integrante de este tribunal, la intervención de la Dra. Schumacher, se limitó al dictado de pronunciamientos propios de sus funciones legales.",
      "\"HEIT GABRIELA NATALIA Y OTRO C/ BARBERO ELIDA HAYDEE Y OTROS S/ ORDINARIO DAÑOS Y PERJUICIOS\" - Expte. Nº 8678 La propia CSJN tiene dicho que no constituye prejuzgamiento la opinión expresada por la magistratura en sus sentencias sobre los puntos cuya dilucidación requirieron los juicios en que fueron dictadas, aun en el supuesto de que se plantearan nuevamente cuestiones idénticas o analógicas a las ya resueltas (Palacio Lino Enrique, \"Derecho Procesal Civil\", 5ta. edición actualizada, Tomo I, Abeledo Perrot, pág. 660, Buenos Aires, 2022).",
      "3.- De esta manera, debido a que su actuación importó juzgamiento y no prejuzgamiento en los términos de la norma respectiva, ya que lo decidido se limitó al deber jurisdiccional de expedirse respecto de los temas que le fueron sometidos a conocimiento, corresponde rechazar la excusación formulada por la Sra. Vocal Gisela N. Schumacher, dejar sin efecto la integración dispuesta en fecha 28/10/2024 y, en consecuencia, disponer el cese de la intervención del Sr.",
      "Vocal subrogante, Daniel O. Carubia.",
      "Por último, habiendo mayoría de opiniones, EL SR. VOCAL EN EJERCICIO DE LA PRESIDENCIA DEL STJ, LEONARDO PORTELA, se abstiene de votar y firmar la presente resolución con arreglo a lo dispuesto por el art. 33 de la LOPJ, texto según ley 10.704.",
      "En consecuencia, se"
    ],
    "RESUELVE": [
      "\"HEIT GABRIELA NATALIA Y OTRO C/ BARBERO ELIDA HAYDEE Y OTROS S/ ORDINARIO DAÑOS Y PERJUICIOS\" - Expte. Nº 8678 RECHAZAR la excusación formulada por la Sra. Vocal Gisela N.",
      "Schumacher, dejar sin efecto la integración dispuesta en fecha 28/10/2024 y, en consecuencia, disponer el cese de la intervención del Sr. Vocal subrogante, Daniel O. Carubia; QUEDANDO INTEGRADA esta Sala con la Sra. Vocal Gisela N.",
      "Schumacher, el Sr. Vocal Carlos Federico Tepsich y el Sr. Vocal Leonardo Portela (art. 33 LOPJ).",
      "Regístrese y notifíquese conforme arts. 1 y 4 Acordada 15/18 SNE.",
      "Ante mí. En igual fecha se registró. Conste. Asimismo, se deja constancia que la presente se suscribe mediante firma digital -Acuerdo Gral. 11/20 del 23-6-2020, Punto 4°) prescindiéndose de su impresión en formato papel."
    ]
  }
}