{
  "METADATOS": {
    "ID_FALLO": "8792",
    "MES": "11",
    "ARTICULOS_CITADOS": {
      "citations": [
        {
          "main_source": "Ley 7046",
          "cited_articles": [
            30,
            3,
            63,
            64,
            94
          ],
          "extra": null
        },
        {
          "main_source": "Ley 10.704",
          "cited_articles": [
            33
          ],
          "extra": "texto según ley"
        },
        {
          "main_source": "Acuerdo General 15/18 SNE",
          "cited_articles": [
            1,
            4
          ],
          "extra": "conforme"
        },
        {
          "main_source": "Otro",
          "cited_articles": [
            28,
            114,
            29
          ],
          "extra": "Art. 28, artículo 114, Art. 29 de esta ley"
        }
      ]
    }
  },
  "MATERIA_PRELIMINAR": "USUCAPION",
  "IDEA_CENTRAL": "**IDEA CENTRAL DEL FALLO:**\n\nEl fallo judicial en el caso \"BOBADILLA, GRISELDA LEONOR C/ TAVELLA PABLO CONSTANTE Y OTRA -SUS SUCESORES Y/O HEREDEROS- S/ USUCAPION\" se centra en la regulación de honorarios profesionales de los abogados involucrados en un recurso de inaplicabilidad de ley. La decisión principal es la determinación de los montos a abonar a los letrados por su actuación en el proceso, conforme a la ley arancelaria aplicable.\n\n**Fundamento Legal:**\n\nLa regulación de honorarios se basa en la Ley 7046, específicamente en los artículos 30, 3, 63, 64 y 94, que establecen los criterios y porcentajes aplicables para la determinación de los honorarios en función del valor del litigio y la labor realizada por los abogados.\n\n**Aspectos Legales Relevantes:**\n\n1. **Ley 7046**: Regula los honorarios de abogados y procuradores.\n2. **Art. 30**: Establece la escala general para la regulación de honorarios.\n3. **Art. 28**: Dispone sobre la notificación de la regulación de honorarios.\n4. **Art. 114**: Regula el pago de honorarios y establece plazos para su abono.\n\n**Razonamiento del Tribunal:**\n\nEl tribunal, tras evaluar el avalúo fiscal y la labor de los letrados, determina que los honorarios deben ser regulados en función de un porcentaje del valor del juicio. Se establece un monto específico para cada abogado, considerando la proporción de su intervención en el proceso. La decisión se fundamenta en la necesidad de garantizar una compensación justa por los servicios prestados, en cumplimiento con la normativa vigente.\n\nEn conclusión, el fallo no solo regula los honorarios, sino que también reafirma la importancia de la correcta aplicación de las leyes en la materia, asegurando que los profesionales del derecho reciban una remuneración adecuada por su trabajo.",
  "CONTENIDO": {
    "INICIO": [
      "\"BOBADILLA, GRISELDA LEONOR C/ TAVELLA PABLO CONSTANTE Y OTRA -SUS SUCESORES Y/O HEREDEROS- S/ USUCAPION\" Expte. Nº 8792.",
      "PARANÁ, 12 de noviembre de 2024."
    ],
    "VISTO Y CONSIDERANDO": [
      "Que los autos \"BOBADILLA, GRISELDA LEONOR C/ TAVELLA PABLO CONSTANTE Y OTRA -SUS SUCESORES Y/O HEREDEROS- S/ USUCAPION\" - Expte. Nº 8792, vienen a consideración de este Tribunal a los fines de regular honorarios por la actuación profesional en el recurso de inaplicabilidad de ley resuelto en fecha 15/5/2023.",
      "En dicha tarea, considerando la base económica del juicio según el avalúo fiscal acompañado el 1/7/2024 y el monto del jurista al día de la fecha ($ 55.246,62), el valor a considerar a los fines regulatorios asciende a 102,96 juristas.",
      "Por aplicación de la escala general del art. 30 de la ley arancelaria y valorando la labor desarrollada en esta instancia, el 21% de 102,96 juristas son 21,62 juristas, que es el monto que correspondería regular a la parte vencedora en primera instancia.",
      "De esta manera, por la labor en esta instancia extraordinaria amerita regular el 50% de 21,62 juristas al letrado de la parte vencedora y el 70% de esa suma al letrado de la parte vencida (arts. 3, 63, 64 y 94 de la ley 7046).",
      "Por último, habiendo mayoría de opiniones, EL SR. VOCAL EN EJERCICIO DE LA PRESIDENCIA DEL STJ, LEONARDO PORTELA, se abstiene de votar y firmar la presente resolución con arreglo a lo dispuesto por el art.",
      "33 de la LOPJ, texto según ley 10.704.",
      "En consecuencia, se"
    ],
    "RESUELVE": [
      "REGULAR los honorarios profesionales a los letrados Matías Gabriel Rodríguez y Juan Cruz Pessolani por el recurso de inaplicabilidad de ley resuelto en las respectivas sumas de pesos quinientos noventa y siete mil doscientos quince con noventa y seis centavos ($ 597.215,96) equivalentes a 10,81 juristas, y pesos cuatrocientos dieciocho mil cincuenta y uno con diecisiete centavos ($ 418.051,17) equivalentes a 7,567 juristas; más IVA si correspondiere.",
      "Notifíquese conforme arts. 1º y 4º Ac. Gral. 15/18 SNE, regístrese y oportunamente devuélvase.",
      "Ante mí. En igual fecha se registró. Asimismo, se deja constancia que la presente se suscribe mediante firma digital -Acuerdo Gral. 11/20 del 23-6-2020, Punto 4°) prescindiéndose de su impresión en formato papel.",
      "Existiendo regulación de honorarios a abogados y/o procuradores, cumpliendo con lo dispuesto por la ley 7046, se transcriben los siguientes los artículos:",
      "Art. 28: NOTIFICACIÓN DE TODA REGULACIÓN. Toda regulación de honorarios deberá notificarse personalmente o por cédula. Para el ejercicio del derecho al cobro del honorario al mandante o patrocinado, la notificación deberá hacerse en su domicilio real.",
      "En todos los casos la cédula deberá ser suscripta por el Secretario del Juzgado o Tribunal con transcripción de este artículo y del artículo 114 bajo pena de nulidad. No será necesaria la notificación personal o por cédula de los autos que resuelvan los reajustes posteriores que se practiquen por aplicación del artículo 114.",
      "Art. 114: PAGO DE HONORARIOS. Los honorarios regulados judicialmente deberán abonarse dentro de los diez (10) días de quedar firme los autos regulatorios. Los honorarios por trabajos extrajudiciales y los convenidos por escrito, cuando sean exigibles, se abonarán dentro de los diez (10) días de requerido el pago en forma fehaciente. Los honorarios calculados en la forma prevista en el Art. 29 de esta ley, devengarán intereses de pleno derecho, desde la mora y hasta el efectivo pago, los que serán fijados por el juez de la causa, siguiendo el mismo criterio que el utilizado para establecer la actualización de los valores económicos de la misma."
    ]
  }
}