{
  "METADATOS": {
    "ID_FALLO": "9012",
    "MES": "11",
    "ARTICULOS_CITADOS": {
      "citations": [
        {
          "main_source": "Código Procesal Civil y Comercial (CPCC)",
          "cited_articles": [
            506,
            280,
            509,
            472,
            544,
            65,
            509,
            510
          ],
          "extra": null
        },
        {
          "main_source": "Código Civil y Comercial (CCC)",
          "cited_articles": [
            1614,
            2640,
            2564,
            2560,
            1838,
            7,
            1820
          ],
          "extra": "art. 1434 y ss. del código derogado"
        },
        {
          "main_source": "Ley 6351",
          "cited_articles": [
            52
          ],
          "extra": "nuevo art. 52 de la Ley 6.351"
        },
        {
          "main_source": "Ley 7046",
          "cited_articles": [
            3,
            15,
            63,
            64,
            71,
            94
          ],
          "extra": null
        },
        {
          "main_source": "Constitución Nacional (CN)",
          "cited_articles": [
            18,
            17
          ],
          "extra": null
        },
        {
          "main_source": "Decreto 958/79",
          "cited_articles": [],
          "extra": "y modificatorios"
        },
        {
          "main_source": "Ley 27.440",
          "cited_articles": [
            217
          ],
          "extra": "y ctes."
        },
        {
          "main_source": "Otro",
          "cited_articles": [
            50
          ],
          "extra": "art. 50 del Pliego de Condiciones Generales de la Licitación"
        },
        {
          "main_source": "Ley 11.151",
          "cited_articles": [],
          "extra": null
        },
        {
          "main_source": "Acuerdo General 15/18 SNE",
          "cited_articles": [
            1,
            4
          ],
          "extra": "conforme arts. 1º y 4º"
        },
        {
          "main_source": "Reglamento de Presentaciones Electrónicas",
          "cited_articles": [],
          "extra": "texto según ley 10.704"
        }
      ]
    }
  },
  "MATERIA_PRELIMINAR": "MONITORIO EJECUTIVO",
  "IDEA_CENTRAL": "### IDEA CENTRAL DEL FALLO\n\n**Decisión Judicial Principal:** El Tribunal declaró improcedente el recurso de inaplicabilidad de ley interpuesto por el Superior Gobierno de la Provincia de Entre Ríos, confirmando la sentencia de la Cámara Segunda de Apelaciones de Paraná que rechazó la excepción de prescripción de la acción ejecutiva sobre certificados de obra pública.\n\n**Fundamento Legal:** La decisión se basa en la consideración de que los certificados de obra pública son títulos ejecutivos, aunque no poseen la naturaleza de títulos circulatorios ni son endosables. Se aplican los artículos 506 y 2640 del Código Civil y Comercial (CCC) y se destaca que la acción no estaba sujeta a prescripción por el plazo quinquenal general.\n\n### Aspectos Legales Relevantes\n\n1. **Naturaleza de los Certificados:** Se determinó que los certificados de obra son actos administrativos que acreditan un crédito a favor del contratista, pero no constituyen órdenes de pago ni títulos endosables.\n2. **Prescripción de la Acción:** Se rechazó la aplicación del artículo 2564 inciso d) del CCC, que establece un plazo de prescripción anual para documentos endosables, argumentando que los certificados no se ajustan a esta categoría.\n3. **Ley 27.440:** Se mencionó que esta ley permite la negociación de certificados de obra pública, pero no se aplicó retroactivamente al caso en cuestión.\n\n### Razonamiento del Tribunal\n\nEl Tribunal argumentó que, aunque los certificados de obra son títulos ejecutivos que reconocen una deuda líquida y exigible, no son títulos circulatorios. La Cámara de Apelaciones había correctamente calificado los certificados como instrumentos públicos, lo que les otorga valor probatorio, pero no les confiere la capacidad de ser endosados. Además, se concluyó que la acción no había prescripto, dado que se interpuso dentro del plazo legal.\n\n### Conclusión\n\nEl fallo reafirma la naturaleza jurídica de los certificados de obra pública como títulos ejecutivos, pero limita su capacidad de circulación y endoso, estableciendo un precedente importante sobre la ejecución de deudas derivadas de contratos de obra pública en el ámbito administrativo.",
  "CONTENIDO": {
    "INICIO": [
      "\"PIACENZA NELSON AUGUSTO C/ SUPERIOR GOBIERNO DE LA PROVINCIA DE ENTRE RIOS S/ MONITORIO EJECUTIVO\" - Expte. Nº"
    ],
    "ACUERDO": [
      "En la ciudad de Paraná, capital de la provincia de Entre Ríos, a los siete días del mes de noviembre del año dos mil veinticuatro reunidos los integrantes de este Tribunal asistidos por el Secretario autorizante, para conocer el recurso de inaplicabilidad de ley deducido en fecha 6/11/2023 en las actuaciones:",
      "\"PIACENZA NELSON AUGUSTO C/ SUPERIOR GOBIERNO DE LA PROVINCIA DE ENTRE RIOS S/ MONITORIO EJECUTIVO\" - Expte. Nº 9012, respecto de la resolución de la Sala Primera de la Cámara Segunda de Apelaciones de Paraná dictada en fecha 18/10/2023. Que la votación debe tener lugar en el siguiente orden: Sra. Vocal Gisela N. Schumacher; Sr. Vocal Carlos Federico Tepsich y Sr. Vocal Leonardo Portela.",
      "Estudiados los autos, la Sala se planteó las siguientes cuestiones:",
      "¿qué corresponde resolver respecto del recurso de inaplicabilidad de ley interpuesto? y, en su caso, ¿cómo deben regularse los honorarios profesionales en esta instancia?",
      "A LA PRIMERA CUESTIÓN PROPUESTA LA SRA."
    ],
    "VOCAL GISELA N. SCHUMACHER DIJO": [
      "1.- La Cámara Segunda, Sala Primera, de la ciudad de Paraná dictó sentencia (18/10/2023) por la cual rechazó el recurso de apelación interpuesto por la ejecutada, Superior Gobierno de la Provincia de Entre Ríos, contra el fallo dictado el 6/6/2023, el que confirmó. Impuso las costas de la alzada a la ejecutada vencida y reguló honorarios profesionales.",
      "La parte demandada criticó la naturaleza jurídica que el sentenciante de grado asignó a los certificados de obra ejecutados por el actor y, en consecuencia, el encuadre legal de la prescripción de la acción tendiente a su cobro.",
      "El tribunal de grado, en postura coincidente con doctrina especializada, se expidió en el sentido que un certificado importa un acto administrativo no ejecutorio en el que consta la realización de un monto de obra verificado por la administración, que es extendido en formularios que revisten el carácter de instrumentos públicos.",
      "Lo definió como “el acto administrativo que, revistiendo forma de instrumento público, prueba la existencia de un crédito, parcial o definitivo, a favor de un contratista de obra pública”.",
      "En lo sustancial, la cámara juzgó que, desde un enfoque técnico formal, el certificado de obra pública es un “instrumento público” a los efectos probatorios, lo que implica la plena fe en su autenticidad.",
      "Consideró también que, como instrumentos públicos, los certificados de obra pública prueban la existencia de créditos -parciales o definitivos- a favor del contratista de obra pública, pero no son un medio u orden de pago, por lo que no importan un pago.",
      "\"PIACENZA NELSON AUGUSTO C/ SUPERIOR GOBIERNO DE LA PROVINCIA DE ENTRE RIOS S/ MONITORIO EJECUTIVO\" - Expte. Nº A su vez, el tribunal los calificó como “título ejecutivo” en los términos del art. 506 del Código Procesal Civil y Comercial, aunque aclaró que tal carácter no implica que se trate de títulos circulatorios, como son los títulos de crédito.",
      "En efecto, la cámara sentenciante entendió que su forma de transmisión es la cesión de créditos regulada en el art. 1614 del CCC (art. 1434 y ss. del código derogado), pero no el endoso, como lo sostuvo el apelante.",
      "En consecuencia, concluyó que la acción no se encuentra prescripta porque se interpuso dentro del plazo quinquenal genérico de prescripción previsto en el art. 2640 del CCC, y por no ser aplicable el término establecido en el art. 2564 inciso d) del CCC respecto a los documentos endosables.",
      "2.- Contra el referido pronunciamiento se alza el Superior Gobierno de la provincia e interpone el recurso de inaplicabilidad.",
      "Luego de reseñar los requisitos formales y propios vinculados con la admisibilidad del remedio impugnaticio, denuncia que en la sentencia se violaron, inaplicaron y/o mal aplicaron el art. 2564 inc. d) del CCC; la Ley provincial 6.351; el Decreto reglamentario 958/79 y modificatorios y la Ley 27.440, art. 217 y ctes., y que con ello se vulneró la garantía del debido proceso y la defensa en juicio (art. 18 CN), el derecho de propiedad (art. 17 CN) y la seguridad jurídica.",
      "Sostiene que el recurso halla su justificación en la pretensión de volver al orden legal y corregir el error incurrido por la judicatura actuante al sostener que los certificados de obra pública son esencialmente actos administrativos causales, puesto que la sentencia contraría concretas normas relacionadas con la circulación de títulos (certificados de obra negociables en el mercado de capitales, conforme la ley 27.440 en su art. 217 y ley 26.831 y ctes.); y se agravia de la desestimación de la excepción de prescripción de la acción.",
      "Sostiene que la sentencia es definitiva, puesto que el rechazo de la excepción liberatoria no podrá discutirse en otro proceso de conocimiento posterior (en principio permitido para las causas que versan sobre títulos ejecutivos), ya que dicha materia sustancial no está comprendida en el catálogo de ítems revisables en un ulterior juicio de conocimiento.",
      "Además, que en caso de denegarse el RIL el crédito se tornaría exigible y con ello se producirían los desplazamientos patrimoniales en forma casi inmediata, con gravamen irreparable y de muy improbable (dificultoso, engorroso o imposible) recupero o repetición.",
      "Posteriormente, el recurrente cuestiona el error de la cámara de asimilar los efectos del contrato administrativo a la naturaleza del título ejecutivo.",
      "Denuncia que el fallo equiparó y confundió el proceso de obra \"PIACENZA NELSON AUGUSTO C/ SUPERIOR GOBIERNO DE LA PROVINCIA DE ENTRE RIOS S/ MONITORIO EJECUTIVO\" - Expte. Nº pública, el contrato de obra y el certificado de obra pública, pues establece para cada uno cierta naturaleza y efectos jurídicos que no son exactos.",
      "Cuestiona que la sentencia niegue a los certificados la atribución legal de abstracción y autonomía; sostiene que la decisión es excesivamente formal y dogmática al desconocer la regulación legal y el funcionamiento de los certificados en el plano de la realidad procesal y la dinámica económica de la sociedad civil y comercial.",
      "Expresa que la sentencia resolvió en forma incorrecta la equiparación de los certificados de obra pública como actos administrativos causados, y que es erróneo vincularlo con la prohibición del art. 49 del Pliego de Condiciones Generales de Contratación.",
      "Manifiesta que el certificado de obra expedido ya es un compromiso de deuda totalmente desvinculado de esa obra pública, y por ende también desentendido del \"acto administrativo\"; del cual deriva; y reitera que el certificado de obra no es ni puede ser un \"acto administrativo\", porque escapa y excede su teoría jurídica general.",
      "Arguye que el fallo le agravia debido a que la Cámara de Apelaciones erró al indagar en la naturaleza negociable, transferible o endosable de los certificados.",
      "Invoca que la sentencia no tuvo en cuenta que de la exteriorización del título con la consigna “copias negociables”, de la propia ley de obras públicas 6.531 y su reglamentación (Decr. 958 MESOP) y de las leyes 27.440 y 26.813 resulta que la naturaleza jurídica de los instrumentos en ejecución son negociables y transmisibles, con prescindencia de la actuación o conocimiento del deudor.",
      "También cuestiona el plazo de prescripción establecido en la sentencia, al ser contrario a los documentos cuya naturaleza es la circulación comercial y dinámica y, dijo que la sentencia no se expidió al respecto.",
      "Culmina señalando que la excepción de prescripción de la acción oportunamente articulada debe ser admitida con alcance a la totalidad de los títulos presentados, por haber transcurrido el lapso de un año previsto por la norma del art. 2564 inc. d) del CCC.",
      "Peticiona que se admita la excepción de prescripción opuesta, estableciendo la prescripción de la acción respecto de la totalidad de los certificados de obra pública presentados.",
      "3.- Se confirió el traslado de ley del recurso articulado, el que fue contestado por la parte ejecutante, quien solicita se declare inadmisible y se impongan las costas a la contraria (17/11/2023).",
      "4.- El recurso de inaplicabilidad de ley fue concedido con efecto suspensivo y se elevó a esta Sala Civil y Comercial, por decisión del 5/2/2024.",
      "\"PIACENZA NELSON AUGUSTO C/ SUPERIOR GOBIERNO DE LA PROVINCIA DE ENTRE RIOS S/ MONITORIO EJECUTIVO\" - Expte. Nº 5.- Señalados los aspectos relevantes del caso, me introduzco en el abordaje del recurso incoado.",
      "a) Análisis de admisibilidad del recurso La instancia extraordinaria no fue concebida como un medio para reexaminar lo decidido por las magistraturas de grado, sino que tiene por fin procurar un control sobre la correcta aplicación del derecho a los hechos del caso.",
      "El análisis de admisibilidad se lleva a cabo cronológicamente en dos oportunidades: la primera, por las cámaras con la finalidad de decidir su concesión y la segunda, por esta Sala que analiza nuevamente las condiciones de admisibilidad y, de corresponder, las de procedencia.",
      "Entiendo que las exigencias técnicas del recurso con relación al cuestionamiento a la excepción de prescripción rechazada están satisfechas.",
      "En efecto, se interpuso en forma tempestiva y no es necesario el depósito previo, a tenor de lo dispuesto en el artículo 280, 6° párr. del CPCC. En cuanto a la nota de definitividad de la sentencia, la cámara fundó correctamente su concesión, al considerar que, de acuerdo con jurisprudencia de este tribunal, las resoluciones judiciales que deciden sobre la prescripción de la acción en procesos de naturaleza ejecutiva -ya sea que la conceda o que la rechace- son definitivas debido a que la cuestión no podrá ser renovada en un ulterior juicio de conocimiento.",
      "A su vez, en el memorial recursivo se denuncia en forma cabal y detallada cuál ha sido la norma que se considera quebrantada, y se indica con precisión en qué consiste la infracción o el error de juzgamiento y cómo impacta en la solución que se adoptó.",
      "b) Análisis de procedencia. Fundamentos de mi decisión Dicho ello, cabe recordar que jueces y juezas no estamos obligados a tratar todos y cada uno de los argumentos de las partes, sino solo aquellos oportunamente propuestos y que sean conducentes para la resolución del caso1.",
      "Adelanto que si bien el memorial recursivo despliega motivos suficientes en lo que refiere a la fundabilidad, y tienden a demostrar que el fallo en revisión incurrió en afirmaciones contradictorias sobre la naturaleza de los certificados de obra pública, la definición que propongo confirma la solución dictada en la anterior instancia.",
      "b.1.- El punto en discusión -introducido y abordado por la Fiscalía de Estado- se relaciona con que la sentencia atribuyó aptitud de título ejecutivo a los certificados de obra presentados en la ejecución, pero les denegó su atributo circulatorio y la posibilidad de cobro al portador vía endoso.",
      "Repasando las constancias de la causa surge que:",
      "1CSJN, Fallos: 331:2077, 329:4931, entre otros.",
      "\"PIACENZA NELSON AUGUSTO C/ SUPERIOR GOBIERNO DE LA PROVINCIA DE ENTRE RIOS S/ MONITORIO EJECUTIVO\" - Expte. Nº - El proceso se inicia con la demanda monitoria ejecutiva articulada ante el juzgado de ejecuciones, donde se persigue el cobro de una suma de dinero en función de determinados certificados de obra pública extendidos por un organismo estatal.",
      "A la demanda se le da curso, se habilita el trámite en función de las normas que regulan el proceso de estructura monitoria, ya que para el magistrado de primera instancia el título invocado se adecuó (a primera vista) en las previsiones contenidas en los artículos 509 y 472 en adelante del CPCC; y traba de embargo mediante, se dicta la sentencia que manda llevar adelante la ejecución.",
      "En sentido concordante con el que resolvió la Corte Suprema al admitir el derecho del actor a exigir la cancelación de una deuda por vía ejecutiva, en un supuesto en el que existía un reconocimiento de deuda por parte de la administración de obligaciones nacidas con ocasión de la suscripción de un contrato de obra pública2.",
      "- En efecto, al encontrarse impagos los certificados acompañados por el actor se habilita la vía ejecutiva para su cobro, sin cuestionarse la habilidad ejecutiva de tales instrumentos. No se exigió el acompañamiento del expediente 2CSJN, Fallo 7/10/03 \"Mandataria de Negocios S.A. v. Dirección Nacionalidad de Vialidad - Resol. 365/97 s/ proceso de ejecución\".",
      "licitatorio y constancias vinculadas a la obra, ya que alcanzó con la incorporación de aquellos documentos.",
      "- La sentencia en crisis avala el trámite ejecutivo que se le imprimió al cobro de la deuda, donde se prescindió del expediente o trámite que la originó; sin embargo le resta la posibilidad para que circule en el mercado por medio de la figura del endoso.",
      "b.2.- La cámara arribó a la conclusión de que el certificado de obra es un título ejecutivo, pero que carece de autonomía y abstracción y de la posibilidad de negociarse y circular vía endoso.",
      "Ahora bien, el fallo no logra explicar un aspecto neurálgico del asunto que fue propuesto por la recurrente: si una vez expedido el certificado, queda desvinculado de la causa del crédito y adquiere suficiente independencia para circular, de dónde surge que se pueda denegar el endoso, y consecuentemente aplicarle las normas que gobiernan la prescripción para tales instrumentos.",
      "b.3.- Advierto también que en el pronunciamiento recurrido se alude a dos conceptos que deben distinguirse. Esto es, la naturaleza de las constancias obrantes en expedientes administrativos y los instrumentos públicos.",
      "Señala Gordillo que es muy discutible que los documentos emanados de cualquier funcionario tengan el carácter de instrumentos públicos; la jurisprudencia lo ha negado en reiteradas oportunidades. Ese carácter no surge del Código Civil [hoy Código Civil y Comercial], ni puede tampoco extraerse de \"PIACENZA NELSON AUGUSTO C/ SUPERIOR GOBIERNO DE LA PROVINCIA DE ENTRE RIOS S/ MONITORIO EJECUTIVO\" - Expte. Nº principios teóricos subjetivamente postulados, sin fundamento normativo alguno3.",
      "Al desempeñarme como jueza de la Cámara en lo Contencioso Administrativo de Paraná, tuve oportunidad de pronunciarme al respecto4.",
      "Allí sostuve que: el expediente administrativo no puede ser calificado de instrumento público, más allá de si para dicha calificación se recurre al derecho privado -art. 289 y siguientes del Código Civil y Comercial- o se utiliza el derecho público local. La norma local a la que cabe acudir es la de trámite administrativo (7.060). De ella no surge el carácter de instrumento público ni del expediente, ni de los actos administrativos, ni de las demás constancias obrantes en un expediente administrativo.",
      "Es verdad, sin embargo, que el principio de legalidad arroja un manto legitimante sobre toda la producción documental de la Administración pública -en sentido amplio- que diferencia a ésta de los meros instrumentos privados.",
      "Es claro, en el análisis de la ley de procedimiento administrativo entrerriana, que la misma aduna la postura antes referida sobre la distinción entre 3GORDILLO, Agustín. \"Tratado de derecho administrativo y obras selectas\", Tomo 3, El acto administrativo. 10a. edición, Buenos Aires, F.D.A., 2011, Capítulo VII, pág. 17.",
      "4\"Andreotti, Claro Sabatino c/ Dirección Provincial de Vialidad (DPV) y Estado Provincial s/ contencioso administrativo\" del 31/3/16 y \"Miavasa S.A. c/ Estado Provincial s/ contencioso adminsitrativo\", del 9/5/16, entre otros.",
      "actos administrativos y otros informes o documentos que puedan obrar en el trámite administrativo producto del procedimiento administrativo.",
      "En ese marco, es posible suponer, dados los sellos impresos en dichos documentos, su ubicación dentro de un procedimiento administrativo, foliatura, etc., que los y las funcionarias que los habrían firmado emitieron los mismos en el marco de su competencia atribuida.",
      "Por ende, descartado el carácter de instrumento público cuya desvirtuación requiere el procedimiento de redargución de falsedad, el valor que debe asignársele a tales manifestaciones de voluntad, dependerá de cada caso (tipo de documento, emisor, constancias que rodeen la emisión del mismo, procedimiento específico utilizado para dicha emisión, entre otras).",
      "En este caso, se trata de un documento que reconoce una deuda líquida y exigible; que eventualmente podría ser discutida a través de la inhabilidad de título.",
      "b.4.- Desde otro ángulo, existe un conjunto de normativa nacional que -conforme se expuso en el recurso-, en forma expresa habilita la circulación de los certificados.",
      "En primer lugar, advierto que la ley 27.440 es posterior a la emisión del certificado anterior y, por tanto, no sería aplicable al caso.",
      "Sin perjuicio de ello, cabe considerar que la ley nacional 27.440 denominada Ley de Financiamiento Productivo, artículo 217, dice: \"[l]os \"PIACENZA NELSON AUGUSTO C/ SUPERIOR GOBIERNO DE LA PROVINCIA DE ENTRE RIOS S/ MONITORIO EJECUTIVO\" - Expte. Nº certificados de obra pública podrán ser negociados en los Mercados autorizados por la Comisión Nacional de Valores, de conformidad con la reglamentación que dicte ese organismo como autoridad de aplicación. Dichos certificados gozarán de oferta pública en los términos de la ley 26.831 y sus modificaciones”.",
      "En nuestro derecho local, específicamente en la ley de obras públicas no hay una norma expresa que brinde una pauta específica atinente a la circulación de los certificados ni que contemple un plazo de prescripción.",
      "Por lo tanto, es posible aplicar subsidiariamente la ley nacional, que es derecho común y que modifica las leyes 20.643, 23.576, 24.083, 25.246, 26.831, 26.994, 27.264, entre otras.",
      "Se trata de una ley dictada por el Congreso que en razón de la materia es de aplicación por la judicatura local en todo el territorio de la Nación.",
      "Como vemos, la disposición nacional autoriza a que los certificados de obra puedan comercializarse y ofertarse en el mercado de capitales, a fin de que un sujeto pueda invertir en la compra de tales instrumentos, que conllevan una promesa de pago (como si se tratase de un cheque o pagaré).",
      "Al respecto, cabe hacer algunas precisiones:",
      "La Comisión Nacional de Valores es un organismo autárquico que funciona bajo la órbita del Ministerio de Economía y es el encargado de la promoción, supervisión y control del mercado de capitales, que cuenta con jurisdicción en todo el país. Fue creada en 1968 por la Ley de Oferta Pública (Ley 17.811) y actualmente se rige por el marco normativo conferido por la Ley de Mercado de capitales (26.831) y las modificaciones introducidas por la Ley de Financiamiento Productivo (27.440).",
      "Justamente, los títulos valores son instrumentos que nacieron para facilitar las transacciones comerciales y la circulación de derechos.",
      "Por su parte, el artículo 1815 del CCC, dice que los títulos valores incorporan una obligación incondicional e irrevocable de una prestación y otorgan a cada titular un derecho autónomo, sujeto a lo previsto en el artículo 1816, según el cual el portador de buena fe de un título valor que lo adquiere conforme con su ley de circulación, tiene un derecho autónomo, y le son inoponibles las defensas personales que pueden existir contra anteriores portadores y aquí radica la nota de autonomía.",
      "No caben dudas que estamos en presencia de un documento que, al adquirir tal condición, permite que el deudor se libere cumpliendo frente al tenedor legítimo, así como que el acreedor pueda transmitir el crédito.",
      "Entonces, encuentro que dicha norma es la que autoriza a negociar y transmitir tales certificados.",
      "En efecto, los certificados acompañados por la parte ejecutante \"PIACENZA NELSON AUGUSTO C/ SUPERIOR GOBIERNO DE LA PROVINCIA DE ENTRE RIOS S/ MONITORIO EJECUTIVO\" - Expte. Nº son títulos ejecutivos que, en cuanto tales llevan ínsito un derecho autónomo.",
      "b.5.- También es cierto que el fallo atacado incurre en algunas contradicciones. En efecto sostiene la tesis de que los certificados son un título ejecutivo y para ello destaca que son el resultado de un cálculo que fija una obligación de dar sumas de dinero por parte de la Administración, siendo la suma que en base a tal cálculo se hace \"cierta, líquida y exigible\", es decir, incondicional, de importe determinado y que debe hacerse efectivo en el término señalado por la ley, pliego de condiciones o contrato.",
      "Sin embargo, luego menciona que \"el certificado de obra, que no es un título abstracto o incausado; no existe desprendimiento del negocio jurídico base; por el contrario, éste se encuentra yacente y tanto es así que al momento de la liquidación definitiva de la obra pueden hacerse reajustes numéricos\".",
      "No acuerdo con la definición contenida en el párrafo antes transcripto puesto que tales reajustes (y que son de la obra en curso) en nada modifican el certificado que se emitió originariamente y que puede presentarse para su cobro.",
      "Me pregunto, si esa actualización a la que se refiere y que tornaría al instrumento inescindiblemente vinculado con una causa, o con un negocio base, y que sería una de las razones para negar que sea un título circulatorio, tuvo alguna implicancia en este pleito a la hora de habilitar la vía ejecutiva para el cobro de los certificados. Claramente, la respuesta es negativa.",
      "Además, en el caso de suceder un ajuste numérico, se emite un nuevo certificado que no tiene ninguna implicancia sobre el que se extendió en un inicio y que, sin perjuicio de ser reiterativa, cobró independencia y se pudo ejecutar.",
      "Una lectura de las constancias del expediente me permite concluir que al acreedor no se le exigió la carga de probar la vinculación con la obra, el carácter invocado, el estado de avance de la obra, si se produjeron reajustes, etcétera. Nada de ello, simplemente se dio curso a la ejecución, como sucede con cualquier otro título que trae aparejada ejecución.",
      "b.6.- Efectuadas tales aclaraciones, cabe preguntarse si el certificado de obra expedido por la administración es -o no- un título endosable.",
      "Es aquí donde radica fundamentalmente la solución del caso. Para dar respuesta a tal interrogante cabe remitirse al art. 50 del Pliego de Condiciones Generales de la Licitación (no así al art. 49 que refiere al negocio causal). La norma establece que la circulación de los certificados de obra opera a través del instituto de la cesión de créditos.",
      "Hasta aquí la ley de circulación no establece que el diseño de la transmisión del derecho pueda efectuarse a través del endoso. El carácter \"PIACENZA NELSON AUGUSTO C/ SUPERIOR GOBIERNO DE LA PROVINCIA DE ENTRE RIOS S/ MONITORIO EJECUTIVO\" - Expte. Nº negociable no significa necesariamente -como pretende la parte recurrente- que pueda transferirse conforme el modo de circulación previsto para los títulos valores a la orden (art. 1838 CCC).",
      "En este estado, recuerdo que el art. 2564 CCC fija el plazo de prescripción anual para \"los reclamos procedentes de cualquier documento endosable o al portador, cuyo plazo comienza a correr desde el día del vencimiento de la obligación\".",
      "Como ya anunciara, más allá del carácter autónomo del título extendido por la administración, no puede predicarse a su respecto el carácter endosable, conforme la ley de circulación.",
      "En este punto, siendo la norma antes transcripta de carácter excepcional, corresponde interpretarla de manera restrictiva5.",
      "En virtud de las razones expuestas y siendo que el legislador local no previó un plazo especial para perseguir el cobro de la acreencia objeto del presente litigio, corresponde confirmar la solución adoptada en la anterior instancia y rechazar la excepción de prescripción opuesta por la ejecutada (art.",
      "2560 del CCC).",
      "5LORENZETTI, Ricardo Luis - Director, \"Código Civil y Comercial de la Nación - comentado\", 1a. ed. revisada, Santa Fe, Rubinzal-Culzoni, 2015, T° XI, pág. 367.",
      "6.- En definitiva, propongo declarar improcedente el recurso de inaplicabilidad de ley interpuesto e imponer las costas a la ejecutada vencida (arts.",
      "544 y 65 del CPCC). ASÍ VOTO.",
      "A LA PRIMERA CUESTIÓN PROPUESTA EL SR.",
      "Considerando la suma condenada en la presente ejecución, los intereses y el monto del jurista al día de la fecha ($ 55.246,62), el valor a considerar a los fines regulatorios asciende a 72,43 juristas.",
      "Por aplicación del art. 71 de la ley arancelaria se debe aplicar el 80% de la escala general del art. 30. Por lo tanto, valorando la labor desarrollada en esta instancia, el 16% de 72,43 juristas son 11,58 juristas, que es el monto que correspondería regular a la parte vencedora en primera instancia.",
      "De esta manera, por la labor en esta instancia extraordinaria amerita regular el 50% de 11,58 juristas al letrado de la parte vencedora y no regular al representante del Estado por resultar vencido (arts. 3, 15, 63, 64, 71 y 94 de la ley 7046). ASÍ VOTO.",
      "A LA SEGUNDA CUESTIÓN PROPUESTA EL SR. VOCAL"
    ],
    "VOCAL CARLOS FEDERICO TEPSICH DIJO": [
      "1.- La reseña de los antecedentes relevantes de la causa ha sido prolija y suficientemente expuesta por la Señora Vocal preopinante.",
      "A criterio del dicente la solución que corresponde al recurso de inaplicabilidad de ley bajo juzgamiento es diferente a la que viene propiciada.",
      "2.- En el ámbito de los procesos de ejecución el tema de la habilidad del título es central dado que se trata de uno de sus presupuestos esenciales, por tal razón la magistratura debe verificar en cualquier estadio del proceso, inclusive el recursivo, si el documento invocado es uno de los mencionados en los arts. 509 y 510 del CPCC o si ha sido reconocido con ese carácter por otras leyes.",
      "Este deber de control, aunque no exista petición de parte y sin que los principios de preclusión y congruencia constituyan un óbice válido para ello, refiere a un presupuesto procesal. De allí que la habilidad del título pueda ser motivo de un nuevo examen en las instancias recursivas, no obstante a no ser materia de agravio (mi voto in re: “Turín c. Romero”, del 29-3-2019). La doctrina es pacífica al respecto (Fassi- Maurino, Código Procesal Civil y Comercial de la \"PIACENZA NELSON AUGUSTO C/ SUPERIOR GOBIERNO DE LA PROVINCIA DE ENTRE RIOS S/ MONITORIO EJECUTIVO\" - Expte. Nº Nación, Astrea, Buenos Aires, 2002, T. 3º, p. 972; Palacio, Derecho Procesal Civil, Abeledo, Buenos Aires, 1994, T. VII, p. 391; Peyrano, “Plurales oportunidades para examinar judicialmente la habilidad de un título ejecutivo. Su legitimación teórica”, JA, 2005-III-1003; Ravelli, “Juicio Ejecutivo. La segunda oportunidad para examinar la eficacia del título ejecutivo”, LL 1982-C, 346; Highton - Areán, Código Procesal Civil y Comercial de la Nación. Concordado con los códigos provinciales. Análisis doctrinal y jurisprudencial, Hammurabi, Buenos Aires, T. 9º, p. 617, 629/630; Masciotra, Poderes deberes del juez en el proceso civil, Astrea, 2014, p. 151/153).",
      "Entonces, como no puede haber juicio ejecutivo sin un título a la que la ley le conceda ejecución, advierto que en el caso resulta imperioso y urgente ahora establecer si el instrumento acompañado por la ejecutante es un título ejecutivo.",
      "3.- Los certificados de obras públicas son un instrumento fehaciente con el cual se acredita que el contratista ha realizado un determinado monto de obra, cuya existencia la administración ha verificado y mensurado y, adicionalmente, acredita el monto del crédito del contratista por la porción de la obra realizada” (BEZZI, Osvaldo M. El contrato de obra pública, Lex. La Plata, 1977; DROMI, José R. – KEMELMAJER DE CARLUCCI, Aída. “La cesión de los certificados de obra pública frente a la quiebra del contratista”, LL, t. 156, sección Doctrina).",
      "Se ha señalado que estos certificados son verdaderos actos de la Administración pública que contienen una declaración emitida como consecuencia de un contrato de obra pública, empero no constituyen “per se una orden de pago, ni siquiera una promesa de pago en los términos ejecutivos” (Barra, Rodolfo, Contrato de obra pública, Ábaco, Buenos Aires, 1998, T. 3º, p. 926). En este sentido, se ha hecho notar que a pesar de contener este instrumento un reconocimiento de un crédito por el monto allí consignado a favor del contratista, no constituye una orden de pago, de modo que aunque ese crédito sea por una suma líquida, cierta y exigible no puede ser exigido por vía del proceso ejecutivo (Balbín, Carlos F., Tratado de Derecho Administrativo, La Ley, Buenos Aires, 2011, T. V, p. 401 y sus citas).",
      "La doctrina comparada, aún cuando le asigna una naturaleza jurídica diferente, coincide en no reconocerles aptitud ejecutiva: “…si los certificados de obras o valuaciones, son documentos necesarios que incorporan un derecho literal (aunque no en toda su amplitud) y tal derecho no es autónomo de cualquier relación anterior, no podemos predicar que sea un título valor…” (Martínez, Juan M. ”Naturaleza Jurídica de las certificaciones de obra”, Cámara de Comptos de Navarra. España, 1997).",
      "\"PIACENZA NELSON AUGUSTO C/ SUPERIOR GOBIERNO DE LA PROVINCIA DE ENTRE RIOS S/ MONITORIO EJECUTIVO\" - Expte. Nº 4.- No escapa a este análisis que se está en presencia de un documento que se asemeja enormemente a los títulos valores, de ahí que se los pueda categorizar como “Títulos de Legitimación”, que no otorgan acción ejecutiva para cobrar el crédito declarado.",
      "Son títulos que no ofrecen todos los caracteres peculiares de los títulos valores, bien porque la incorporación del derecho al título no sea perfecta, bien porque el derecho no sea verdaderamente literal y autónomo, pero que permiten que el deudor se libere cumpliendo frente al tenedor legítimo del documento, así como que el acreedor pueda transmitir el crédito (Martínez, ob.cit.). El derecho que otorgan estos documentos no es de carácter literal, ya que pueden ser modificados o enervados por las relaciones emergentes de otros documentos, ni tiene el carácter necesario, pues son documentos que poseen sólo aptitudes probatorias y no constitutivas del derecho reconocido (Gómez Leo, Osvaldo en Código Civil Comentado Tratado Exegético, Dir. Alterini, 2da Edición, La Ley, Buenos Aires, 2016, T. VIII, p. 786/87; y sus citas).",
      "5.- El art. 52 de la Ley 6.351, en la versión que resulta aplicable (art. 7, CCC), al definir qué se debe entender por certificado expresa que es “todo crédito documentado que expida la administración al contratista con motivo del contrato de obra pública…”, sin que, de esta norma u otra, surja sea un título hábil para ser reclamado por la vía ejecutiva; tampoco ello es posible extraerlo de las condiciones del propio certificado (art. 1820, CCC).",
      "Bajo tales coordenadas el certificado de obra pública no puede ser encuadrado como “El instrumento público presentado en forma” (art. 509, inc. 1º, CPCC), por más que en él se exprese una suma determinada o fácilmente liquidable no constituye título ejecutivo. La existencia de una obligación dineraria líquida o fácilmente liquidable, exigible, es una condición necesaria para que, según el art. 506 del CPCC, el acreedor pueda proceder ejecutivamente, más ello sólo no es suficiente en tanto la noción que brinda la misma disposición exige que siempre se trate de “un título que traiga aparejada ejecución”; y, por ello que, los antecedentes que se citan en el fallo del tribunal ad quem deban calificarse como jurisprudencia deformante.",
      "De todos modos, la cuestión ha perdido actualidad para casos futuros en razón de la reciente reforma legislativa operada por la Ley provincial 11.151.",
      "6.- En definitiva, propicio hacer lugar al recurso de inaplicabilidad de ley deducido por el Señor Fiscal de Estado y, en consecuencia, CASAR la sentencia impugnada rechazando la pretensión ejecutiva deducida.",
      "Asimismo, en razón de las particularidades que exhibe el proceso, estimo que las costas en todas las instancias deben ser impuestas en el orden \"PIACENZA NELSON AUGUSTO C/ SUPERIOR GOBIERNO DE LA PROVINCIA DE ENTRE RIOS S/ MONITORIO EJECUTIVO\" - Expte. Nº causado (arts. 65, 2º párrafo, y 66, CPCC). ASÍ VOTO.",
      "A LA PRIMERA CUESTIÓN PROPUESTA EL SR. VOCAL"
    ],
    "LEONARDO PORTELA DIJO": [
      "1.- Que adhiero a la solución que la Dra. Schumacher propone al conflicto por compartir sus fundamentos.",
      "Sin perjuicio del tratamiento íntegro que la colega hace del asunto, considero posible hacer un comentario respecto de un aspecto puntual.",
      "2.- Que, al oponerse a la sentencia monitoria, el Sr. Fiscal de Estado introdujo como defensa la prescripción que contempla el art. 2564 inciso d) del CCC.",
      "Sostuvo, en síntesis, que los certificados de obra son documentos endosables o al portador, de donde se desprendería que el derecho a exigir su cobro prescribe al año. Esta postura implica asimilar –o identificar, al menos en lo que atañe a la prescripción-, a los títulos valores que regula el decreto ley 5.963, letra de cambio y pagaré.",
      "3.- Que asimilar figuras legales conlleva la necesidad de justificar de manera indubitada que ello es posible y, en el caso, no creo que esto se haya logrado.",
      "Para ser breve, la letra de cambio y pagaré son “instrumentos notoriamente imprescindibles para el tráfico de valores, materias primas y productos”, (sic DL 5.963), que contienen “La promesa incondicionada de pagar una suma determinada de dinero” previo identificar “El nombre de aquel al cual, o a cuya orden, debe efectuarse el pago”, (art. 1, incisos 2 y 6 DL 5.963).",
      "Es decir, tienen una finalidad especial, que es facilitar el tráfico comercial, y son creados de modo unilateral. Esto último es esencial.",
      "4.- Que los colegas que me preceden se han ocupado de señalar la naturaleza jurídica de los certificados de obra, de lo cual destaco que se trata de un reconocimiento de deuda emitido por personal del Estado facultado a tal fin. Esa es, incluso, la definición que establece el nuevo art. 52 de la Ley 6.351 a partir de la modificación introducida por la Ley 11.151 (septiembre 2024).",
      "Lo relevante, en mi opinión por supuesto, es que este reconocimiento de deuda tiene origen en una relación previa habida entre el Estado contratante y el contratista; es decir, aunque puede ser autónomo, no es abstracto.",
      "De tal modo, entiendo que la asimilación de los certificados de obra pública -regidos, en su totalidad por el derecho público-, a la letra de cambio y pagaré -regidos, en general por el derecho privado-, no resulta viable, ya que se trata de figuras distintas que tienen finalidad distinta y así deben ser tratados; de modo diferente.",
      "5.- Que si bien la discusión generada a partir de la defensa opuesta \"PIACENZA NELSON AUGUSTO C/ SUPERIOR GOBIERNO DE LA PROVINCIA DE ENTRE RIOS S/ MONITORIO EJECUTIVO\" - Expte. Nº pudo darse tangencialmente, lo cierto es que son los tribunales de justicia los que deben elegir el derecho aplicable. No es una opción ni una alternativa, es una obligación. ASÍ VOTO.",
      "A LA SEGUNDA CUESTIÓN PROPUESTA LA SRA.",
      "Me abstengo de emitir opinión con arreglo a lo dispuesto por el art. 33 de la LOPJ, texto según ley 10.704.",
      "Con lo que no siendo para más se da por finalizado el acto quedando acordada la siguiente sentencia:",
      "Paraná, 7 de noviembre de 2024."
    ],
    "CARLOS FEDERICO TEPSICH DIJO": [
      "Adhiero al voto de la Sra. Vocal preopinante. ASÍ VOTO.",
      "A LA SEGUNDA CUESTIÓN PROPUESTA EL SR. VOCAL"
    ],
    "Y VISTO": [
      "Por los fundamentos del acuerdo que antecede y por mayoría se,"
    ],
    "RESUELVE": [
      "DECLARAR IMPROCEDENTE el recurso de inaplicabilidad de ley deducido en fecha 6/11/2023, respecto de la resolución de la Sala Primera de la Cámara Segunda de Apelaciones de Paraná dictada en fecha 18/10/2023.",
      "IMPONER costas a la ejecutada vencida (arts. 544 y 65 del CPCC).",
      "REGULAR los honorarios profesionales al letrado Julián Pablo Pedrotti en la suma de pesos trescientos diecinueve mil ochocientos setenta y siete con noventa y dos centavos ($ 319.877,92) equivalentes a 5,79 juristas.",
      "Notifíquese conforme arts. 1º y 4º Ac. Gral. 15/18 SNE, regístrese y oportunamente devuélvase.",
      "\"PIACENZA NELSON AUGUSTO C/ SUPERIOR GOBIERNO DE LA PROVINCIA DE ENTRE RIOS S/ MONITORIO EJECUTIVO\" - Expte. Nº Ante mí. En igual fecha se registró. Asimismo, se deja constancia que la presente se suscribe mediante firma digital -Acuerdo Gral. 11/20 del 23-6-2020, Punto 4°) prescindiéndose de su impresión en formato papel.",
      "Existiendo regulación de honorarios a abogados y/o procuradores, cumpliendo con lo dispuesto por la ley 7046, se transcriben los siguientes los artículos:",
      "Art. 28: NOTIFICACIÓN DE TODA REGULACIÓN. Toda regulación de honorarios deberá notificarse personalmente o por cédula. Para el ejercicio del derecho al cobro del honorario al mandante o patrocinado, la notificación deberá hacerse en su domicilio real. En todos los casos la cédula deberá ser suscripta por el Secretario del Juzgado o Tribunal con transcripción de este artículo y del artículo 114 bajo pena de nulidad. No será necesaria la notificación personal o por cédula de los autos que resuelvan los reajustes posteriores que se practiquen por aplicación del artículo 114.",
      "Art. 114: PAGO DE HONORARIOS. Los honorarios regulados judicialmente deberán abonarse dentro de los diez (10) días de quedar firme los autos regulatorios. Los honorarios por trabajos extrajudiciales y los convenidos por escrito, cuando sean exigibles, se abonarán dentro de los diez (10) días de requerido el pago en forma fehaciente. Los honorarios calculados en la forma prevista en el Art. 29 de esta ley, devengarán intereses de pleno derecho, desde la mora y hasta el efectivo pago, los que serán fijados por el juez de la causa, siguiendo el mismo criterio que el utilizado para establecer la actualización de los valores económicos de la misma."
    ]
  }
}