{
  "METADATOS": {
    "ID_FALLO": "9060",
    "MES": "11",
    "ARTICULOS_CITADOS": {
      "citations": [
        {
          "main_source": "Código Civil y Comercial (CCC)",
          "cited_articles": [
            593
          ],
          "extra": null
        },
        {
          "main_source": "Código Procesal Civil y Comercial (CPCC)",
          "cited_articles": [
            269,
            65,
            66
          ],
          "extra": null
        },
        {
          "main_source": "Otro",
          "cited_articles": [
            2572
          ],
          "extra": null
        },
        {
          "main_source": "Ley 10.704",
          "cited_articles": [],
          "extra": null
        },
        {
          "main_source": "Ley 24.522 (LCQ - Ley de Concursos y Quiebras)",
          "cited_articles": [
            325
          ],
          "extra": null
        },
        {
          "main_source": "Acuerdo General 15/18 SNE",
          "cited_articles": [
            1,
            4
          ],
          "extra": null
        },
        {
          "main_source": "Acuerdo General 11/20",
          "cited_articles": [],
          "extra": "del 23-6-2020, Punto 4°"
        },
        {
          "main_source": "Otro",
          "cited_articles": [],
          "extra": "TAFFAREL JOSE LUIS RAMON C/ TAFFAREL MARIA LUCRECIA Y OTRO S/ ORDINARIO - Expte. Nº 9060"
        },
        {
          "main_source": "Otro",
          "cited_articles": [],
          "extra": "Tulian Jonathan C/Cavalott Antonio D. y otra s/ Ordinario Impugnación de Paternidad, Expte. 13.079"
        },
        {
          "main_source": "Otro",
          "cited_articles": [],
          "extra": "ST Jujuy, Sala Civ. y Com. y Fam., 22/10/19, «T., L. y M., F. R. c. C., C. E. s/Impugnación de reconocimiento», RCCyC, 2020 (marzo), 79"
        },
        {
          "main_source": "Corte Interamericana de Derechos Humanos",
          "cited_articles": [],
          "extra": "CIDH, “L.M. Medidas provisionales c. Paraguay”, 1-7-11"
        },
        {
          "main_source": "Corte Suprema de Justicia de la Nación (CSJN)",
          "cited_articles": [],
          "extra": "Fallos:330:642, votos de los ministros Maqueda y Argibay"
        },
        {
          "main_source": "Otro",
          "cited_articles": [],
          "extra": "Davico, María de los Angeles - Kemelmajer de Carlucci, Aída, “Aspectos constitucionales de la legitimación del presunto padre biológico para impugnar la filiación matrimonial; reflexiones a partir de una sentencia”, LL 2014-E-88"
        },
        {
          "main_source": "Otro",
          "cited_articles": [
            33
          ],
          "extra": "de la LOPJ"
        }
      ]
    }
  },
  "MATERIA_PRELIMINAR": "ORDINARIO",
  "IDEA_CENTRAL": "**IDEA CENTRAL DEL FALLO**\n\nEn el caso \"Taffarel José Luis Ramón c/ Taffarel María Lucrecia y otro\", el Tribunal resolvió a favor del recurso de inaplicabilidad de ley interpuesto, revocando la sentencia de la Cámara de Apelaciones que había admitido la impugnación de reconocimiento de filiación extramatrimonial. La decisión se fundamenta en la existencia de una sólida posesión de estado y un vínculo socio-afectivo consolidado entre los demandados y el progenitor reconocido, que se había mantenido durante más de 50 años.\n\n**Aspectos Legales Relevantes:**\n1. **Código Civil y Comercial (CCC)**: Artículo 593, que establece el plazo de caducidad para la acción de impugnación de reconocimiento de filiación.\n2. **Código Procesal Civil y Comercial (CPCC)**: Artículos 65 y 66, que regulan las costas y el principio del vencimiento.\n\n**Fundamento Legal:**\nEl Tribunal argumentó que la caducidad de la acción debe ser considerada de oficio, dado que es una materia que no puede ser dispuesta por las partes. Se enfatizó que el reconocimiento de filiación no puede ser impugnado sin una justificación probatoria sólida, especialmente cuando existe una posesión de estado que respalda la identidad familiar.\n\n**Razonamiento del Tribunal:**\nEl Tribunal destacó que el conocimiento del acto de reconocimiento por parte del actor no era verosímil, dado el prolongado ejercicio de derechos y obligaciones familiares por parte de los demandados. Se subrayó que la identidad familiar y su estabilidad son fundamentales para la seguridad jurídica y el bienestar de los involucrados. La decisión final reafirma la importancia de proteger la realidad socio-afectiva existente frente a intentos de impugnación que carecen de sustento probatorio.\n\nEn conclusión, el fallo reafirma la primacía del derecho a la identidad y la estabilidad familiar, rechazando la impugnación basada en argumentos que no se sostienen ante la evidencia de una relación filial consolidada.",
  "CONTENIDO": {
    "INICIO": [
      "\"TAFFAREL JOSE LUIS RAMON C/ TAFFAREL MARIA LUCRECIA Y OTRO S/ ORDINARIO\" - Expte. Nº 9060"
    ],
    "ACUERDO": [
      "En la ciudad de Paraná, capital de la provincia de Entre Ríos, a los veintiocho días del mes de noviembre del año dos mil veinticuatro reunidos los integrantes de este Tribunal asistidos por el Secretario autorizante, para conocer el recurso de inaplicabilidad de ley deducido en fecha 2/11/2023 en las actuaciones: \"TAFFAREL JOSE LUIS RAMON C/ TAFFAREL MARIA LUCRECIA Y OTRO S/ ORDINARIO\" - Expte. Nº 9060, respecto de la resolución de la Sala Civil y Comercial de la Cámara de Apelaciones de Gualeguaychú dictada en fecha 19/10/2023. Se practicó el sorteo de ley resultando que la votación debía tener lugar en el siguiente orden: Sr. Vocal Carlos Federico Tepsich; Sra. Vocal Gisela Schumacher y Sr. Vocal Leonardo Portela.",
      "Estudiados los autos, la Sala se planteó la siguiente cuestión:",
      "¿qué corresponde resolver respecto del recurso de inaplicabilidad de ley interpuesto?",
      "A LA CUESTIÓN PROPUESTA EL SR. VOCAL CARLOS"
    ],
    "FEDERICO TEPSICH DIJO": [
      "1.- La sentencia de fecha 19/10/2023 de la Sala Primera de la Cámara de Apelaciones de la Ciudad de Gualeguaychú admitió el recurso de apelación contra la sentencia de primera instancia e hizo lugar a la acción de impugnación de reconocimiento de filiación extramatrimonial promovida.",
      "El Sr. Vocal que comandó el acuerdo, Dr. Morahan -a cuyo voto adhirió el Sr. Vocal Dr. Arnolfi- consideró que quedó determinado que la prueba producida (ADN) probó la no existencia de vínculo paterno filial entre el extinto padre con los accionados, de allí que analizando los extremos del art.",
      "593 CCC, esto es la legitimación sustancial activa como así la inexistencia de vínculo biológico, y siendo que ambos quedaron acreditados, consideró que la acción debía prosperar no pudiendo serle opuesta a tal realidad el derecho a la identidad en su faz dinámica sin perjuicio de lo cual -en pos de la efectiva protección a la identidad personal- los accionados debían mantener el apellido.",
      "La Sra. Vocal Dra. Pauletti, partió de entender que la inteligencia del plazo de caducidad de la acción intentada previsto en el art. 593 CCC, evidencia la importancia que tiene en las relaciones de familia el principio de estabilidad, y la consecuente imposibilidad de modificar, en cualquier momento, el vínculo filiatorio existente, lo que conllevaría a una intromisión ilegítima y arbitraria en la vida privada familiar. Resaltó que no se encuentra discutida la posesión de estado y la socio-afectividad, por lo que al relacionarlo con el concepto de interés legítimo y el marco fáctico de la causa, concluyó que debe darse preeminencia al derecho de los accionados. Ratificó su criterio tanto en la adecuada ponderación de los derechos involucrados, como en antecedentes doctrinales, el valor de la identidad dinámica y la indudable socio-afectividad existente. Remarca que eventualmente el derecho sucesorio cuenta con soporte legal para situaciones como las presentes, tal como el \"TAFFAREL JOSE LUIS RAMON C/ TAFFAREL MARIA LUCRECIA Y OTRO S/ ORDINARIO\" - Expte. Nº 9060 previsto 730 CPP.",
      "2.- Contra tal pronunciamiento, interpuso la demandada recurso de inaplicabilidad de ley cuya concesión motiva la presente.",
      "Afirma que la sentencia efectúa una errónea valoración de las circunstancias de hecho existentes dado que omite el verdadero afecto habido entre el progenitor y los accionados, como así también que el efectivo valor del acto de reconocimiento, el que considera consentido.",
      "Alega que la forma de razonar de los Vocales que formaron la mayoría, lesiona derechos personalísimos relativos a la identidad y al derecho a una familia, al darle mayor entidad al interés económico del actor en desplazar el actual estado de familia.",
      "Entiende que el concepto de identidad no se limita a su faz biológica -identidad estática- sino que también comprende la realidad filiatoria creada por una posesión de estado consolidada -identidad dinámica-; frente a lo que remarca, además, que la misma corresponde a la real voluntad del progenitor.",
      "Funda en certeza jurídica y tutela efectiva de los derechos personales y entiende que el reconocimiento del derecho del que gozaban sus representados no conduce a una afección de los intereses del actor.",
      "En particular, califica de arbitrario el voto del Señor Vocal Dr.",
      "Arnolfi respecto de lo que concluyó en torno a la legitimación del actor y la caducidad; aduciendo en relación a esta última que la acción está caduca, lo que no fue motivo de recurso, por lo que no puede ponderarse en virtud del art. 269 CPCC.",
      "3.- En fecha 14/11/2023 el actor contesta el recurso.",
      "4.- Dictamina la Sra. Procuradora Adjunta, Dra. Mónica Carmona, quien propicia se haga lugar al recurso deducido y en consecuencia se case la sentencia puesta en crisis, dado que considera que la misma no resulta acorde a derecho y a las circunstancias acreditadas en la causa, lo que conlleva a la afectación de las garantías constitucionales.",
      "5.- De la reseña precedente surge la necesidad de comenzar el tratamiento de lo que constituye materia de recurso con aquellos agravios que hacen a la caducidad de la acción.",
      "Asiste razón a la recurrente en cuanto a que el tribunal ad quem en el caso no se encontraba impedido del juzgamiento del punto, en razón de la limitación establecida en el art. 269 del CPCC, puesto que el año que establece el art. 593 del CCC para que los terceros interesados ejerciten la acción de impugnación de reconocimiento es de caducidad. De tal modo, de conformidad a lo que dispone el art. 2572 de este último cuerpo legal: “La caducidad sólo debe ser declarada de oficio por el juez cuando está establecida por la ley y es materia sustraída a la disponibilidad de las partes”, el conocimiento de la cuestión debía llevarse a cabo no obstante la falta de petición de la parte dado que los dos presupuestos se cumplen en la especie.",
      "\"TAFFAREL JOSE LUIS RAMON C/ TAFFAREL MARIA LUCRECIA Y OTRO S/ ORDINARIO\" - Expte. Nº 9060 6.- He señalado como integrante de un tribunal de grado que “Las consecuencias que tiene el desplazamiento filiatorio que supone la impugnación del reconocimiento, exige de los jueces un criterio estricto y atento, lo que excluye que se pueda asumir como único elemento de la fijación del dies a quo del plazo anual de caducidad establecido en la citada disposición la declaración unilateral del interesado sin confrontarla con las demás circunstancias que hacen a su entorno o trama” (mi voto in re: \"Tulian Jonathan C/Cavalott Antonio D. y otra s/ Ordinario Impugnación de Paternidad”, Expte.",
      "13.079).",
      "El artículo 593 del CCC sujeta el cómputo del plazo de caducidad de la acción de impugnación de reconocimiento por los terceros interesados a partir de dos hitos alternativos que se exhiben como cuestiones de hecho que deben ser determinadas en concreto de manera rigurosa. Ello así, puesto que en las acciones de impugnación concurren, por un lado el derecho constitucional de acceso efectivo a la justicia y el principio de igualdad ante la ley y, por el otro, la necesidad de establecer un límite para lograr concretar elementales exigencias de seguridad jurídica que requiere la consolidación del estado de familia.",
      "7.- Si bien el accionante refiere haber tomado conocimiento del reconocimiento que nos ocupa recién en mayo/2018, este extremo fáctico no puede ser tomado por cierto sin más, en tanto las circunstancias concretas y relevantes de la causa dan cuenta de un escenario incompatible con esa afirmación.",
      "En la especie hay un dato fáctico fundamental que no puede ser pasado por alto: los demandados tienen la posesión de estado de hijos del reconociente; es decir, hay una situación filial pública coincidente con el emplazamiento jurídico dado por el reconocimiento efectuado hace más de 50 años y que se ha proyectado hacia sus hijos y nietos. Esta realidad no pudo ser ignorada por el accionante o relativizada a los fines de ubicar la existencia del acto de reconocimiento con una simple afirmación sin respaldo probatorio que auxilie en la verificación de ese alejamiento del núcleo familiar que relata en la demanda.",
      "8.- La posesión de estado de familia es el goce público, notorio y constante de una determinada situación familiar que surge del prolongado ejercicio fáctico de los derechos y obligaciones propios de la misma, con prescindencia de quien los ejerza tenga el título de estado correspondiente a dicha situación o carezca de él.",
      "Esta noción da claramente cuenta de los elementos de esta institución familiar: 1) el nomen -nombre- que es el uso del apellido familiar; 2) el tractus -trato-, es decir la dispensa de un tratamiento recíproco de padre e hijo y 3) la fama, o sea, el trato en relación con la pertenencia a determinada familia, tanto en el interior de ella como en la sociedad; y que justifica que vínculos como estos sean presumidos como una suerte de pacto de revalidación \"TAFFAREL JOSE LUIS RAMON C/ TAFFAREL MARIA LUCRECIA Y OTRO S/ ORDINARIO\" - Expte. Nº 9060 tácita diaria por todos los integrantes de la familia y que no puedan ser neutralizados so pretexto de un supuesto desconocimiento de la existencia de reconocimiento. Además, en particular, el goce del apellido Taffarel por parte de los accionados desde antes que el actor naciera exigía un mayor esfuerzo de justificación de la ignorancia de su fuente.",
      "9.- En el contexto de autos, signado por la coincidencia del título de estado formal con el título de estado material de los demandados, el posicionamiento que se hace en la demanda para ubicar el conocimiento efectivo del acto del reconocimiento llevado a cabo por su progenitor recién en el mes de mayo de 2018 no resulta verosímil.",
      "El vínculo socio-afectivo público que reconocen todas las partes existentes entre los accionados y Luis María Taffarel, se exhibe consolidado -reitero, a la fecha han transcurrido más de cincuenta años-, por lo que no puede ser neutralizado con una simple afirmación respecto de la cual no aportó prueba alguna y tampoco se muestra compatible con la conducta asumida por sus hermanos, María Eugenia y Juan Martín Taffarel, en los autos “Taffarel, Luis María s/ Sucesorio” (Expte. 8306) -ver fs. 26, de ese expediente agregado por cuerda al Legajo documental del presente-.",
      "10.- La interpretación restrictiva que cabe en materia de caducidad no se opone al temperamento que estoy exponiendo en tanto no se aprecian pormenores que den lugar a una falta de certeza o duda acerca de que José Luis Ramón Taffarel conocía, ya durante la vida del reconociente, que el emplazamiento filial de sus hermanos respondía a título jurídico.",
      "El emplazamiento filial hace a la identidad familiar y su modificación conmueve los fundamentos mismos de la existencia de todos los involucrados por lo que no puede estar sujeto a una inestabilidad crónica que terminaría equiparando la situación del accionante, que para esta acción es un tercero con un interés legítimo, con la de la persona reconocida que puede efectuar la impugnación en cualquier tiempo; lo que claramente el legislador distingue y separa al dar una solución diferente sobre este punto.",
      "Por lo demás, no razonar de esta manera transforma prácticamente este derecho de impugnación para los terceros en inextinguible dado que quedaría a su libre arbitrio fijar la fecha a partir de la cual habría de computarse el plazo de caducidad; lo que está en franca contraposición a los principios y normas que rigen nuestro ordenamiento jurídico (ST Jujuy, Sala Civ. y Com. y Fam., 22/10/19, «T., L. y M., F. R. c. C., C. E. s/Impugnación de reconocimiento», RCCyC, 2020 (marzo), 79).",
      "11.- Insisto, las circunstancias particulares del caso aconsejan exigir al accionante el cumplimiento de una mayor carga probatoria respecto de esa desinformación acerca del acto de reconocimiento que afirmó en el acto de inauguración del proceso.",
      "Hacer caso omiso a una realidad que surge in re ipsa para habilitar una acción que así planteada cabe calificarla como injerencia indebida \"TAFFAREL JOSE LUIS RAMON C/ TAFFAREL MARIA LUCRECIA Y OTRO S/ ORDINARIO\" - Expte. Nº 9060 en la vida íntima familiar (CIDH, “L.M. Medidas provisionales c. Paraguay”, 1-7-11, entre muchos otros; CSJN, Fallos:330:642, votos de los ministros Maqueda y Argibay; Davico, María de los Angeles - Kemelmajer de Carlucci, Aída, “Aspectos constitucionales de la legitimación del presunto padre biológico para impugnar la filiación matrimonial; reflexiones a partir de una sentencia”, LL 2014-E-88).",
      "12.- En definitiva, sin que sea menester continuar en el tratamiento de las demás cuestiones, propongo al acuerdo admitir el recurso de inaplicabilidad de ley interpuesto y, en consecuencia, CASAR la sentencia impugnada y, por los fundamentos aquí expresados, dejar como pronunciamiento final del caso el fallo de primera instancia.",
      "En cuanto a las costas de las instancias recursivas corresponde estarse al principio objetivo del vencimiento (art. 65 y 66, CPCC - art. 325, LPF). ASÍ VOTO.",
      "A LA CUESTIÓN PROPUESTA LA SRA. VOCAL"
    ],
    "GISELA N. SCHUMACHER DIJO": [
      "Adhiero al voto emitido por el Sr. Vocal preopinante. ASÍ VOTO.",
      "Por último, habiendo mayoría de opiniones, EL SR. VOCAL EN EJERCICIO DE LA PRESIDENCIA DEL STJ, LEONARDO PORTELA, se abstiene de votar y firmar la presente resolución con arreglo a lo dispuesto por el art. 33 de la LOPJ, texto según ley 10.704.",
      "Con lo que no siendo para más se da por finalizado el acto quedando acordada la siguiente sentencia:",
      "Paraná, 28 de noviembre de 2024."
    ],
    "Y VISTO": [
      "Por los fundamentos del acuerdo que antecede se,"
    ],
    "RESUELVE": [
      "DECLARAR PROCEDENTE el recurso de inaplicabilidad de ley deducido en fecha 2/11/2023, CASAR la resolución de la Sala Primera Civil y Comercial de la Cámara de Apelaciones de Gualeguaychú dictada en fecha 19/10/2023 y, en consecuencia, DEJAR como pronunciamiento final del caso el fallo de primera instancia dictado el 8/3/2024.",
      "IMPONER costas a la vencida (arts. 65 y 66 del CPCC y art.",
      "325 LPF).",
      "HONORARIOS oportunamente.",
      "Tener presente la reserva del caso federal.",
      "Notifíquese conforme arts. 1º y 4º Ac. Gral. 15/18 SNE, regístrese y oportunamente devuélvase.",
      "\"TAFFAREL JOSE LUIS RAMON C/ TAFFAREL MARIA LUCRECIA Y OTRO S/ ORDINARIO\" - Expte. Nº 9060 Ante mí. En igual fecha se registró. Asimismo, se deja constancia que la presente se suscribe mediante firma digital -Acuerdo Gral. 11/20 del 23-6-2020, Punto 4°) prescindiéndose de su impresión en formato papel."
    ]
  }
}