{
  "METADATOS": {
    "ID_FALLO": "9070",
    "MES": "11",
    "ARTICULOS_CITADOS": {
      "citations": [
        {
          "main_source": "Código Procesal Civil y Comercial (CPCC)",
          "cited_articles": [
            329,
            276,
            280,
            160,
            161,
            264,
            342,
            372,
            281,
            65
          ],
          "extra": null
        },
        {
          "main_source": "Ley 7046",
          "cited_articles": [
            3,
            64,
            94
          ],
          "extra": "modif. por ley 11.141"
        },
        {
          "main_source": "Acuerdo General 15/18 SNE",
          "cited_articles": [
            1,
            4
          ],
          "extra": "conforme"
        },
        {
          "main_source": "Acuerdo General 11/20",
          "cited_articles": [],
          "extra": "del 23-6-2020, Punto 4°"
        }
      ]
    }
  },
  "MATERIA_PRELIMINAR": "USUCAPION",
  "IDEA_CENTRAL": "**IDEA CENTRAL DEL FALLO**\n\nEn el caso \"GELMINI LUIS ESTEBAN Y OTRA C/ ZANA YAMANDU Y/O QUIENES SE CONSIDEREN CON DERECHO S/ USUCAPIÓN\", el Tribunal declaró inadmisible el recurso de inaplicabilidad de ley interpuesto por la parte actora, confirmando la decisión de la Cámara de Apelaciones que había revocado la sentencia de primera instancia que admitía la usucapión del inmueble por parte de Gelmini. La decisión se fundamenta en la falta de acreditación de la posesión continua y exclusiva del inmueble por el plazo legal requerido.\n\n**Aspectos Legales Relevantes:**\n1. **Código Procesal Civil y Comercial**: Se citan artículos clave como el 276 (apelación automática), 280 (requisitos de admisibilidad del recurso), y 342 (presunciones por la incontestación de la demanda).\n2. **Usucapión**: Se discute la falta de posesión efectiva y continua del inmueble, así como la naturaleza de la relación de copropiedad entre Gelmini y Yamandú.\n\n**Fundamento de la Decisión:**\nEl Tribunal argumentó que la parte actora no demostró la posesión del inmueble por el tiempo requerido, y que su comportamiento indicaba un reconocimiento de la copropiedad, lo que debilitaba su pretensión de usucapión. La falta de congruencia en las alegaciones y la modificación de la demanda también fueron factores determinantes.\n\n**Razonamiento del Tribunal:**\nEl Tribunal concluyó que las pruebas presentadas no respaldaban la afirmación de posesión exclusiva y continua, y que las discrepancias en la narrativa de los hechos por parte de Gelmini debilitaron su posición. Además, se consideró que la mera discrepancia con la sentencia no era suficiente para abrir la vía de revisión casatoria, resultando en la inadmisibilidad del recurso.\n\nEn consecuencia, se impusieron costas a la parte vencida y se fijaron honorarios profesionales en un porcentaje de los establecidos en primera instancia.",
  "CONTENIDO": {
    "INICIO": [
      "\"GELMINI LUIS ESTEBAN Y OTRA C/ ZANA YAMANDU Y/O QUIENES SE CONDIDEREN CON DERECHO S/ USUCAPION\" - Expte. Nº 9070"
    ],
    "ACUERDO": [
      "En la ciudad de Paraná, capital de la provincia de Entre Ríos, a los trece días del mes de noviembre del año dos mil veinticuatro reunidos los integrantes de este Tribunal asistidos por el Secretario autorizante, para conocer el recurso de inaplicabilidad de ley deducido en fecha 27/2/2024 en las actuaciones:",
      "\"GELMINI LUIS ESTEBAN Y OTRA C/ ZANA YAMANDU Y/O QUIENES SE CONDIDEREN CON DERECHO S/ USUCAPION\" - Expte. Nº 9070, respecto de la resolución de la Sala Civil y Comercial de la Cámara de Apelaciones de Concepción del Uruguay dictada en fecha 14/2/2024. Que la votación debe tener lugar en el siguiente orden: Sra. Vocal Gisela N. Schumacher;",
      "Sr. Vocal Germán R. Carlomagno y Sr. Vocal Leonardo Portela.",
      "Estudiados los autos, la Sala se planteó las siguientes cuestiones:",
      "¿qué corresponde resolver respecto del recurso de inaplicabilidad de ley interpuesto? y, en su caso, ¿cómo deben regularse los honorarios profesionales en esta instancia?",
      "A LA PRIMERA CUESTIÓN PROPUESTA LA SRA. VOCAL"
    ],
    "GISELA SCHUMACHER DIJO": [
      "1.- La sentencia de primera instancia (30/8/2023), admitió la demanda y, en consecuencia, declaró que el señor Luis Esteban Gelmini ha \"GELMINI LUIS ESTEBAN Y OTRA C/ ZANA YAMANDU Y/O QUIENES SE CONDIDEREN CON DERECHO S/ USUCAPION\" - Expte. Nº 9070 adquirido por usucapión el inmueble objeto de este litigio, cuya fecha fijó el 1/8/2023, ordenó la cancelación de la inscripción perteneciente al dominio inscripto a nombre de Zana Yamandú, impuso las costas por su orden y difirió la regulación de los honorarios profesionales.",
      "2.- Conforme lo normado por el artículo 329 del Código Procesal Civil y Comercial (denominada apelación automática), se elevaron las actuaciones a la Cámara de Apelaciones de Concepción del Uruguay, Sala Civil y Comercial.",
      "3.- En tarea de la revisión encomendada, la alzada -por mayoría- hizo lugar al recurso de apelación automática y, en consecuencia, dejó sin efecto la sentencia del 30/8/2023, rechazando la acción de prescripción adquisitiva deducida, con costas en ambas instancias en el orden causado.",
      "Para así decidir, la alzada indicó que no se acreditó la posesión de la totalidad del inmueble por el plazo legal, ni mucho menos se acreditó que la relación de poder sobre la cosa comience en la fecha señalada en la demanda (año 1999).",
      "Reparó en que la sentencia de primera instancia resulta incongruente en tanto, en ella, se admitió una pretensión declarativa de usucapión distinta a lo que en definitiva constituyó el objeto habilitado.",
      "Apuntó que la demanda fue interpuesta en principio en fecha \"GELMINI LUIS ESTEBAN Y OTRA C/ ZANA YAMANDU Y/O QUIENES SE CONDIDEREN CON DERECHO S/ USUCAPION\" - Expte. Nº 9070 25/8/2015 sólo por Luis Esteban Gelmini, y luego esa pretensión fue modificada en dos oportunidades. Dijo que en esa primera presentación el actor afirmó ser poseedor del inmueble desde el año 1999.",
      "Referenció que a hojas 21 y vuelta del expediente se presentó a \"readecuar\" demanda, manifestando que la acción era dirigida únicamente contra Zana Yamandú, titular del 50% del inmueble a usucapir, y sólo a título informativo manifestó que su esposa Duarte Vera es titular de un 25% del mismo inmueble.",
      "Señaló que a hojas 31 y vuelta compareció esta última, quien reafirmó ser poseedora junto a su cónyuge del inmueble y que \"ambos van a usucapir el 100% del inmueble\", y que realizan el presente juicio a efectos que se inscriba el bien como ganancial y en condominio por partes iguales.",
      "Valoró que admitiéndose que la acción fue promovida por ambos coautores por la totalidad del inmueble, el desarrollo del relato dado en el primer escrito promocional discurre hacia la formulación de aclaraciones que, por su incompatibilidad, llevan a descartar una posesión de tal larga data como la afirmada.",
      "Explicó que Gelmini comenzó relatando que es poseedor desde el año 1999 y que luego lo adquirió por compra que efectuara en el año 2003, y que intentó durante muchos años ubicar al copropietario Zana Yamandú para que \"GELMINI LUIS ESTEBAN Y OTRA C/ ZANA YAMANDU Y/O QUIENES SE CONDIDEREN CON DERECHO S/ USUCAPION\" - Expte. Nº 9070 hiciera frente a diversas situaciones, incluso legales respecto del inmueble, y que como no logró ubicarlo, esa circunstancia lo condujo a abonar él mismo las costas y honorarios de las actuaciones caratuladas \"Baridon Gustavo F. c/ Yamandu Zana y otra s/ ejecución de honorarios\" (Nº 1204, año 2006), a fin de evitar el remate del bien.",
      "Consideró que los actores no se comportaron como dueños de la totalidad del inmueble ya que se vieron en la necesidad de adquirir onerosamente una porción del inmueble en el año 2003, y que tres años después continuaron comportándose como condóminos, entendiendo que se encontraban inmersos dentro de un régimen de comunidad o copropiedad, y que conocían y aceptaban la dinámica interna propia del derecho real de condominio, sin tener ningún tipo de intención de alzarse como poseedor exclusivo de la totalidad del inmueble proyectando esa posesión al todo, ello así por lo menos hasta el momento en que interpusieron la presente demanda -2015- (del voto del doctor Tepsich).",
      "Agregó que en el escrito presentado por los apoderados de la señora Duarte Vega el 28/7/2021 -que también lo son del señor Gelmini- no se efectuó un relato ordenado y circunstanciado de la forma en que ésta habría efectuado los presuntos actos posesorios cuya ejecución anteriormente se habían adjudicado exclusivamente a Gelmini, y posteriormente se pretende atribuir a \"GELMINI LUIS ESTEBAN Y OTRA C/ ZANA YAMANDU Y/O QUIENES SE CONDIDEREN CON DERECHO S/ USUCAPION\" - Expte. Nº 9070 ambos.",
      "Meritó que esta intercadencia debe jugar como un debilitamiento de la posición procesal de la parte que incurrió en ella; y, en consecuencia, de las dos versiones dadas por los actores para explicar su relación con la cosa que se pretende usucapir, se debe tomar aquella que favorece la de su ocasional contraria, en este caso el demandado (del voto del doctor Alú).",
      "4.- La parte actora interpuso recurso de inaplicabilidad de ley (27/2/2024).",
      "Denunció violación de los artículos 276, 280, 160 incisos 5 y 6, 161, 264, 372 y siguientes del Código Procesal Civil y Comercial; afectación de la sana crítica racional, por recaer en absurdidad en la valoración de la prueba, en violación a la doctrina establecida en la interpretación de los artículos de rito.",
      "Consideró que se efectuó una incorrecta interpretación del artículo 342 del Código Procesal Civil y Comercial, al no aplicar la presunción que opera por la incontestación de la demanda.",
      "Arguyó que la sentencia eliminó del análisis pruebas esenciales, que enumeró: incontestación de la demanda, testimonio de tres testigos, mandamiento de constatación, y documental variada de impuestos de ATER.",
      "Dijo que el expediente de ejecución de honorarios, cuya deuda con \"GELMINI LUIS ESTEBAN Y OTRA C/ ZANA YAMANDU Y/O QUIENES SE CONDIDEREN CON DERECHO S/ USUCAPION\" - Expte. Nº 9070 el profesional de derecho fue abonada por Gelmini, fue la única prueba analizada por la alzada para corroborar el supuesto estado de coposesión entre los actores y el demandado. Añadió que no se trató de ubicar al demandado, que la deuda no es fiscal y la búsqueda era para que abonara su deuda personal que, en alguna medida podría afectar la situación registral del inmueble (embargo), y que el coposeedor Gelmini abona los honorarios para no ser turbado en su derecho, no como un gasto de administración propio del condominio. Concluyó que abonar un juicio de honorarios del demandado implica un claro acto posesorio exclusivo.",
      "Arguyó que la falta de la contestación de la demanda y las presunciones que de este acto derivan no fueron justipreciadas, es decir que todos los hechos lícitos del libelo inicial, como el inicio de la posesión, su carácter exclusivo animus domini y la extensión de la misma se tienen por reconocidos.",
      "Refutó se endilgue incongruencia a la demanda y su aplicación.",
      "Refirió que la demanda se puede ampliar o transformar siempre que se haga antes de la notificación de la misma, lo que sucedió el 23/9/2021.",
      "Hizo reserva del caso federal.",
      "5.- La Cámara concedió el recurso de inaplicabilidad de ley deducido, con efecto suspensivo (5/4/2024).",
      "6.- Resumidos los antecedentes relevantes para la definición de la \"GELMINI LUIS ESTEBAN Y OTRA C/ ZANA YAMANDU Y/O QUIENES SE CONDIDEREN CON DERECHO S/ USUCAPION\" - Expte. Nº 9070 cuestión traída a juzgamiento recuerdo que el análisis preliminar de admisibilidad, previsto expresamente en nuestro ordenamiento procesal, indica que cuando el medio de impugnación se interpuso ante el mismo organismo jurisdiccional que dictó la resolución recurrida aquél sea llevado a cabo en dos oportunidades, la primera por la Cámara que analiza el cumplimiento de los requisitos formales de admisibilidad y de fundabilidad del planteo recursivo (artículos 276, 280 y 281 del Código Procesal Civil y Comercial), y la segunda por esta Sala.",
      "Conforme a las exigencias técnicas del recurso se debe efectuar el directo cuestionamiento de la sentencia definitiva de segunda instancia del cual derive una crítica y un ataque pertinentes a su fundamentación, que demuestren la errónea aplicación de la ley y/o doctrina legal emanada de este tribunal.",
      "No obstante la literalidad de la norma, se admite por vía pretoriana el análisis de cuestiones de hecho y prueba reservadas en principio a la magistratura de las instancias ordinarias, cuando se alegue y demuestre absurdidad o arbitrariedad en su valoración.",
      "7.- Bajo tales parámetros abordaré el recurso deducido por la parte actora.",
      "En tal cometido, advierto que si bien la impugnación casatoria fue incoada en representación de la señora Duarte Vera y el señor Gelmini, cierto es \"GELMINI LUIS ESTEBAN Y OTRA C/ ZANA YAMANDU Y/O QUIENES SE CONDIDEREN CON DERECHO S/ USUCAPION\" - Expte. Nº 9070 que la sentencia de primera instancia (revocada por la alzada) declaró adquirido por usucapión el inmueble en cuestión sólo por parte de Luis Esteban Gelmini, lo que no mereció cuestionamiento alguno en este litigio.",
      "Ello supone que el interés manifestado en el escrito recursivo permanece vivo únicamente en cabeza del señor Gelmini, y, en consecuencia, su análisis quedará ceñido a la posición de éste.",
      "8.- Sentado lo anterior, el abordaje de las críticas proferidas por el actor conllevan a determinar la inadmisibilidad del recurso extraordinario provincial intentado por incumplimiento de la carga contenida en el artículo 280, segundo párrafo, del código procesal civil y comercial.",
      "Aún cuando acertó el recurrente respecto a que la sentencia en crisis tiene visos de definitividad, en tanto valoró las conductas desplegadas por el señor Gelmini como un reconocimiento del condominio que lo unía al demandado, los argumentos vertidos en la pieza impugnaticia representan una mera discrepancia con la sentencia objetada.",
      "En efecto, el recurrente insiste con una particular tesis sobre los efectos que debieron darse a la incontestación de la demanda por la defensora de ausentes designada al efecto en este expediente, pero en tal achaque soslaya el argumento sentencial respecto a que los actos atribuidos a su parte obstan a la \"GELMINI LUIS ESTEBAN Y OTRA C/ ZANA YAMANDU Y/O QUIENES SE CONDIDEREN CON DERECHO S/ USUCAPION\" - Expte. Nº 9070 procedencia de la acción interpuesta, al menos en los términos que surgen de su propio relato.",
      "Además, la subjetiva mirada del recurrente encaminada a contestar los puntos que constituyeron el razonamiento sentencial, como lo son \"ubicación\" o \"búsqueda\" del demandado, incongruencia en el raconto de hechos, por ejemplo, muestran una mera discrepancia con lo decidido, insuficiente para la apertura de esta vía de revisión casatoria.",
      "9.- Por consiguiente, corresponde declarar la inadmisibilidad del recurso de inaplicabilidad de ley interpuesto, con costas a la vencida (artículo 65 del código procesal civil y comercial). ASÍ VOTO.",
      "A LA PRIMERA CUESTIÓN PROPUESTA EL SR. VOCAL"
    ],
    "GERMÁN R. CARLOMAGNO DIJO": [
      "Adhiero al voto emitido por la Sra. Vocal preopinante. ASÍ VOTO.",
      "A LA SEGUNDA CUESTIÓN PROPUESTA LA SRA.",
      "Adhiero al voto de la Sra. Vocal Gisela Schumacher. ASÍ VOTO.",
      "Por último, habiendo mayoría de opiniones, EL SR. VOCAL EN EJERCICIO DE LA PRESIDENCIA DEL STJ, LEONARDO PORTELA, se abstiene de votar y firmar la presente resolución con arreglo a lo dispuesto por el art. 33 de la LOPJ, texto según ley 10.704.",
      "Con lo que no siendo para más se da por finalizado el acto quedando acordada la siguiente sentencia:",
      "Paraná, 13 de noviembre de 2024."
    ],
    "VOCAL GISELA N. SCHUMACHER DIJO": [
      "Considerando la actividad desarrollada para abrir la instancia extraordinaria, la complejidad de las cuestiones planteadas y la probable dedicación temporal en el desempeño profesional del servicio, corresponde fijar \"GELMINI LUIS ESTEBAN Y OTRA C/ ZANA YAMANDU Y/O QUIENES SE CONDIDEREN CON DERECHO S/ USUCAPION\" - Expte. Nº 9070 los honorarios profesionales en el 50 % de los honorarios que se establezcan por la labor en primera instancia, encomendando su cálculo a la judicatura de origen (arts. 3, 64 y 94 de la ley 7.046 modif. por ley 11.141). ASÍ VOTO.",
      "A LA SEGUNDA CUESTIÓN PROPUESTA EL SR. VOCAL"
    ],
    "Y VISTO": [
      "Por los fundamentos del acuerdo que antecede se,"
    ],
    "RESUELVE": [
      "DECLARAR INADMISIBLE el recurso de inaplicabilidad de ley deducido en fecha 27/2/2024, respecto de la resolución de la Sala Civil y Comercial de la Cámara de Apelaciones de Concepción del Uruguay dictada en \"GELMINI LUIS ESTEBAN Y OTRA C/ ZANA YAMANDU Y/O QUIENES SE CONDIDEREN CON DERECHO S/ USUCAPION\" - Expte. Nº 9070 fecha 14/2/2024.",
      "IMPONER costas a la vencida (art. 65 del CPCC).",
      "FIJAR los honorarios profesionales correspondientes a esta instancia extraordinaria, en el 50 % de los honorarios que se establezcan por la labor en primera instancia, encomendando su cálculo a la judicatura de origen (arts. 3, 64 y 94 de la ley 7.046 modif. por ley 11.141).",
      "Tener presente la reserva del caso federal.",
      "Notifíquese conforme arts. 1º y 4º Ac. Gral. 15/18 SNE, regístrese y oportunamente devuélvase.",
      "Ante mí. En igual fecha se registró. Asimismo, se deja constancia que la presente se suscribe mediante firma digital -Acuerdo Gral. 11/20 del 23-6-2020, Punto 4°) prescindiéndose de su impresión en formato papel.",
      "\"GELMINI LUIS ESTEBAN Y OTRA C/ ZANA YAMANDU Y/O QUIENES SE CONDIDEREN CON DERECHO S/ USUCAPION\" - Expte. Nº 9070"
    ]
  }
}