{
  "METADATOS": {
    "ID_FALLO": "9075",
    "MES": "11",
    "ARTICULOS_CITADOS": {
      "citations": [
        {
          "main_source": "Código Procesal Civil y Comercial (CPCC)",
          "cited_articles": [
            280,
            280,
            280,
            280,
            65
          ],
          "extra": "tercer párrafo, quinto párrafo"
        },
        {
          "main_source": "Ley 10.704",
          "cited_articles": [
            33
          ],
          "extra": "texto según ley"
        },
        {
          "main_source": "Acuerdo General 15/18 SNE",
          "cited_articles": [
            1,
            4
          ],
          "extra": "conforme"
        },
        {
          "main_source": "Acuerdo General 11/20",
          "cited_articles": [],
          "extra": "del 23-6-2020, Punto 4°"
        }
      ]
    }
  },
  "MATERIA_PRELIMINAR": "INCIDENTE LEGAJO APELACION EFECTO DEVOLUTIVO",
  "IDEA_CENTRAL": "**IDEA CENTRAL DEL FALLO**\n\nEl tribunal rechazó el recurso de revocatoria in extremis interpuesto por la Sra. Julia Teresa Villanova, confirmando que no se cumplió con el requisito de depósito establecido en el artículo 280 del Código Procesal Civil y Comercial (CPCC) para la admisión del recurso de inaplicabilidad de ley. La decisión se fundamenta en la falta de justificación para la omisión del depósito completo y en la clara individualización del valor del litigio, que permitía a la recurrente cumplir con dicho requisito.\n\n**Aspectos Legales Relevantes:**\n1. **Código Procesal Civil y Comercial (CPCC)**: Artículo 280, que establece la obligación de realizar un depósito del 10% del valor del litigio para la admisión de ciertos recursos.\n2. **Principio del Debido Proceso**: Se enfatiza la igualdad de las partes y el cumplimiento de los requisitos procesales.\n\n**Fundamento Legal:**\nEl tribunal argumentó que la recurrente no alegó circunstancias que justificaran su exención del depósito requerido, y que su error involuntario no era suficiente para modificar la decisión. Además, se destacó que el recurso de revocatoria in extremis es excepcional y debe ser utilizado con prudencia, lo que no se cumplió en este caso.\n\n**Razonamiento del Tribunal:**\nEl tribunal concluyó que la recurrente no demostró un error judicial evidente que justificara la revocación de la sentencia anterior. Se subrayó que la omisión del depósito y la falta de argumentación adecuada en el recurso impiden su consideración, dado que la parte recurrente no cumplió con las cargas procesales necesarias. Además, se desestimó la solicitud de exención de costas, ya que el vencimiento se determinó por la denegación del recurso.\n\nEn consecuencia, se resolvió rechazar el recurso y no hacer lugar a la sanción procesal solicitada por la parte demandada.",
  "CONTENIDO": {
    "INICIO": [
      "\"VILLANOVA JULIA TERESA C/ VILLANOVA JULIO ANTONIO Y OTROS S- EJECUCION DE SENTENCIA S/ INCIDENTE LEGAJO APELACION EFECTO DEVOLUTIVO\" - Expte. Nº 9075 PARANA, 20 de noviembre de 2024."
    ],
    "VISTO": [
      "El recurso de revocatoria in extremis interpuesto por la Sra. Julia Teresa Villanova, con patrocinio letrado, en fecha 14/10/2024 en los autos \"VILLANOVA JULIA TERESA C/ VILLANOVA JULIO ANTONIO Y OTROS S- EJECUCION DE SENTENCIA S/ INCIDENTE LEGAJO APELACION EFECTO DEVOLUTIVO\" - Expte. Nº 9075 , contra la sentencia dictada por esta Sala en fecha 8/10/2024 y,"
    ],
    "CONSIDERANDO": [
      "1.- Que esta Sala declaró mal concedido el recurso de inaplicabilidad de ley deducido por la Sra. Julia Teresa Villanova, con costas a la vencida.",
      "Para así decidir, se consideró que la recurrente no cumplió satisfactoriamente con el depósito previsto por el artículo 280, tercer párrafo, del código procesal civil y comercial.",
      "Se explicó que la cuestión objeto de debate no encuadraba dentro del concepto de valor del pleito indeterminado o insusceptible de apreciación pecuniaria dispuesto por el quinto párrafo de la citada norma, como erróneamente lo había sostenido la recurrente.",
      "Se concluyó que la clara individualización de los inmuebles y las porciones que de los mismos se ordenó escriturar en condominio indiviso, confirieron a la impugnante la posibilidad de estimar el valor del litigio.",
      "De esta manera, con sustento en el derecho de igualdad de las partes y el principio del debido proceso, se dijo que la recurrente no alegó circunstancias impeditivas que permitan excepcionarla del cumplimiento del requisito legal de depositar una cantidad equivalente al 10% del valor del litigio (respetando los mínimos y máximos establecidos en la ley); ni se verificaron razones que pudiesen haber dado lugar a un error involuntario.",
      "2.- La recurrente manifiesta que si bien efectuó el depósito previsto por el art. 280 del CPCC, su parte realizó el pago a los fines de que no existiera un rechazo formal del recurso, y solo por eso el pago se efectuó en forma parcial. Asimismo, considera que para no incurrir en exceso rigor formal, en su caso, resultaba ajustado a derecho requerir la complementación del mismo.",
      "Sin perjuicio de ello, refiere que de una presentación anterior realizada por su parte en fecha 24/11/2023 surge que tiene un beneficio de litigar sin gastos otorgado parcialmente en las actuaciones \"Villanova Julia Teresa - Beneficio de litigar sin gastos\" - Expte. N° 8210.",
      "Expresa que por un error involuntario no se procedió a hacer mención en el recurso de inaplicabilidad de ley, pero se verifica que existe un \"VILLANOVA JULIA TERESA C/ VILLANOVA JULIO ANTONIO Y OTROS S- EJECUCION DE SENTENCIA S/ INCIDENTE LEGAJO APELACION EFECTO DEVOLUTIVO\" - Expte. Nº 9075 elemento suficiente para excepcionarla del depósito previsto por el art. 280 del CPCC.",
      "Por otro lado, en caso de mantenerse la resolución recurrida, solicita que se revoquen las costas porque al declararse mal concedido el recurso no existe parte vencida en los términos del art. 65 del CPCC.",
      "Peticiona.",
      "3.- Seguidamente, el apoderado de la parte demandada, alega que la recurrente omite consignar que el beneficio de litigar sin gastos invocado le fue revocado y que la Cámara de Apelaciones limitó su alcance a unos pocos actos procesales, \"limitándolo a la eximición de abonar la tasa de justicia, a los demás gastos necesarios para el inicio de cualquier acción relacionada con sus derechos y a las costas generadas hasta el dictado de la presente, debiendo asumir la incidentada todas las restantes costas- incluídos honorarios y gastos- que se generen por las actuaciones posteriores a este resolutorio en los expedientes relacionados con el reclamo de sus derechos\", por eso expone que el beneficio jamás podría alcanzar a relevar a la demandada del depósito establecido en el art.",
      "280 del CPCC.",
      "Afirma que la actora pretende engañar al tribunal respecto del alcance del beneficio y que este accionar ha sido repetido en un recurso de queja ante la CSJN y en otros procesos promovidos, por ello solicita la sanción procesal que corresponde a la temeridad y malicia que suponen comportamientos como los referidos.",
      "4.- Reseñados los antecedentes del caso, resulta conveniente recordar que esta Sala ha referenciado en numerosas oportunidades que la figura utilizada por la recurrente ha sido ideada como último recurso para impedir injusticias notorias como derivación de un yerro judicial evidente y grosero1.",
      "En este sentido, el carácter excepcional de dicho remedio procesal hace que éste deba ser ejercitado con la máxima prudencia y únicamente en caso de grueso error, que no pueda corregirse por las vías ordinarias oportunas.",
      "Sentado ello, cabe acotar que el recurso de revocatoria \"in extremis\" no se encuentra previsto en ninguna disposición del código de rito local, no obstante lo cual este Tribunal ha admitido su procedencia en especiales oportunidades en que el error señalado se hallaba configurado.",
      "Ahora bien, el análisis del memorial presentado por la recurrente permite concluir que en el caso no se trata de un yerro judicial evidente ni grosero sino que por el contrario, esta Sala aplicó la normativa procesal adecuada y concordante con los fundamentos brindados en el recurso de inaplicabilidad de ley articulado y conforme a las constancias obrantes en la causa.",
      "1 Jorge W. Peyrano, \"Medios de Impugnación - Recursos I\", ed. Rubinzal Culzoni Editores, pág. 63 \"VILLANOVA JULIA TERESA C/ VILLANOVA JULIO ANTONIO Y OTROS S- EJECUCION DE SENTENCIA S/ INCIDENTE LEGAJO APELACION EFECTO DEVOLUTIVO\" - Expte. Nº 9075 En efecto, al interponer el recurso extraordinario provincial la parte impugnante tenía la \"carga procesal\" de efectuar el depósito de ley exigido por el art. 280 del CPCC y, en caso de no realizarlo, también tenía la \"carga procesal\" de manifestar y acreditar las razones por las cuales se encontraba eximida de hacerlo.",
      "Esta omisión impide que la cuestión pueda ser considerada con posterioridad una vez dictada la sentencia, puesto que habiendo transcurrido la etapa procesal oportuna para cumplir con lo dispuesto por la norma, opera la preclusión y no resulta posible retrotraer el proceso a etapas cumplidas. Cabe recordar que este principio no solo alcanza a aquellas cuestiones propuestas expresamente por las partes sino también a todas aquellas que pudiendo haber sido propuestas no lo fueron.",
      "Tampoco se puede soslayar que la pretensión esgrimida -ahora- como fundamento de la presente vía excepcional, resulta contradictoria con la propia conducta asumida con anterioridad al momento de interponer el recurso de inaplicabilidad de ley, pues la recurrente, sin manifestación alguna, realizó el depósito previsto en el art. 280 del CPCC. Ello, sumado a que la parte contraria en su responde denunció que el monto depositado era insuficiente y nada se dijo al respecto.",
      "Por último, en relación la solicitud formulada por la recurrente para que se la exima de la imposición de costas porque expresa que como consecuencia que el recurso fue mal concedido no hay parte vencida, no puede ser siquiera considerada, no solo por la excepcionalidad de la vía interpuesta sino también debido a que el vencimiento está determinado por el hecho de que la pretensión de abrir esta instancia extraordinaria fue denegada.",
      "En consecuencia, atento a que no se observa el error señalado por la recurrente, corresponde rechazar el recurso de revocatoria in extremis deducido.",
      "5.- Finalmente, ingresando a la solicitud introducida por la demandada para que se le aplique una sanción procesal a la actora, no corresponde hacer lugar a la misma, ya que esta Sala tiene dicho en anteriores integraciones que \"para que se configuren los supuestos de temeridad o malicia, se debe estar en presencia conductas que den suficiente cuenta de un ánimo doloso o de grave negligencia. No bastan los cuestionamientos que se presentan como excesivos o al menos jurídicamente opinables, pues la especie se encuentra íntimamente ligada al derecho de defensa en juicio\"2.",
      "Por último, habiendo mayoría de opiniones, EL SR. VOCAL EN EJERCICIO DE LA PRESIDENCIA DEL STJ, LEONARDO PORTELA, se abstiene de votar y firmar la presente resolución con arreglo a lo dispuesto por el 2Nuevo Banco de Entre Ríos S.A. c/ Ultra Grain Compañía Cerealera S.A. s/ ejecucion hipotecaria\" - Expte. Nº 7775, sentencia del 12/11/2018.",
      "\"VILLANOVA JULIA TERESA C/ VILLANOVA JULIO ANTONIO Y OTROS S- EJECUCION DE SENTENCIA S/ INCIDENTE LEGAJO APELACION EFECTO DEVOLUTIVO\" - Expte. Nº 9075 art. 33 de la LOPJ, texto según ley 10.704.",
      "Por ello se,"
    ],
    "RESUELVE": [
      "RECHAZAR el recurso de revocatoria in extremis interpuesto por la Sra. Julia Teresa Villanova en fecha 14/10/2024 contra la sentencia de esta Sala de fecha 8/10/2024.",
      "NO HACER LUGAR al pedido de sanción procesal peticionado por la demandada.",
      "Notifíquese conforme arts. 1º y 4º Ac. Gral. 15/18 SNE, regístrese y oportunamente devuélvase.",
      "Ante mí. En igual fecha se registró. Asimismo, se deja constancia que la presente se suscribe mediante firma digital -Acuerdo Gral. 11/20 del 23-6-2020, Punto 4°) prescindiéndose de su impresión en formato papel."
    ]
  }
}