{
  "METADATOS": {
    "ID_FALLO": "9079",
    "MES": "11",
    "ARTICULOS_CITADOS": {
      "citations": [
        {
          "main_source": "Código Civil y Comercial (CCC)",
          "cited_articles": [
            2537,
            2554,
            2541,
            2542,
            2545,
            2560,
            3956,
            3957
          ],
          "extra": "art. 4023 del CC, cfme. art. 2541 C.C.y C."
        },
        {
          "main_source": "Ley 7046",
          "cited_articles": [
            3,
            64,
            94
          ],
          "extra": "texto según ley 10.704, arts. 3, 64 y 94 de la ley 7046 modif. por ley 11.141"
        },
        {
          "main_source": "Código Procesal Civil y Comercial (CPCC)",
          "cited_articles": [
            65
          ],
          "extra": null
        },
        {
          "main_source": "Acuerdo General 15/18 SNE",
          "cited_articles": [
            1,
            4
          ],
          "extra": "conforme arts. 1º y 4º Ac. Gral. 15/18 SNE"
        },
        {
          "main_source": "Acuerdo General 11/20",
          "cited_articles": [],
          "extra": "Acuerdo Gral. 11/20 del 23-6-2020"
        }
      ]
    }
  },
  "MATERIA_PRELIMINAR": "ORDINARIO ESCRITURACION (Y DAÑOS Y PERJUICIOS)",
  "IDEA_CENTRAL": "### IDEA CENTRAL DEL FALLO\n\n**Decisión Judicial Principal:** El Tribunal declaró procedente el recurso de inaplicabilidad de ley interpuesto por Teresa Elena Cardozo, casando la resolución de la Cámara de Apelaciones que había rechazado su demanda por escrituración y daños, y rechazando la excepción de prescripción opuesta por la demandada, Analía Inés Elorriaga.\n\n**Fundamento Legal:** La decisión se basa en la interpretación de los artículos 2537, 2554, y 2560 del Código Civil y Comercial, que establecen que el plazo de prescripción comienza a contarse desde que la obligación es exigible. En este caso, la obligación de escriturar no era exigible hasta que se resolviera el juicio de usucapión, lo que ocurrió el 6 de noviembre de 2015.\n\n### Aspectos Legales Relevantes\n\n1. **Naturaleza del Contrato:** Se trató de un contrato de compraventa sujeto a condición suspensiva, ya que la vendedora debía obtener el título de dominio del inmueble.\n2. **Plazo de Prescripción:** El Tribunal determinó que el plazo de prescripción de diez años (art. 4023 del CC) no era aplicable, ya que el nuevo Código establece un plazo de cinco años (art. 2560).\n3. **Interrupción de la Prescripción:** La carta documento enviada por la actora en 2020 interrumpió el curso de la prescripción, dado que se solicitó la documentación necesaria para la escrituración.\n\n### Razonamiento del Tribunal\n\nEl Tribunal argumentó que, dado que el contrato de compraventa estaba condicionado a la obtención del título de dominio, el plazo de prescripción no comenzó a correr hasta que se cumplió dicha condición. La actora había esperado el resultado del juicio de usucapión, y la acción de escrituración se volvió exigible solo después de que se resolvió a su favor. Por lo tanto, la excepción de prescripción no era válida.\n\n### Conclusión\n\nEl fallo reafirma la importancia de considerar las condiciones suspensivas en los contratos y su impacto en el cómputo de los plazos de prescripción, asegurando que los derechos de las partes sean respetados conforme a las normativas vigentes.",
  "CONTENIDO": {
    "INICIO": [
      "\"CARDOZO TERESA ELENA C/ ELORRIAGA ANALIA INES S/ ORDINARIO ESCRITURACION (Y DAÑOS Y PERJUICIOS)\" - Expte. Nº"
    ],
    "ACUERDO": [
      "En la ciudad de Paraná, capital de la provincia de Entre Ríos, en el primer día del mes de noviembre del año dos mil veinticuatro reunidos los integrantes de este Tribunal asistidos por el Secretario autorizante, para conocer el recurso de inaplicabilidad de ley deducido en fecha 26/2/2024 en las actuaciones: \"CARDOZO TERESA ELENA C/ ELORRIAGA ANALIA INES S/ ORDINARIO ESCRITURACION (Y DAÑOS Y PERJUICIOS)\" - Expte. Nº 9079, respecto de la resolución de la Sala Civil y Comercial de la Cámara de Apelaciones de Concepción del Uruguay dictada en fecha 9/2/2024. Que la votación debe tener lugar en el siguiente orden: Sra. Vocal Gisela N. Schumacher; Sra. Vocal Claudia M.",
      "Mizawak y Sr. Vocal Leonardo Portela.",
      "Estudiados los autos, la Sala se planteó las siguientes cuestiones:",
      "¿qué corresponde resolver respecto del recurso de inaplicabilidad de ley interpuesto?",
      "y, en su caso, ¿cómo deben regularse los honorarios profesionales en esta instancia?",
      "A LA PRIMERA CUESTIÓN PROPUESTA LA SRA. VOCAL"
    ],
    "GISELA N. SCHUMACHER DIJO": [
      "1.- Teresa Elena Cardozo interpuso recurso de inaplicabilidad de ley (26/02/2024) contra la resolución dictada por la Sala en lo Civil y Comercial de Concepción del Uruguay (09/04/2024) que rechazó el recurso deducido por su parte e hizo lugar a la apelación interpuesta por la demandada, Analía Inés Elorriaga, contra la sentencia de primera instancia dictada el 27 de febrero de 2023, la que revocó de manera integral. Declaró procedente la excepción de prescripción opuesta y, en consencuencia, rechazó la demanda por escrituración y daños.",
      "2.- Antecedentes de la causa a) Teresa Elena Cardozo promovió demanda por escrituración y daños y perjuicios contra Analía Inés Elorriaga.",
      "Relató que el 15 de noviembre de 2006 celebró con la accionada un boleto de compraventa inmobiliaria, a través del cual adquirió un inmueble identificado como: unidad funcional nº 5 dentro de un complejo denominado \"Villaguay joven\" y que cuenta con una superficie propia exclusiva de 26,69 m2 (plano de mensura nº 33.498, part. municipal nº 123.381).",
      "Describió las condiciones de la contratación, en particular, las referidas al precio y aclaró que quedó un saldo de $ 10.000 que sería abonado al otorgar la escritura pública.",
      "Que el 15 de enero de 2007 la vendedora le otorgó la posesión efectiva del inmueble.",
      "En cuanto a la fecha de la escritura, manifestó que se otorgaría en la ocasión en que la vendedora lleve a cabo la gestión del título puesto que, al momento de la operación, el inmueble representaba una posesión legítima de la vendedora \"CARDOZO TERESA ELENA C/ ELORRIAGA ANALIA INES S/ ORDINARIO ESCRITURACION (Y DAÑOS Y PERJUICIOS)\" - Expte. Nº quien se comprometió a regularizarla mediante un juicio de usucapión. El proceso tramitó bajo la carátula \"Elorriaga Analía Inés s/ usucapión\", trámite que comprendió una superficie mayor y que tuvo sentencia favorable el 12 de julio de 2013, confirmada por el tribunal de apelaciones el 6 de noviembre de 2015.",
      "Que una vez anoticiada del resultado de la usucapión, le solicitó verbalmente a la vendedora llevar a cabo la escrituración pendiente sin obtener una respuesta favorable.",
      "Frente a ello, le envió carta documento (1/7/2020) a través de la cual la emplazó para que ponga en poder de la escribana designada en el boleto, toda la documentación necesaria para materializar la escritura y comparezca a suscribir dicho instrumento.",
      "De manera accesoria demandó por los daños y perjuicios sufridos y que fueran consecuencia de la actitud remisa de la accionada.",
      "b) La demandada, al contestar la demanda, opuso excepciones de falta de legitimación activa y de prescripción. Negó que la actora tenga la posesión que alega sobre el bien objeto del litigio.",
      "c) La sentencia de primera instancia: c.1.- rechazó las excepciones de prescripción y falta de legitimación activa; c.2.- hizo lugar parcialmente a la demanda de escrituración y daños y perjuicios; c.3.- estableció un reajuste del precio de los metros en exceso de la unidad funcional nº 5, no considerados en el boleto de compraventa y que surgen del plano nº 33.502; c.4.- dispuso el pago del saldo impago a valor histórico; c.5.- condenó a la demandada a abonar a la actora la suma de $ 2.463.840,23 en concepto de pérdida de chance. Impuso costas y difirió la regulación de honorarios.",
      "d) La decisión fue apelada por ambas partes.",
      "Como ya anunciara, el fallo desestimó el recurso de apelación deducido por la parte actora e hizo lugar a la apelación interpuesta por la demandada contra la sentencia dictada en la instancia de origen, la que revocó íntegramente.",
      "Declaró procedente la excepción de prescripción y, por conducto, rechazó las pretensiones de escrituración y daños promovidas por Teresa Elena Cardozo.",
      "3.- La cámara de apelaciones, luego de relacionar los antecedentes de la causa, analizó los agravios expresados por las recurrentes.",
      "El voto que conforma la mayoría indicó que -por cuestiones de método- correspondía ingresar al tratamiento del recurso de la parte demandada.",
      "Señaló que no existe discusión en cuanto a que el plazo de prescripción que rige es el decenal (art. 4023 del CC), en razón de lo dispuesto en el art. 2537 CCC.",
      "Que el cómputo de ese plazo comienza a correr desde que la obligación de escriturar reclamada es exigible.",
      "\"CARDOZO TERESA ELENA C/ ELORRIAGA ANALIA INES S/ ORDINARIO ESCRITURACION (Y DAÑOS Y PERJUICIOS)\" - Expte. Nº Manifestó que la doctrina mayoritaria sostiene que, en los casos en los que el comprador hubiese recibido la posesión del inmueble, tal circunstancia implica un reconocimiento tácito y continuado de la subsistencia de la compraventa y de la obligación de escriturar, cuyo efecto es interrumpir la prescripción.",
      "Relató que la parte actora afirmó haber recibido la posesión del inmueble en el mes de enero de 2007 y que, a partir de entonces, lo alquiló a diferentes personas.",
      "Sin perjuicio de lo expuesto, consideró que la demandada no acreditó la tradición de la unidad funcional y, de tal modo, tener por ocurrida la interrupción de la prescripción.",
      "Sostuvo que, lo primero que contradice la versión es la actuación de la propia accionante -previa al juicio- que al otorgar mandato a su hijo, expresamente le confirió la facultad de recibir la posesión del inmueble. Indicó que la falta de coherencia debe jugar en orden al debilitamiento de la posición procesal.",
      "Expuso que las declaraciones que obran en instrumentos (públicos o privados) que referencian la existencia de una relación de poder con un inmueble, no acreditan por sí mismas ese hecho y, por tanto, la actora debía probar en concreto los actos materiales en que sostiene esa afirmación.",
      "Entendió que la accionante no demostró haber adquirido la posesión en forma bilateral (esto es, por tradición) a partir de los instrumentos particulares acompañados y que no se arribaron otros elementos que permitan tener por acreditada aquella relación de señorío.",
      "Valoró los contratos de locación acompañados y las testimoniales rendidas. En especial, señaló que la escribana manifestó conocer la existencia de locaciones y al explicar el por qué de su conocimiento refirió que había certificado las firmas; sin embargo -advirtió- los instrumentos que se acompañaron no tienen firmas certificadas. También ponderó la declaración del agrimensor que reconoció haber realizado dos mensuras pero en ningún momento refirió que las unidades funcionales estuvieren ocupadas.",
      "En otro orden, aseveró que tampoco es posible extraer un acto interruptivo de los términos de la carta documento remitida por la demandada (16/07/2020). Ello por cuanto un reconocimiento efectuado después de transcurrido el plazo de prescripción, no goza de efectos interruptivos.",
      "En definitiva, concluyó que correspondía hacer lugar a la defensa de prescripción opuesta por la demandada.",
      "4.- Contra dicho pronunciamiento se alza la parte actora (26/02/2024) Luego de enunciar que se encuentran cumplidos los recaudos de admisibilidad formal, funda su planteo.",
      "En particular denuncia que la sentencia es violatoria de normas de \"CARDOZO TERESA ELENA C/ ELORRIAGA ANALIA INES S/ ORDINARIO ESCRITURACION (Y DAÑOS Y PERJUICIOS)\" - Expte. Nº índole sustancial (art. 3956 del CC) y procesal, y valora la prueba de manera arbitraria y absurda.",
      "a) En el primer apartado señala que el fallo viola el art. 3956 del CC.",
      "Señala que la redacción del art. 3956 del CC, al fijar el comienzo de la prescripción desde la fecha del título abarca exclusivamente a las obligaciones puras. Aclara que, cuando el derecho del titular está sometido a un plazo o a otra contingencia que obstruye la acción, el plazo no se halla en curso.",
      "Manifiesta que mientras la condición esté pendiente de cumplimiento, se obsta el ejercicio del derecho y el titular carece de una pretensión demandable.",
      "Agrega que la prescripción comienza a correr desde el día en que la acción puede ser ejercida, esto es, desde que la prestación es exigible (arg. art. 2554 del CCC).",
      "Reseña que la acción de escrituración se fundamenta en un boleto de compraventa celebrado el 15 de noviembre de 2006, en la cual las partes habían supeditado el efectivo cumplimiento de sus prestaciones a la concreción de un hecho futuro e incierto: la obtención de la documentación requerida para escriturar.",
      "Refiere que consta como prueba instrumental el expediente en el que tramitó el juicio de usucapión; proceso a través del cual la demandada encausó el trámite tendiente a gestionar el título de dominio del inmueble. Que en dicho proceso recayó sentencia haciendo lugar a la demanda el 12/7/2013, confirmada el 6/11/2015.",
      "De acuerdo a ello, entiende que antes de la fecha de dicho pronunciamiento la acción de escrituración le estaba vedada a su parte, y que recién a partir de entonces se debería haber computado el plazo de prescripción de la misma, el que fue interrumpido por carta documento remitida el 1/7/2020.",
      "b) La recurrente dedica un segundo apartado para descalificar al fallo por absuridad en la valoración de la prueba.",
      "Sostiene que, contrariamente a lo concluido en el fallo, la acción se mantenía vigente porque la compradora no podía impulsar la acción que estaba sujeta a una condición; esto es, el resultado del juicio de usucapión.",
      "En su caso, advierte que aún cuando hubiera resultado exigible el cumplimiento de la obligación de escriturar desde la fecha de entrega de la posesión, ésta fue asumida expresamente en el contrato.",
      "Que la sentencia no valoró que en el poder otorgado por la actora a su hijo expresamente lo faculta a comprar el inmueble una vez sometido al régimen de propiedad horizontal.",
      "Refiere que su parte sí ofreció prueba que permite tener por acreditada la relación de señorío con la cosa, a saber: encargo y pago de las mensuras;",
      "pago de impuesto de sellos de los contratos de locación y prueba testimonial.",
      "Finalmente refiere que el fallo es arbitrario porque no valoró el contenido de la carta documento remitida por la parte demandada que reconoció la \"CARDOZO TERESA ELENA C/ ELORRIAGA ANALIA INES S/ ORDINARIO ESCRITURACION (Y DAÑOS Y PERJUICIOS)\" - Expte. Nº venta y que el otorgamiento de la escritura pública estaba supeditada al pago de los gastos de sometimiento al régimen de propiedad horizontal y actualización del saldo de la compra.",
      "Sostiene que la inadmisibilidad de colocarse contra los actos propios constituye un límite al ejercicio de un derecho subjetivo que deriva de la buena fe y de la exigencia de observar un comportamiento coherente, que respete la buena fe negocial.",
      "También agrega la contradicción insalvable de la accionada al oponer la excepción de prescripción y, en su caso, reclamar el pago de una diferencia de precio amparándose en la diferente superficie entre los metros cuadrados consignados en el boleto y la que surge del plano.",
      "Finalmente hace reserva del caso federal y peticiona.",
      "5.- Corrido el traslado del recurso de inaplicabilidad de ley, fue replicado por la contraria, quien solicita su rechazo (12/3/2024).",
      "6.- La Cámara lo concedió, con efecto suspensivo (19/4/2024).",
      "7.- Resumidos los antecedentes del caso, destaco que la finalidad del recurso de inaplicabilidad de ley, en lo que respecta al control jurídico del fallo, se dirige a examinar si respeta o no el derecho aplicable y, a la hora de efectuar el encuadre jurídico de la presente causa, se excluye de su ámbito cuestiones de hecho y prueba reservadas exclusivamente a la magistratura de grado, con excepción de la invocación y demostración de absurdidad y/o arbitrariedad.",
      "Ello así, pues la absurdidad en materia de apreciación de pruebas que abre el recurso no es la discrepancia, sino lo que escapa a las leyes lógicas formales y las transgrede o lo que es impensable o inconcebible y no puede ser de ninguna otra manera por haber quedado al margen de las reglas del raciocinio.1 En ese entendimiento, y de conformidad a las argumentaciones desarrolladas en el escrito recursivo, la parte actora dejó expresado los motivos legalmente autorizados que habilitan la apertura de esta vía excepcional.",
      "8.- De la lectura del memorial recursivo surge que la accionante descalifica a la sentencia por arbitraria y le achaca errónea aplicación de la ley y absurdidad en la valoración de la prueba.",
      "Acerca de la admisibilidad del recurso a) Si bien, conforme reiterada jurisprudencia de esta Sala, la interpretación de los contratos y la delimitación de sus alcances y efectos constituyen materias ajenas al recurso de inaplicabilidad de ley, cabe hacer excepción a dicha regla si -como ocurre en este caso- se alega y acredita absurdidad en el razonamiento 1 Este tribunal, \"Guionet Gladys María y otro c/ Superior Gobierno de la Provincia de Entre Ríos y otro s/ Sumario\", Expte. Nº 5920, 27/12/2010.De Olivera María Elena c/ Serur Claudio Raúl y otros s/ Ordinario daños y perjuicios\", Expte. Nº 8069, 10/03/2020; \"Ojeda Natividad Ana c/Pascaner Ra- quel y otros s/ daños y perjuicios\", Expte. Nº 8918, 29/11/2023; \"Zapletal María Carla c/ Babli de Ai- raldi Mirta Catalina y otros s/ ordinario\", Expte. Nº 8978, 4/06/2024.",
      "\"CARDOZO TERESA ELENA C/ ELORRIAGA ANALIA INES S/ ORDINARIO ESCRITURACION (Y DAÑOS Y PERJUICIOS)\" - Expte. Nº de quienes juzgan. Con ello se descalifica al pronunciamiento como acto jurídico válido por arribar a una conclusión que parte de una premisa equivocada o falsa.2 En sentido concordante el Máximo Tribunal Nacional, con criterio restrictivo y solo ante arbitrariedad manifiesta, ha admitido la procedencia del recurso extraordinario frente a una deficiente e infundada calificación de la relación entablada entre las partes.3 Agrego que quienes integramos la magistratura nos vemos obligados (art. 31 inc. 4 CPCC), a usar el principio iura novit curia (del latín: el tribunal conoce el derecho). Ello significa que el razonamiento y la ponderación del caso no se encuentran limitados ni por la argumentación de las partes, ni por la de jueces y juezas de las anteriores instancias.",
      "Es nuestra obligación establecer la norma aplicable al caso, siempre enmarcada en las situaciones y pretensiones presentadas por las partes. Son los hechos invocados por las partes los que determinan el derecho aplicable.",
      "b) En concordancia con lo expuesto, resulta necesario calificar y determinar la naturaleza jurídica del contrato celebrado entre Teresa Elena Cardozo y 2 Esta Sala, actuaciones: \"Morel Mario O. c/ Caren S.A. S/ Sumario\", Expte. Nº 6166, 07/09/2011;",
      "\"Chmiel Eduardo Martin y otros c/ Gallardo Aldo Felix y otro s/ Ordinario (por cobro de dolares estadounidenses)\" - Expte. Nº 7382, 8/7/2020.",
      "3CSJN , \"Olivencia Jose Antonio c/ Escandarani Mario, sentencia del 30/04/1996, Fallos: 319:722.",
      "Analía Inés Elorriaga -apreciando los hechos y su finalidad- a fin de integrarlo con el ordenamiento jurídico. Este método nos habilita a establecer su verdadero sentido y alcance.",
      "En este punto cabe recordar que en materia de contratos: \"... la calificación resulta un quehacer fundamental: a) [p]ara clasificarlo entre las categorías jurídicas existentes, y b) para acertar en su interpretación. El nombre que las partes den a un contrato no lo desnaturaliza ni impide al juez proceder a ssu correcta calificación jurídica.\"4 Acerca de la procedencia del recurso Superado el examen de admisibilidad del recurso por los fundamentos expresados, corresponde abordar el análisis de procedencia.",
      "En el caso, no se encuentra controvertido que el 15 de noviembre de 2006 las partes celebraron un boleto de compraventa, cuya copia obra agregada a las presentes.",
      "El contrato tuvo por objeto un inmueble que es parte de otro de mayor superficie ubicado en la ciudad de Villaguay, que oportunamente se sometería al régimen de propiedad horizontal y que según plano de mensura se identificaría como unidad funcional nº 5, con una superficie de 26,69 m2 cuyos demás detalles surgirán del plano y \"del título de propiedad que en el futuro se obtenga\" (cláusula 4Mosset Iturraspe, Jorge \"Calificación, integración e interpretación del contrato\", en Revista de Dere- cho Privado y Comunitario 2006-3: interpretación del contrato, 1ª ed., Santa Fe, Rubinzal - Culzoni, 2007, pág .9/10.",
      "\"CARDOZO TERESA ELENA C/ ELORRIAGA ANALIA INES S/ ORDINARIO ESCRITURACION (Y DAÑOS Y PERJUICIOS)\" - Expte. Nº primera).",
      "En particular la cláusula quinta de dicho contrato dispone: \"[l]a compradora conoce que la vendedora se encuentra gestionando el título de dominio del inmueble para someterlo al régimen de propiedad horizontal, por lo que su título de propiedad (...) se llevará a cabo en oportunidad de conseguirse la documentación requerida (...)\". Y la cláusula sexta prevé el supuesto de la imposibilidad de cumplimiento y el modo en que operaría la resolución del contrato.",
      "La recurrente denuncia que el fallo aplicó erróneamente el art. 3956 del CC (hoy 2554 CCC) al fijar el comienzo del cómputo de la prescripción desde la fecha de la celebración del contrato. Advierte que, en el caso, el ejercicio de su derecho estaba supeditado a una condición suspensiva, esto es, la obtención de la documentación requerida para escriturar y que, por entonces, la prestación no era exigible.",
      "Entiendo asiste razón a la actora.",
      "El contrato celebrado es complejo. En primer lugar, se trata de un contrato de compraventa de cosa ajena (la vendedora no era titular del bien) y a esa primera complejidad se adiciona la necesidad de un ulterior sometimiento al régimen de propiedad horizontal.",
      "Nuestro régimen habilita la venta de cosa ajena, ocasión en la que la parte vendedora se compromete a obtener el dominio de dicha cosa para luego transmitirla a la parte compradora. En este caso se celebró el boleto y la vendedora asumió el compromiso de escriturar a favor de la compradora.",
      "Esto significa que al momento de celebrarse el contrato de compraventa, el otorgamiento de la solemnidad exigida por el ordenamiento (escritura pública) no podía cumplirse: la vendedora no era titular del dominio.",
      "Reitero el negocio que vinculara a las partes fue plenamente válido pero dejó supeditada su eficacia al acaecimiento de un hecho futuro e incierto, esto es, la adquisición del derecho real de dominio por parte de la vendedora. En el caso, operó con la sentencia que declaró adquirido por usucapión el inmueble objeto del presente litigio.",
      "En lo que aquí especialmente refiere, pendiente la condición, no corre el curso de la prescripción. Sólo una vez acaecido el hecho condicionante, el derecho adquiere plena eficacia y a partir de allí comienza el curso de la prescripción liberatoria.",
      "De la lectura del contrato no surge que las partes hayan definido un plazo cierto para cumplir con la obligación de otorgar la escritura traslativa. La parte actora, teniendo dos alternativas (exigir cumplimiento o instar la resolución) decidió esperar el devenir del proceso de usucapión -que se resolvió favorablemente- y luego instar el juicio de escrituración, frente al incumplimiento de la contraria.",
      "\"CARDOZO TERESA ELENA C/ ELORRIAGA ANALIA INES S/ ORDINARIO ESCRITURACION (Y DAÑOS Y PERJUICIOS)\" - Expte. Nº En virtud de lo cual, entiendo que el curso de la prescripción inició el 6 de noviembre de 2015. El 1/7/2020 se intimó a la demandada mediante carta documento para que ponga a disposición la documentación necesaria para otorgar la escritura pública; el 16/7/2020 la demandada contestó la intimación (reconoció el contrato y lo sujetó al cumplimiento de obligaciones pendientes) y el 14 de diciembre de 2020 se presentó la demanda. En virtud de lo cual, entiendo que corresponde desestimar la excepción de prescripción opuesta por la demandada, en virtud de lo normado por los arts. 2537, 2541, 2542, 2545, 2554, y 2560 del Código Civil y Comercial.",
      "Ello es así, puesto que si bien el contrato fue celebrado antes de la entrada en vigencia del nuevo digesto, el curso del plazo de la prescripción para exigir el otorgamiento de la escritura traslativa de dominio comenzó a transcurrir recién a partir de que la prestación resultó exigible; esto es, el 6 de noviembre de 2015 -época en la cual ya estaba vigente el Código Civil y Comercial-.",
      "9.- En virtud de la decisión propuesta, corresponde rechazar la excepción de prescripción opuesta por la demandada y disponer el reenvío de las presentes actuaciones a la anterior instancia a efectos de que, por medio del tribunal que corresponda, dicte un nuevo pronunciamiento conforme las pautas aquí fijadas.",
      "En la ocasión deberán analizarse los agravios expresados por las partes en los recursos de apelación interpuestos, vinculados a la procedencia y determinación del saldo del precio -si correspondiere- y los eventuales daños derivados del incumplimiento contractual.",
      "10.- Costas a la demandada vencida (arts. 65 del CPCC).",
      "11.- Que conforme lo expuesto, propongo declarar procedente el recurso de inaplicabilidad de ley interpuesto por Teresa Elena Cardozo, y en consecuencia, CASAR la sentencia impugnada, rechazar la excepción de prescripción opuesta por la demandada y disponer el reenvío de las presentes actuaciones a la anterior instancia a efectos de que, por medio del tribunal que corresponda, se dicte nuevo pronunciamiento conforme las pautas aquí fijadas. En la ocasión deberán analizarse los agravios expresados por las partes en los recursos de apelación interpuestos, vinculados a la procedencia y determinación del saldo del precio si correspondiere y los eventuales daños derivados del incumplimiento contractual.",
      "Costas a la vencida por no hallar mérito para apartarme del principio objetivo de la derrota (art. 65 del CPCC). ASÍ VOTO.",
      "A LA PRIMERA CUESTIÓN PROPUESTA LA SRA. VOCAL",
      "Considerando la actividad desarrollada para abrir la instancia extraordinaria, la complejidad de las cuestiones planteadas y la probable dedicación temporal en el desempeño profesional del servicio, corresponde fijar los honorarios \"CARDOZO TERESA ELENA C/ ELORRIAGA ANALIA INES S/ ORDINARIO ESCRITURACION (Y DAÑOS Y PERJUICIOS)\" - Expte. Nº profesionales en el 50 % de los honorarios que se establezcan por la labor en primera instancia, encomendando su cálculo a la judicatura de origen (arts. 3, 64 y 94 de la ley 7046 modif. por ley 11.141). ASÍ VOTO.",
      "A LA SEGUNDA CUESTIÓN PROPUESTA LA SRA. VOCAL"
    ],
    "CLAUDIA M. MIZAWAK DIJO": [
      "1.- Resumidas así las principales contingencias de la causa en el voto que comanda este acuerdo, me remito a ello e ingreso directamente al tratamiento de la cuestión traída.",
      "\"CARDOZO TERESA ELENA C/ ELORRIAGA ANALIA INES S/ ORDINARIO ESCRITURACION (Y DAÑOS Y PERJUICIOS)\" - Expte. Nº 2.- Indagando la satisfacción de los requisitos puntuales habilitantes del recurso de inaplicabilidad de ley deducido, constato que la presentación efectuada los satisface.",
      "3.- Superado tal valladar, destaco que se agrega a la causa un boleto de compraventa, fechado el 15 de noviembre de 2006 -ver mov. del 15/12/2020 a las 18:47 hs., págs.1 y 2-.",
      "De su lectura surge que se estableció en la cláusula QUINTO: La Compradora conoce que la Vendedora se encuentra gestionando el título de dominio del inmueble para luego someterlo al régimen de propiedad horizontal, por lo que su título de propiedad, que deberá otorgarse… se llevará a cabo en oportunidad de conseguirse la documentación referida.",
      "Y en el punto SEXTO: “Las partes convienen que en supuesto de resultar imposible obtener la documentación requerida para escriturar el inmueble a favor de la Compradora, el presente contrato quedará resuelto”.",
      "Se trató, entonces, de una compraventa sujeta a una condición suspensiva, compleja y sucesiva, subordinante de la eficacia misma del derecho: cual era que se obtuviera el título de dominio y se sometiera a propiedad horizontal.",
      "4.- La primera parte de esa condición, indubitablemente, hacía a la esencia misma del contrato, desde que si no podía la Sra. Elorriaga adquirir el derecho real de dominio sobre el inmueble indiviso, le resultaría imposible perfeccionar la venta y -conforme lo aquí demandado- otorgar la escritura traslativa pretendida.",
      "De ahí que se haya fijado, en la cláusula sexta referenciada, que si se daba tal supuesto el vínculo contractual se resolvía.",
      "5.- Al momento de celebración del contrato de compraventa estaba vigente el anterior código civil, que en el art.3957 establecía: La prescripción de la acción de garantía o saneamiento de los créditos condicionales y de los que son a término cierto, no principia sino desde el día de la evicción, del cumplimiento de la condición, o del vencimiento del término.",
      "Al respecto sostuvieron PIZARRO R. D. - VALLESPINO C. G.",
      "(1999), tratándose de obligaciones sujetas a condición suspensiva, el curso de la prescripción no comienza a correr sino desde el momento en que opere su cumplimiento. Así lo dispone expresamente el art. 3957. La solución es lógica, pues recién cuando se verifica el hecho condicionante la obligación adquiere verdadera eficacia -en Instituciones de Derecho Privado Obligaciones Tomo 3, Hammurabi, pág.696- (lo resaltado me pertenece).",
      "En este caso en particular, tal momento se consolidó -en la mejor hipótesis para el demandado que opuso esta defensa- cuando le fue otorgado ese derecho por prescripción adquisitiva -primer paso para obtener su título de \"CARDOZO TERESA ELENA C/ ELORRIAGA ANALIA INES S/ ORDINARIO ESCRITURACION (Y DAÑOS Y PERJUICIOS)\" - Expte. Nº propiedad-, lo que ocurrió el 6 de noviembre de 2015 -fecha de la sentencia de Cámara confirmatoria de la que dispuso la usucapión-.",
      "6.- Tomando como base esa ocasión, resulta aplicable -relativo al término, cómputo y sus vicisitudes-, lo previsto en el nuevo Código Civil y Comercial, siendo el plazo de prescripción de cinco años -art. 2560-, no el de diez años establecido en el digesto anterior.",
      "7.- Partiendo de lo dispuesto en ese régimen para determinar si estaba prescripta la obligación reclamada, cabe tener en cuenta:",
      "a) la parte actora intimó a la demandada mediante carta documento -N°931834389-, para que, en el término de días a partir de la recepción de la misma, ponga a disposición de la escribana designada toda la documentación obrante en su poder necesaria a los fines de materializar la escritura traslativa de domino respecto de la parte indivisa referenciada, recibiendo el saldo del precio acordado para otorgar la escritura pública, la que fue enviada el 1/7/2020 y recibida el 3/7/2020) -ver págs.3/4 del mov. del 15/12/2020 a las 18:47 hs.-.",
      "Se trató esto de una interpelación fehaciente y, como tal configura, un hecho suspensivo del cómputo por seis meses (cfme. art. 2541 C.C.y C.) b) La demandada contestó esa carta documento, en estos términos:",
      "niego su intimación exigiendo materializar la escritura traslativa del dominio respecto al departamento en cuestión, atento que previo a eso deberíamos pactar cuestiones relativas al sometimiento a propiedad horizontal, gastos, etc., y pagar el saldo de la compra, monto que será actualizado atento al tiempo transcurrido -fecha 16/7/2020, ver pág. 5 de igual movimiento- (no corresponde que analice si tal “reconocimiento” podría ser encuadrado en el supuesto interruptivo previsto en el art.",
      "2545 por ser innecesario para la resolución de esta causa).",
      "c) el 14/12/2020 se inició este proceso -ver movimientos de esa fecha-.",
      "De lo pretranscripto surge claro que al momento de entablarse esta demanda -deducidos los seis meses que estuvo suspendido el cómputo- no había transcurrido íntegramente el término aplicable, cuyo punto de partida fue el 6/11/2015, por lo que la excepción de prescripción opuesta debe ser rechazada.",
      "8.- Por ello, considero que el recurso de inaplicabilidad de ley incoado debe receptarse, en los términos propuestos por la colega preopinante. ASI VOTO.",
      "A LA SEGUNDA CUESTIÓN PROPUESTA LA SRA. VOCAL",
      "Adhiero al voto de la Sra. Vocal Gisela Schumacher. ASÍ VOTO.",
      "Por último, habiendo mayoría de opiniones, EL SR. VOCAL EN EJERCICIO DE LA PRESIDENCIA DEL STJ, LEONARDO PORTELA, se abstiene de votar y firmar la presente resolución con arreglo a lo dispuesto por el art.",
      "33 de la LOPJ, texto según ley 10.704.",
      "Con lo que no siendo para más se da por finalizado el acto quedando acordada la siguiente sentencia:",
      "Paraná, 1° de noviembre de 2024."
    ],
    "Y VISTO": [
      "Por los fundamentos del acuerdo que antecede se,"
    ],
    "RESUELVE": [
      "DECLARAR PROCEDENTE el recurso de inaplicabilidad de ley deducido en fecha 26/2/2024, CASAR la resolución de la Sala Civil y Comercial de la Cámara de Apelaciones de Concepción del Uruguay dictada en fecha 9/2/2024 y, en consecuencia, RECHAZAR la excepción de prescripción opuesta por la demandada y DISPONER el reenvío de las presentes actuaciones a la anterior instancia a efectos de que, por medio del tribunal que corresponda, se dicte nuevo pronunciamiento conforme las pautas aquí fijadas. En la ocasión deberán analizarse los agravios expresados por las partes en los recursos de apelación interpuestos, vinculados a la procedencia y determinación del saldo del precio si correspondiere y los eventuales daños derivados del incumplimiento contractual.",
      "IMPONER costas a la vencida (art. 65 del CPCC).",
      "FIJAR los honorarios profesionales correspondientes a esta instancia extraordinaria, en el 50 % de los honorarios que se establezcan por la labor en primera instancia, encomendando su cálculo a la judicatura de origen (arts. 3, 64 y 94 de la ley 7046 modif. por ley 11.141).",
      "Tener presente la reserva del caso federal.",
      "Notifíquese conforme arts. 1º y 4º Ac. Gral. 15/18 SNE, regístrese y oportunamente devuélvase.",
      "Ante mí. En igual fecha se registró. Asimismo, se deja constancia que la presente se \"CARDOZO TERESA ELENA C/ ELORRIAGA ANALIA INES S/ ORDINARIO ESCRITURACION (Y DAÑOS Y PERJUICIOS)\" - Expte. Nº suscribe mediante firma digital -Acuerdo Gral. 11/20 del 23-6-2020, Punto 4°) prescindiéndose de su impresión en formato papel."
    ]
  }
}