{
  "METADATOS": {
    "ID_FALLO": "9109",
    "MES": "11",
    "ARTICULOS_CITADOS": {
      "citations": [
        {
          "main_source": "Ley 10.704",
          "cited_articles": [
            0
          ],
          "extra": null
        },
        {
          "main_source": "Acuerdo General 15/18 SNE",
          "cited_articles": [
            1,
            4
          ],
          "extra": null
        },
        {
          "main_source": "Acuerdo General 11/20",
          "cited_articles": [
            0
          ],
          "extra": "del 23-6-2020"
        },
        {
          "main_source": "Otro",
          "cited_articles": [
            33
          ],
          "extra": "LOPJ"
        }
      ]
    }
  },
  "MATERIA_PRELIMINAR": "ORDINARIO DAÑOS Y PERJUICIOS",
  "IDEA_CENTRAL": "**IDEA CENTRAL DEL FALLO:**\n\nEl tribunal resolvió no hacer lugar a la aclaratoria interpuesta por los codemandados en el caso \"BERNHARDT ROY ALFREDO y OTROS C/ ROCCUZO FRANCO y OTRA S/ ORDINARIO DAÑOS Y PERJUICIOS\", confirmando la sentencia anterior que había declarado parcialmente procedente el recurso de inaplicabilidad de ley. La decisión se fundamenta en la identificación de errores en los cálculos indemnizatorios realizados por la Cámara, específicamente en la fecha del accidente y en la proporción de ingresos asignados a los hijos de las víctimas.\n\n**Aspectos legales relevantes:**\n\n1. **Cálculos Indemnizatorios:** Se identificaron dos errores en los cálculos: la fecha del accidente (2008 en lugar de 2018) y la asignación incorrecta del ingreso mensual a los hijos de las víctimas (50% en lugar del 25% correspondiente a cada uno).\n2. **Rechazo de la Aclaratoria:** El tribunal determinó que la cuestión planteada por los codemandados excedía el ámbito de la aclaratoria, ya que no se evidenció omisión o error subsanable en la sentencia original.\n\n**Leyes y artículos clave:**\n\n- **Art. 33 de la LOPJ:** Relativo a la abstención de voto en caso de mayoría de opiniones.\n- **Acuerdo General 15/18 SNE:** Normativa sobre notificaciones y registros.\n\n**Razonamiento del tribunal:**\n\nEl tribunal argumentó que la aclaratoria no era procedente, dado que la sentencia original ya había abordado las cuestiones relevantes y no había errores que subsanar. Se reafirmó la necesidad de mantener la coherencia en los cálculos indemnizatorios, asegurando que se respeten los derechos de los beneficiarios de la indemnización. La decisión se fundamenta en la correcta aplicación de la ley y en la necesidad de claridad en los procedimientos judiciales.",
  "CONTENIDO": {
    "INICIO": [
      "\"BERNHARDT ROY ALFREDO y OTROS C/ ROCCUZO FRANCO y OTRA S/ ORDINARIO DAÑOS Y PERJUICIOS\" - Expte. Nº 9109 PARANÁ, 19 de noviembre de 2024."
    ],
    "VISTO": [
      "La aclaratoria interpuesta en fecha 26/10/2024 respecto de la sentencia de esta Sala dictada en fecha 24/10/2024, en las actuaciones \"BERNHARDT ROY ALFREDO y OTROS C/ ROCCUZO FRANCO y OTRA S/ ORDINARIO DAÑOS Y PERJUICIOS\" - Expte. Nº 9109 y,"
    ],
    "CONSIDERANDO": [
      "1.- La sentencia de este tribunal resolvió declarar parcialmente procedente el recurso de inaplicabilidad de ley deducido y, en consecuencia, casar la resolución de la Sala Primera de la Cámara Segunda de Apelaciones de Paraná conforme sus considerandos.",
      "Particularmente, en lo que aquí interesa, respecto a los cálculos indemnizatorios efectuados por la Cámara se dispuso que hubieron dos equivocaciones, a saber: a) fecha de acaecimiento del accidente, se la ubica 2008 cuando fue en el año 2018; y b) no concuerda el ingreso mensual establecido que le correspondería a cada hijo de las víctimas, ya que toma el 50% del módulo-valor, cuando corresponde la mitad de ese porcentaje a cada uno (25% a cada hijo).",
      "2.- Los codemandados, Sr. Franco Rocuzzo y Sra. Andrea María Fabiana Lanzarotta, solicitan que se aclare respecto de los cálculos realizados para Walter Gustavo Heinze (esposo de Glenda) y Esteban Dávila (ex de Joselen), por los cuales se señaló que no correspondía efectuar el cálculo indemnizatorio sobre el 100% del ingreso mensual estimado por la Cámara sino sobre el 50% de los ingresos como refiere el mismo fallo.",
      "3.- La cuestión planteada excede la aclaratoria, dado que en la sentencia no se evidencia omisión alguna, por lo tanto, no existe error o concepto obscuro subsanable por este canal, dado que se han determinado expresamente las cuestiones que corresponde modificar respecto de los cálculos indemnizatorios realizados por la Cámara.",
      "Las razones precedentemente expuestas, impulsan a propiciar el rechazo de la aclaratoria interpuesta.",
      "Por último, habiendo mayoría de opiniones, EL SR. VOCAL EN EJERCICIO DE LA PRESIDENCIA DEL STJ, LEONARDO PORTELA, se abstiene de votar y firmar la presente resolución con arreglo a lo dispuesto por el art. 33 de la LOPJ, texto según ley 10.704.",
      "En consecuencia, se"
    ],
    "RESUELVE": [
      "NO HACER LUGAR a la aclaratoria planteada en fecha 26/10/2024 contra la resolución de esta Sala dictada en fecha 24/10/2024.",
      "Notifíquese conforme arts. 1º y 4º Ac. Gral. 15/18 SNE y regístrese.",
      "\"BERNHARDT ROY ALFREDO y OTROS C/ ROCCUZO FRANCO y OTRA S/ ORDINARIO DAÑOS Y PERJUICIOS\" - Expte. Nº 9109 Ante mí. En igual fecha se registró. Asimismo, se deja constancia que la presente se suscribe mediante firma digital -Acuerdo Gral. 11/20 del 23-6-2020, Punto 4°) prescindiéndose de su impresión en formato papel."
    ]
  }
}