{
  "METADATOS": {
    "ID_FALLO": "9116",
    "MES": "11",
    "ARTICULOS_CITADOS": {
      "citations": [
        {
          "main_source": "Código Procesal Civil y Comercial (CPCC)",
          "cited_articles": [
            167,
            280,
            279,
            281,
            65
          ],
          "extra": "artículos 279 y 281, última parte"
        },
        {
          "main_source": "Ley 10.704",
          "cited_articles": [],
          "extra": ""
        },
        {
          "main_source": "Otro",
          "cited_articles": [
            113
          ],
          "extra": "Ley Arancelaria"
        },
        {
          "main_source": "Acuerdo General 15/18 SNE",
          "cited_articles": [
            1,
            4
          ],
          "extra": "conforme arts. 1º y 4º"
        },
        {
          "main_source": "Acuerdo General 11/20",
          "cited_articles": [],
          "extra": "del 23-6-2020"
        }
      ]
    }
  },
  "MATERIA_PRELIMINAR": "EJECUCION DE HONORARIOS",
  "IDEA_CENTRAL": "**IDEA CENTRAL DEL FALLO**\n\nEl Tribunal resolvió declarar \"mal concedido\" el recurso de inaplicabilidad de ley interpuesto por el recurrente, Raúl Miguel Ghione, en el contexto de un juicio de ejecución de honorarios. La decisión se fundamenta en la falta de cumplimiento del requisito del depósito previo exigido por el artículo 280 del Código Procesal Civil y Comercial, así como en la firmeza de la resolución anterior que estableció el monto adeudado, la cual es irrecurrible.\n\n**Aspectos Legales Relevantes:**\n\n1. **Código Procesal Civil y Comercial**: \n   - Artículo 280: Establece la obligación de realizar un depósito previo para la admisión de ciertos recursos.\n   - Artículo 65: Regula la imposición de costas al vencido.\n\n2. **Ley Arancelaria**: \n   - Artículos 112 y 113: Relacionados con la exención de depósitos en casos de honorarios profesionales.\n\n**Razonamiento del Tribunal:**\n\nEl Tribunal, al analizar el recurso, concluyó que el recurrente no cumplió con el depósito requerido, lo que impide la admisión del recurso. Además, se destacó que la resolución que levantó el embargo se basó en una decisión anterior que había sido firme y consentida, lo que la hacía irrecurrible. El Tribunal también desestimó la alegación de inconstitucionalidad de los artículos mencionados, argumentando que la exención solicitada no se ajustaba a las circunstancias del caso. Se enfatizó la importancia de mantener la igualdad entre las partes y el respeto al debido proceso.\n\nEn consecuencia, se impusieron las costas al recurrente vencido, reafirmando la decisión de la Cámara de Apelaciones.",
  "CONTENIDO": {
    "INICIO": [
      "\"CACERES CARLOS ENRIQUE Y OTROS C/ ZARATE LUCAS - SUCESORES Y OTROS. ORDINARIO S/ EJECUCION DE HONORARIOS\" - Expte. Nº 9116"
    ],
    "ACUERDO": [
      "En la ciudad de Paraná, capital de la provincia de Entre Ríos, a los cuatro días del mes de noviembre del año dos mil veinticuatro reunidos los integrantes de este Tribunal asistidos por el Secretario autorizante, para conocer el recurso de inaplicabilidad de ley deducido en fecha 11/4/2024 en las actuaciones:",
      "\"CACERES CARLOS ENRIQUE Y OTROS C/ ZARATE LUCAS - SUCESORES Y OTROS. ORDINARIO S/ EJECUCION DE HONORARIOS\" - Expte. Nº 9116, respecto de la resolución de la Sala Tercera de la Cámara Segunda de Apelaciones de Paraná dictada en fecha 21/3/2024. Se practicó el sorteo de ley resultando que la votación debía tener lugar en el siguiente orden: Sra. Vocal Gisela N. Schumacher; Sr. Vocal Carlos Federico Tepsich y Sr.",
      "Vocal Leonardo Portela.",
      "Estudiados los autos, la Sala se planteó las siguientes cuestiones:",
      "¿qué corresponde resolver respecto del recurso de inaplicabilidad de ley interpuesto?",
      "A LA CUESTIÓN PROPUESTA LA SRA. VOCAL GISELA"
    ],
    "SCHUMACHER DIJO": [
      "1.- Raúl Miguel Ghione, con patrocinio letrado, interpuso recurso de inaplicabilidad de ley (11/4/2024), contra la resolución dictada por la Cámara Segunda de Apelaciones de Paraná, Sala Tercera (21/3/2024), que en lo que interesa relacionar declaró mal concedido el recurso interpuesto contra la providencia del 28/7/2023 e impuso las costas por su orden.",
      "2.- Para así resolver la Cámara señaló que la decisión apelada que decidió levantar el embargo por no existir deuda insoluta en las presentes, remite a lo dispuesto en una resolución anterior (23/5/2023), que rechazó la planilla practicada por el aquí apelante y aprobó la liquidación practicada por el juzgado, y a actos posteriores sucedidos en la causa, como fue el depósito dado en pago por el ejecutado de ese saldo y el cobro por el ejecutante.",
      "Advirtió que aquella decisión que estableció el monto adeudado está firme y consentida.",
      "Refirió que cuando la resolución es consecuencia de otra anterior firme y consentida, aquélla resulta irrecurrible, puesto que de lo contrario se produciría el absurdo que resoluciones firmes se tornasen apelables por la sola renovación de la petición.",
      "Explicó que no obsta a lo que se decide la denuncia del recurrente de haber presentado recurso de apelación contra lo decidido el 23/5/2023, pues ese acto no surge de las actuaciones electrónicas, de manera que el modo de revertir el vicio procesal alegado no era la apelación sino, eventualmente, un planteo de nulidad procesal en los términos del artículo 167 y siguientes del Código Procesal \"CACERES CARLOS ENRIQUE Y OTROS C/ ZARATE LUCAS - SUCESORES Y OTROS. ORDINARIO S/ EJECUCION DE HONORARIOS\" - Expte. Nº 9116 Civil y Comercial.",
      "3.- El recurrente adujo que se encuentra exento del depósito que impone el artículo 280 del Código Procesal Civil y Comercial en virtud de lo dispuesto por el artículo 113 de la Ley Arancelaria, ya que esta causa versa sobre sus honorarios profesionales devengados y regulados mientras ejercía la abogacía.",
      "Dijo que, además, la imposición de dicho depósito sería un despropósito porque constituiría un grave e injusto impedimento para la tramitación del recurso.",
      "Arguyó que la sentencia es definitiva porque de confirmarse extinguiría su crédito de honorarios.",
      "Postuló la inconstitucionalidad de los artículos 279 y 281, última parte, del Código Procesal Civil y Comercial.",
      "Resaltó que su anterior patrocinante equivocó el expediente donde su parte habría presentado el recurso de apelación, que ello fue explicado a la alzada y que, sin embargo, no fue aludido en la sentencia.",
      "Hizo reserva del caso federal.",
      "4.- La Cámara concedió el recurso de inaplicabilidad interpuesto, con efecto suspensivo (24/6/2024).",
      "5.- Dictaminó la señora Procuradora Adjunta, doctora Mónica Elizabeth Carmona, quien propició el rechazo de la impugnación deducida (22/7/2024).",
      "6.- Resumidos los antecedentes del caso, ingreso directamente al tratamiento de la impugnación articulada.",
      "Como jueza del recurso abordaré el renovado control de admisibilidad que corresponde efectuar en esta instancia, tarea que arroja un resultado disvalioso a la pretensión revisora de la querella.",
      "Ello en tanto el informe de Secretaría de fecha 30/4/2024 da cuenta que el recurrente no cumplió con el requisito del depósito previo, contenido en el artículo 280, tercer párrafo, del Código Procesal Civil y Comercial. Tal circunstancia surge, asimismo, ratificada por los términos expresados por el recurrente.",
      "Por la presente vía se impugnó una sentencia de Cámara cuyos efectos redundan en la confirmación de la dictada en primera instancia.",
      "La materia recurrida no encuadra dentro de las previsiones contenidas en los artículos 112 y 113 de la ley arancelaria local, por lo que a más que no fue esa la vía elegida, la exención pretendida resulta ajena al embate en estudio.",
      "Por su parte, el resguardo a los derechos de igualdad entre las partes litigantes y al debido proceso tornan vacuos los argumentos discrepantes con \"CACERES CARLOS ENRIQUE Y OTROS C/ ZARATE LUCAS - SUCESORES Y OTROS. ORDINARIO S/ EJECUCION DE HONORARIOS\" - Expte. Nº 9116 relación a la carga en tratamiento, máxime ante la existencia de carriles especialmente diseñados para el invocado acceso a justicia, de cuya utilización no existe constancia ni alegación alguna.",
      "7.- Por consiguiente, corresponde declarar mal concedido el recurso de inaplicabilidad de ley incoado, con costas al recurrente vencido (artículo 65 del Código Procesal Civil y Comercial). ASÍ VOTO.",
      "A LA CUESTIÓN PROPUESTA EL SR. VOCAL DR."
    ],
    "TEPSICH DIJO": [
      "Adhiero a la solución propuesta por la Sra. Vocal preopinante por compartir en lo sustancial sus fundamentos. ASÍ VOTO.",
      "Por último, habiendo mayoría de opiniones, EL SR. VOCAL EN EJERCICIO DE LA PRESIDENCIA DEL STJ, LEONARDO PORTELA, se abstiene de votar y firmar la presente resolución con arreglo a lo dispuesto por el art. 33 de la LOPJ, texto según ley 10.704.",
      "Con lo que no siendo para más se da por finalizado el acto quedando acordada la siguiente sentencia:",
      "Paraná, 4 de noviembre de 2024."
    ],
    "Y VISTO": [
      "Por los fundamentos del acuerdo que antecede se,"
    ],
    "RESUELVE": [
      "DECLARAR MAL CONCEDIDO el recurso de inaplicabilidad de ley deducido en fecha 11/4/2024, respecto de la resolución de la Sala Tercera de la Cámara Segunda de Apelaciones de Paraná dictada en fecha 21/3/2024.",
      "IMPONER costas a la vencida (art. 65 del CPCC).",
      "Tener presente la reserva del caso federal.",
      "Notifíquese conforme arts. 1º y 4º Ac. Gral. 15/18 SNE, regístrese y oportunamente devuélvase.",
      "Ante mí. En igual fecha se registró. Asimismo, se deja constancia que la presente se suscribe mediante firma digital -Acuerdo Gral. 11/20 del 23-6-2020, Punto 4°) prescindiéndose de su impresión en formato papel."
    ]
  }
}