{
  "METADATOS": {
    "ID_FALLO": "9129",
    "MES": "11",
    "ARTICULOS_CITADOS": {
      "citations": [
        {
          "main_source": "Código Procesal Civil y Comercial (CPCC)",
          "cited_articles": [
            42,
            38,
            170,
            276,
            280,
            281,
            65
          ],
          "extra": "CPC y C de la provincia"
        },
        {
          "main_source": "Constitución Nacional (CN)",
          "cited_articles": [
            18
          ],
          "extra": null
        },
        {
          "main_source": "Ley 7046",
          "cited_articles": [
            3,
            64,
            94
          ],
          "extra": "modif. por ley"
        },
        {
          "main_source": "Ley 11.151",
          "cited_articles": [
            3,
            64,
            94
          ],
          "extra": "modif. por ley 11.141"
        },
        {
          "main_source": "Acuerdo General 15/18 SNE",
          "cited_articles": [
            1,
            4
          ],
          "extra": "conforme"
        },
        {
          "main_source": "Acuerdo General 11/20",
          "cited_articles": [],
          "extra": "del 23-6-2020"
        }
      ]
    }
  },
  "MATERIA_PRELIMINAR": "ORDINARIO DAÑOS Y PERJUICIOS",
  "IDEA_CENTRAL": "### IDEA CENTRAL DEL FALLO\n\n**Decisión Judicial Principal:** El Tribunal declaró inadmisible el recurso de inaplicabilidad de ley interpuesto por el demandado, Pablo Cheremnov Martushov, en relación a la resolución de la Cámara de Apelaciones que había rechazado un incidente de nulidad de notificación de demanda.\n\n**Fundamento Legal:** La inadmisibilidad se sustentó en el incumplimiento de los requisitos formales establecidos en el Código Procesal Civil y Comercial (CPCyC), específicamente en los artículos 276 y 280, que regulan la admisibilidad de recursos extraordinarios. El Tribunal consideró que el recurrente no logró demostrar la arbitrariedad o absurdidad de la decisión impugnada.\n\n**Aspectos Legales Relevantes:**\n1. **Código Procesal Civil y Comercial (CPCyC):** Artículos 170 (facultad de rechazar incidentes), 276 (requisitos de admisibilidad), 280 (fundamentación del recurso).\n2. **Constitución Nacional:** Artículo 18 (garantía del debido proceso).\n\n**Razonamiento del Tribunal:** El Tribunal argumentó que el demandado había presentado un domicilio inexistente para notificaciones, lo que dilató el proceso y justificó la decisión de la instancia inferior de rechazar el incidente de nulidad. Además, se destacó que el recurrente no proporcionó un domicilio correcto ni fundamentó adecuadamente su recurso, lo que llevó a la conclusión de que no se configuraba el supuesto de excepción para habilitar la instancia extraordinaria. La conducta del demandado fue calificada como temeraria, lo que justificó la sanción impuesta por la primera instancia.\n\n**Conclusión:** La decisión del Tribunal reafirma la importancia del cumplimiento de los requisitos procesales y la veracidad en la declaración de domicilios, así como la necesidad de una adecuada fundamentación en los recursos judiciales.",
  "CONTENIDO": {
    "INICIO": [
      "\"MIQUEO LEONEL ESTEBAN C/ CHEREMNOV MARTUSHOV PABLO Y OTRA S/ ORDINARIO DAÑOS Y PERJUICIOS\" - Expte. Nº 9129"
    ],
    "ACUERDO": [
      "En la ciudad de Paraná, capital de la provincia de Entre Ríos, a los veintiún días del mes de noviembre del año dos mil veinticuatro reunidos los integrantes de este Tribunal asistidos por el Secretario autorizante, para conocer el recurso de inaplicabilidad de ley deducido en fecha 10/6/2024 en las actuaciones:",
      "\"MIQUEO LEONEL ESTEBAN C/ CHEREMNOV MARTUSHOV PABLO Y OTRA S/ ORDINARIO DAÑOS Y PERJUICIOS\" - Expte. Nº 9129, respecto de la resolución de la Sala Civil y Comercial de la Cámara de Apelaciones de Concepción del Uruguay dictada en fecha 21/5/2024. Se practicó el sorteo de ley resultando que la votación debía tener lugar en el siguiente orden: Sra. Vocal Gisela N. Schumacher; Sr. Vocal Carlos Federico Tepsich y Sr. Vocal Leonardo Portela.",
      "Estudiados los autos, la Sala se planteó las siguientes cuestiones:",
      "¿qué corresponde resolver respecto del recurso de inaplicabilidad de ley interpuesto? y, en su caso, ¿cómo deben regularse los honorarios profesionales en esta instancia?",
      "A LA PRIMERA CUESTIÓN PROPUESTA LA SRA."
    ],
    "VOCAL GISELA SCHUMACHER DIJO": [
      "1.- Leonel Esteban Miqueo inició demanda por indemnización de daños y perjuicios contra Pablo Cheremnov Martushov (18/10/2022). Fundó la acción en el accidente de tránsito protagonizado por ambas partes.",
      "2.- El demandado promovió incidente de nulidad de notificación del traslado de demanda (11/8/2023).",
      "3.- La resolución de primera instancia (30/10/2023) no hizo lugar al incidente de nulidad incoado, impuso las costas a la demandada perdidosa, y sancionó al incidentista y a su letrado patrocinante, en forma solidaria, con una multa equivalente al 5% del monto que surja de la sentencia que se dicte en su oportunidad, en beneficio del actor.",
      "4.- Apelaron la parte demandada y el letrado interviniente, por derecho propio (31/10/2023 y 6/11/2023, respectivamente).",
      "5.- En tarea de resolver la impugnación deducida, la Cámara de Apelaciones de Concepción del Uruguay, Sala Civil y Comercial, rechazó el recurso de apelación deducido por la parte incidentante respecto del rechazo del incidente de nulidad y la imposición de multa a su cargo, con costas al apelante vencido; y admitió el recurso interpuesto por el abogado Hernando L. Maxit, por derecho propio, dejando sin efecto la sanción impuesta al mismo, con costas en esa instancia por el orden causado.",
      "Para así decidir, la alzada explicó que el demandado, con patrocinio letrado, inició incidente de nulidad de notificación de la demanda promovida en estas actuaciones, denunciando como domicilio real el Paraje San \"MIQUEO LEONEL ESTEBAN C/ CHEREMNOV MARTUSHOV PABLO Y OTRA S/ ORDINARIO DAÑOS Y PERJUICIOS\" - Expte. Nº 9129 Pedro, zona rural de la localidad de San Luis del Palmar, provincia de Corrientes, lugar donde denunció que, por razones laborales, reside y ha establecido su domicilio real desde finales de 2022.",
      "Relató que habiéndose sustanciado dicho incidente y contestado el mismo, se fijó fecha de audiencia preliminar, ordenándose la notificación de la misma por cédula en el domicilio real de las partes. Trajo que habiéndose librado la cédula correspondiente dirigida al domicilio real denunciado por el incidentante en el promocional de este proceso nulidificatorio, el oficial de justicia del Poder Judicial de Corrientes informó que \"[e]l domicilio indicado en al presente, \"PARAJE SAN PEDRO\" no corresponde a la jurisdicción de la localidad de San Luis del Palmar. Informe que fue corroborado por la Policía de dicha localidad\", lo que es acompañado por la parte incidentada solicitando \"A V.S. TENGA PRESENTE LA CONDUCTA DE LA PARTE DEMANDADA, al denunciar un domicilio real que no existe, provocando dilatar el proceso judicial y generando desgaste jurisdiccional como también gastos, encuadrando su conducta en lo previsto por el Artículo 42 del CPC y C de la provincia, solicitando se ponga multa por ser dicha conducta premeditada, maliciosa y temeraria.- Solicito se tenga presente el informe que se agrega con la cédula Ley 22172, como prueba para resolver el incidente de nulidad promovido por la demandada, quien dijo tener un domicilio real distinto al notificado, cuando de la prueba que se adjunta y se ofrece resulta que NO EXISTE DICHO PARAJE EN SAN LUIS DEL PALMAR, PROVINCIA DE CORRIENTES.- Que ante la falsa denuncia de domicilio real, se aplique el artículo 38 del CPC y C, segundo párrafo, que todas las resoluciones que deban notificarse en el real ( por no existir dicho domicilio denunciado) se lo notifique en el domicilio electrónico constituido.-\".",
      "Refirió que ante la presentación de dicho informe y la solicitud de la demandada, la jueza de la instancia anterior se expidió por la innecesariedad de las pruebas ofrecidas por las partes, ante la evidente falsedad en la denuncia del domicilio real del nulidicente.",
      "Enfatizó que la facultad otorgada por el artículo 170 del Código Procesal Civil y Comercial de rechazar in limine (que significa desde su inicio) el pedido de nulidad ante la manifiesta improcedencia del planteo se mantiene durante la tramitación del incidente, pudiendo la magistrada hacer uso de dicha prerrogativa en caso que durante la consecución del mismo verifique que la nulificación interesada resulta evidentemente infundada.",
      "Constató que el apelante reconoció que la denuncia del domicilio indicado por el incidentante en el promocional de este proceso resulta un \"yerro excusable\" y que \"(c)onforme surge de la cédula informada por el oficial notificador de la Provincia de Corrientes, el Paraje San Pedro no corresponde a la jurisdicción de la localidad de San Luis del Palmar.- De la mentada afirmación \"MIQUEO LEONEL ESTEBAN C/ CHEREMNOV MARTUSHOV PABLO Y OTRA S/ ORDINARIO DAÑOS Y PERJUICIOS\" - Expte. Nº 9129 sólo se deduce que no pertenece a esa jurisdicción\", por lo que consideró que el domicilio denunciado no es correcto.",
      "Destacó que, reconocido dicho error, con posterioridad al informe del oficial de justicia, ni en ninguna parte del memorial, el incidentante apelante afirmó con certeza y en forma concreta cuál era su real domicilio al momento de la notificación de la demanda del proceso principal, y cuál es actualmente el mismo, sin brindar tampoco una explicación de los motivos por los que se colocó un domicilio erróneo al promoverse este incidente.",
      "Manifestó que en primera instancia el incidentante tuvo la oportunidad de enmendar el error respecto al domicilio denunciado desde el 11/10/2023 hasta el dictado de la sentencia en fecha 30/10/2023 que rechazó el incidente, y no lo hizo.",
      "Valoró que carece de relevancia la alegación al contenido del poder otorgado, atento que el incidentante, luego de admitir el error respecto al domicilio denunciado en el promocional, relató en los agravios que el detalle que surge de la expresión referida por el aludido notario (en cuanto en que el incidentante se encuentra en tránsito en esa ciudad) \"socava la calificación de falsedad con que la a-quo considera al domicilio denunciado por esta parte\" pero a continuación asevera que \"(p)uede haber sido un error en la precisión del domicilio; pero de ahí a considerar falso el mismo equivale a un exceso.\", no precisando efectivamente si ese resulta su domicilio, ni individualizando, en caso que así lo sea, en qué parte de la zona rural de la localidad de San Luis del Palmar se ubica el domicilio del incidentante y si se mantiene actualmente.",
      "Concluyó que el domicilio real originariamente denunciado es inexistente, y no hay referencia concreta de cuál era el específico al momento de la notificación de la demanda.",
      "Agregó que el escrito inicial del incidente se asimila a la promoción de una demanda y, en consecuencia, es un acto de singular trascendencia dentro del proceso, mediante el cual se pone en ejercicio la pretensión, reclamándose ante el órgano jurisdiccional una decisión favorable, y así, la petición que involucra tiene virtualidad de fijar sus propios límites, enmarcando, por lo demás, la contestación del mismo por parte del incidentado, por lo que se vienen a conformar los términos de la relación procesal, de manera tal que, en adelante, tanto la producción de la prueba, como la sentencia de mérito han de ajustarse al contenido de aquélla.",
      "Por su lado, confirmó la sanción por temeridad y malicia impuesta al señor Cheremnov Matushov, atento que la ligereza y grave negligencia con que el incidentante informó a su letrado un domicilio en el cual -según su postura- debió notificarse la demanda del proceso principal, y que no se condice con la realidad.",
      "\"MIQUEO LEONEL ESTEBAN C/ CHEREMNOV MARTUSHOV PABLO Y OTRA S/ ORDINARIO DAÑOS Y PERJUICIOS\" - Expte. Nº 9129 Distinto temperamento adoptó respecto del abogado pues, en principio, el profesional que presta patrocinio letrado a su cliente no se responsabiliza de la veracidad de las manifestaciones hechas por éste en el escrito que suscribe, y no cabe presumir que el mismo haya tenido interés en invocar dicho domicilio erróneo en este proceso.",
      "6.- El demandado en los autos principales interpuso recurso de inaplicabilidad de ley (10/6/2024).",
      "Adujo que la sentencia recurrida es definitiva, o conceptualmente así debe reputarse por efecto de la interpretación extensiva por la que se han incluido resoluciones que se han considerado definitivas por equiparación. Dijo que para su parte la resolución que se impugna lo deja con demanda incontestada, con las consecuencias que ello implica.",
      "Respecto a los argumentos de la facultad que otorga el artículo 170 del Código Procesal Civil y Comercial, arguyó que ésta reconoce límites que es necesario precisar. Añadió que su ejercicio disfuncional menguará el acceso a la jurisdicción y en la violación de la garantía del debido proceso (artículo 18 de la Constitución Nacional).",
      "Achacó que la resolución impugnada es material y formalmente absurda y, como tal, arbitraria.",
      "Objetó que es arbitraria la sentencia en donde los magistrados dispensan fundar razonadamente su decisión sustituyéndola por afirmaciones dogmáticas o fundamentos sólo aparentes.",
      "Afirmó que la sentencia constituye un apartamiento inequívoco de la solución normativa dado que el fallo no advierte que el incidente de nulidad planteado no tiene por objeto dirimir que lo fue por un domicilio real incorrecto, sino porque el domicilio denunciado como real en la demanda ya no lo era de su parte. Sostuvo que el domicilio denunciado al promover el incidente, más allá de su imprecisión y/o incorrección y/o como quiera que sea calificado, en modo alguno enervan la conclusión anterior por cuanto pacíficamente se ha señalado que el domicilio real tiene como base la efectiva residencia de la persona en un cierto lugar.",
      "Subrayó que la incongruencia de la sentencia es que no advierte que partiendo de la premisa del domicilio real en la provincia de Corrientes lugar de otorgamiento del poder, se deriva la necesaria conclusión que el domicilio Bolívar 771 de Colón ya no era el domicilio real del demandado, y sí lo era en la provincia de Corrientes.",
      "Entendió que todo ello es suficiente para revocar la sanción impuesta a su parte. Consideró que es intrínseco a la naturaleza humana el equivocarse, por lo que hay que aceptar errores y aprender de ellos para evitar que se repitan. Apuntó que las sanciones deben ser apreciadas con carácter restrictivo y \"MIQUEO LEONEL ESTEBAN C/ CHEREMNOV MARTUSHOV PABLO Y OTRA S/ ORDINARIO DAÑOS Y PERJUICIOS\" - Expte. Nº 9129 exigen la existencia de dolo, extremo inexistente en el expediente dado que con la decisión en crisis se impidió a la parte acreditar su afirmación.",
      "Hizo reserva del caso federal.",
      "7.- La contraria contestó el traslado oportunamente dispuesto (3/7/2024). Solicitó, por las razones que expuso, el rechazo del recurso de inaplicabilidad de ley incoado, con costas.",
      "8.- Sintetizados los antecedentes relevantes para la definición de la cuestión sometida a juzgamiento recuerdo que el análisis preliminar de admisibilidad, previsto expresamente en nuestro ordenamiento procesal, indica que cuando el medio de impugnación se interpuso ante el mismo organismo jurisdiccional que dictó la resolución recurrida aquél sea llevado a cabo en dos oportunidades, la primera por la Cámara que analiza el cumplimiento de los requisitos formales de admisibilidad y de fundabilidad del planteo recursivo (artículos 276, 280 y 281 del Código Procesal Civil y Comercial), y la segunda por esta Sala.",
      "Conforme a las exigencias técnicas del recurso se debe efectuar el directo cuestionamiento de la sentencia definitiva de segunda instancia del cual derive una crítica y un ataque pertinentes a su fundamentación, que demuestren la errónea aplicación de la ley y/o doctrina legal emanada de este tribunal.",
      "No obstante la literalidad de la norma, se admite por vía pretoriana el análisis de cuestiones de hecho y prueba reservadas en principio a la magistratura de las instancias ordinarias, cuando se alegue y demuestre absurdidad o arbitrariedad en su valoración.",
      "9.- Bajo tales parámetros ingreso al análisis de la pieza recursiva acompañada por la parte incidentante -demandada en las actuaciones principales-, tarea ante la cual verifico el incumplimiento de los extremos requeridos por los artículos 276 y 280, segundo párrafo, del Código Procesal Civil y Comercial.",
      "Me explico.",
      "a.- Si bien el artículo 277 del código de forma otorga la calidad de definitiva a aquellas decisiones que aun recayendo sobre cuestión incidental terminaren el pleito o hicieren imposible su continuación, cierto es que el recurrente expresó en oportunidad de fundar su recurso de apelación (escrito del 21/11/2023), que no era necesario acreditar el perjuicio que le ocasionó a su parte el rechazo de la nulidad de notificación planteada, puesto que la cuestión trataba del derecho de defensa y la posibilidad o no de plantear prueba en el incidente.",
      "Ahora, la querella deslizó que conceptualmente debe reputarse la definitividad de la sentencia en crisis con base en que ésta deja a su parte con la demanda incontestada.",
      "Sin embargo, las características particulares del caso, las postulaciones del impugnante, así como la conducta contradictoria seguida y \"MIQUEO LEONEL ESTEBAN C/ CHEREMNOV MARTUSHOV PABLO Y OTRA S/ ORDINARIO DAÑOS Y PERJUICIOS\" - Expte. Nº 9129 reconocida por quien se encuentra demandado en los autos principales (accidente de tránsito), muestran que lo puntualmente objetado radica en que la magistrada de primera instancia suspendió la audiencia preliminar fijada en el incidente de nulidad de notificación, puesto que al pretender notificar su convocatoria corroboró que el incidentante denunció para fundar la nulidad planteada era un domicilio inexistente, calificó el obrar como dilatorio y resolvió sin más el rechazo del planteo.",
      "En tal marco, cabe concluir que el presente no configura el supuesto de excepción diseñado y previsto por el citado artículo 277 del Código Procesal Civil y Comercial.",
      "b.- No obstante que lo anterior constituye suficiente impedimento para habilitar la instancia extraordinaria provincial, observo, además, que el escrito recursivo en lo sustancial es una reiteración de los agravios expresados por el recurrente en el recurso de apelación, los que fueron puntillosamente tratados por la alzada en el veredicto recurrido.",
      "En efecto, el incidentante no se hace cargo del obrar disvalioso a su pretensión nulificante que los resolutorios cuestionados le imputan, sino que, por el contrario, resta valor a los que individualiza como un error por él cometido pero sin fundamentación alguna acerca de las razones por las que se habría configurado, ni un ataque serio respecto de los vicios de arbitrariedad y absurdidad alegados.",
      "c.- Lo expuesto en el párrafo precedente basta para desestimar la queja por la sanción impuesta, en tanto el embate sujetó su suerte a similares fundamentos a los explicitados, por lo que le resultan aplicables las mismas consideraciones ya vertidas.",
      "10.- Por consiguiente, corresponde declarar la inadmisibilidad del recurso de inaplicabilidad de ley interpuesto, con costas a la vencida (artículo 65 del Código Procesal Civil y Comercial). ASÍ VOTO.",
      "A LA PRIMERA CUESTIÓN PROPUESTA EL SR. VOCAL",
      "Considerando la actividad desarrollada para abrir la instancia extraordinaria y la probable dedicación temporal en el desempeño profesional del servicio, corresponde fijar los honorarios profesionales en el 50 % de los honorarios que se establezcan por la labor en primera instancia, encomendando su cálculo a la judicatura de origen (arts. 3, 64 y 94 de la ley 7.046 modif. por ley \"MIQUEO LEONEL ESTEBAN C/ CHEREMNOV MARTUSHOV PABLO Y OTRA S/ ORDINARIO DAÑOS Y PERJUICIOS\" - Expte. Nº 9129 11.141). ASÍ VOTO.",
      "A LA SEGUNDA CUESTIÓN PROPUESTA EL SR. VOCAL"
    ],
    "CARLOS FEDERICO TEPSICH DIJO": [
      "Adhiero a la solución de inadmisibilidad propuesta por la Sra.",
      "Vocal preopinante por compartir los fundamentos expresados en el considerando 9 b). ASI VOTO.",
      "A LA SEGUNDA CUESTIÓN PROPUESTA LA SRA.",
      "Adhiero al voto de la Sra. Vocal Gisela Schumacher. ASÍ VOTO.",
      "Por último, habiendo mayoría de opiniones, EL SR. VOCAL EN EJERCICIO DE LA PRESIDENCIA DEL STJ, LEONARDO PORTELA, se abstiene de votar y firmar la presente resolución con arreglo a lo dispuesto por el art. 33 de la LOPJ, texto según ley 10.704.",
      "Con lo que no siendo para más se da por finalizado el acto quedando acordada la siguiente sentencia:",
      "Paraná, 21 de noviembre de 2024."
    ],
    "Y VISTO": [
      "Por los fundamentos del acuerdo que antecede se,"
    ],
    "RESUELVE": [
      "DECLARAR INADMISIBLE el recurso de inaplicabilidad de ley deducido en fecha 10/6/2024, respecto de la resolución de la Sala Civil y Comercial de la Cámara de Apelaciones de Concepción del Uruguay dictada en fecha 21/5/2024.",
      "IMPONER costas a la vencida (art. 65 del CPCC).",
      "FIJAR los honorarios profesionales correspondientes a esta instancia extraordinaria, en el 50 % de los honorarios que se establezcan por la labor en primera instancia, encomendando su cálculo a la judicatura de origen (arts.",
      "3, 64 y 94 de la ley 7.046 modif. por ley 11.141).",
      "Tener presente la reserva del caso federal.",
      "Notifíquese conforme arts. 1º y 4º Ac. Gral. 15/18 SNE, regístrese y oportunamente devuélvase.",
      "Ante mí. En igual fecha se registró. Asimismo, se deja constancia que la presente se suscribe mediante firma digital -Acuerdo Gral. 11/20 del 23-6-2020, Punto 4°) prescindiéndose de su impresión en formato papel."
    ]
  }
}