{
  "METADATOS": {
    "ID_FALLO": "9144",
    "MES": "11",
    "ARTICULOS_CITADOS": {
      "citations": [
        {
          "main_source": "Código Civil y Comercial (CCC)",
          "cited_articles": [
            372,
            7,
            375,
            375
          ],
          "extra": null
        },
        {
          "main_source": "Código Procesal Civil y Comercial (CPCC)",
          "cited_articles": [
            65,
            66
          ],
          "extra": null
        },
        {
          "main_source": "Ley 7046",
          "cited_articles": [
            1,
            2,
            3,
            30,
            64,
            94
          ],
          "extra": null
        },
        {
          "main_source": "Acuerdo General 15/18 SNE",
          "cited_articles": [
            1,
            4
          ],
          "extra": null
        },
        {
          "main_source": "Acuerdo General 11/20",
          "cited_articles": [],
          "extra": "del 23-6-2020, Punto 4°"
        }
      ]
    }
  },
  "MATERIA_PRELIMINAR": "ORDINARIO (CIVIL)",
  "IDEA_CENTRAL": "### IDEA CENTRAL DEL FALLO\n\n**Decisión Judicial Principal:**\nEl Tribunal rechazó el recurso de inaplicabilidad de ley interpuesto por Ana Echeverría y otros, confirmando la sentencia de la Cámara de Apelaciones que había hecho lugar a la demanda de los actores, ordenando la transferencia de un inmueble y el desalojo de los demandados.\n\n**Fundamento Legal:**\nEl Tribunal fundamentó su decisión en la correcta aplicación del Código Civil y Comercial (CCC), específicamente en los artículos 7 y 375. Se determinó que el poder otorgado por Ana Echeverría a su representante era válido para la venta del inmueble, a pesar de no especificar el bien en cuestión, ya que el poder era de administración y disposición general.\n\n**Aspectos Legales Relevantes:**\n1. **Código Civil y Comercial (CCC)**:\n   - Art. 7: Establece la aplicación de normas vigentes al momento de consolidarse la relación jurídica.\n   - Art. 375: Requiere facultades expresas para la transferencia de derechos reales, pero no exige la individualización del bien en el poder.\n\n2. **Código Procesal Civil y Comercial (CPCC)**:\n   - Art. 65 y 66: Relativos a la imposición de costas.\n\n**Razonamiento del Tribunal:**\nEl Tribunal consideró que la falta de individualización del inmueble en el poder no afectaba su validez, dado que el poder era general y confería expresamente la facultad de enajenar bienes. Además, se desestimaron las alegaciones de arbitrariedad en la valoración de pruebas, indicando que la disconformidad no constituía un agravio suficiente para modificar la decisión de la Cámara.\n\n**Conclusión:**\nSe reafirmó la validez del acto de disposición del inmueble y se impusieron las costas a la parte recurrente, fijando los honorarios profesionales en un 50% de los de primera instancia, conforme a la Ley 7046.",
  "CONTENIDO": {
    "INICIO": [
      "\"GERALNIK VERONICA C. Y OTROS C/ ECHEVERRIA ANA S/ ORDINARIO (CIVIL)\" - Expte. Nº 9144"
    ],
    "ACUERDO": [
      "En la ciudad de Paraná, capital de la provincia de Entre Ríos, a los veintiséis días del mes de noviembre del año dos mil veinticuatro reunidos los integrantes de este Tribunal asistidos por el Secretario autorizante, para conocer el recurso de inaplicabilidad de ley deducido en fecha 23/5/2024 en las actuaciones:",
      "\"GERALNIK VERONICA C. Y OTROS C/ ECHEVERRIA ANA S/ ORDINARIO (CIVIL)\" - Expte. Nº 9144, respecto de la resolución de la Sala Segunda de la Cámara Segunda de Apelaciones de Paraná dictada en fecha 9/5/2024. Se practicó el sorteo de ley resultando que la votación debía tener lugar en el siguiente orden: Sr. Vocal Carlos Federico Tepsich; Sra. Vocal Gisela Schumacher y Sr. Vocal Leonardo Portela.",
      "Estudiados los autos, la Sala se planteó las siguientes cuestiones:",
      "¿qué corresponde resolver respecto del recurso de inaplicabilidad de ley interpuesto? y, en su caso, ¿cómo deben regularse los honorarios profesionales en esta instancia?",
      "A LA PRIMERA CUESTIÓN PROPUESTA EL SR. VOCAL"
    ],
    "CARLOS FEDERICO TEPSICH DIJO": [
      "1. En la sentencia de origen se falló lo siguiente: 1) hacer lugar a la demanda y se condenó a la accionada Ana Echeverría a otorgar a la parte actora la escritura traslativa de dominio del inmueble sito en calle Tucumán 560 de esta ciudad, Mat. 137.538, debiéndose saldar la hipoteca de primer grado a favor del Banco Credicoop Cooperativo Ltda.; 2) Rechazar la reconvención interpuesta por la demandada; 3) hacer lugar a la demanda interpuesta por los accionantes, en los autos \"Geralnik Verónica y otros c/ Echeverría Juan y otra s/ Desalojo” (Expte. Nº 17676), condenando a Norma Eva Alonso de Echeverría y Juan Alberto Echeverría a desalojar el inmueble referenciado en el plazo de quince días bajo apercibimiento de ser lanzados por la fuerza pública; y 4) rechazar el incidente de redargución de falsedad, en los autos caratulados “Geralnik Veronica y otros c/ Echeverría Juan y Otros s Desalojo s/ Incidente de Redargución de Falsedad” ( Nº 17837 bis), deducido por Norma Eva Alonso de Echeverría y Juan Alberto Echeverría, contra los accionantes, aplicando las costas del juicio a la parte demandada e incidentante vencida.",
      "Apelado dicho pronunciamiento por Ana Echeverría, Juan Alberto Echeverría y Norma Eva Alonso, la primera en su calidad de demandada reconviniente en el presente juicio ordinario y los restantes en el carácter de demandados en los procesos acumulados a esta causa supra detallados, como se anunciara, el tribunal ad quem lo confirmó.",
      "2. La Sala II de la Cámara de Apelaciones de esta ciudad (9/5/2024) al rechazar el recurso de apelación confirmó la sentencia de primera instancia (31/3/2023).",
      "\"GERALNIK VERONICA C. Y OTROS C/ ECHEVERRIA ANA S/ ORDINARIO (CIVIL)\" - Expte. Nº 9144 Para así resolver, luego de delimitar los agravios, analizó el Boleto de Compraventa celebrado el 15/6/2017 en el que Juan Alberto Echeverría actuó en nombre y representación de la vendedora, su hija Ana Echeverría, en virtud del Poder General de Administración y Disposición que le fuera otorgado por escritura pública el 14/10/2014.",
      "El tribunal ad quem afirmó que el hecho que en el poder no estuviera individualizada una instrucción específica respecto del inmueble de calle Tucumán 560, no impedía el ejercicio de las facultades de disposición a su respecto luego de la entrada en vigencia del Código Civil y Comercial de la Nación. El art.",
      "372 del CCC, agregó, resulta inaplicable ya que por aplicación de lo dispuesto en el art. 7 del CCC y la doctrina del \"consumo jurídico\", debe ser juzgado de conformidad a las normas vigentes al momento de la consolidación de la relación o situación jurídica determinada por el instrumento que se pretende invalidar -apoderamiento notarial de fecha 14/10/2014-.",
      "Indicó que aún si se tomara la previsión legal del art. 375, inc. e), del CCC, el poder en cuestión no dejaría de tener validez para el acto de compraventa cuestionado, teniendo en cuenta que el poder es general de administración y disposición, con expresa facultad para que los apoderados, Norma Eva Alonso y Juan Alberto Echeverría, en forma conjunta o indistinta puedan enajenar bienes inmuebles, siendo claro que la facultad de venta estuvo conferida expresamente.",
      "Consideró improcedente los agravios referidos al precio establecido en el boleto dado que no expresan una verdadera crítica de los fundamentos del Judex a quo, ni se invocó abuso en la negociación; y, en cuento a punto de su pago destacó que ello estaba acreditado con el otorgamiento del recibo que se consignó en la cláusula segunda de este instrumento contractual.",
      "Finalmente impuso las costas a la demandada reconviniente recurrente en la alzada.",
      "3. Contra esa sentencia de cámara la parte apelante interpuso recurso de inaplicabilidad de ley, que fue concedido por resolución del 16/8/2024.",
      "Se invoca que el art. 7 del CCC ha sido erróneamente aplicado puesto que la normativa vigente al momento de la celebración del contrato de compraventa era la que debía observarse respecto del poder con el que se acreditó la representación de Ana Geralnik y que conforme a lo dispuesto en el art. 375, de ese cuerpo legal, para transferir el inmueble de su propiedad eran necesarias facultades especiales que no fueron consignadas en el instrumento otorgado en el año 2014.",
      "También invoca arbitrariedad en la valoración de la prueba, refiriéndose a los indicios que a su criterio demuestran que la venta es un negocio ficticio y realizado en aprovechamiento del estado de necesidad que lo afecta de \"GERALNIK VERONICA C. Y OTROS C/ ECHEVERRIA ANA S/ ORDINARIO (CIVIL)\" - Expte. Nº 9144 nulidad por estar viciada la voluntad de la parte vendedora.",
      "Finalmente cita jurisprudencia y formula reserva del caso federal.",
      "4. La parte accionante, contesta el traslado oportunamente dispuesto, solicitando por las razones que se exponen, el rechazo del recurso interpuesto.",
      "5. El recurso bajo análisis tiene como primera causal una cuestión de derecho transitorio suscitada respecto de un acto de apoderamiento otorgado durante la vigencia del Código Civil (CC) y la actuación del representante en ejercicio de ese poder aconteció ya entrado en vigencia el Código Civil y Comercial.",
      "Estimo que antes de dilucidar si en el caso la disposición del art. 7 del CCC ha sido o no correctamente aplicada corresponde establecer si el punto es relevante para la respuesta jurisdiccional a dar aquí, esto es, contestar si el art. 375 del Código Unificado innovó respecto de lo que el derogado CC prescribía en su art. 1881; puesto que de no ser así ninguna razón habrá para continuar el análisis del punto.",
      "5.1. Coincido plenamente con lo que el tribunal de alzada expresó al respecto, a modo de obiter dictum. El art. 375 del CCC al marcar que: “Son necesarias facultades expresas para:...constituir, modificar, transferir o extinguir derechos reales sobre inmuebles u otros bienes registrables…” (inc. e), está marcando que para la realización de estos actos el apoderado debe contar con poderes específicos de disposición, sin embargo no impone la necesidad de su individualización.",
      "Esta norma, replica los incs. 7 y 15 del art. 1881 del CC, que al no introducir de su texto tal exigencia consagró su doctrina que pacíficamente aceptaba que cuando el poder refiera a disponer de esa naturaleza de bienes del poderdante no había necesidad de especificar a qué bien en particular se refiere el encargo (Ariza, Ariel en Código Civil comentado. Contratos. Parte Especial, Dir.",
      "Lorenzetti, Rubinzal Culzoni, Buenos Aires, 2004, T. II, p. 449; Urbaneja, Marcelo en Código Civil y Comercial de la Nación, Dirs. Barreiro Delfino - López Mesa, Hammurabi, Buenos Aires, 2023, T. 4-B., p. 269; Etchegaray, Natalio en Código Civil y Comercial de la Nación, Dir. Gregorini Clusellas, Astrea, T. 2, p. 126).",
      "5.2. Conforme lo anterior, la suerte del agravio queda fatalmente determinada en razón de lo inoficioso que se torna el tratamiento del conflicto temporal de la sucesión de leyes.",
      "6. Tampoco, se verifica la arbitrariedad probatoria que se denuncia en la que habría incurrido la Cámara.",
      "La argumentación recursiva en este punto no supera el umbral de la disconformidad. Además, cabe recordar que por el tipo de arbitrariedad que se denuncia, por implicar que en esta instancia extraordinaria se deban examinar \"GERALNIK VERONICA C. Y OTROS C/ ECHEVERRIA ANA S/ ORDINARIO (CIVIL)\" - Expte. Nº 9144 cuestiones de hecho y prueba, -lo que es en principio ajeno a la casación-, exige una carga de fundamentación más acentuada que muestre a este tribunal superior de modo claro y concreto que el razonamiento judicial dado en la sentencia de apelación no guarda una relación lógica entre las constancias probadas del caso y su conclusión; extremo éste que en absoluto considero que esté cumplido con relación de esta causal.",
      "7. En definitiva, propicio al acuerdo rechazar el recurso de inaplicabilidad de ley interpuesto, con costas a la recurrente (arts. 65 y 66, CPCC).",
      "En cuanto a los honorarios profesionales, teniendo en cuenta el trabajo realizado, extensión y contenido del mismo, considero razonable establecerlos en un 50% de los correspondientes a la primera instancia (arts. 1, 2, 3, 30, 64, 94 y concs., Ley 7046). ASÍ VOTO.",
      "A LA CUESTIÓN PROPUESTA LA SRA. VOCAL GISELA"
    ],
    "N. SCHUMACHER DIJO": [
      "1.- Resumidos los antecedentes del caso por el señor Vocal que comanda esta votación me remito a ellos, en honor a la brevedad, e ingreso directamente al tratamiento de la cuestión sometida a juzgamiento.",
      "2.- En tal cometido, comparto en lo sustancial las consideraciones vertidas por el doctor Tepsich en el voto que me precede y, en consecuencia, adhiero a las propuestas de desestimar el recurso de inaplicabilidad de ley, la imposición de las costas causídicas y la fijación de los honorarios profesionales.",
      "ASÍ VOTO.",
      "Por último, habiendo mayoría de opiniones, EL SR. VOCAL EN EJERCICIO DE LA PRESIDENCIA DEL STJ, LEONARDO PORTELA, se abstiene de votar y firmar la presente resolución con arreglo a lo dispuesto por el art. 33 de la LOPJ, texto según ley 10.704.",
      "Con lo que no siendo para más se da por finalizado el acto quedando acordada la siguiente sentencia:",
      "Paraná, 26 de noviembre de 2024."
    ],
    "Y VISTO": [
      "Por los fundamentos del acuerdo que antecede se,"
    ],
    "RESUELVE": [
      "RECHAZAR el recurso de inaplicabilidad de ley deducido en fecha 23/5/2024, respecto de la resolución de la Sala Segunda de la Cámara Segunda de Apelaciones de Paraná dictada en fecha 9/5/2024.",
      "IMPONER costas a la vencida (art. 65 y 66 del CPCC).",
      "FIJAR los honorarios profesionales en un 50% de los correspondientes a la primera instancia (arts. 1, 2, 3, 30, 64, 94 y concs., Ley 7046) Tener presente la reserva del caso federal.",
      "Notifíquese conforme arts. 1º y 4º Ac. Gral. 15/18 SNE, regístrese \"GERALNIK VERONICA C. Y OTROS C/ ECHEVERRIA ANA S/ ORDINARIO (CIVIL)\" - Expte. Nº 9144 y oportunamente devuélvase.",
      "Ante mí. En igual fecha se registró. Asimismo, se deja constancia que la presente se suscribe mediante firma digital -Acuerdo Gral. 11/20 del 23-6-2020, Punto 4°) prescindiéndose de su impresión en formato papel."
    ]
  }
}