{
  "METADATOS": {
    "ID_FALLO": "9153",
    "MES": "11",
    "ARTICULOS_CITADOS": {
      "citations": [
        {
          "main_source": "Código Civil y Comercial (CCC)",
          "cited_articles": [
            2560,
            2562,
            2554,
            1796
          ],
          "extra": null
        },
        {
          "main_source": "Constitución Provincial de Entre Ríos",
          "cited_articles": [
            65
          ],
          "extra": null
        },
        {
          "main_source": "Ley 7046",
          "cited_articles": [
            1,
            3,
            64,
            94
          ],
          "extra": "modif. por ley 11.141"
        },
        {
          "main_source": "Código Procesal Civil y Comercial (CPCC)",
          "cited_articles": [
            65,
            66
          ],
          "extra": null
        },
        {
          "main_source": "Acuerdo General 15/18 SNE",
          "cited_articles": [
            1,
            4
          ],
          "extra": "conforme arts. 1º y 4º"
        },
        {
          "main_source": "Acuerdo General 11/20",
          "cited_articles": [],
          "extra": "del 23-6-2020, Punto 4°"
        },
        {
          "main_source": "Otro",
          "cited_articles": [],
          "extra": "Resolución 3772 M.S. del 24/09/2019"
        },
        {
          "main_source": "Otro",
          "cited_articles": [],
          "extra": "1 STJER 'Superior Gobierno de la Provincia de Entre Ríos c/ Nuñez, Silvia Liliana s/contencioso administrativo s/recurso de inaplicabilidad de ley' Expte. N° 4176, del 07/12/23"
        },
        {
          "main_source": "Otro",
          "cited_articles": [],
          "extra": "Sala Civil y Comercial del STJER 'Superior Gobierno de la Provincia de Entre Ríos c/ Sánchez Pappalardo Pablo Daniel s/ ordinario cobro de pesos' Expte. Nº 8837, del 10/08/23"
        }
      ]
    }
  },
  "MATERIA_PRELIMINAR": "ORDINARIO COBRO DE PESOS",
  "IDEA_CENTRAL": "**IDEA CENTRAL DEL FALLO:**\n\nEl fallo del Superior Tribunal de Justicia de Entre Ríos resuelve a favor del Gobierno de la Provincia en el recurso de inaplicabilidad de ley interpuesto contra la decisión de la Cámara de Apelaciones que había revocado una sentencia de primera instancia, aceptando la excepción de prescripción planteada por la demandada, Gladys Silvia Bonini. El tribunal determina que la acción de cobro de pesos por pago indebido no está sujeta a prescripción, dado que el plazo de cinco años del artículo 2560 del Código Civil y Comercial (CCC) es aplicable, comenzando a contarse desde la efectivización del acto administrativo que habilitó la acción.\n\n**Fundamento Legal:**\n1. **Código Civil y Comercial (CCC)**:\n   - Art. 2560: Establece el plazo de prescripción genérico de cinco años.\n   - Art. 1796 y ss.: Regulan la restitución por pago indebido.\n   - Art. 2554: Indica que el plazo de prescripción comienza cuando la obligación es exigible.\n\n2. **Constitución Provincial**:\n   - Art. 65: Garantiza la razonabilidad de los plazos en la administración pública.\n\n**Aspectos Legales Relevantes:**\n- La Cámara de Apelaciones había considerado que el plazo de prescripción era de dos años, aplicable a créditos laborales, lo cual fue refutado por el tribunal superior.\n- Se enfatiza que la acción de restitución por pago indebido es autónoma y no depende directamente de la relación laboral.\n\n**Razonamiento del Tribunal:**\nEl tribunal sostiene que la prescripción no puede separarse de la acción ejercida. La acción de cobro se basa en la restitución de pagos indebidos, lo que justifica la aplicación del plazo de cinco años. La resolución administrativa que determinó la deuda fue el hito que hizo exigible la acción, por lo que no se había consumado la prescripción al momento de interponer la demanda.\n\n**Decisión Final:**\nSe declara procedente el recurso de inaplicabilidad de ley, se casa la resolución de la Cámara de Apelaciones y se confirma el fallo de primera instancia, imponiendo costas a la parte vencida. Se fijan honorarios profesionales en un 55% de los establecidos en primera instancia.",
  "CONTENIDO": {
    "INICIO": [
      "\"SUPERIOR GOBIERNO DE LA PROVINCIA DE ENTRE RIOS C/ BONINI GLADIS SILVIA S/ ORDINARIO COBRO DE PESOS\" - Expte. Nº"
    ],
    "ACUERDO": [
      "En la ciudad de Paraná, capital de la provincia de Entre Ríos, a los cuatro días del mes de noviembre del año dos mil veinticuatro reunidos los integrantes de este Tribunal asistidos por el Secretario autorizante, para conocer el recurso de inaplicabilidad de ley deducido en fecha 27/5/2024 en las actuaciones:",
      "\"SUPERIOR GOBIERNO DE LA PROVINCIA DE ENTRE RIOS C/ BONINI GLADIS SILVIA S/ ORDINARIO COBRO DE PESOS\" - Expte. Nº 9153, respecto de la resolución de la Sala Segunda de la Cámara Segunda de Apelaciones de Paraná dictada en fecha 9/5/2024. Se practicó el sorteo de ley resultando que la votación debía tener lugar en el siguiente orden: Sr. Vocal Carlos Federico Tepsich; Sra. Vocal Gisela N. Schumacher y Sr. Vocal Leonardo Portela.",
      "Estudiados los autos, la Sala se planteó las siguientes cuestiones:",
      "¿qué corresponde resolver respecto del recurso de inaplicabilidad de ley interpuesto? y, en su caso, ¿cómo deben regularse los honorarios profesionales en esta instancia?",
      "A LA PRIMERA CUESTIÓN PROPUESTA EL SEÑOR"
    ],
    "VOCAL DR. CARLOS FEDERICO TEPSICH DIJO": [
      "1. El 09/04/2024 la Sala II de la Cámara de Apelaciones de esta ciudad revocó la sentencia de primera instancia y, en consecuencia, hizo lugar a la excepción de prescripción opuesta por la demandada, Gladys Silvia Bonini, y rechazó la pretensión deducida por el Gobierno de la Provincia de Entre Ríos; para así decidir en el fallo se expresó lo siguiente:",
      "1.a. El magistrado que votó en primer orden, consideró que el derecho a reclamar cada pago indebido surge con su efectivización y desde ese momento resulta exigible la deuda. A su vez, agregó, que la tramitación del expediente administrativo no constituye un acto suspensivo ni interruptivo del plazo prescriptivo y concluyó que resulta aplicable el plazo de prescripción genérico de cinco años (art. 2560, CCC).",
      "Sostuvo, que el dictado de la Resolución Nº 3772 del Ministerio de Salud en fecha 24/09/2019, tres años y medio después de terminada la licencia que diera origen a los pagos indebidos que se reclaman no respeta la garantía de razonabilidad de los plazos consagrada en el artículo 65 de la Constitución Provincial.",
      "1.b. El Señor Vocal Dr. Marchesi, si bien adhiere a la solución propuesta, considera que la prescripción de los créditos que reclama el Gobierno de Entre Ríos son de naturaleza laboral por lo que el plazo a aplicar es el de dos años establecido en la legislación del trabajo y cuyo inicio de cómputo fue desde cada percepción en exceso.",
      "1.c. La Señora Vocal Dra. Miotti adhiere a la solución propuesta \"SUPERIOR GOBIERNO DE LA PROVINCIA DE ENTRE RIOS C/ BONINI GLADIS SILVIA S/ ORDINARIO COBRO DE PESOS\" - Expte. Nº por el magistrado que la antecedió en la votación, precisando que el correcto encuadre estaba dado por lo dispuesto en el art. 2562, inc. c, del CCC.",
      "2. La decisión motiva la interposición por parte del Estado Provincial del recurso de inaplicabilidad de ley que se somete a consideración de esta Sala.",
      "En el memorial se denuncia que la Cámara hizo una errónea aplicación de la ley tanto en lo que refiere al plazo de prescripción establecido como así también el momento fijado para el dies a quo de ese plazo.",
      "Sostiene que el plazo de prescripción es de cinco años conforme el art. 2560 del CCC, comenzando a correr desde la fecha de recepción en la Fiscalía de Estado del expediente administrativo concluido por parte del Ministerio de Salud que lo habilitaba para promover la demanda, esto es el 27/8/2021.",
      "Cuestiona la valoración que hace el fallo del trámite administrativo y de la resolución dictada por el Ministerio de Salud, expresando que dicha etapa y su culminación se erigen en un presupuesto para que la acción ejercida esté expedita.",
      "Afirma que la intervención del Ministerio está impuesta legalmente y el trámite que observa es indisponible y de cumplimiento obligatorio a los fines de emitir el acto administrativo que exprese la voluntad del órgano actuante (art. 1, Ley 7060); y, destaca que el fallo casatorio del Superior Tribunal de Justicia en “Superior Gobierno C/ Nuñez” (07/12/2023), al fijar la competencia civil y comercial para resolver un supuesto de restitución de haberes abonados y percibidos indebidamente, convalidó la aplicación del plazo de prescripción genérico.",
      "Finalmente mantiene la reserva del caso federal.",
      "3. Contesta el traslado oportunamente dispuesto del recurso de inaplicabilidad de ley articulado por el recurrente, la parte demandada solicita por las razones que expone su rechazo.",
      "4. A criterio del dicente, el planteo impugnativo viene asistido de razón.",
      "Paso a explicar porqué.",
      "4.1. Cabe recordar que la prescripción liberatoria no puede separarse de la acción que es ejercida, la que es la de pago indebido, sin que sea un dato relevante identificar la relación jurídica en la que habría ocurrido esa erogación que se busca repetir.",
      "Esta acción no deriva de modo directo e inmediato del contrato de empleo público que vincula a las partes sino de la indebida realización de un pago que, por tratarse de una especie de enriquecimiento sin causa, es una fuente autónoma de obligaciones (Pizarro, Daniel R. - Vallespinos, Carlos G., Tratado de \"SUPERIOR GOBIERNO DE LA PROVINCIA DE ENTRE RIOS C/ BONINI GLADIS SILVIA S/ ORDINARIO COBRO DE PESOS\" - Expte. Nº obligaciones, Rubinzal Culzoni, Santa Fe, 2017, T. IV, p. 332).",
      "4.2. Conforme ello, si la acción promovida es la de restitución por pago indebido (arts. 1796 y ss., CCC) resulta aplicable a la prescripción el plazo genérico de cinco años del art. 2560 (Wierzba, Sandra M. en Código Civil y Comercial de la Nación Comentado, Dir. Lorenzetti, Rubinzal Culzoni, Santa Fe, 2015, T. VIII, p. 716; Pizarro-Vallespinos, ob.cit., p. 445).",
      "Este temperamento también era doctrina dominante durante la vigencia del Código Civil (CSJN, Fallos, 205:339 y “Chaco, Provincia del, c.",
      "Huayqui SA s/ cobro de pesos”, 19/05/1999; Salvat, Raymundo M., Tratado de Derecho Civil Argentino. Obligaciones en general, 6ta. ed., actualizada por Galli, TEA, Buenos Aires, 1956, T. III, parágrafo 2179, p. 528; Spota, Alberto G. - Leva Fernández, Luis F., Prescripción y caducidad, La Ley, Buenos Aires, 2009, T. II, pp. 29/30; Llambías, Jorge J., Tratado de derecho civil. Obligaciones, 2da. edición, Abeledo, Buenos Aires, 1996, T. III, p. 382).",
      "4.3. Sentado lo anterior y dado que el transcurso del plazo de prescripción por regla comienza el día en que la prestación se hizo exigible (art.",
      "2554, CCC), en la especie este hito está dado por el dictado de la Resolución Nº 3772 -notificada personalmente a su destinataria-, por lo que la acción para repetir deducida el 9/3/2022 no está prescripta.",
      "Ello así, porque con la emisión de ese acto administrativo del Ministerio de Salud de la Provincia, el 24/9/2019 (fs. 69, expte. adm.), quedó determinado el encuadre que correspondía dar a los días no trabajados por la accionada correspondientes a licencia por enfermedad. Antes de este momento la Administración Pública no tenía expedita la acción al estar pendiente de decisión el alcance remuneratorio con que debía tal licencia por tratamiento prolongado.",
      "5. Para finalizar, resulta importante a los fines de establecer la solución a dar en esta instancia extraordinaria, reparar en la circunstancia de que los agravios de la parte demandada recurrente ante la alzada están circunscriptos exclusivamente a cuestionar la excepción de prescripción desestimada en la instancia de origen.",
      "6. En definitiva, propongo al acuerdo hacer lugar al recurso de inaplicabilidad de ley interpuesto y, en consecuencia, CASAR el fallo impugnado, quedando como pronunciamiento definitivo el fallo de primera instancia, con costas a la parte recurrida vencida en ambas instancias recursivas (arts. 65 y 66, CPCC). ASÍ VOTO.",
      "A LA PRIMERA CUESTIÓN PROPUESTA LA SRA."
    ],
    "VOCAL GISELA N. SCHUMACHER DIJO": [
      "1.- Comparto y adhiero a la solución propuesta por el señor vocal que preside este acuerdo, Doctor Tepsich. Coincido en que el caso en cuestión se \"SUPERIOR GOBIERNO DE LA PROVINCIA DE ENTRE RIOS C/ BONINI GLADIS SILVIA S/ ORDINARIO COBRO DE PESOS\" - Expte. Nº refiere a la restitución de haberes que fueron abonados y percibidos indebidamente, lo que justifica la aplicación del plazo genérico de prescripción y que la acción se hizo efectiva a partir del dictado de la Resolución 3772 M.S. del 24/09/2019.",
      "A través de dicho acto, la administración pública provincial determinó una deuda en contra de la demandada, la que se pretende recuperar en estos autos. Como he sostenido en otras oportunidades, al pronunciarme sobre la competencia1 en este tipo de acciones, dicha acreencia se fijó luego de tramitado el procedimiento de rigor, que culminó con la emisión de un acto administrativo, forma por excelencia en la que se manifiesta la voluntad estatal.",
      "En este contexto, nos encontramos ante un acto administrativo de gravamen, específicamente la Resolución 3772 M.S. del 24/09/2019, que se dictó en el marco del expediente 1722246 (hojas 69/70), por el cual se dispuso intimar a la demandada a la devolución de la suma de $64.724,59 percibida indebidamente en concepto de diferencias devengadas del segundo año de tratamiento prolongado con goce del cincuenta por ciento (50%) de haberes.",
      "La deuda fue intimada a la accionada por carta documento bajo 1 STJER \"Superior Gobierno de la Provincia de Entre Ríos c/ Nuñez, Silvia Liliana s/contencioso administrativo s/recurso de inaplicabilidad de ley\" Expte. N° 4176, del 07/12/23; Sala Civil y Comercial del STJER \"Superior Bobierno de la Provincia de Entre Ríos c/ Sánchez Pappalardo Pablo Daniel s/ ordinario cobro depesos\" Expte. Nº 8837,del 10/08/23.",
      "apercibimiento de iniciar las acciones correspondientes para su recupero, con acuse de recibo en fecha 30/03/2021 (hojas 7 y 8 del expediente incorporado en autos).",
      "Dicho ello, considero fundamental aclarar que, contrariamente a lo expuesto por el juez de primera instancia y a los argumentos presentados por la Fiscalía de Estado en su recurso, no es aplicable la doctrina de esta Sala dictada en la causa “Estado de la Provincia c/ Delia.. ” (entre otros), dado que se relaciona con supuestos vinculados a la intervención previa del Tribunal de Cuentas, lo cual no guarda relación con el presente caso; doctrina que, por cierto, considero que debe ser revisada debido a los serios inconvenientes que plantea y a su dudosa constitucionalidad2. ASÍ VOTO.",
      "A LA SEGUNDA CUESTIÓN PROPUESTA EL SR. VOCAL",
      "Adhiero al voto del Sr. Vocal Tepsich. ASÍ VOTO.",
      "Por último, habiendo mayoría de opiniones, EL SR. VOCAL EN EJERCICIO DE LA PRESIDENCIA DEL STJ, LEONARDO PORTELA, se abstiene de votar y firmar la presente resolución con arreglo a lo dispuesto por el art. 33 de la LOPJ, texto según ley 10.704.",
      "Con lo que no siendo para más se da por finalizado el acto quedando acordada la siguiente sentencia:",
      "Paraná, 4 de noviembre de 2024."
    ],
    "CARLOS FEDERICO TEPSICH DIJO": [
      "Considerando la actividad desarrollada para abrir la instancia extraordinaria, el éxito obtenido, la complejidad de las cuestiones planteadas y la probable dedicación temporal en el desempeño profesional del servicio, corresponde fijar los honorarios profesionales en el 55 % de los honorarios que se establezcan por la labor en primera instancia, encomendando su cálculo a la judicatura de origen (arts. 3, 64 y 94 de la ley 7046 modif. por ley 11.141). ASÍ VOTO.",
      "A LA SEGUNDA CUESTIÓN PROPUESTA LA SRA.",
      "2 Sala Civil y Comercial del STJER \"Superior Gobierno de la Provincia de Entre Ríos c/ Spahn Jorge Eduardo s/ ordinario daños y perjuicios\" - Expte. Nº 8887, del 24/11/23.",
      "\"SUPERIOR GOBIERNO DE LA PROVINCIA DE ENTRE RIOS C/ BONINI GLADIS SILVIA S/ ORDINARIO COBRO DE PESOS\" - Expte. Nº"
    ],
    "Y VISTO": [
      "Por los fundamentos del acuerdo que antecede se,"
    ],
    "RESUELVE": [
      "DECLARAR PROCEDENTE el recurso de inaplicabilidad de ley deducido en fecha 27/5/2024 y, en consecuencia, CASAR la resolución de la Sala Segunda de la Cámara Segunda de Apelaciones de Paraná dictada en fecha 9/5/2024, quedando como pronunciamiento definitivo el fallo de primera instancia.",
      "IMPONER costas en ambas instancias recursivas a la vencida (art. 65 y 66 del CPCC).",
      "FIJAR los honorarios profesionales correspondientes a esta instancia extraordinaria, en el 55 % de los honorarios que se establezcan por la labor en primera instancia, encomendando su cálculo a la judicatura de origen (arts.",
      "3, 64 y 94 de la ley 7046 modif. por ley 11.141).",
      "Tener presente la reserva del caso federal.",
      "Notifíquese conforme arts. 1º y 4º Ac. Gral. 15/18 SNE, regístrese y oportunamente devuélvase.",
      "Ante mí. En igual fecha se registró. Asimismo, se deja constancia que la presente se suscribe mediante firma digital -Acuerdo Gral. 11/20 del 23-6-2020, Punto 4°) prescindiéndose de su impresión en formato papel."
    ]
  }
}