{
  "METADATOS": {
    "ID_FALLO": "9158",
    "MES": "11",
    "ARTICULOS_CITADOS": {
      "citations": [
        {
          "main_source": "Ley 10.704",
          "cited_articles": [
            1
          ],
          "extra": null
        },
        {
          "main_source": "Acuerdo General 15/18 SNE",
          "cited_articles": [
            1,
            4
          ],
          "extra": "arts. 1º y 4º"
        },
        {
          "main_source": "Acuerdo General 11/20",
          "cited_articles": [],
          "extra": "Acuerdo Gral. 11/20 del 23-6-2020"
        },
        {
          "main_source": "Otro",
          "cited_articles": [
            33
          ],
          "extra": "art. 33 de la LOPJ"
        }
      ]
    }
  },
  "MATERIA_PRELIMINAR": "QUEJA (INTERPUESTA POR LA DRA MARIA AMELIA ANGEROSA DE CESPEDES)",
  "IDEA_CENTRAL": "**IDEA CENTRAL DEL FALLO**\n\nLa decisión judicial principal consiste en declarar \"no presentada\" la queja interpuesta por la Dra. María Amelia Angerosa de Céspedes contra la resolución de la Sala Civil y Comercial de la Cámara de Apelaciones de Gualeguaychú, debido a la falta de presentación de los recaudos exigidos en la intimación previa.\n\n**Fundamento Legal**\n\nEl tribunal fundamenta su decisión en la falta de cumplimiento de los requisitos establecidos en la intimación del 23/9/2024, que exigía la presentación de la documentación necesaria (comprobante de boleta de depósito) para la admisión de la queja. Esto se encuentra respaldado por el artículo 33 de la Ley Orgánica del Poder Judicial (LOPJ), que establece las condiciones para la presentación de recursos.\n\n**Aspectos Legales Relevantes**\n\n1. **Ley Orgánica del Poder Judicial (LOPJ)**: Artículo 33, que regula la abstención de los vocales y los requisitos para la presentación de recursos.\n2. **Acuerdo General 15/18 SNE**: Normativa que establece procedimientos de notificación y registro de resoluciones.\n\n**Razonamiento del Tribunal**\n\nEl tribunal, tras verificar que la quejosa no cumplió con la intimación de presentar la documentación requerida en el plazo estipulado, concluye que no se puede admitir la queja. La falta de presentación de los recaudos necesarios implica que la acción no puede ser considerada, lo que lleva a la decisión de tenerla por no presentada. Además, se destaca que el vocal en ejercicio de la presidencia se abstuvo de votar, lo que refuerza la imparcialidad del proceso.\n\nEn resumen, la falta de cumplimiento de los requisitos formales para la presentación de la queja resulta en su inadmisibilidad, conforme a la normativa aplicable.",
  "CONTENIDO": {
    "INICIO": [
      "\"CORBETTO RODOLFO LUIS C VERCESI CARLOS UBALDO S ORDINARIO ACCION REIVINDICATORIA S/ QUEJA (INTERPUESTA POR LA DRA MARIA AMELIA ANGEROSA DE CESPEDES)\" - Expte.",
      "N° 9158 PARANA, 7 de noviembre de 2024."
    ],
    "VISTO": [
      "La solicitud de vinculación para la interposición del recurso de queja en fecha 17/9/2024 en los autos \"CORBETTO RODOLFO LUIS C VERCESI CARLOS UBALDO S ORDINARIO ACCION REIVINDICATORIA S/ QUEJA (INTERPUESTA POR LA DRA MARIA AMELIA ANGEROSA DE CESPEDES)\" - Expte. N° 9158, contra la resolución de la Sala Civil y Comercial de la Cámara de Apelaciones de Gualeguaychú dictada el 5/9/2024, y;"
    ],
    "CONSIDERANDO": [
      "Que conforme lo informado por secretaría el 2/10/2024, no fueron acompañados por la recurrente los recaudos exigidos en la intimación del 23/9/2024.",
      "Por lo tanto, habiendo sido la quejosa debidamente intimada a acompañar la documental requerida en el plazo estipulado, bajo apercibimiento de tener por no presentada la queja, y en razón de no haber acompañado los recaudos oportunamente exigidos (comprobante de boleta de depósito), corresponde tener por no presentada la queja.",
      "Asimismo, habiendo mayoría absoluta, el Sr. Vocal en ejercicio de la presidencia del STJ, Dr. Leonardo Portela, se abstiene de votar y firmar la presente resolución con arreglo a lo dispuesto por el art. 33 de la LOPJ, texto según ley 10.704.",
      "Por ello, se"
    ],
    "RESUELVE": [
      "TENER por no presentada la queja deducida contra la resolución de la Sala Civil y Comercial de la Cámara de Apelaciones de Gualeguaychú dictada el 5/9/2024.",
      "Líbrese oficio a la Cámara con copia de la presente resolución.",
      "Regístrese, notifíquese conforme arts. 1º y 4º Ac. Gral. 15/18 SNE y oportunamente archívese.",
      "Ante mí. En igual fecha se registró. Asimismo, se deja constancia que la presente se suscribe mediante firma digital -Acuerdo Gral. 11/20 del 23-6-2020, Punto 4°) prescindiéndose de su impresión en formato papel."
    ]
  }
}