{
  "METADATOS": {
    "ID_FALLO": "9164",
    "MES": "11",
    "ARTICULOS_CITADOS": {
      "citations": [
        {
          "main_source": "Ley 9861",
          "cited_articles": [
            25,
            30
          ],
          "extra": "inc. b, la Ley Prov. 9.861"
        },
        {
          "main_source": "Ley 26.657",
          "cited_articles": [
            18
          ],
          "extra": "último párrafo"
        },
        {
          "main_source": "Otro",
          "cited_articles": [
            3,
            11,
            14,
            13,
            5
          ],
          "extra": "LPF y 60, Ley Prov. 9.861"
        },
        {
          "main_source": "Otro",
          "cited_articles": [
            7,
            9
          ],
          "extra": null
        },
        {
          "main_source": "Ley 9861",
          "cited_articles": [
            25
          ],
          "extra": null
        },
        {
          "main_source": "Guía de Buenas Prácticas",
          "cited_articles": [
            8
          ],
          "extra": "reglamento “Guía de Buenas Prácticas en Procesos con Actuación Conjunta de Órganos Judiciales con Competencia Material en Familia COPNAF y Ministerio Público de la Defensa”"
        },
        {
          "main_source": "Código Civil y Comercial (CCC)",
          "cited_articles": [
            3,
            26,
            706
          ],
          "extra": "inc. c; 13, inc. 15, LPF y 17, Ley Prov. 9.861"
        },
        {
          "main_source": "Código Procesal Civil y Comercial (CPCC)",
          "cited_articles": [
            65
          ],
          "extra": "2do. párrafo"
        },
        {
          "main_source": "Otro",
          "cited_articles": [
            33
          ],
          "extra": "de la LOPJ"
        },
        {
          "main_source": "Ley 10.704",
          "cited_articles": [],
          "extra": null
        },
        {
          "main_source": "Código Procesal Civil y Comercial (CPCC)",
          "cited_articles": [
            65
          ],
          "extra": null
        },
        {
          "main_source": "Otro",
          "cited_articles": [
            325
          ],
          "extra": null
        },
        {
          "main_source": "Acuerdo General 15/18 SNE",
          "cited_articles": [
            1,
            4
          ],
          "extra": "conforme"
        },
        {
          "main_source": "Acuerdo General 11/20",
          "cited_articles": [],
          "extra": "del 23-6-2020, Punto 4°"
        }
      ]
    }
  },
  "MATERIA_PRELIMINAR": "INTERNACION (INVOLUNTARIA)",
  "IDEA_CENTRAL": "### IDEA CENTRAL DEL FALLO\n\n**Decisión Judicial Principal:**\nEl Tribunal rechazó el recurso de inaplicabilidad de ley interpuesto por la Coordinadora del CoPNAF y el Director de Protección Integral de la Adolescencia, confirmando la resolución de la Cámara de Apelaciones que ordenó la adopción de medidas de protección excepcionales para el menor Maximiliano Arredondo, garantizando su permanencia en una residencia socioeducativa.\n\n**Fundamento Legal:**\nLa decisión se basa en la Ley Provincial 9.861 y la Ley Nacional 26.061, que establecen la obligación del Estado de proteger los derechos de los menores y asegurar su bienestar integral. Se enfatiza el interés superior del niño como principio rector en la toma de decisiones.\n\n**Aspectos Legales Relevantes:**\n1. **Ley Provincial 9.861**: Artículo 25, que establece la responsabilidad del CoPNAF en la protección de derechos de niños y adolescentes.\n2. **Ley Nacional 26.061**: Reconocimiento de derechos y garantías de los menores.\n3. **Ley de Salud Mental 26.657**: Artículos 7 y 9, que garantizan atención integral y humanizada a personas con padecimientos mentales.\n\n**Razonamiento del Tribunal:**\nEl Tribunal argumentó que la situación del menor requería intervención estatal urgente debido a su vulnerabilidad y problemas conductuales. Se destacó que la falta de efectividad de tratamientos ambulatorios y el contexto familiar adverso justificaban la internación involuntaria como medida necesaria para su protección. Además, se subrayó que el juez tiene la facultad de coordinar acciones interinstitucionales para abordar la complejidad del caso, en lugar de limitarse a un rol meramente formal.\n\nEn conclusión, el Tribunal reafirmó la importancia de actuar en defensa del interés superior del menor, rechazando la pretensión de limitar la intervención del CoPNAF en situaciones que involucran salud mental.",
  "CONTENIDO": {
    "INICIO": [
      "\"ARREDONDO MAXIMILIANO GASTON S/ INTERNACION (INVOLUNTARIA)\" - Expte. Nº 9164"
    ],
    "ACUERDO": [
      "En la ciudad de Paraná, capital de la provincia de Entre Ríos, a los doce días del mes de noviembre del año dos mil veinticuatro reunidos los integrantes de este Tribunal asistidos por el Secretario autorizante, para conocer el recurso de inaplicabilidad de ley deducido en fecha 26/7/2024 en las actuaciones:",
      "\"ARREDONDO MAXIMILIANO GASTON S/ INTERNACION (INVOLUNTARIA)\" - Expte. Nº 9164, respecto de la resolución de la Sala Civil y Comercial de la Cámara de Apelaciones de Gualeguaychú dictada en fecha 26/6/2024. Se practicó el sorteo de ley resultando que la votación debía tener lugar en el siguiente orden: Sr. Vocal Carlos Federico Tepsich; Sra. Vocal Gisela N.",
      "Schumacher y Sr. Vocal Leonardo Portela.",
      "Estudiados los autos, la Sala se planteó la siguiente cuestión: ¿qué corresponde resolver respecto del recurso de inaplicabilidad de ley interpuesto?",
      "A LA CUESTIÓN PROPUESTA EL SR. VOCAL CARLOS"
    ],
    "FEDERICO TEPSICH DIJO": [
      "1. La sentencia dictada por la Cámara de Apelaciones de Gualeguaychú en fecha 26/6/2024 rechazó el recurso de apelación interpuesto por la Coordinadora del CoPNAF, delegación Gualeguay, Natalia M. Vescina y el Director de Protección Integral de la Adolescencias CoPNAF, Pablo M. Galarza contra la resolución dictada en la instancia de origen el 28/2/2024.",
      "En dicha resolución se dispuso que el COPNAF adopte una Medida de Protección Excepcional al momento del alta de M.A. que garantice su permanencia en una residencia socioeducativa que incluya un plan de acción acorde a sus necesidades y el refuerzo de las habilidades de la progenitora para afrontar su responsabilidad en el cuidado de su hijo. Asimismo, comunicar al Servicio de Salud Mental del Hospital San Antonio de la localidad de Gualeguay que deberá coordinar con el CoPNAF la intervención interinstitucional correspondiente.",
      "2. Para así decidir el tribunal ad quem ponderó los informes del Servicio de Salud Mental del Hospital San Antonio, del Secretario Ejecutivo del órgano de revisión Mental, el ETI y los principios y objetivos de la Ley Provincial 9.861 y la Ley Nacional 26.061.",
      "Subrayó que es incuestionable que la situación en la que se encuentra el menor Maximiliano requiere de la protección del Estado y que es una obligación propia del CoPNAF asegurar su bienestar integral, coordinando sus tratamientos mediante la intervención conjunta con el efector público de salud mental.",
      "Precisó la relevancia de proporcionarle un entorno terapéutico adecuado y un plan de acción que atienda a sus necesidades específicas, respetando su dignidad y autonomía y señaló que ante la falta de efectividad de los intentos \"ARREDONDO MAXIMILIANO GASTON S/ INTERNACION (INVOLUNTARIA)\" - Expte. Nº 9164 previos de abordaje ambulatorio, debido a la falta de apoyo familiar y a la resistencia del joven, resulta crucial garantizar un espacio terapéutico y un plan de acción que fortalezca su sociabilidad.",
      "En especial, señaló que el planteo del CoPNAF soslayó que por mandato legal es la máxima autoridad administrativa de protección de los derechos y garantías reconocidos en la ley y tiene la responsabilidad de velar por el interés superior del niño y adoptar las medidas necesarias para garantizar sus derechos (art. 25, Ley Prov. 9861).",
      "3. La decisión motivó la interposición del recurso de inaplicabilidad de ley por parte de la Coordinadora del CoPNAF, Lic. Natalia Mariela Vescina, cuya concesión determina la intervención de esta Sala.",
      "La recurrente, reeditando los agravios expuestos ante la alzada, califica la sentencia como arbitraria y entiende que efectúa una errónea aplicación de las leyes Nº 9.861 y 10.668.",
      "Expresa que la resolución cuestionada dota al juez de familia de una competencia que es propia del organismo administrativo, como lo es la de adoptar medidas de protección excepcional (art. 30, inc. b, la Ley Prov. 9.861).",
      "Alega que de mantenerse lo resuelto implicaría una vuelta a la figura del Patronato del Estado, en tanto se reduciría la intervención del organismo de protección a un rol de colaboración, ejecución y asistencia técnica, actuando bajo la jurisdicción del órgano judicial.",
      "Sostiene que el CoPNAF es el único responsable de dilucidar la pertinencia o no de la adopción de una medida de protección excepcional y diseñar el plan de acción de restitución de derechos y presentarlo para su correspondiente control de legalidad.",
      "Por último, formula reserva del caso federal.",
      "4. La Fiscalía de Estado al contestar el traslado conferido, por las razones que expone, postula el rechazo del recurso interpuesto.",
      "5. El Sr. Defensor General de la Provincia, Dr. Maximiliano Francisco Benítez, por compartir lo opinado por el Secretario Ejecutivo del Órgano de Revisión de Salud Mental, Dr. Martín Cabrera, dictamina la inadmisibilidad del recurso de inaplicabilidad de ley interpuesto.",
      "Destaca que ante la complejidad de la situación que involucra a M.A., por la confluencia de las condiciones y factores de vulnerabilidad, se impone un abordaje interseccional, en conjunto y articulado de la problemática conforme las pautas que brinda la \"Guía de Buenas Prácticas en Procesos con Actuación Conjunta de Órganos Judiciales con Competencia Material en Familia, COPNAF y Ministerio Público de la Defensa\" y en ese marco entiende que la decisión se enmarca en lo dispuesto en el art. 18, último párrafo, de la ley 26.657.",
      "6. La cuestión puesta a debate en esta instancia se centra \"ARREDONDO MAXIMILIANO GASTON S/ INTERNACION (INVOLUNTARIA)\" - Expte. Nº 9164 exclusivamente en determinar si conforme al ordenamiento legal vigente lo decidido en la instancia de origen es conforme a derecho.",
      "Adelanto una respuesta en sentido afirmativo, por lo que los agravios no son de recibo.",
      "6.1. El planteo impugnatorio no sólo carece de respaldo legal sino que, además, exhibe una ausencia de razonabilidad para entender la concreta situación en la que se encuentra el menor M.A. y que exige la adopción de medidas de protección que aborden los graves problemas de salud y conductuales.",
      "La custodia fiel del interés superior de este adolescente que está en riesgo es lo que debe guiar la actuación de todos los operadores y funcionarios intervinientes en este proceso, sin que de ninguna manera se pueda reducir al juez interviniente al discreto rol de un controlador formal. Un temperamento en este sentido conspira con el propósito legal que expresamente le asigna las funciones de establecer y coordinar todas las herramientas que permitan dar solución a un conflicto y fundamentalmente con el compromiso humano y funcional de buscar ese final.",
      "6.2. La decisión que se trae a revisión, además de estar fundada en las circunstancias particulares que afectan al adolescente que se busca proteger -ver los distintos informes obrantes en la causa-, cuentan con la cobertura del esquema normativo convencional, nacional y provincial aplicable (Convención de los Derechos del Niño, Ley 9.861, Ley 26.657); el que ha sido interpretado de un modo sistemático, integral y finalista.",
      "M.A. tiene antecedentes de diversas intervenciones para su protección adoptadas por parte del organismo aquí recurrente (Expte. 11219 \"Copnaf s/ medida de Protección de Persona”). Presenta, además, graves problemas conductuales y de enfermedad mental por consumo de estupefacientes.",
      "Esta situación supone un riesgo real y actual para sí y terceros puesto que el presente proceso se da inicio con la internación involuntaria del adolescente en el marco de ley de salud mental (16/2/2024) por las agresiones físicas perpetradas contra su progenitora y diversos episodios policiales.",
      "6.3. El contexto familiar, conforme refieren los diversos informes del ETI, es adverso a su recuperación y evolución en función de la conflictividad existente en ese ámbito.",
      "Sin perjuicio del esfuerzo y acompañamiento que realiza su progenitora para lograr ese resultado, su sustento está dado por asignaciones y planes que le otorga el Estado puesto que el padre se ha mostrado ausente y conflictivo con las cuidadoras designadas por CoPNAF.",
      "6.4. La internación involuntaria, luego de los trámites e intervenciones de ley, fue aprobada judicialmente el 21/2/2024 realizándose los diversos informes de seguimiento que dieron cuenta, del contexto antes referido y \"ARREDONDO MAXIMILIANO GASTON S/ INTERNACION (INVOLUNTARIA)\" - Expte. Nº 9164 de la negativa de M.A. a continuar su tratamiento.",
      "Varias veces egresó del Hospital San Antonio de Gualeguay sin autorización médica con posterior involucramiento en situaciones delictivas.",
      "6.5. El Estado en todas sus esferas y ámbitos, según advierto con mayor fuerza en el poder judicial, debe adoptar todas las medidas necesarias para procurar dar efectiva y oportuna respuesta a una situación de conflicto que afecte a un menor de edad.",
      "Se trata de un mandato con base en normas expresas de fuente internacional e interna que buscan asegurar la tutela judicial efectiva respecto de un sujeto al que el ordenamiento prodiga especial protección (arts. 3, incs. 11 y 14, y 13, inc. 5, LPF y 60, Ley Prov. 9.861).",
      "6.6. La Ley de Salud Mental 26.657 reconoce el derecho de las personas con padecimientos mentales a recibir una atención integral y humanizada con un abordaje interdisciplinario e intersectorial (arts. 7, inc. a, y 9); y, no sólo sanitario.",
      "Por otro lado, a nivel provincial, el CoPNAF es la autoridad administrativa específica para la protección de los derechos y garantías de los niños, niñas y adolescentes (art. 25, Ley 9.861); y, en cumplimiento de esta relevante función no resulta aceptable la pretensión de excluir de su ámbito de actuación a aquellos menores de edad que padecen una situación de enfermedad mental. Sin perjuicio, claro está, de que su cuidado sanitario quede a cargo del área de salud correspondiente, tal como se ordena en autos a través de la acción interorgánica coordinada establecida (conf. art. 8.1, del reglamento “Guía de Buenas Prácticas en Procesos con Actuación Conjunta de Órganos Judiciales con Competencia Material en Familia COPNAF y Ministerio Público de la Defensa”:",
      "“...la complejidad de los abordajes en salud mental y en particular de las situaciones de problemáticas de consumo, requieren de la definición y profundización de articulaciones y coordinaciones interinstitucionales e intersectoriales entre los dispositivos del sistema de salud, COPNAF y organismos del Poder Judicial, atendiendo a las incumbencias específicas de cada sector, pero privilegiando fundamentalmente los requerimientos de la singularidad de cada situación\").",
      "7. Conforme lo anterior, no se advierte ningún exceso o rebasamiento de los límites de las atribuciones jurisdiccionales que corresponden ejercer en los supuestos como el de autos.",
      "Por el contrario, en el contexto existente, se exhibe acorde y razonable en orden a la prevalencia del interés superior del menor M.A. Insisto, la alternativa seleccionada, en su eficacia actual no viene cuestionada en esta instancia, eventualmente será evaluada por el sentenciante en cada oportunidad de contralor que lo requiera o la ley asigne, teniendo en cuenta los nuevos informes \"ARREDONDO MAXIMILIANO GASTON S/ INTERNACION (INVOLUNTARIA)\" - Expte. Nº 9164 del ETI y los otros organismos intervinientes, el debido respeto de su autonomía y voluntad (arts. 3, 26 y 706, inc. c, CCC; 13, inc. 15, LPF y 17, Ley Prov. 9.861).",
      "8. En definitiva, propongo al acuerdo el rechazo del recurso de inaplicabilidad de ley interpuesto, con costas en orden causado por la materia sometida a decisión (arts. 65, 2do. párrafo, CPCC - 325, LPF). ASÍ VOTO.",
      "A LA CUESTIÓN PROPUESTA LA SRA. VOCAL GISELA"
    ],
    "SCHUMACHER DIJO": [
      "1.- Los antecedentes relevantes para la definición de la cuestión traída a juzgamiento fueron suficientemente sintetizados por el colega que me precede en la votación por lo que, en honor a la brevedad, me remito a ellos e ingreso directamente al tratamiento del recurso de inaplicabilidad interpuesto.",
      "2.- En dicho cometido, comparto en lo sustancial los argumentos vertidos por el doctor Tepsich en su voto y, en consecuencia, adhiero a la solución allí propuesta.",
      "En tal tesitura, me permito agregar dos elementos de vital consideración en el supuesto que se presentó en la oportunidad.",
      "a.- Se trata aquí de la disquisición acerca de la denominación jurídica que se dio a la medida implementada (medida de protección excepcional), pero lo cierto es que la magistratura que previno ante a una situación concreta y urgente despachó una tutela autosatisfactiva en pos de resguardar los derechos e intereses de Maximiliano.",
      "Tal como lo sostuvo la sentencia de alzada, en el fuero -y en la materia- que nos ocupa es primordial atender a la flexibilidad de las formas, de modo de tornar operativas las garantías y los derechos que la actuación del Estado -a través de los poderes ejecutivo, legislativo y judicial- debe asegurar.",
      "En el caso la discusión planteada acerca del rótulo de la medida adoptada y la competencia primaria para su promoción echa sombras sobre el real motivo por el que se dispuso la intervención, que es no más ni menos que proteger la integridad psicofísica de Maximiliano para sí mismo y en su vida de relación.",
      "Así las cosas, no corresponde sostener discusiones teóricas en el plano abstracto, cuando la realidad imperante hace necesaria la actuación activa y comprometida que la gravedad y urgencia del supuesto requiere.",
      "b.- Hago notar que la resolución dictada en primera instancia dispuso que el plan de acción debe seguirse, entre otros, a fin de reforzar las habilidades de la progenitora de Maximiliano para afrontar la responsabilidad en el cuidado de su hijo, pero dejó afuera de dicha tarea al padre del menor de edad.",
      "Las razones de dicha exclusión no fueron explicitadas en el decisorio, pero tampoco encuentran sustento en las constancias obrantes en este expediente. Es que aún cuando a lo largo del proceso el padre de Maximiliano haya mostrado resistencia e indiferencia ante la situación, ello no excluye al progenitor \"ARREDONDO MAXIMILIANO GASTON S/ INTERNACION (INVOLUNTARIA)\" - Expte. Nº 9164 de asumir la corresponsabilidad parental que le cabe en el cuidado de su hijo, por lo que desde las áreas pertinentes se deberá atender la situación y trabajar la problemática existente. ASÍ VOTO.",
      "Por último, habiendo mayoría de opiniones, EL SR. VOCAL EN EJERCICIO DE LA PRESIDENCIA DEL STJ, LEONARDO PORTELA, se abstiene de votar y firmar la presente resolución con arreglo a lo dispuesto por el art. 33 de la LOPJ, texto según ley 10.704.",
      "Con lo que no siendo para más se da por finalizado el acto quedando acordada la siguiente sentencia:",
      "Paraná, 12 de noviembre de 2024."
    ],
    "Y VISTO": [
      "Por los fundamentos del acuerdo que antecede se,"
    ],
    "RESUELVE": [
      "RECHAZAR el recurso de inaplicabilidad de ley deducido en fecha 26/7/2024, respecto de la resolución de la Sala Primera Civil y Comercial de la Cámara de Apelaciones de Gualeguaychú dictada en fecha 26/6/2024.",
      "IMPONER costas en el orden causado (art. 65 del CPCC, 325 LPF).",
      "Tener presente la reserva del caso federal.",
      "Notifíquese conforme arts. 1º y 4º Ac. Gral. 15/18 SNE, regístrese y oportunamente devuélvase.",
      "Ante mí. En igual fecha se registró. Asimismo, se deja constancia que la presente se suscribe mediante firma digital -Acuerdo Gral. 11/20 del 23-6-2020, Punto 4°) prescindiéndose de su impresión en formato papel."
    ]
  }
}