{
  "METADATOS": {
    "ID_FALLO": "9169",
    "MES": "11",
    "ARTICULOS_CITADOS": {
      "citations": [
        {
          "main_source": "Ley 7046",
          "cited_articles": [
            58,
            25
          ],
          "extra": "art. 112, artículo 25, arts. 1, 3, 5, 29/32, 50, 63, 64, 71"
        },
        {
          "main_source": "Código Civil y Comercial (CCC)",
          "cited_articles": [
            1255
          ],
          "extra": null
        },
        {
          "main_source": "Código Procesal Civil y Comercial (CPCC)",
          "cited_articles": [
            280
          ],
          "extra": "segundo párrafo"
        },
        {
          "main_source": "Ley 7046",
          "cited_articles": [
            29,
            33,
            113
          ],
          "extra": null
        },
        {
          "main_source": "Acuerdo General 15/18 SNE",
          "cited_articles": [
            1,
            4
          ],
          "extra": "arts. 1º y 4º"
        },
        {
          "main_source": "Acuerdo General 11/20",
          "cited_articles": [],
          "extra": "del 23-6-2020"
        }
      ]
    }
  },
  "MATERIA_PRELIMINAR": "ORDINARIO DAÑOS Y PERJUICIOS",
  "IDEA_CENTRAL": "**IDEA CENTRAL DEL FALLO:**\n\nEl Tribunal desestima el recurso de inaplicabilidad de ley interpuesto por la Dra. Carolina Marisa Pertusatti, confirmando la decisión de la Cámara de Apelaciones que había elevado los honorarios profesionales en un caso de daños y perjuicios, considerando que la regulación inicial era desproporcionada y no respetaba un \"piso mínimo\" para la retribución profesional.\n\n**Decisión Judicial Principal y Fundamento:**\nEl Tribunal declara inadmisible el recurso de inaplicabilidad de ley, sosteniendo que la Cámara de Apelaciones actuó correctamente al elevar los honorarios, aplicando el artículo 25 de la ley 7.046, que establece un mínimo de 4 juristas, en lugar de los 15 juristas que proponía la recurrente.\n\n**Aspectos Legales Relevantes:**\n1. **Ley 7.046**: Regula los honorarios de los abogados en la provincia de Entre Ríos.\n   - **Artículos 25, 29 y 30**: Establecen los criterios para la regulación de honorarios.\n   - **Art. 58**: Establece un mínimo de 15 juristas, considerado excesivo en este caso.\n2. **Código Civil y Comercial (CCC)**:\n   - **Art. 1255**: Permite la aplicación de criterios morigeradores en la regulación de honorarios.\n\n**Razonamiento del Tribunal:**\nEl Tribunal argumenta que la regulación de honorarios debe reflejar la dignidad del trabajo profesional y que la aplicación de los artículos de la ley 7.046 debe ser razonable y proporcional a la importancia económica del pleito. La Cámara justificó su decisión al señalar que la retribución inicial era insignificante y que el uso del \"piso mínimo\" era necesario para salvaguardar la dignidad profesional. La recurrente no logró demostrar arbitrariedad en la decisión de la Cámara, lo que llevó a la inadmisibilidad del recurso.\n\nEn conclusión, el fallo reafirma la importancia de una regulación justa y proporcional de los honorarios profesionales, en consonancia con la ley provincial y los principios de dignidad laboral.",
  "CONTENIDO": {
    "INICIO": [
      "\"SABALETTE RABELLO, Vanesa C/ NUEVO BANCO DE ENTRE RIOS SA S/ ORDINARIO DAÑOS Y PERJUICIOS\" - Expte. Nº 9169"
    ],
    "ACUERDO": [
      "En la ciudad de Paraná, capital de la provincia de Entre Ríos, a los veintiséis días del mes de noviembre del año dos mil veinticuatro reunidos los integrantes de este Tribunal asistidos por el Secretario autorizante, para conocer el recurso de inaplicabilidad de ley deducido en fecha 27/8/2024 en las actuaciones:",
      "\"SABALETTE RABELLO, Vanesa C/ NUEVO BANCO DE ENTRE RIOS SA S/ ORDINARIO DAÑOS Y PERJUICIOS\" - Expte. Nº 9169, respecto de la resolución de la Sala Primera Civil y Comercial de la Cámara de Apelaciones de Concordia dictada en fecha 23/8/2024. Se practicó el sorteo de ley resultando que la votación debía tener lugar en el siguiente orden: Sra. Vocal Gisela Schumacher;",
      "Sr. Vocal Carlos Federico Tepsich y Sr. Vocal Leonardo Portela.",
      "Estudiados los autos, la Sala se planteó la siguiente cuestión: ¿qué corresponde resolver respecto del recurso de inaplicabilidad de ley interpuesto?",
      "A LA CUESTIÓN PROPUESTA LA SRA. VOCAL GISELA"
    ],
    "N. SCHUMACHER DIJO": [
      "1.- La sentencia que viene recurrida Contra la resolución de fecha 23 de agosto de 2024 de la Sala Primera Civil y Comercial de la Cámara de Apelaciones de Concordia que hizo lugar al recurso de apelación interpuesto por la Dra. Carolina Marisa Pertusatti y declaró que los honorarios que le fueron regulados al pto. 3 de la resolución de fecha 25/6/2024 son bajos y, en consecuencia, elevó los mismos a la suma de pesos ciento setenta y ocho mil cuatrocientos treinta con cuarenta y cuatro centavos ($ 178.430,44) equivalentes a 4 juristas, a la fecha del auto regulatorio de 1° instancia, y asimismo le reguló los honorarios de la alzada en la suma de pesos noventa y ocho mil ciento treinta y seis con setenta y cuatro centavos ($ 98.136,74) equivalente a 1,893 juristas, interpuso recurso de inaplicabilidad de ley la profesional mencionada en los términos del art. 112 de la ley 7.046.",
      "Para así decidir, la Cámara, sostuvo que en autos no se encuentra cuestionada la base económica y que el juez de grado justificó su regulación en la manifiesta desproporcionalidad entre la \"base\" y la retribución que en abstracto correspondía reconocer, acudiendo a la excepcional herramienta del art. 1255 del CCC.",
      "Señaló que si bien es cierto que debe existir una adecuación entre la retribución justa y razonable con la importancia económica del pleito siempre debe reconocerse un \"piso mínimo\" en pos de salvaguardar la dignidad de la labor profesional desarrollada.",
      "Fijado ello efectuó los cálculos de rigor, aplicó las normas de los artículos 29 y 30 de la ley 7.046, lo que determinó que la retribución del profesional bajo el amparo de éstas resulte insignificante. Por su parte sostuvo que la aplicación directa del art. 58 de la ley 7046 -mínimo de 15 juristas- resulta \"SABALETTE RABELLO, Vanesa C/ NUEVO BANCO DE ENTRE RIOS SA S/ ORDINARIO DAÑOS Y PERJUICIOS\" - Expte. Nº 9169 también desproporcionada y excesiva.",
      "De acuerdo con ello y a precedentes anteriores, determinó que el piso mínimo aludido deberá ser el establecido por el artículo 25 de la ley 7046, es decir 4 juristas.",
      "Con lo que conforme lo establecido por los arts. 1, 3, 5, 25, 29/32, 50, 63, 64, 71 de la ley 7.046 y la aplicación de la pauta morigeradora del art. 1255 del CCC, considera que el recurso debe tener acogida favorable correspondiendo declarar bajos los honorarios regulados y, en consecuencia, elevarlos a la suma de pesos ciento setenta y ocho mil cuatrocientos treinta con cuarenta y cuatro centavos ($ 178.430,44) -valor jurista al momento de la regulación de primera instancia-.",
      "Asimismo, determinó que los honorarios en la alzada de la letrada Pertusatti deberán determinarse en un 55 % de lo que quedó establecido en primera instancia debiendo tenerse en cuenta el valor del jurista al momento del dictado de la presente resolución -$ 51.823,67-.",
      "2.- El recurso interpuesto Contra dicho pronunciamiento interpuso la Dra. Carolina Marisa Pertusatti recurso de inaplicabilidad de ley -presentación electrónica 1/7/2024-, en los términos de la ley 7.046 denunciando errónea aplicación del derecho y la doctrina legal.",
      "En primer término, sostuvo que la resolución recurrida resulta contraria a la interpretación que debe darse a ley arancelaria en virtud del orden público que ésta reviste. Afirma que el justificativo dado para morigerar los honorarios no resulta aplicable en virtud de que la ley arancelaria constituye una materia reservada a las provincias por lo que lo dispuesto por el art. 1255 CCC no puede violentar las escalas dispuestas por una ley especial.",
      "En segundo término, sostuvo que se ha efectuado también una errónea aplicación de la doctrina legal, no adoptándose criterios jurisprudenciales, que alega la recurrente, resultan vinculantes, citando como precedente el fallo del STJ \"Lucero\" N° 27069.",
      "Por último, sostuvo que se efectúa una errónea interpretación del art. 29 al aplicar para la regulación el valor del ius vigente al momento de la regulación de primera instancia. Alegó que se hace cargar a su parte con la desactualización monetaria del valor del ius, que no es lo que el art. 29 de la ley arancelaria contempla.",
      "Fundó en derecho y peticionó que se case la sentencia de cámara y, en consecuencia, se regulen honorarios conforme la ley arancelaria aplicable.",
      "La Cámara concedió el recurso de inaplicabilidad de ley interpuesto, con efecto suspensivo atento encontrar reunidos los requisitos formales exigidos para la admisibilidad de la vía (23/9/2024).",
      "3.- Tratamiento de los agravios y fundamentos de la decisión \"SABALETTE RABELLO, Vanesa C/ NUEVO BANCO DE ENTRE RIOS SA S/ ORDINARIO DAÑOS Y PERJUICIOS\" - Expte. Nº 9169 Reseñados los antecedentes del presente juicio, de manera previa aclaro que, si bien el recurrente formula diversas críticas a la resolución puesta en crisis, sólo abordaré aquellas que ofrecen trascendencia para la solución del conflicto conforme el criterio mantenido por el Máximo Tribunal Nacional, que señala que la magistratura no está obligada a analizar todas y cada una de las argumentaciones de las partes, sino las que sean conducentes y posean relevancia para decidir el caso (Fallos: 258:304; 262:222; 265:301; 272:225, entre otros).",
      "Introducida en el análisis del recurso de inaplicabilidad de ley interpuesto, cabe señalar que la finalidad del mismo, en lo que respecta al control jurídico del fallo, se dirige a examinar si éste ha respetado o no el derecho aplicable y, a la hora de efectuar el encuadre jurídico, se excluyen de su ámbito cuestiones de hecho y prueba reservadas exclusivamente a la judicatura de grado.",
      "La presente causa refiere a cuestiones sobre el mérito del trabajo profesional y su consecuente valoración para establecer el monto de los honorarios, por lo que, señalo, el principio de exclusión de hecho y prueba sólo cede ante una cabal alegación y acreditación de circunstancias que hagan patente una situación de arbitrariedad o inequidad en la decisión.",
      "Bajo estos conceptos, observo que los términos impugnativos constituyen una mera discrepancia con la decisión adoptada en la sentencia en crisis.",
      "En el recurso, se evidencia una reiteración de la posición sostenida ante la alzada. De esta manera la quejosa soslayó los concretos fundamentos sobre las circunstancias del caso explicadas por la alzada que determinaron, finalmente, el aumento de los honorarios regulados, pero con el piso mínimo establecido por el art. 25 de la ley 7.046.",
      "En efecto, el acto enjuiciado tuvo en cuenta las características del proceso, aclarando que no quedó enmarcado en los parámetros la ley de Defensa del Consumidor, las etapas cumplidas, los montos comprometidos en el debate, las labores desplegadas por la doctora Pertusatti, y en consecuencia la insignificante retribución que se obtenía de la aplicación de las normas de los arts. 29 y 30 de la ley 7.046 y lo desproporcionado que resultaba la retribución si se aplicaba el mínimo de 15 juristas del art. 58 de la misma ley. Resultando en consecuencia válido y razonable recurrir al art. 25 de la ley arancelaria, fijando el piso en 4 juristas. Nada de ello fue controvertido por la recurrente.",
      "Lo expuesto me permite concluir acerca del incumplimiento del extremo previsto por el artículo 280, segundo párrafo, del Código Procesal Civil y Comercial (aplicable por remisión del artículo 113 de le ley 7.046), lo que conlleva a la desestimación del recurso.",
      "Finalmente cabe referirme a la alegada violación de la doctrina legal invocada por la recurrente. Al respecto cabe expresar que la causal invocada \"SABALETTE RABELLO, Vanesa C/ NUEVO BANCO DE ENTRE RIOS SA S/ ORDINARIO DAÑOS Y PERJUICIOS\" - Expte. Nº 9169 tampoco resulta apta para habilitar esta instancia extraordinaria por cuanto ella solo refiere a fallos emitidos por esta Sala del Superior Tribunal, de lo que surge la improcedencia del presente reproche.",
      "De manera reiterada y a lo largo de numerosos y sucesivos precedentes, en anteriores como en la actual integración, - \"Florentín Hayde c/ Gauna Luciano s/ Ordinario\" sent. 9/11/2000\"; \"Sotelo José María c/ Covinorte S.A. s/ Sumario\" sent. 10/5/2005; Banco de Entre Ríos S.A. c/ Rodríguez José Lorenzo s/ Sumario Hoy Ejecución de Sentencia y Honorarios s/ Incidente de Levantamiento de Embargo\" sent. 27/3/2006, \"Leonardt César Benito y Otro c/ Pausen Carlos Rubén Marcos y Otra s/ Desalojo\", sent. del 31/08/2023- este Sala ha dicho que: \" ... en orden a la violación de la doctrina legal del artículo 413 del Código Procesal Civil y Comercial se debe puntualizar que cuando el artículo 276 del Código Procesal Civil y Comercial se refiere a la doctrina legal no es la opinión de tal o cual autor de derecho o de la doctrina admitida por la jurisprudencia, por autorizada o reiterada que fuera una u otra, sino que es la emanada de fallos de este Superior Tribunal...\".",
      "No resulta ocioso recordar cuáles son los precedentes de esta Sala que constituyen doctrina legal obligatoria para las cámaras y jueces de primera instancia, sobre el particular se tiene dicho que del juego armónico de los artículos 284 y 285 del CPCC, resulta correcto afirmar que constituyen doctrina legal con carácter vinculante los fallos de esta Sala Civil y Comercial del Superior Tribunal de Justicia que al casar la sentencia recurrida determinan la existencia de violación o error en la aplicación de la ley.",
      "Conforme ello, corresponde destacar que el fallo glosado por la impugnante que considera fue aplicado erróneamente no ha sido dictado por esta Sala, sino que refieren a un precedente emitido por el Pleno de este Superior Tribunal de Justicia en una acción de amparo, no configurando por tanto, en la especie, doctrina legal para este Tribunal en los términos previstos en el catálogo de motivos casatorios que tipifica la ley adjetiva local.",
      "Por consiguiente, corresponde declarar inadmisible el recurso de inaplicabilidad de ley arancelario interpuesto por la Dra. Carolina Marisa Pertusatti. Sin costas, dada la naturaleza arancelaria de la cuestión. ASÍ VOTO.",
      "A LA CUESTIÓN PROPUESTA EL SR. VOCAL CARLOS"
    ],
    "FEDERICO TEPSICH DIJO": [
      "Adhiero a la conclusión desestimatoria que impulsa en su voto la Dra. Schumacher por compartir sus fundamentos. ASÍ VOTO.",
      "Por último, habiendo mayoría de opiniones, EL SR. VOCAL EN EJERCICIO DE LA PRESIDENCIA DEL STJ, LEONARDO PORTELA, se abstiene de votar y firmar la presente resolución con arreglo a lo dispuesto por el art. 33 de la LOPJ, texto según ley 10.704.",
      "\"SABALETTE RABELLO, Vanesa C/ NUEVO BANCO DE ENTRE RIOS SA S/ ORDINARIO DAÑOS Y PERJUICIOS\" - Expte. Nº 9169 Con lo que no siendo para más se da por finalizado el acto quedando acordada la siguiente sentencia:",
      "Paraná, 26 de noviembre de 2024."
    ],
    "Y VISTO": [
      "Por los fundamentos del acuerdo que antecede se,"
    ],
    "RESUELVE": [
      "DECLARAR INADMISIBLE el recurso de inaplicabilidad de ley deducido en fecha 27/8/2024, respecto de la resolución de la Sala Primera Civil y Comercial de la Cámara de Apelaciones de Concordia dictada en fecha 23/8/2024.",
      "Notifíquese conforme arts. 1º y 4º Ac. Gral. 15/18 SNE, regístrese y oportunamente devuélvase.",
      "Ante mí. En igual fecha se registró. Asimismo, se deja constancia que la presente se suscribe mediante firma digital -Acuerdo Gral. 11/20 del 23-6-2020, Punto 4°) prescindiéndose de su impresión en formato papel."
    ]
  }
}