{
  "METADATOS": {
    "ID_FALLO": "8569",
    "MES": "02",
    "ARTICULOS_CITADOS": {
      "citations": [
        {
          "main_source": "Ley 7046",
          "cited_articles": [
            3,
            14,
            29,
            30,
            63,
            64,
            71,
            94
          ],
          "extra": null
        },
        {
          "main_source": "Acuerdo General 15/18 SNE",
          "cited_articles": [
            1,
            4
          ],
          "extra": null
        },
        {
          "main_source": "Ley 7046",
          "cited_articles": [
            28
          ],
          "extra": null
        },
        {
          "main_source": "Otro",
          "cited_articles": [
            114,
            29
          ],
          "extra": null
        }
      ]
    }
  },
  "MATERIA_PRELIMINAR": "EJECUTIVO",
  "IDEA_CENTRAL": "### IDEA CENTRAL DEL FALLO\n\n**Decisión Judicial Principal:** El tribunal ha resuelto regular los honorarios profesionales de los abogados intervinientes en el recurso de inaplicabilidad de ley, fijando montos específicos para cada uno de ellos.\n\n**Fundamento Legal:** La regulación de honorarios se basa en la normativa arancelaria aplicable, específicamente en los artículos de la Ley 7046 que rigen la materia.\n\n### Aspectos Legales Relevantes\n\n1. **Normativa Aplicable:** \n   - Ley 7046, que regula los honorarios de abogados y procuradores.\n   - Artículos clave:\n     - **Art. 28:** Establece la obligación de notificación de la regulación de honorarios.\n     - **Art. 114:** Regula el pago de honorarios, incluyendo plazos y condiciones en caso de mora.\n\n2. **Montos Regulados:**\n   - Honorarios fijados en $1.981.000 para el Dr. Agustín Ponzoni.\n   - Honorarios fijados en $693.350 para los Dres. Nicolás Valazza y Sebastián Alberto Victorio.\n\n### Razonamiento del Tribunal\n\nEl tribunal fundamenta su decisión en la aplicación de la normativa arancelaria pertinente, considerando la liquidación económica aprobada previamente. Se destaca la importancia de la regulación de honorarios como un mecanismo para garantizar el derecho de los profesionales a recibir una compensación justa por sus servicios. Además, se menciona que la notificación de la regulación es esencial para el ejercicio del derecho al cobro por parte de los abogados, cumpliendo con los requisitos formales establecidos en la ley.\n\n### Conclusión\n\nEl fallo establece un marco claro para la regulación de honorarios en el contexto de un recurso de inaplicabilidad de ley, asegurando que se respeten los derechos de los profesionales involucrados y se cumplan las disposiciones legales pertinentes.",
  "CONTENIDO": {
    "INICIO": [
      "\"BELTRAN, SILVIA MIRIAM C/ MUCHIUTTI ORLANDO RAMÓN S EJECUTIVO S/ EJECUTIVO\" Expte. Nº 8569.",
      "PARANÁ, 5 de febrero de 2024."
    ],
    "VISTO Y CONSIDERANDO": [
      "Que los autos \"BELTRAN, SILVIA MIRIAM C/ MUCHIUTTI ORLANDO RAMÓN S EJECUTIVO S/ EJECUTIVO\" - Expte. Nº 8569, vienen a consideración de este Tribunal a los fines de regular honorarios por la actuación profesional en el recurso de inaplicabilidad de ley resuelto en fecha 14 de noviembre de 2022.",
      "Que para la presente regulación se tiene en cuenta la normativa arancelaria aplicable -arts. 3, 14, 29, 30, 63, 64, 71 y 94 de la ley 7046-, y conforme a la base económica según liquidación aprobada en fecha 9 de mayo de 2023.",
      "En consecuencia, se"
    ],
    "RESUELVE": [
      "REGULAR los honorarios profesionales a los Dres. Agustín Ponzoni, Nicolás Valazza y Sebastián Alberto Victorio por el recurso de inaplicabilidad de ley resuelto en las respectivas sumas de pesos un millón novecientos ochenta y un mil ($ 1.981.000), pesos seiscientos noventa y tres mil trescientos cincuenta ($ 693.350) y pesos seiscientos noventa y tres mil trescientos cincuenta ($ 693.350), más IVA si correspondiere.",
      "Notifíquese conforme arts. 1º y 4º Ac. Gral. 15/18 SNE, regístrese y oportunamente devuélvase.",
      "Ante mí. En igual fecha se registró. Asimismo, se deja constancia que la presente se suscribe mediante firma digital -Acuerdo Gral. 11/20 del 23-6-2020, Punto 4°) prescindiéndose de su impresión en formato papel.",
      "Existiendo regulación de honorarios a abogados y/o procuradores, cumpliendo con lo dispuesto por la ley 7046, se transcriben los siguientes los artículos:",
      "Art. 28: NOTIFICACIÓN DE TODA REGULACIÓN. Toda regulación de honorarios deberá notificarse personalmente o por cédula. Para el ejercicio del derecho al cobro del honorario al mandante o patrocinado, la notificación deberá hacerse en su domicilio real. En todos los casos la cédula deberá ser suscripta por el Secretario del Juzgado o Tribunal con transcripción de este Artículo y del art. 114 bajo pena de nulidad. No será necesaria la notificación personal o por cédula de los autos que resuelvan los reajustes posteriores que se practiquen por aplicación del art.114\".",
      "Art. 114: PAGO DE HONORARIOS. Los honorarios regulados judicialmente deberán abonarse dentro de los diez días de requerido su pago en forma fehaciente. Operada la mora, el profesional podrá reclamar el honorario actualizado con aplicación del índice, previsto en el art. 29 desde la regulación y hasta el pago, con más un interés del 8% anual. En caso de tratarse de honorarios que han sido materia de apelación, sobre el monto que quede fijado definitivamente su instancia superior, se aplicará la corrección monetaria a partir de la regulación de la instancia inferior. No será menester justificar en juicios los índices que se aplicarán de oficio por los Sres. Jueces y Tribunales”."
    ]
  }
}