{
  "METADATOS": {
    "ID_FALLO": "8926",
    "MES": "02",
    "ARTICULOS_CITADOS": {
      "citations": [
        {
          "main_source": "Código Civil y Comercial (CCC)",
          "cited_articles": [
            1757,
            1758,
            1729,
            1769,
            2,
            3,
            4
          ],
          "extra": "arts. 1757 y 1758 del CCC; arts. 1757, 1758, 1769 y concs. del CCC; artículo 1757 del Código Civil y Comercial; artículo 3 del Código Civil y Comercial; artículo 4º) establece que todo conductor debe ceder siempre el paso en las encrucijadas al que cruza desde su derecha."
        },
        {
          "main_source": "Ley 24.449",
          "cited_articles": [
            41,
            39,
            64,
            51
          ],
          "extra": "art. 41 Ley Nacional de Tránsito en adelante LNT; art. 39 inc. 41 y 64 de la Ley 24.449; artículo 41 de la LNT; artículo 64 del ordenamiento de tránsito; ley nacional de tránsito Nº 24449."
        },
        {
          "main_source": "Código Procesal Civil y Comercial (CPCC)",
          "cited_articles": [
            65
          ],
          "extra": "art. 65 del CPCC; artículo 276, 280 y 281 del código procesal civil y comercial; términos del artículo 277 del ordenamiento procesal; artículo 280, segundo párrafo, del código citado."
        },
        {
          "main_source": "Acuerdo General 15/18 SNE",
          "cited_articles": [
            1,
            4
          ],
          "extra": "conforme arts. 1º y 4º Ac. Gral. 15/18 SNE."
        },
        {
          "main_source": "Acuerdo General 11/20",
          "cited_articles": [],
          "extra": "Acuerdo Gral. 11/20 del 23-6-2020."
        },
        {
          "main_source": "Otro",
          "cited_articles": [],
          "extra": "artículo citado, inciso b); artículo 5; ley 10025 (boletín oficial del 9/5/2011); GUZMAN, HÉCTOR HILARIO C/ LEDESMA, LUCAS DEMIAN Y OTROS S/ ORDINARIO."
        }
      ]
    }
  },
  "MATERIA_PRELIMINAR": "ORDINARIO",
  "IDEA_CENTRAL": "**IDEA CENTRAL DEL FALLO**\n\nEn el caso \"Guzmán, Héctor Hilario c/ Ledesma, Lucas Demian y otros\", el Tribunal resolvió declarar improcedente el recurso de inaplicabilidad de ley interpuesto por el actor, confirmando la decisión de la Cámara de Apelaciones que revocó el fallo de primera instancia. La decisión se fundamenta en la correcta aplicación de la normativa de tránsito, específicamente el artículo 41 de la Ley Nacional de Tránsito (LNT), que establece la prioridad de paso en función de la jerarquía de las arterias involucradas en el accidente.\n\n**Aspectos Legales Relevantes:**\n1. **Código Civil y Comercial (CCC)**: Artículos 1757 y 1758, que regulan la responsabilidad civil.\n2. **Ley Nacional de Tránsito (LNT)**: Artículos 39, 41 y 64, que establecen las reglas de prioridad de paso y la presunción de responsabilidad.\n\n**Fundamento de la Decisión:**\nEl Tribunal determinó que el demandado circulaba por una avenida, lo que le otorgaba prioridad de paso sobre el actor, quien provenía de una calle perpendicular. La Cámara consideró que la falta de señalización y las características de las arterias no alteraban esta prioridad, ya que la jerarquía de las vías impone un deber de mayor precaución al conductor que ingresa a una avenida.\n\n**Razonamiento del Tribunal:**\nEl Tribunal concluyó que el actor no cumplió con el deber de cuidado al ingresar a la intersección sin asegurarse de la ausencia de obstáculos, rompiendo así el nexo de causalidad que presumía su responsabilidad. La interpretación de la norma se basó en precedentes que establecen que la excepción a la prioridad de paso solo se aplica a semiautopistas, no a avenidas, lo que refuerza la decisión de no aplicar la regla de prioridad de paso a favor del actor.\n\nEn resumen, el fallo reafirma la importancia de la jerarquía vial en la determinación de la responsabilidad en accidentes de tránsito, subrayando que la normativa de tránsito debe ser interpretada de manera restrictiva en favor de la seguridad vial.",
  "CONTENIDO": {
    "INICIO": [
      "\"GUZMAN, HÉCTOR HILARIO C/ LEDESMA, LUCAS DEMIAN Y OTROS S/ ORDINARIO\" - Expte. Nº 8926"
    ],
    "///CUERDO": [
      "En la ciudad de Paraná, capital de la provincia de Entre Ríos, a los dos días del mes de febrero del año dos mil veinticuatro reunidos los integrantes de este Tribunal asistidos por el Secretario autorizante, para conocer el recurso de inaplicabilidad de ley deducido en fecha 3/7/2023 en los autos:",
      "\"GUZMAN, HÉCTOR HILARIO C/ LEDESMA, LUCAS DEMIAN Y OTROS S/ ORDINARIO\" - Expte. Nº 8926, respecto de la resolución dictada por la Sala Primera Civil y Comercial de la Cámara de Apelaciones de Concordia en fecha 15/6/2023. Se practicó el sorteo de ley resultando que la votación debía tener lugar en el siguiente orden: Sr. Vocal Dr. Martín F. Carbonell; Sra. Vocal Dra. Gisela N. Schumacher y Sr. Vocal Dr. Leonardo Portela.",
      "Estudiados los autos, la Sala se planteó la siguiente cuestión: ¿qué corresponde resolver respecto del recurso de inaplicabilidad de ley interpuesto?",
      "A LA CUESTION PROPUESTA EL SR. VOCAL DR."
    ],
    "MARTÍN F. CARBONELL DIJO": [
      "1.- Contra la sentencia dictada por la Cámara de Apelaciones de Concordia (15/06/2023) que revoca el fallo de primera instancia (31/10/2022), rechazando en consecuencia la demanda interpuesta por el Sr. Héctor Hilario Guzmán contra el Sr. Lucas Demian Ledesma y la Sra. Silvia Noemí Bravo, interpone el actor, recurso de inaplicabilidad de ley, cuya concesión motiva la intervención de esta Sala.",
      "2.- En lo que resulta relevante relacionar, la sentencia de primera instancia hizo lugar parcialmente a la demanda interpuesta por el accionante contra los demandados -conductor y titular registral- del rodado involucrado en el accidente que motiva la acción, extendiendo la condena a la compañía aseguradora citada en garantía, Río Uruguay Cooperativa de Seguros Ltda. Fijó el monto de los daños y perjuicios reconocidos como consecuencia del accidente de tránsito ocurrido el día 13 de junio de 2018 en la intersección de calles Chabrillón y Avda. Chajarí.",
      "En el marco de lo dispuesto en los arts. 1757 y 1758 del CCC, detalló que a) la moto conducida por el actor contaba con prioridad de paso por arribar desde la derecha (art. 41 Ley Nacional de Tránsito en adelante LNT); b) que era inaplicable la doctrina de esta Sala fijada en los autos \"Fernandez c/ Guichón..\" porque a pesar de la denominación de las arterias no existían diferencias de importancia entre ellas porque ambas poseían doble mano de circulación, dimensiones similares y tráfico fluido; c) no se demostró la excesiva velocidad del conductor accionante y; d) no se acreditó que la causa del daño le resultó ajena al demandado.",
      "Dicho pronunciamiento fue apelado por la citada en garantía, cuestionando la atribución de responsabilidad dispuesta en la instancia de origen.",
      "\"GUZMAN, HÉCTOR HILARIO C/ LEDESMA, LUCAS DEMIAN Y OTROS S/ ORDINARIO\" - Expte. Nº 8926 Argumentó que se aplicó erróneamente la regla de prioridad de paso de acuerdo a la doctrina de esta Sala fijada en \"Fernández c/ Guichon\".",
      "3.- Como anticipara la Cámara revocó la decisión de primera instancia, concluyendo que los demandados lograron acreditar en el caso, la causal exonerativa de responsabilidad invocada en su defensa -art. 1729 del CCC-, ya que el conductor de la motocicleta irrumpió en la avenida proveniente de una calle perpendicular, interponiéndose en la línea de marcha del demandado sin cerciorarse -juzgó- previamente sobre la ausencia de obstáculos que le impidiesen concluir exitosamente la maniobra -arts. 1757, 1758, 1769 y concs. del CCC, 39 inc. b) y 64 Ley 24.449).",
      "Agregó que esa falta de cuidado y prevención en la vía pública determinó la responsabilidad en el accidente -art. 39 inc. 41 y 64 de la Ley 24.449- fracturando en su totalidad el nexo de causalidad presumido inicialmente por la ley.",
      "Para arribar a esa conclusión, determinó que en el caso cobraba especial trascendencia la jerarquía de las arterias otorgada por el municipio local dentro de sus facultades de organización del tránsito vehicular en ejido urbano y que en base a ello, no se encontraba discutido que \"Chajarí\" es una avenida y \"Chabrillón\" es una calle.",
      "Detalló que esa diferenciación tiene efectos normativos importantes, como la velocidad máxima de circulación mayor que impide aplicar las prioridades de paso previstas en el art. 41 LNT cuando la intersección se efectúa entre dos calles de distinta jerarquía.",
      "Aplicó la doctrina fijada por esta Sala en el precedente más arriba citado, estableciendo que en el caso, atento a las distintas jerarquías de las arterias por las que circulaban las partes, resultaba inaplicable la regla de prioridad de paso dispuesta en la normativa de tránsito en favor del accionante, configurándose la excepción contemplada en el inciso \"c\" de la norma.",
      "En base a la prueba pericial producida en la causa, precisó que coadyuvaba en el reproche culpable del actor motociclista a) el rol de embistente que le cupo en la colisión en el lateral delantero derecho del vehículo conducido por el demandado y b) el lugar del choque: intersección de ambas arterias.",
      "4.- La parte recurrente invoca violación de los arts. 36, 60 y 41 de LNT.",
      "Afirma, reiterando su posición en el juicio, que la regla de prioridad de paso establecida en la normativa aplicable en favor del que circula por la derecha resulta en el caso plenamente aplicable, tratándose este supuesto de dos calles de doble vía cada una.",
      "Dice que la ley no establece que en calles de doble mano si una es avenida quien circula por ella tiene prioridad excepcionando a la regla, afirmando \"GUZMAN, HÉCTOR HILARIO C/ LEDESMA, LUCAS DEMIAN Y OTROS S/ ORDINARIO\" - Expte. Nº 8926 que en el fallo se realiza una interpretación subjetiva al determinar la vía de mayor jerarquía en base a una cuestión semántica y de nominación sin atender a los aspectos centrales que hacen a las respectivas características de las arterias. Cita jurisprudencia y finalmente sostiene que la ley presume la culpa de quien carece de prioridad de paso y se omitió considerar la diferencia de los rodados involucrados en el accidente.",
      "5.- A su turno la parte contraria, contesta el traslado oportunamente dispuesto, solicitando el rechazo del recurso interpuesto.",
      "6.- Sintetizados los aspectos relevantes del caso, paso a definir la cuestión puesta a juzgamiento, dando tratamiento a los agravios relevantes y conducentes para la resolución del conflicto, conforme reiterada doctrina de esta Sala al respecto.",
      "En ese objetivo, preciso que no viene controvertida a esta instancia la mecánica del accidente, concretamente lugar del accidente, rodados involucrados, modo en que se produjo e incluso sus consecuencias, en tanto la parte recurrente controvierte puntualmente la aplicación que en el caso se realizó del art. 41 de la LNT determinada que fue por la magistratura la excepción a la aplicación de la regla de prioridad de paso de quien en la emergencia, el actor, circulara por la derecha, aplicando la doctrina fijada en los autos \"Fernandez c/ Guichón\".",
      "Ese cuestionamiento normativo en cuanto excede las cuestiones fácticas del suceso habilita su consideración en esta instancia.",
      "Sobre esa base y analizando el agravio central de la impugnación, adelanto que no asiste razón al querellante en su planteo. Y explico mis razones.",
      "En primer lugar, porque la Cámara realizó una correcta aplicación al caso de la doctrina legal citada en tanto a partir de la equiparación que en el precedente se dispuso de la avenida de doble mano con la semiautopista contemplada en el art. 41 inc.d) de la LNT como excepción de la regla de prioridad de paso, concluyó con suficiente fundamento normativo y fáctico acerca de la inaplicabilidad en el supuesto particular de dicha regla que el recurrente insiste en esta instancia debió primar.",
      "No se encuentra controvertido en autos que la arteria por la que circulaba el demandado es nominal y funcionalmente una avenida de doble circulación, así determinada por la autoridad municipal en ejercicio de funciones que le son propias y esa condición genera además de consecuencias normativas como establece el tribunal preestablecidas en la normativa de tránsito que deben ser conocidas por todo conductor, efectos jurídicos.",
      "La regla de prioridad de paso, cede en este supuesto dado la diferencia de jerarquías entre las arterias involucradas, condición que excede el aspecto morfológico o estructural en tanto la fluidez del tránsito y la velocidad \"GUZMAN, HÉCTOR HILARIO C/ LEDESMA, LUCAS DEMIAN Y OTROS S/ ORDINARIO\" - Expte. Nº 8926 mayor permitida en la circulación de la avenida exigen a quien pretenda ingresar a dicha arteria una mayor precaución y diligencia que en el caso, atento al lugar del impacto y la condición de embistente establecidas por el tribunal conforme prueba pericial, se consideró incumplidos determinándose la eximente a la presunción de responsabilidad -objetiva- de los demandados.",
      "Entonces, por un lado, observo que el fallo se encuentra suficientemente fundado, porque se dan las razones legales que dan base a la decisión cumpliendo el pronunciamiento así con el mandato constitucional y legal de debida motivación, y es conforme a la doctrina legal fijada por esta Sala en el precedente \"Fernández Manuel R. y Otra c/ Guichón José A. y Otros S/Ordinario Daños y Perjuicios\", Expte. 7862, sentencia del 3/7/2019 y a la par, advierto que la querella no controvierte en su integridad la estructura motivacional del veredicto, exponiendo una interpretación diferente de la aplicación que cabe hacer en el caso del art. 41 de la LNT sobre la base de una lectura literal del precepto pero sin atender a las pautas fijadas por esta Sala en el precedente aplicado.",
      "Esta Sala ha establecido, con criterio vinculante, que el recurso de inaplicabilidad de ley es una vía extraordinaria cuya habilitación exige el cumplimiento de determinados recaudos en orden, precisamente, a la estructura e impronta de la impugnación articulada.",
      "Entre ellas, la crítica que a la decisión se formule debe dirigirse directa y concretamente a la motivación sentencial, sin parcializarse dicho reproche, el cual debe comprender a toda la argumentación del fallo considerado en su integralidad. Debe señalarse para ello, en términos claros, precisos y concretos en qué consiste la violación o el error legal que se atribuye al veredicto, en el marco de la fundamentación del fallo, exigencia que debe cumplimentarse en particular cuando la habilitación de la vía se procura por el canal de la arbitrariedad o absurdidad.",
      "Sobre el particular, esta Sala Civil y Comercial del STJ , ha establecido, en invariable doctrina que comparto que: \"... no se cumple la exigencia de fundamentación del recurso con la mera discrepancia de criterios entre el que informa la valoración del juzgador y el que articula el quejoso, desde que así no se supera el nivel de una mera confrontación de opiniones, como así también que la arbitrariedad que se invoque como vicio sentencial, debe fundarse en la incompatibilidad lógica del razonamiento que sustenta el fallo con las constancias de la causa, pero no puede considerarse configurada por la discrepancia que ponga de manifiesto el recurrente con la solución jurídica adoptada que -aunque opinable a juicio del quejoso- sea legalmente posible\" (cfr.",
      "\"Pedroza Hugo Daniel c/ Municipalidad de Larroque y Otro s/ Ordinario Daños y Perjuicios\" Expte. Nº 6540, sentencia del 20/09/2013; \"Trecco Ileana en Representación de sus Hijas Menores c/Vairetti Enrique -Alimentos- S/Incidente \"GUZMAN, HÉCTOR HILARIO C/ LEDESMA, LUCAS DEMIAN Y OTROS S/ ORDINARIO\" - Expte. Nº 8926 Aumento Cuota Alimentaria\" Expte. Nº 6836, sentencia del 20/10/2014, \"Ferrutti Juan Alberto C/Maidana Brian Jonathan y Otros S/Ordinario\" Expte. Nº 7648 sentencia del 23/5/2023; \"Larrea Juan C. C/Schumacher Carlos y Otra S/Ordinario Filiación\" Expte. Nº 7886 sentencia del 5/8/2019; Ducret Norma Beatriz c/Telecom Argentina S.A. S/Sumarisimo\" Expte. Nº 8604 sentencia del 30/11/2022, entre otros).",
      "7.- Advierto que las críticas, desde la particular posición en juicio, desconocen la argumentación sentencial y su fundamento de modo que resultan así ineficaces para demostrar las infracciones legales que se enuncian desde ese enfoque particular. Las razones expuestas me conducen a proponer al acuerdo se declare improcedente el recurso de inaplicabilidad de ley interpuesto. Con costas.",
      "(art. 65 del CPCC). ASÍ VOTO.",
      "A LA CUESTIÓN PROPUESTA LA SEÑORA VOCAL"
    ],
    "GISELA SCHUMACHER DIJO": [
      "1.- Resumidos los antecedentes del caso por el colega que comanda esta votación me remito a ellos, en honor a la brevedad, e ingreso directamente al tratamiento de la cuestión traída a juzgamiento.",
      "2.- En tal cometido, respetuosamente voy a disentir con la solución propuesta por el doctor Carbonell.",
      "Las razones.",
      "3.- Admisibilidad de la vía casatoria.",
      "a.- El análisis preliminar de admisibilidad, previsto expresamente en nuestro ordenamiento procesal, indica que cuando el medio de impugnación se interpuso ante el mismo organismo jurisdiccional que dictó la resolución recurrida aquél sea llevado a cabo en dos oportunidades, la primera por la cámara que analiza el cumplimiento de los requisitos formales de admisibilidad y de fundabilidad del planteo recursivo (artículos 276, 280 y 281 del código procesal civil y comercial), y la segunda por esta sala.",
      "Conforme a las exigencias técnicas del recurso se debe efectuar el directo cuestionamiento de la sentencia definitiva de segunda instancia del cual derive una crítica y un ataque pertinentes a su fundamentación, que demuestren la errónea aplicación de la ley y/o doctrina legal emanada de este tribunal.",
      "No obstante la literalidad de la norma, se admite por vía pretoriana el análisis de cuestiones de hecho y prueba reservadas en principio a la magistratura de las instancias ordinarias, cuando se alegue y demuestre absurdidad o arbitrariedad en su valoración.",
      "b.- Al amparo de tales consideraciones advierto que la impugnación en estudio cumple con los requisitos previstos en la norma de rito local.",
      "En efecto, el veredicto constituye sentencia definitiva en los \"GUZMAN, HÉCTOR HILARIO C/ LEDESMA, LUCAS DEMIAN Y OTROS S/ ORDINARIO\" - Expte. Nº 8926 términos del artículo 277 del ordenamiento procesal, y la construcción recursiva cumplió con la carga de debida fundamentación impuesta por el artículo 280, segundo párrafo, del código citado. Esto último en tanto la querella identificó en forma puntual cuáles son los vicios de los que, a su entender, adolece el decisorio enjuiciado y los motivos en los que sustentó dicha afirmación.",
      "Por consiguiente considero que la vía casatoria se encuentra habilitada en la especie, lo que conlleva el análisis de procedencia de las denuncias de arbitrariedad y violación de la ley alegados por la parte actora.",
      "4.- Examen de procedencia.",
      "Los hechos.",
      "a.- Héctor Hilario Guzmán promovió demanda por indemnización de daños y perjuicios contra Lucas Ledesma y Silvia Bravo. Asimismo, citó en garantía a la aseguradora Río Uruguay Cooperativa de Seguros Ltda.",
      "El actor asentó su pretensión en los menoscabos (patrimoniales y extrapatrimoniales) producidos por el accidente de tránsito que acaeció mientras circulaba al mando de su motocicleta, circunstancia en la que fue embestido por el vehículo Peugeot-Partner conducido por el demandado. Fundó el promocional en la violación en que habría incurrido el demandado de la prioridad de paso de quien circula por la derecha, lo que derivó en la colisión entre ambos rodados.",
      "b.- La citada en garantía concurrió a sede judicial en los términos y límites del contrato de seguro. Por su lado, endilgó la responsabilidad del accidente al actor con base en que el demandado circulaba por una avenida y, en consecuencia, este último tenía prioridad de paso. Alegó que son escasos los carteles indicadores de las calles y que precisamente en la intersección donde ocurrió el hecho no hay, y que los pocos encontrados dicen \"Avda. Chajarí\" y recorriendo Chabrillón desde calle Belgrano al este sólo se encontró uno y dice solamente \"Chabrillón\". Trajo a colación que la ordenanza municipal 17376 (12/2/1971) dice \"[i]mpónese los siguientes nombres a las calles al este y al oeste de la Carretera Urquiza...Dr. Andrés Chabrillón a la actual calle Teniente Ibañez...\". Concluyó que Chabrillón es calle y Chajarí es avenida.",
      "c.- Las partes demandadas contestaron la acción promovida con la misma representación letrada que la aseguradora, en idénticos términos a los relatados precedentemente.",
      "Las pruebas.",
      "Entre las pruebas admitidas en la audiencia preliminar (28/9/2021), rescato a los efectos de este recurso las actuaciones \"Guzmán Héctor Hilario s/ actuaciones para establecer formas y circunstancias lesiones graves\" (Expte. Nº 5202/18), y la pericial mecánica accidentológica.",
      "a.- Actuaciones penales. Del informe técnico pericial que consta en las actuaciones prevencionales \"Guzmán, Héctor Hilario s/ actuaciones para \"GUZMAN, HÉCTOR HILARIO C/ LEDESMA, LUCAS DEMIAN Y OTROS S/ ORDINARIO\" - Expte. Nº 8926 establecer formas y circunstancias lesiones graves\", surge que la motocicleta impactó sobre el lateral delantero derecho del automóvil involucrado; se ubicó como lugar del hecho la intersección de avenida Chajarí y Chabrillón; en el lugar no hay señalización ni semáforos; avenida Chajarí se encuentra emplazada de norte a sur y posee doble sentido de circulación, y calle Chabrillón está orientada de oeste a este y posee doble sentido de circulación; ambas arterias son de hormigón en buen estado de conservación.",
      "Como mecánica del accidente, obra descripto como hipótesis más favorable que el automóvil circulaba por avenida Chajarí hacia el cardinal sur, en tanto la motocicleta hacía lo propio por calle Chabrillón hacia el cardinal este. En tales circunstancias el automotor se dispuso a cruzar la intersección de calle Chabrillón, momento en el cual venía circulando la motocicleta, presentándose la situación conflictiva delante de su marcha, no hallándose indicios que permitan afirmar que las unidades de tránsito hayan realizado alguna maniobra evasiva/defensiva. No se pudo establecer un cálculo tendiente a cuantificar la velocidad aproximada de circulación de ninguna de las unidades involucradas.",
      "Se consignó que la motocicleta ingresó a la intersección por la derecha. Se mencionó lo previsto por el artículo 41 de la ley nacional de tránsito en cuanto a la prioridad de paso que beneficia a quien cruza desde su derecha.",
      "b.- Pericial mecánica. El ingeniero mecánico electricista Pedro Benítez (movimiento del 13/11/2021), informó, como mecánica del accidente, que el automóvil se encontraba en la intersección de \"ambas avenidas\" (textual), cuando fue impactado por la parte frontal de la motocicleta. Refirió que de acuerdo a su criterio técnico, ubicó al lugar en que se produjo el impacto en el cuadrante suroeste de la intersección de las arterias Chabrillón y Chajarí. Advirtió que conforme lo consignado en el expediente penal y la inspección ocular por él realizada, en el sitio no había señalización ni semáforos ni al momento del hecho ni al tiempo de la elaboración de ese informe. Indicó no poder precisar la velocidad a la que circulaban los rodados comprometidos.",
      "La representante de la parte demandada solicitó explicaciones al perito designado e impugnó el informe (movimiento del 26/11/2021).",
      "En su responde (movimiento del 5/12/2021), el experto refirió considerar que \"..Chabrillón es una avenida, debido que, en el área donde tuvo lugar el siniestro, esta arteria tiene un ancho de 12 m (ver planimétrico policial) y posee circulación en ambos sentidos.\".",
      "El derecho.",
      "a.- El supuesto trata de la colisión de una motocicleta y un automóvil utilitario, producto de lo cual se reclama la indemnización de los daños y perjuicios alegados por el actor.",
      "Es decir, asistimos a una pretensión sustentada en el infortunio \"GUZMAN, HÉCTOR HILARIO C/ LEDESMA, LUCAS DEMIAN Y OTROS S/ ORDINARIO\" - Expte. Nº 8926 producido por dos rodados en movimiento, por lo que ambos constituyen cosas riesgosas y, por tanto, la responsabilidad es de tipo objetiva (artículo 1757 del Código Civil y Comercial).",
      "De la prueba surge que el vehículo embistente físico fue la motocicleta (a contrario de lo formulado en el promocional por el actor), el impacto fue ubicado en la parte lateral delantera del automotor y su concreción probable es justo sobre la intersección de ambas arterias.",
      "Corresponde analizar, entonces, las implicancias de la prioridad de paso legalmente establecida y, con ello, si se verifica la fractura del nexo causal.",
      "b.- Con el dictado de la ordenanza Nº 303211, el Municipio de Concordia adhirió a la ley nacional de tránsito Nº 24449 (en adelante LNT), ordenamientos que respecto a las prioridades de paso no han sufrido modificaciones.",
      "Según el artículo 41 de la LNT, en lo que aquí interesa, \"[t]odo conductor debe ceder siempre el paso en las encrucijadas al que cruza desde su derecha. Esta prioridad del que viene por la derecha es absoluta, y sólo se pierde ante: a) la señalización específica en contrario...d) los vehículos que circulan por 1publicada el 22/8/1998 una semiautopista...\".",
      "c.- Por su lado, el artículo 64 del ordenamiento de tránsito \"...presume como responsable de un accidente de tránsito al que carecía de la prioridad paso...\".",
      "No obstante lo categórico de la disposición, estimo conveniente traer la inveterada interpretación realizada por el Máximo Tribunal del país respecto a que la mencionada presunción sólo juega cuando ambos vehículos llegan al cruce en forma más o menos simultánea2.",
      "El caso.",
      "a.- Según la prueba producida, las alegaciones de las partes y los términos de las sentencias de las anteriores instancias, el arribo simultáneo a la encrucijada de las arterias Chajarí y Chabrillón por ambos rodados involucrados en el siniestro no es materia de controversia. Tampoco fue objeto de discusión la falta de señalización en el sitio en que ocurrió el accidente. Por lo demás, las velocidades de conducción de los rodados al momento del impacto no pudieron ser estimadas por los expertos intervinientes en sedes prevencional y civil.",
      "b.- La labor de la magistratura en la solución del asunto que se le presenta no resulta de un mero encastre de un suceso abstracto (de molde) a la ley aplicable, sino que se encamina a determinar cuál es norma adecuada3 -en sentido amplio- a las especiales características que presenta el hecho sometido a 2Corte Suprema de Justicia de la Nación, Fallos: 297:210; 306:1988.",
      "3conforme artículo 2 del Código Civil y Comercial \"GUZMAN, HÉCTOR HILARIO C/ LEDESMA, LUCAS DEMIAN Y OTROS S/ ORDINARIO\" - Expte. Nº 8926 jurisdicción: es decir, la subsunción de los hechos concretos al derecho vigente.",
      "En el contexto descripto, el análisis queda circunscripto exclusivamente a determinar qué se entiende por \"semiautopista\" como causal exonerativa de la prioridad de paso de quien circula por la derecha; y si en la especie resulta acertado el encuadre por el que la sentencia en revisión determinó el rechazo de la demanda incoada.",
      "Ello en tanto, según sostengo, la prioridad de paso de quien circula por la derecha no se pierde por la sola circunstancia de que quien goza de ella sea el rodado embistente4.",
      "c.- La sentencia de alzada puso énfasis en la trascendencia de la jerarquía que el municipio local le otorgó a las arterias en cuya intersección se produjo el choque. Estimó como no discutido que \"Chajarí\" es una avenida de doble mano de circulación y que hasta cierto trayecto (conforme fotografías) cuenta con cantero central con luminaria; y que \"Chabrillón\" es una calle que si bien cuenta con doble mano de circulación, carece de igual calificación y características que la prenombrada Chajarí. En función de dichos extremos, valoró la distintas velocidades máximas que la LNT asigna a quien se conduce por una 4en igual sentido, Suprema Corte de Justicia de la Provincia de Mendoza, Sala I, \"Barrera Héctor c/ Juan Humberto Velázquez y Seguros Bernardino Rivadavia Coop. Ltda. s/ deaños y perjuicios\", sentencia del 2/3/2017 ( en TR LALEY AR/JUR/587/2017).",
      "avenida de quien se conduce por una calle, y aplicó el precedente de esta Sala dictado en las actuaciones \"\"Fernández c/ Guichón\"5.",
      "En dicho precedente, el tribunal -con distinta composición- remitió a lo establecido en anterior oportunidad en \"Vera c/ Orbe\"6 en cuanto a que \"... teniendo en cuenta que el art. 41 inciso d) de la LNT regula como excepción de la regla de la prioridad de paso por la derecha a la semiautopista -entendiendo su carácter ejemplificativo-, surge la posibilidad de efectuar una interpretación extensiva para incluir también a las avenidas de doble mano de circulación, ya que poseen similitud fáctica e idénticos fundamentos, dada la peligrosidad que entraña el ingreso a esas vías de rápido tránsito y gran congestión, obligando a adoptar una conducta cautelosa antes de iniciar su cruce, lo cual en su máxima expresión llevan a la detención\".",
      "Ahora bien ¿es acertado emplear fórmulas tarifadas de interpretación extensiva de excepciones, para hacer decir a la ley aquello que no dice? La respuesta, en el suceso, es rotundamente negativa.",
      "Veamos.",
      "La circulación por una semiautopista es la excepción que consagra el mentado artículo 41 de la LNT.",
      "Es claro que semiautopista y avenida no son sinónimos ni poseen 5Superior Tribunal de Justicia de Entre Ríos, Sala Nº 2, \"Fernandez Manuel R. y otra c/ Guichón José A. y otros s/ ordinario daños y perjuicios\", Expte. Nº 7862, sentencia del 3/7/2019.",
      "6Superior Tribunal de Justicia de Entre Ríos, Sala Nº 2, en \"Vera Jorge D. c/ Orbe Oscar A.",
      "s/ ordinario\", Expte. N° 7902, sentencia del 27/6/2019.",
      "\"GUZMAN, HÉCTOR HILARIO C/ LEDESMA, LUCAS DEMIAN Y OTROS S/ ORDINARIO\" - Expte. Nº 8926 características que permitan identificar un término con el otro. Por el contrario, la propia LNT, en su artículo 5, asimila a la semiautopista a la autopista cuando reza \"[a] los efectos de esta ley se entiende por:...s) Semiautopista: un camino similar a la autopista pero con cruces a nivel con otra calle o ferrocarril\". Por su lado, la autopista fue definida como \"una vía multicarril sin cruces a nivel con otra calle o ferrocarril, con calzadas separadas físicamente y con limitación de ingreso directo desde los predios frentistas lindantes\".",
      "Sigo.",
      "En los referidos antecedentes de este tribunal se tuvo en miras la gran congestión vehicular de las avenidas, la peligrosidad en el acceso por la velocidad con la que se transita en dichas vías, el diseño arquitectónico urbanístico que tal denominación implica, y el sinsentido que acarrearía que el vehículo que posee la derecha por la calle común tenga preferencia de paso en la primera línea de cruce con la avenida pero la pierda en la segunda mano, debiendo detener su marcha en el centro de la vía, obstruyendo la circulación y presentándose como fuente segura de daños y accidentes.",
      "Además, en aquellas oportunidades se sostuvo que la excepción a la prioridad de paso por la derecha en semiautopistas tiene un carácter ejemplificativo.",
      "No concuerdo con dicha tesis.",
      "La interpretación extensiva de una excepción que se utiliza en abstracto, como horma en la que se trata de acomodar un supuesto sin atender a las finalidades de la norma, no constituye una decisión razonada y razonable7. La justicia del caso hace necesario dejar de lado dogmas que se apartan de las puntuales consideraciones en que se subsumen los distintos supuestos.",
      "Aquí se encuentra involucrada la seguridad jurídica. La ley es clara: la prioridad de paso de quien circular por la derecha es absoluta salvo en los supuestos legalmente previstos.",
      "No escapa a mi estudio que, según la misma LNT, la velocidad máxima en avenidas y calles es distinta. Pero que en las primeras esté permitido circular hasta un tope de 60 kilómetros por hora y en calles \"comunes\" hasta 40 kilómetros por hora8 no resulta atendible para apartarse de la letra expresa de la ley. Y la razón del aserto que anula dicha justificación la encuentro en el propio ordenamiento de tránsito, que prevé un límite máximo de circulación en semiautopistas de 120 kilómetros por hora para motocicletas y automóviles9. Las diferencias son palmarias.",
      "Ante tan nítida reglamentación, las excepciones legalmente establecidas en este supuesto no pueden ser tomadas como un mero enunciado 7artículo 3 del Código Civil y Comercial 8artículo 51, inciso a), ley 24449 9artículo citado, inciso b).",
      "\"GUZMAN, HÉCTOR HILARIO C/ LEDESMA, LUCAS DEMIAN Y OTROS S/ ORDINARIO\" - Expte. Nº 8926 ejemplificativo, puesto que ello implica \"crear\" reservas que atentan contra el espíritu y finalidad de la ley de tránsito10, y menoscaban la seguridad jurídica en una materia que atraviesa la vida cotidiana de la ciudadanía toda.",
      "En otras palabras: la norma de aplicación no refiere como excepción de la prioridad de paso de quien se presenta en la bocacalle por la derecha a los vehículos que circulan por vías de mayor jerarquía, sino que limita la misma solamente a quienes lo hacen por una semiautopista11. La dispensa de la prioridad de paso de quien circula por la derecha en favor de quien se conduce por una avenida no existe, y, por tanto, no puede ser mantenida como criterio de interpretación.",
      "d.- Volvamos a este caso.",
      "Conforme la prueba obrante, las arterias involucradas tratan de dos vías de 12 metros de ancho cada una (no soslayo que Chabrillón se angosta a 8 metros luego de traspasar la encrucijada donde ocurrió el siniestro, pero esto no altera el análisis); ambas poseen doble sentido de circulación; ambas son de hormigón en buen estado de conservación; no existen semáforos ni señalización de ningún tipo, ni siquiera de la denominación de las calles. Con relación a esto 10ley nacional de tránsito Nº 24449, a la que nuestra provincia adhirió por ley 10025 (boletín oficial del 9/5/2011).",
      "11Suprema Corte de Justicia de la Provincia de Buenos Aires, causa 118.128, \"Rearte, Walter Edgardo contra Chere, Miguel Ángel y otro. Daños y perjuicios, sentencia del 8/4/2015.",
      "último las propias demandadas afirmaron que los carteles identificatorios de las arterias son escasos y donde ocurrió el hecho no existen.",
      "Asimismo, por demás elocuentes resultan las conclusiones de los expertos tanto en sede prevencional como en sede civil. El primero refirió que que \"[l]a Ley Nacional de Tránsito 24.449 en el Art. 4º) establece que todo conductor debe ceder siempre el paso en las encrucijadas al que cruza desde su derecha, esta prioridad del que viene por la derecha es absoluta\". En este expediente, el perito ingeniero mecánico dijo \"[e]ste perito considera que Chabrillon es una avenida, debido que, en el área donde tuvo lugar el siniestro, esta arteria tiene un ancho de 12 m (ver planimétrico policial) y posee circulación en ambos sentidos.\".",
      "Traigo a colación estas afirmaciones puesto que surgen de dos especialistas en la materia, quienes no advirtieron que las características de las arterias difieran unas de otras en aquello que es palpable, visible, apreciable por los sentidos con base en conocimientos previos.",
      "Las fotografías reseñadas en la sentencia (anexas al informe pericial) muestran dos calles de doble sentido de circulación de la ciudad de Concordia, con nula circulación vehicular, sin ningún cartel o señalización, con similares características salvo por las luminarias centrales ubicadas en un solo tramo de la denominada avenida Chajarí. Y aquí respondo al interrogante planteado por las demandadas en su recurso de apelación: en este supuesto la \"GUZMAN, HÉCTOR HILARIO C/ LEDESMA, LUCAS DEMIAN Y OTROS S/ ORDINARIO\" - Expte. Nº 8926 diferencia fáctica de ambas calles no existe, salvo por la denominación plasmada en una ordenanza municipal.",
      "El raconto efectuado me convence que en el caso se pueden encuadrar los extremos que lo constituyen dentro de la excepción a la prioridad de paso de quien circula por la derecha. Esto es, ningún punto presente en el supuesto en análisis presenta similitud alguna con los parámetros tenidos en cuenta en el diseño de la excepción a la regla en estudio. No hay posibilidad de subsumir las circunstancias de la causa dentro de la salvedad que contiene la norma.",
      "Solución.",
      "a.- Como previo a emitir la solución que aquí propongo, estimo oportuno dejar sentado que el recurso de apelación que motivó el dictado de la sentencia recurrida fue interpuesto sólo en representación de la parte demandada, y los agravios atendieron exclusivamente al tema de la prioridad de paso.",
      "b.- En función de lo expuesto, corresponde declarar procedente el recurso de inaplicabilidad de ley deducido en representación del actor Héctor Guzman; CASAR la sentencia dictada por la sala civil y comercial de la cámara de apelaciones de Concordia dictada en fecha 15/6/2023; y DECLARAR que tiene carácter restrictivo la interpretación de la excepción a la prioridad de paso de quien circula por la derecha en favor de quien se conduce por semiautopistas. En consecuencia, se mantiene la sentencia dictada en primera instancia en fecha 31/10/2022.",
      "Atento al cambio de criterio que aquí propicio, las costas por la tramitación en todas las instancias se imponen por el orden causado (artículo 65, segundo párrafo, del código procesal civil y comercial). ASÍ VOTO.",
      "A LA CUESTIÓN PROPUESTA EL SR. VOCAL DR."
    ],
    "LEONARDO PORTELA DIJO": [
      "1.- Que adhiero al voto del Dr. Carbonell por compartir sus argumentos.",
      "2.- Que, de la misma manera y sin admitir contradicción al respecto, comparto la opinión de la Dra. Schumacher en cuanto a que las excepciones que establece el art. 41 de la Ley 24.449 son de “interpretación” restrictiva; más disiento en cuanto a que la norma no permita arribar a una conclusión como la que expuso este tribunal en “Fernández c/ Guichón” (3/7/2019).",
      "Si bien al momento de su dictado tuve ciertas dudas en cuanto a la validez del razonamiento allí expuesto, creo que el precedente tiene un valor intrínseco que no debe subestimarse; el de que quienes conducen un vehículo obedezcan a las reglas que impone la prudencia y detengan o aminoren su marcha cuando se encuentren en su camino con una vía de doble sentido de circulación.",
      "3.- Que, además, habilitado por el análisis que la Dra.",
      "\"GUZMAN, HÉCTOR HILARIO C/ LEDESMA, LUCAS DEMIAN Y OTROS S/ ORDINARIO\" - Expte. Nº 8926 Schumacher hace de la prueba, creo que hay un dato que no debe soslayarse: El croquis del legajo fiscal no está correctamente confeccionado, porque no toma nota de la reducción de calzada que padece la calle Chabrillón luego de atravesar la Avenida Chajarí.",
      "De tal modo, el lugar de impacto que indica -al que remite el perito accidentológico-, no es, o no puede ser, el correcto. Si el conductor de la moto pensaba continuar por la calle debió torcer su rumbo hacia su izquierda, lo que pudo sorprender al conductor del auto; y, de no ser así, la moto estaba aprontándose para doblar hacia su derecha, lo que implica la pérdida automática de la prioridad de paso.",
      "4.- Que lo caótico del tránsito vehicular de nuestra provincia -a la que no es ajena Concordia-, exige que los conductores se desplacen con especial cuidado, deteniéndose frente a la menor duda que la oportunidad genere; y ese extremo se advierte ausente en la actitud del señor Guzmán.",
      "Podría decirse lo mismo del demandado, pero le asiste la prioridad de paso por hallarse circulando por una vía de mayor jerarquía -y por lo que surge de la prueba, mencionado en el punto anterior-.",
      "5.- Que, por lo brevemente expuesto, adhiero al voto del Dr.",
      "Carbonell.",
      "Con lo que no siendo para más se da por finalizado el acto quedando acordada la siguiente sentencia:",
      "Paraná, 2 de febrero de 2024."
    ],
    "Y VISTO": [
      "Por los fundamentos del acuerdo que antecede se,"
    ],
    "RESUELVE": [
      "DECLARAR IMPROCEDENTE el recurso de inaplicabilidad de ley deducido en fecha 3/7/2023, respecto de la resolución dictada por la Sala Primera Civil y Comercial de la Cámara de Apelaciones de Concordia en fecha 15/6/2023.",
      "IMPONER costas a la vencida (art. 65 del CPCC).",
      "DIFERIR la regulación de honorarios para la oportunidad en que se determinen los correspondientes a las instancias inferiores.",
      "Notifíquese conforme arts. 1º y 4º Ac. Gral. 15/18 SNE, regístrese y oportunamente devuélvase.",
      "Ante mí. En igual fecha se registró. Asimismo, se deja constancia que la presente \"GUZMAN, HÉCTOR HILARIO C/ LEDESMA, LUCAS DEMIAN Y OTROS S/ ORDINARIO\" - Expte. Nº 8926 se suscribe mediante firma digital -Acuerdo Gral. 11/20 del 23-6-2020, Punto 4°) prescindiéndose de su impresión en formato papel."
    ]
  }
}